Label,Index,BCE,BCELogits,MSE,MAE,SSIM,White MAE,Black MAE
N,1,0.5723193287849426,0.48534277081489563,0.17054232954978943,0.38366642594337463,0.6682978206753857,0.4313443899154663,0.07714614272117615
S,7,0.548409104347229,0.4971911311149597,0.16190709173679352,0.36912402510643005,0.6218257477095419,0.42787790298461914,0.09701431542634964
S,11,0.4740493893623352,0.502446174621582,0.14072659611701965,0.3406476378440857,0.6769400239860018,0.4143293499946594,0.07488153129816055
_,34,0.5159507989883423,0.4437108039855957,0.1526208221912384,0.3906400501728058,0.8732010222474734,0.400640070438385,0.0
_,38,0.5149099826812744,0.44349050521850586,0.1521209329366684,0.390000581741333,0.8737115841110548,0.40000057220458984,0.0
T,40,0.5454540252685547,0.4892701208591461,0.1672581285238266,0.4043985903263092,0.6252019622306398,0.410465806722641,0.4571917951107025
N,43,0.5518105030059814,0.48603230714797974,0.16676554083824158,0.3908182978630066,0.649634840938185,0.42272841930389404,0.19793283939361572
S,49,0.4731983542442322,0.5026577115058899,0.14108027517795563,0.3461228609085083,0.6466568788637718,0.411901593208313,0.1046692356467247
X,52,0.5201928615570068,0.4857718050479889,0.15739455819129944,0.38224923610687256,0.6848675944904487,0.415570467710495,0.19346299767494202
X,71,0.5832123160362244,0.4900513291358948,0.17430798709392548,0.3927119970321655,0.6422084468295605,0.43069544434547424,0.16601882874965668
N,83,0.5241235494613647,0.4869067370891571,0.1581789255142212,0.3860948383808136,0.6826576744633106,0.41413694620132446,0.2381160706281662
N,86,0.5402108430862427,0.4843124449253082,0.15876322984695435,0.3769615590572357,0.6790139332980228,0.4180484414100647,0.13040493428707123
_,103,0.5151571035385132,0.44354283809661865,0.15223944187164307,0.3901527523994446,0.8737011234462262,0.4001527428627014,0.0
N,108,0.5273652672767639,0.48758524656295776,0.15904653072357178,0.39353272318840027,0.66733264638111,0.4104929566383362,0.3365788161754608
N,109,0.5424516201019287,0.4982282221317291,0.16565747559070587,0.40549710392951965,0.6069653999308745,0.40681448578834534,0.49292317032814026
N,128,0.5541832447052002,0.4853367209434509,0.16606363654136658,0.38319525122642517,0.6815103943794384,0.4261201024055481,0.11441335082054138
N,134,0.5638603568077087,0.48770973086357117,0.16941559314727783,0.3865007758140564,0.6606045251023412,0.43001967668533325,0.12011290341615677
T,144,0.6074647307395935,0.48657816648483276,0.1871790885925293,0.4100860059261322,0.6137620697870929,0.438684344291687,0.2085942178964615
X,147,0.61277174949646,0.48632752895355225,0.17902028560638428,0.3914298713207245,0.6183261691768227,0.43456923961639404,0.10193028301000595
S,157,0.480278342962265,0.4974205195903778,0.1437859684228897,0.34445130825042725,0.711346356359621,0.4173048138618469,0.054673369973897934
N,171,0.5852593779563904,0.49088582396507263,0.17346593737602234,0.39070937037467957,0.650672665326371,0.430893212556839,0.15619723498821259
_,173,0.5156360268592834,0.443644255399704,0.15246951580047607,0.3904469609260559,0.873399214843909,0.40044695138931274,0.0
S,180,0.5443110466003418,0.5013875365257263,0.15886597335338593,0.3621199429035187,0.6276871905450147,0.4271036386489868,0.091796875
T,181,0.5303332805633545,0.4521592855453491,0.15962651371955872,0.3989619314670563,0.7418779715445029,0.4070771038532257,0.5810569524765015
S,186,0.4876843988895416,0.5014216899871826,0.14279894530773163,0.3466457724571228,0.6351453674580747,0.4124593734741211,0.09897105395793915
_,195,0.5150347948074341,0.4435168504714966,0.15218093991279602,0.39007705450057983,0.8735693816343943,0.40007704496383667,0.0
N,196,0.564058244228363,0.48582541942596436,0.16536489129066467,0.38040128350257874,0.6644387892028802,0.4244137406349182,0.11239451915025711
_,200,0.5155848264694214,0.44363337755203247,0.15244494378566742,0.3904155194759369,0.8733935470382374,0.4004155099391937,0.0
S,216,0.49204495549201965,0.5001785159111023,0.14757314324378967,0.3502284288406372,0.6859198133150737,0.42056456208229065,0.07360286265611649
T,217,0.5307132005691528,0.45646974444389343,0.1598280668258667,0.3988621234893799,0.6839161544437837,0.4052327275276184,0.594591498374939
X,219,0.5397385954856873,0.4650781750679016,0.16424967348575592,0.40379834175109863,0.6794376973530092,0.40772414207458496,0.5946223139762878
T,226,0.5703641772270203,0.4804706871509552,0.17101308703422546,0.3903602659702301,0.6637255631965431,0.4278176426887512,0.11390206217765808
X,231,0.5384217500686646,0.4710444211959839,0.16365468502044678,0.4027499854564667,0.6004888982561716,0.4046645164489746,0.5843406319618225
N,233,0.5783784985542297,0.489990234375,0.17049621045589447,0.38627126812934875,0.625957119716774,0.4268997609615326,0.1522943526506424
S,241,0.5444129705429077,0.495810866355896,0.159302219748497,0.36356082558631897,0.6330922314608082,0.42721548676490784,0.07077329605817795
X,242,0.5333884954452515,0.46456360816955566,0.16118164360523224,0.39999353885650635,0.6097740335254306,0.4036659002304077,0.5888649821281433
_,243,0.5158272385597229,0.4436846375465393,0.1525615006685257,0.39056411385536194,0.8731972611447176,0.4005640745162964,0.0
N,264,0.5650758147239685,0.4845556616783142,0.16753756999969482,0.3834518492221832,0.6921826814967305,0.4275309145450592,0.09992540627717972
S,266,0.4758138060569763,0.5113930106163025,0.13791371881961823,0.33666303753852844,0.6318046530795982,0.4129963219165802,0.09894099086523056
T,268,0.534605085849762,0.46272051334381104,0.16175445914268494,0.40088149905204773,0.5509936981613404,0.4053875803947449,0.5885169506072998
X,274,0.5350354909896851,0.4632091522216797,0.1619618833065033,0.40119457244873047,0.6939662220039463,0.4057270288467407,0.5830523371696472
N,277,0.5401207804679871,0.48827847838401794,0.16271865367889404,0.38390085101127625,0.6695998413317527,0.4233323633670807,0.15773996710777283
N,289,0.5914809107780457,0.48663249611854553,0.1760176569223404,0.3854542076587677,0.6641988086479251,0.4380324184894562,0.047387588769197464
_,292,0.5150137543678284,0.4435124695301056,0.15217067301273346,0.3900645673274994,0.8736885694166026,0.4000645577907562,0.0
_,308,0.5150620341300964,0.44352275133132935,0.1521938443183899,0.3900943100452423,0.8736887040237586,0.40009427070617676,0.0
N,311,0.5562828779220581,0.4886597692966461,0.16764605045318604,0.3890192210674286,0.6421084526575094,0.4248959720134735,0.17947567999362946
_,312,0.5228068232536316,0.4451586902141571,0.1559198945760727,0.3948361873626709,0.8680409097174804,0.4048362076282501,0.0
N,314,0.5545374155044556,0.5006178021430969,0.1715695559978485,0.41225388646125793,0.600680047209365,0.4108361601829529,0.5259727239608765
S,316,0.527002215385437,0.4966791272163391,0.1553708165884018,0.3616478443145752,0.634363335022014,0.42475730180740356,0.07892501354217529
S,317,0.568434476852417,0.4996887445449829,0.16742879152297974,0.3735758066177368,0.6005652134178673,0.43431755900382996,0.09283703565597534
_,322,0.5228353142738342,0.4451647400856018,0.15593358874320984,0.39485374093055725,0.8680093070367972,0.4048536717891693,0.0
N,326,0.6618769764900208,0.4934658408164978,0.19216328859329224,0.3991263806819916,0.6137450863193227,0.4512907564640045,0.0698467344045639
S,332,0.47724050283432007,0.5015788674354553,0.14326991140842438,0.34753236174583435,0.6769760994861523,0.41698920726776123,0.08375962823629379
N,344,0.5658548474311829,0.4901159703731537,0.16901205480098724,0.39203333854675293,0.6362126930985444,0.4258732795715332,0.19999632239341736
X,354,0.5591505765914917,0.4901469945907593,0.17110615968704224,0.3937183618545532,0.6568988359812648,0.43082818388938904,0.1746424436569214
S,374,0.4733978509902954,0.5005887150764465,0.14169378578662872,0.3445208966732025,0.6849418082957467,0.4152378439903259,0.0759652629494667
X,376,0.5693085789680481,0.4907730221748352,0.17281322181224823,0.394826740026474,0.6485620294658778,0.43128475546836853,0.1807173788547516
S,377,0.4944198727607727,0.49658215045928955,0.14903628826141357,0.3535463511943817,0.6779459143119554,0.420938640832901,0.06601668149232864
T,378,0.5409912467002869,0.45691972970962524,0.1648041158914566,0.4051801562309265,0.7181491732175346,0.4123782813549042,0.5893374085426331
_,387,0.5221771597862244,0.4450260400772095,0.15561643242835999,0.39445215463638306,0.8683357878526052,0.4044521152973175,0.0
_,396,0.5221450924873352,0.4450192451477051,0.15560109913349152,0.3944323658943176,0.8682705210149289,0.4044323265552521,0.0
N,398,0.5250968337059021,0.4877127707004547,0.15879398584365845,0.38663798570632935,0.6851248549775423,0.41917142271995544,0.2062569111585617
S,399,0.47806620597839355,0.5029237866401672,0.14382238686084747,0.34459084272384644,0.698248223575453,0.42072728276252747,0.06468278169631958
_,403,0.5221318006515503,0.44501644372940063,0.15559472143650055,0.3944242298603058,0.8682358003159365,0.4044242203235626,0.0
N,407,0.5434191226959229,0.48548367619514465,0.16392116248607635,0.3848308026790619,0.6806127974340538,0.4262412190437317,0.1267806589603424
N,409,0.6347871422767639,0.48961061239242554,0.18609479069709778,0.39291152358055115,0.6421116405977227,0.4478248953819275,0.035421255975961685
T,416,0.6346763372421265,0.4851607382297516,0.1872016191482544,0.4032512605190277,0.6324389571988044,0.4436954855918884,0.09351948648691177
T,428,0.5411268472671509,0.45733562111854553,0.16487747430801392,0.40530475974082947,0.7162006084327004,0.41256579756736755,0.5769030451774597
N,438,0.5705057978630066,0.4949134290218353,0.17199864983558655,0.39670246839523315,0.649795591825999,0.4288615882396698,0.23033200204372406
T,447,0.542894184589386,0.46180054545402527,0.16575543582439423,0.4063031077384949,0.7143202831488452,0.4127320349216461,0.5555734038352966
X,454,0.5353489518165588,0.46077466011047363,0.16208504140377045,0.401561439037323,0.7046738729649792,0.40697285532951355,0.5845942497253418
S,457,0.4846685826778412,0.5023525953292847,0.1463606059551239,0.34488505125045776,0.6892657042729359,0.423484206199646,0.05175817012786865
_,465,0.523478090763092,0.4452994763851166,0.15624459087848663,0.3952423334121704,0.8667784623801709,0.40524232387542725,0.0
T,468,0.5596845746040344,0.4875742793083191,0.17270484566688538,0.40334630012512207,0.6457016037304615,0.42567941546440125,0.284729540348053
X,469,0.5437833070755005,0.4641121029853821,0.1661909818649292,0.4067040979862213,0.675510876129362,0.41227638721466064,0.5640837550163269
T,471,0.5399227142333984,0.457095742225647,0.16428537666797638,0.4045935273170471,0.7186561877175034,0.4118037819862366,0.5791860222816467
S,475,0.4858940839767456,0.5124330520629883,0.14273890852928162,0.3426189124584198,0.6126384126472598,0.41839829087257385,0.10061876475811005
X,479,0.5524724721908569,0.49090760946273804,0.16856251657009125,0.39521345496177673,0.6031164545680319,0.4221440255641937,0.25692319869995117
T,480,0.54261314868927,0.46141517162323,0.165608212351799,0.40603795647621155,0.6610794042777707,0.4120861887931824,0.5756078362464905
_,482,0.522174060344696,0.44502538442611694,0.15561500191688538,0.39445018768310547,0.868302228798469,0.4044501781463623,0.0
_,494,0.5231331586837769,0.44522735476493835,0.15607737004756927,0.39503470063209534,0.8678332799176376,0.4050346612930298,0.0
N,512,0.5444154739379883,0.48792630434036255,0.16440382599830627,0.3862713575363159,0.6773708805170221,0.4256574213504791,0.15355023741722107
X,516,0.5455440878868103,0.4649844467639923,0.16705222427845,0.40754833817481995,0.7022424774143474,0.4124409854412079,0.5826857686042786
T,517,0.542079508304596,0.4872537851333618,0.16582593321800232,0.40286847949028015,0.672616920725753,0.41533350944519043,0.3860456943511963
X,521,0.5496782064437866,0.48927465081214905,0.1658158302307129,0.387544721364975,0.6731183030564959,0.4248834252357483,0.17336226999759674
_,536,0.5226181149482727,0.4451189637184143,0.15582890808582306,0.39472123980522156,0.8680856314798197,0.4047212302684784,0.0
X,550,0.5470372438430786,0.4648820459842682,0.16778258979320526,0.408402681350708,0.714422705396634,0.41337764263153076,0.5856629610061646
X,564,0.5427392721176147,0.46259060502052307,0.1656794548034668,0.4062176048755646,0.6986252112940323,0.41247862577438354,0.5526899695396423
S,574,0.46980902552604675,0.5164985060691833,0.13868625462055206,0.33934906125068665,0.6219610550588308,0.4124506711959839,0.12197225540876389
N,581,0.5426055788993835,0.48465806245803833,0.16246193647384644,0.3821236193180084,0.6690908892498313,0.42274779081344604,0.12925638258457184
_,588,0.5319417715072632,0.4470769464969635,0.1603335440158844,0.40037599205970764,0.8607573273281257,0.4103759825229645,0.0
_,593,0.5319625735282898,0.44708171486854553,0.1603429615497589,0.4003905951976776,0.8615162243445715,0.4103905260562897,0.0
X,608,0.5517044067382812,0.4641416668891907,0.1700250506401062,0.4114646911621094,0.6869715679929748,0.41742268204689026,0.5738888382911682
_,618,0.5313754081726074,0.4469589293003082,0.16005849838256836,0.4000367224216461,0.8618513170381388,0.41003668308258057,0.0
T,623,0.5643633008003235,0.4935424029827118,0.176311194896698,0.4182162880897522,0.604041904316229,0.418052613735199,0.5450983643531799
_,624,0.5310116410255432,0.44688278436660767,0.1598823517560959,0.3998173177242279,0.862229626228412,0.40981727838516235,0.0
N,628,0.5822460651397705,0.48542287945747375,0.17621015012264252,0.39261695742607117,0.6525680103053068,0.43908753991127014,0.06983984261751175
S,630,0.5761321187019348,0.5025015473365784,0.16540363430976868,0.3678188621997833,0.6225296963664491,0.4372486174106598,0.06964131444692612
N,640,0.5701981782913208,0.4945593476295471,0.1733359545469284,0.3966902196407318,0.647013220689114,0.4347969591617584,0.1864715814590454
N,655,0.6295921802520752,0.49053794145584106,0.18523076176643372,0.394033819437027,0.645942615073412,0.4488248825073242,0.04178747534751892
_,657,0.5304161906242371,0.446757972240448,0.15959422290325165,0.3994573950767517,0.8625177439053854,0.40945738554000854,0.0
T,674,0.5646301507949829,0.4847123920917511,0.17468737065792084,0.40279510617256165,0.6409410000157854,0.4312959909439087,0.21148373186588287
N,676,0.5714197754859924,0.4844348132610321,0.16934964060783386,0.3839210569858551,0.6724745212149962,0.43253442645072937,0.06208038702607155
_,677,0.5306752324104309,0.446812242269516,0.1597195714712143,0.3996138572692871,0.8623112783829372,0.40961384773254395,0.0
N,682,0.54860919713974,0.48458802700042725,0.167404443025589,0.39035743474960327,0.67515975774033,0.4300183355808258,0.12657791376113892
N,686,0.6235296726226807,0.4920319616794586,0.18552015721797943,0.3994160592556,0.6357699055649937,0.4476284086704254,0.09124623984098434
T,702,0.6772012710571289,0.4912392199039459,0.1995210498571396,0.413591593503952,0.5964599875389589,0.4540835916996002,0.11497120559215546
_,708,0.5318160057067871,0.4470506012439728,0.16027267277240753,0.4003000855445862,0.8608158767223358,0.41030004620552063,0.0
T,709,0.620614767074585,0.4870535433292389,0.1884574145078659,0.4081522226333618,0.6324887199696969,0.4447370767593384,0.13449496030807495
N,710,0.5724543333053589,0.49558624625205994,0.17416171729564667,0.39620739221572876,0.6228649315491203,0.43267902731895447,0.20071367919445038
S,724,0.4959651827812195,0.5050529837608337,0.14920268952846527,0.35012704133987427,0.6713962877697002,0.4257424473762512,0.06965071707963943
N,729,0.610679030418396,0.48879414796829224,0.1795654147863388,0.394265741109848,0.6088675387245045,0.4399977922439575,0.09489882737398148
X,733,0.556523323059082,0.49004483222961426,0.16981211304664612,0.3937443196773529,0.6227089305873961,0.4285582900047302,0.19095031917095184
_,747,0.5303586721420288,0.44674593210220337,0.15956644713878632,0.3994224965572357,0.8624552616477014,0.40942251682281494,0.0
_,748,0.5313391089439392,0.44695135951042175,0.16004079580307007,0.40001508593559265,0.8620153161883355,0.4100150763988495,0.0
X,754,0.5493877530097961,0.46657827496528625,0.16890819370746613,0.4099805951118469,0.6102638489332761,0.4150363504886627,0.5711696743965149
N,762,0.5663971900939941,0.49071645736694336,0.17123357951641083,0.3920506238937378,0.6610474221071734,0.4348531663417816,0.13673833012580872
X,772,0.5979931950569153,0.4913484752178192,0.17911069095134735,0.3969983458518982,0.6423091248673154,0.43997302651405334,0.12977592647075653
T,774,0.5510024428367615,0.4614940583705902,0.16968299448490143,0.4110826849937439,0.6667701643814508,0.41770774126052856,0.5797022581100464
_,779,0.5310344696044922,0.44688746333122253,0.15989351272583008,0.39983069896698,0.8618793000777563,0.4098306894302368,0.0
_,780,0.5310419797897339,0.446889191865921,0.15989689528942108,0.3998359739780426,0.8621968971689543,0.40983593463897705,0.0
_,793,0.5317730903625488,0.4470416307449341,0.16025178134441376,0.40027451515197754,0.8609107170502346,0.4102745056152344,0.0
X,800,0.5484510064125061,0.4638298749923706,0.16843962669372559,0.4096277952194214,0.696054856776118,0.41575801372528076,0.5608748197555542
_,802,0.5304526686668396,0.446765661239624,0.15961198508739471,0.39947932958602905,0.8623138858377934,0.4094793200492859,0.0
X,810,0.5527184009552002,0.4660011827945709,0.17053179442882538,0.412011981010437,0.6580938031173962,0.4175827205181122,0.5694429874420166
N,833,0.56192946434021,0.4830213487148285,0.168876051902771,0.3886009454727173,0.6818612932335236,0.4317704737186432,0.08773431181907654
N,842,0.6183609962463379,0.4937146008014679,0.18238984048366547,0.398955374956131,0.6391128044979209,0.44270405173301697,0.13510307669639587
N,843,0.5504201650619507,0.49240195751190186,0.1701335608959198,0.400834321975708,0.6650219912662093,0.42707642912864685,0.26731762290000916
S,844,0.5798110365867615,0.5013118386268616,0.16880618035793304,0.3700801432132721,0.5980632872871502,0.44060826301574707,0.05592719092965126
T,847,0.5448456406593323,0.4577251672744751,0.1666509062051773,0.40762221813201904,0.7239817945384615,0.4149787425994873,0.5819361805915833
N,853,0.5585530996322632,0.4881353974342346,0.16814497113227844,0.39510080218315125,0.6476643713660694,0.42527344822883606,0.2197256237268448
N,857,0.5968605279922485,0.48531150817871094,0.17985789477825165,0.39460617303848267,0.6535752671513183,0.4422425925731659,0.05389748886227608
S,861,0.4961085021495819,0.5050562620162964,0.14924480020999908,0.3501411974430084,0.671199788688682,0.42578163743019104,0.06954606622457504
T,873,0.5536348819732666,0.4636533260345459,0.17098605632781982,0.41259923577308655,0.6432206647139053,0.41902345418930054,0.5669873356819153
X,874,0.545819103717804,0.4624730050563812,0.16715073585510254,0.40807676315307617,0.6964321003861066,0.41429880261421204,0.5654171109199524
N,879,0.5132712125778198,0.4820353388786316,0.15326263010501862,0.3795587420463562,0.7005258655548097,0.408250629901886,0.2165389060974121
X,883,0.520699679851532,0.4589381515979767,0.15505681931972504,0.3924577534198761,0.7174261950069437,0.3970918357372284,0.5864762663841248
N,884,0.5283451676368713,0.48278936743736267,0.15767927467823029,0.37680408358573914,0.6996935977935209,0.41704118251800537,0.12906867265701294
N,890,0.5996696352958679,0.48985713720321655,0.17564497888088226,0.38558390736579895,0.6458365935424021,0.43250465393066406,0.1067332774400711
_,898,0.5063261389732361,0.44166699051856995,0.1480092704296112,0.3846965730190277,0.8790738847851753,0.39469656348228455,0.0
X,911,0.522520124912262,0.4593491852283478,0.15592944622039795,0.3935031592845917,0.7037485006725668,0.39798131585121155,0.5928695201873779
S,918,0.47443991899490356,0.4985801875591278,0.13923244178295135,0.34768685698509216,0.6573359357658775,0.404003381729126,0.1288556158542633
N,926,0.5448104739189148,0.48561957478523254,0.16230358183383942,0.37835782766342163,0.6821675635682186,0.42272886633872986,0.11261408030986786
T,927,0.651204526424408,0.48197057843208313,0.19263944029808044,0.4040343761444092,0.6438024408193693,0.44527187943458557,0.050692833960056305
N,928,0.5387359857559204,0.4841437339782715,0.15941670536994934,0.38155487179756165,0.6654248707087027,0.4136143922805786,0.19484202563762665
X,938,0.5243080854415894,0.4601803719997406,0.15679064393043518,0.3944379389286041,0.7001716029905629,0.39849647879600525,0.6022025942802429
_,940,0.506099283695221,0.4416186511516571,0.14790081977844238,0.38455575704574585,0.8792019806305568,0.3945557177066803,0.0
S,943,0.4954470992088318,0.5036730170249939,0.1428050547838211,0.35100236535072327,0.6502738740607553,0.4082968533039093,0.1405920833349228
N,953,0.5528535842895508,0.4832361042499542,0.16673138737678528,0.382078617811203,0.669624754783387,0.4265013635158539,0.0906500518321991
T,957,0.5235711932182312,0.4545428156852722,0.15639695525169373,0.39447224140167236,0.6943641848151068,0.40086689591407776,0.597521960735321
S,959,0.4643111228942871,0.5044748187065125,0.13477478921413422,0.3330105245113373,0.6817879086604808,0.40758854150772095,0.08334431797266006
N,960,0.580669641494751,0.48489585518836975,0.17147554457187653,0.3816138803958893,0.6715675165565336,0.4312925636768341,0.06218833476305008
T,961,0.5632194876670837,0.4867991805076599,0.17313192784786224,0.4056682884693146,0.6130593450317732,0.4152163863182068,0.42098528146743774
N,966,0.5293784737586975,0.492637038230896,0.16051587462425232,0.38962286710739136,0.6279378129228523,0.4114542007446289,0.3030754327774048
S,967,0.4753154516220093,0.5113540887832642,0.13811048865318298,0.33815258741378784,0.6073880631263213,0.40737417340278625,0.121966153383255
X,985,0.5414488911628723,0.4816368818283081,0.1614057570695877,0.3819234371185303,0.6387387710018084,0.4144792854785919,0.1770487278699875
T,989,0.5862022042274475,0.48166412115097046,0.17653337121009827,0.40048280358314514,0.6326261646203541,0.42497092485427856,0.2359953373670578
T,991,0.5904255509376526,0.47658905386924744,0.1770043969154358,0.3971807360649109,0.653122419868499,0.4282689690589905,0.13055241107940674
_,993,0.5059728026390076,0.4415917694568634,0.14784039556980133,0.3844773769378662,0.8793035865326723,0.39447733759880066,0.0
_,1005,0.5065407156944275,0.4417126178741455,0.1481119841337204,0.3848293721675873,0.8788123615582785,0.3948293626308441,0.0
N,1008,0.5284960269927979,0.4911932349205017,0.15909717977046967,0.3894294202327728,0.6554753027588595,0.40970560908317566,0.31260764598846436
N,1009,0.5558080077171326,0.4836941659450531,0.16503962874412537,0.3784821629524231,0.6763926800745442,0.4243408739566803,0.08815648406744003
S,1023,0.48807820677757263,0.5050182938575745,0.14400632679462433,0.3406464755535126,0.6803120191457371,0.41577091813087463,0.07888820767402649
S,1024,0.46016937494277954,0.4978659152984619,0.13507594168186188,0.33933696150779724,0.6947401129407809,0.4058065712451935,0.08765416592359543
N,1030,0.5589337348937988,0.4790509045124054,0.1639632135629654,0.3787998557090759,0.6843893611396319,0.42059293389320374,0.08592897653579712
_,1032,0.5063480734825134,0.44167155027389526,0.14801986515522003,0.38470983505249023,0.8788144071896872,0.39470982551574707,0.0
X,1034,0.5251830220222473,0.4585150182247162,0.1572069525718689,0.39552196860313416,0.7089396753472587,0.4014457166194916,0.559234619140625
T,1039,0.5374845266342163,0.4830312132835388,0.16233322024345398,0.3926992118358612,0.6509973663308969,0.40984001755714417,0.3249981701374054
N,1043,0.5294317007064819,0.47998476028442383,0.15794067084789276,0.3779257535934448,0.6952891545098586,0.41644173860549927,0.12397004663944244
S,1052,0.5071821808815002,0.5012760758399963,0.14525221288204193,0.35136154294013977,0.6229886285379871,0.4089964032173157,0.1301581710577011
_,1053,0.5066173672676086,0.44172897934913635,0.14814850687980652,0.38487711548805237,0.8789166936278344,0.3948771059513092,0.0
N,1068,0.571631669998169,0.4876433312892914,0.17045487463474274,0.3853681683540344,0.6551231754279191,0.42844170331954956,0.12314742058515549
T,1077,0.5658349990844727,0.4782472848892212,0.17010831832885742,0.39156442880630493,0.6706081758862517,0.42411187291145325,0.14226911962032318
N,1090,0.5545416474342346,0.4857553243637085,0.1633332520723343,0.3827292323112488,0.6523267545588411,0.41819852590560913,0.17369309067726135
N,1106,0.6002952456474304,0.4869561791419983,0.17789916694164276,0.3881157338619232,0.6427863501573544,0.43468841910362244,0.08637678623199463
S,1107,0.453044593334198,0.5009768009185791,0.13217014074325562,0.33543166518211365,0.6986176798989376,0.40218886733055115,0.09948352724313736
S,1108,0.48203569650650024,0.4990450143814087,0.14322924613952637,0.3462536633014679,0.6898501848181089,0.41406598687171936,0.08212928473949432
S,1114,0.4978874921798706,0.4989750385284424,0.14702944457530975,0.3478460907936096,0.6919245195187008,0.4166816771030426,0.07556916773319244
_,1124,0.5059193968772888,0.4415803551673889,0.14781494438648224,0.3844439685344696,0.8792781307796638,0.39444395899772644,0.0
T,1127,0.5213531851768494,0.45364484190940857,0.15532110631465912,0.39321309328079224,0.7336538079513412,0.3998573124408722,0.5916157960891724
_,1131,0.512717068195343,0.44302576780319214,0.15106844902038574,0.3886509835720062,0.8756554009020329,0.3986509144306183,0.0
X,1133,0.53130042552948,0.46030792593955994,0.16014999151229858,0.3990761339664459,0.7025700124554958,0.40442222356796265,0.5789440870285034
S,1138,0.4666783809661865,0.4976884126663208,0.13728925585746765,0.3459722101688385,0.6993149606635174,0.40682485699653625,0.10748503357172012
N,1139,0.5376615524291992,0.4861084222793579,0.16228455305099487,0.3888377547264099,0.6521299027994004,0.41728225350379944,0.22971072793006897
S,1147,0.47506043314933777,0.4982245862483978,0.14197123050689697,0.34450507164001465,0.7088935435066621,0.4150392413139343,0.06911233812570572
_,1157,0.5133820176124573,0.44316673278808594,0.1513875275850296,0.389060378074646,0.8751718850433827,0.39906036853790283,0.0
S,1163,0.5287833213806152,0.49952805042266846,0.1558743566274643,0.3600212633609772,0.6227801231738219,0.4237270951271057,0.09147991985082626
S,1164,0.4776040315628052,0.4999411106109619,0.1429358720779419,0.34373393654823303,0.6990938506523768,0.41684797406196594,0.06616318970918655
X,1165,0.5693815350532532,0.4860924482345581,0.16997180879116058,0.38759467005729675,0.6268373159839636,0.4259117543697357,0.14738285541534424
S,1174,0.5363650918006897,0.5005453824996948,0.15542401373386383,0.35890647768974304,0.6365357293719233,0.42349231243133545,0.09266896545886993
T,1182,0.5260159373283386,0.4546281099319458,0.15755140781402588,0.39613598585128784,0.7306296260838281,0.4029049873352051,0.5875325202941895
X,1188,0.5682607889175415,0.48647186160087585,0.17132003605365753,0.39234185218811035,0.6567959763188023,0.42664459347724915,0.17735707759857178
S,1189,0.47700411081314087,0.5034558176994324,0.14169560372829437,0.34300369024276733,0.691588992557178,0.41432785987854004,0.08724763989448547
X,1190,0.5306912064552307,0.46191439032554626,0.15986135601997375,0.39846694469451904,0.6997342149231756,0.4027875065803528,0.5921024680137634
X,1197,0.5626862645149231,0.48682740330696106,0.1692715585231781,0.38991546630859375,0.6212502090477695,0.4238221347332001,0.18475554883480072
_,1219,0.5127857327461243,0.4430403709411621,0.15110130608081818,0.3886934220790863,0.8756889423231284,0.39869341254234314,0.0
T,1221,0.5307472944259644,0.45562073588371277,0.15985791385173798,0.39889681339263916,0.7272066368060405,0.4056139290332794,0.5932055711746216
X,1227,0.5274986624717712,0.4608050286769867,0.15831980109214783,0.39660772681236267,0.7060169437729443,0.4011669456958771,0.5877084136009216
S,1231,0.48576733469963074,0.5113959908485413,0.14172999560832977,0.34241554141044617,0.6271546896434544,0.41421595215797424,0.11269312351942062
X,1232,0.5272590517997742,0.45738354325294495,0.15817289054393768,0.3967685401439667,0.7195350355666597,0.40275174379348755,0.5812763571739197
_,1243,0.5133907198905945,0.44316861033439636,0.15139161050319672,0.3890659213066101,0.8752806024253369,0.39906588196754456,0.0
T,1251,0.529650092124939,0.4557507336139679,0.15931934118270874,0.3984187841415405,0.7299490978952964,0.4054398536682129,0.5679265260696411
N,1253,0.5307009816169739,0.49261629581451416,0.16026921570301056,0.3941625952720642,0.6261665799117327,0.4092026650905609,0.36042773723602295
S,1260,0.4652280807495117,0.4989207684993744,0.13718360662460327,0.34276455640792847,0.6977038482328256,0.40826094150543213,0.09396657347679138
N,1274,0.6099450588226318,0.5016672611236572,0.1860201358795166,0.4080025255680084,0.5188272313327373,0.43489888310432434,0.28581294417381287
N,1276,0.5190539360046387,0.4833149313926697,0.15607625246047974,0.383218914270401,0.6968680977324645,0.4121965169906616,0.21755459904670715
_,1278,0.5128386616706848,0.4430515766143799,0.15112678706645966,0.3887258470058441,0.8755941827098529,0.39872580766677856,0.0
_,1282,0.5138025879859924,0.4432555139064789,0.15159004926681519,0.38931745290756226,0.8744161102175713,0.3993174135684967,0.0
X,1289,0.5780321359634399,0.4849258065223694,0.1730988770723343,0.39071545004844666,0.6303971268679016,0.42920300364494324,0.13450396060943604
_,1295,0.5126957893371582,0.4430212378501892,0.15105825662612915,0.38863784074783325,0.875638953447342,0.3986378312110901,0.0
_,1296,0.5126104950904846,0.4430030882358551,0.151017427444458,0.3885849416255951,0.8756003600358964,0.39858493208885193,0.0
N,1298,0.6068814396858215,0.4933992624282837,0.1808280497789383,0.398955762386322,0.6322740588734935,0.4331444203853607,0.20458880066871643
S,1303,0.4874172508716583,0.5010829567909241,0.14419451355934143,0.3486819565296173,0.6593496974961212,0.4124293327331543,0.10528675466775894
N,1318,0.5504508018493652,0.4853026568889618,0.16448791325092316,0.382086843252182,0.6596884699280297,0.42302563786506653,0.1306089609861374
_,1319,0.5138042569160461,0.44325587153434753,0.15159070491790771,0.38931870460510254,0.8744672413667044,0.3993186950683594,0.0
T,1331,0.5326529145240784,0.4804708957672119,0.16097292304039001,0.3881372809410095,0.6726325079938398,0.4157283306121826,0.21275489032268524
N,1332,0.565281093120575,0.48487550020217896,0.16853749752044678,0.3820915222167969,0.6720842679072909,0.4289974272251129,0.0828167125582695
_,1339,0.5127155780792236,0.4430254101753235,0.15106774866580963,0.38864994049072266,0.8755921452740829,0.3986499011516571,0.0
S,1343,0.4783044457435608,0.5030406713485718,0.1416303664445877,0.3422342538833618,0.6939759607799352,0.4144051671028137,0.08267895132303238
X,1344,0.5360287427902222,0.48488566279411316,0.16224105656147003,0.3856853246688843,0.6730693646287546,0.4192968010902405,0.1831822693347931
T,1347,0.5819706320762634,0.4833666682243347,0.17670243978500366,0.39830532670021057,0.6561871614538177,0.43022435903549194,0.1723528504371643
S,1350,0.49140575528144836,0.511314868927002,0.14329959452152252,0.3433105945587158,0.6120394050846093,0.4158719778060913,0.10939645767211914
S,1357,0.48656800389289856,0.5005972385406494,0.14529123902320862,0.3455272912979126,0.6632941637622813,0.4173625409603119,0.07197533547878265
S,1370,0.5248509049415588,0.4967077672481537,0.15204687416553497,0.3581085801124573,0.6351262199890213,0.4191601872444153,0.09326938539743423
X,1377,0.5546860694885254,0.48686930537223816,0.16514728963375092,0.3829460144042969,0.6199501859218193,0.419967383146286,0.16660046577453613
N,1390,0.5638534426689148,0.4820019602775574,0.16786380112171173,0.38445496559143066,0.6723514107318868,0.42715728282928467,0.09078952670097351
N,1395,0.5497695207595825,0.4825754463672638,0.16418825089931488,0.3816514015197754,0.6942817739998767,0.4251888692378998,0.09443534165620804
S,1396,0.49826472997665405,0.5013511180877686,0.15103091299533844,0.3487979769706726,0.6699251086389025,0.4263671636581421,0.04911215230822563
T,1397,0.6279309391975403,0.4835317134857178,0.18529070913791656,0.39887097477912903,0.629885559775333,0.44024384021759033,0.07938399910926819
T,1398,0.5958095788955688,0.4922747015953064,0.18437260389328003,0.41630929708480835,0.6205968586786913,0.43077951669692993,0.37713661789894104
X,1400,0.5333315134048462,0.46201905608177185,0.1611272245645523,0.40022963285446167,0.6987854169257981,0.4050283133983612,0.5833578109741211
X,1402,0.6086841225624084,0.4946359395980835,0.18261636793613434,0.4002041220664978,0.6173052085464102,0.43853095173835754,0.17897523939609528
N,1406,0.6562729477882385,0.49032628536224365,0.19135993719100952,0.39841485023498535,0.635284142255526,0.4495331048965454,0.05602354556322098
X,1411,0.5364877581596375,0.46187105774879456,0.1626562625169754,0.40205761790275574,0.6984528143893234,0.4069560170173645,0.5924676060676575
S,1412,0.465498149394989,0.49714940786361694,0.13726592063903809,0.34427690505981445,0.7109735861420632,0.408406138420105,0.09099522233009338
_,1414,0.5179964900016785,0.44414347410202026,0.1536041498184204,0.391895055770874,0.8715134072303773,0.40189501643180847,0.0
_,1417,0.5177508592605591,0.4440916180610657,0.15348593890666962,0.3917447626590729,0.8717096395293872,0.4017447531223297,0.0
T,1418,0.564426839351654,0.49367016553878784,0.17416943609714508,0.40737342834472656,0.6541752086829487,0.42213135957717896,0.3716047704219818
N,1423,0.5408103466033936,0.48131832480430603,0.16018866002559662,0.3754527270793915,0.694049668062944,0.42168858647346497,0.07476040720939636
S,1426,0.4987374544143677,0.4994003474712372,0.1458873301744461,0.3503904342651367,0.6124512359000316,0.4155682623386383,0.0908549576997757
_,1427,0.5170618295669556,0.44394588470458984,0.15315476059913635,0.3913220763206482,0.8719781801601252,0.40132206678390503,0.0
T,1429,0.5400763154029846,0.46008601784706116,0.1643858700990677,0.4043942391872406,0.7313394633804516,0.4103601276874542,0.5896538496017456
X,1430,0.564864993095398,0.48637324571609497,0.16878047585487366,0.3895062208175659,0.6236003713255438,0.42274945974349976,0.1875816434621811
S,1444,0.4695279002189636,0.5031057596206665,0.1398213505744934,0.3423823118209839,0.6794665721431375,0.4127587676048279,0.08931770920753479
N,1446,0.5544390082359314,0.4887693524360657,0.16670936346054077,0.38756605982780457,0.6287559211983657,0.4225413203239441,0.1881617307662964
_,1448,0.5179686546325684,0.4441375732421875,0.15359075367450714,0.3918779194355011,0.8714657045900822,0.40187790989875793,0.0
N,1458,0.5735257267951965,0.48587220907211304,0.17001879215240479,0.38857346773147583,0.6387613353566849,0.4254169166088104,0.15630121529102325
N,1463,0.559473991394043,0.49438977241516113,0.16847828030586243,0.39368030428886414,0.6533193950218508,0.42426592111587524,0.24128253757953644
N,1464,0.5604802370071411,0.5066236257553101,0.1745215505361557,0.415070503950119,0.5989011593564162,0.4109874665737152,0.5409844517707825
T,1480,0.5286201238632202,0.45517629384994507,0.15880389511585236,0.3977369964122772,0.728976910081492,0.40454915165901184,0.5867108702659607
X,1483,0.5357165932655334,0.4633786082267761,0.16228683292865753,0.4015507102012634,0.6806309104699418,0.4059205949306488,0.5885187387466431
_,1487,0.5181936025619507,0.4441850483417511,0.15369905531406403,0.3920155167579651,0.8713129036625227,0.40201547741889954,0.0
T,1489,0.6264553070068359,0.4885933995246887,0.18885689973831177,0.40781882405281067,0.5883461186937833,0.4395568370819092,0.19014914333820343
X,1498,0.5371361374855042,0.46099361777305603,0.1629718840122223,0.4028388261795044,0.6994359252235033,0.40915578603744507,0.5517264008522034
T,1503,0.5539963245391846,0.49519288539886475,0.17133234441280365,0.41165539622306824,0.6105739602412844,0.4092116951942444,0.5514252185821533
T,1510,0.6529096961021423,0.4849530756473541,0.1950240582227707,0.40836283564567566,0.6094162448017354,0.44960060715675354,0.06936381757259369
X,1514,0.5898119211196899,0.48736390471458435,0.17655284702777863,0.39006298780441284,0.6326488718225544,0.43616580963134766,0.09089937806129456
N,1516,0.5839903950691223,0.4822942614555359,0.17617051303386688,0.3874646723270416,0.6676741179748206,0.4369677007198334,0.030179180204868317
S,1521,0.540556013584137,0.5004687905311584,0.1578284502029419,0.36543697118759155,0.6072109672311248,0.4232669472694397,0.11820947378873825
X,1534,0.6194286942481995,0.4867172837257385,0.18042758107185364,0.39273738861083984,0.6167214978706519,0.43626484274864197,0.09865657240152359
X,1549,0.633146345615387,0.4893394708633423,0.18526041507720947,0.39464929699897766,0.6209900468498138,0.44376543164253235,0.0713159590959549
S,1553,0.49203404784202576,0.4999009370803833,0.1469169706106186,0.34960445761680603,0.6604308342250685,0.4176616370677948,0.08118173480033875
N,1555,0.5511037111282349,0.4800170958042145,0.16275928914546967,0.38209718465805054,0.6889362465572777,0.42101192474365234,0.11315099149942398
X,1558,0.5350725650787354,0.463254451751709,0.161974236369133,0.4011320471763611,0.7183895300010864,0.40541115403175354,0.590952455997467
T,1565,0.5282920598983765,0.45724162459373474,0.15866157412528992,0.397248238325119,0.7303030480492696,0.40295758843421936,0.6009864211082458
T,1566,0.5732538104057312,0.48420315980911255,0.17330175638198853,0.4002135396003723,0.6469281754958017,0.42711779475212097,0.22627447545528412
X,1570,0.5611988306045532,0.4902791976928711,0.17217716574668884,0.396244615316391,0.6468906264659018,0.42931076884269714,0.2042640894651413
N,1576,0.536067008972168,0.49299684166908264,0.16233830153942108,0.3902047276496887,0.626282159332186,0.4157520830631256,0.2754748463630676
_,1590,0.5171011686325073,0.4439542293548584,0.15317359566688538,0.39134639501571655,0.8720427785813809,0.401346355676651,0.0
_,1594,0.5171933174133301,0.44397369027137756,0.1532178819179535,0.3914029598236084,0.8719742704431217,0.40140295028686523,0.0
X,1616,0.531274139881134,0.4637221395969391,0.1601564735174179,0.39867472648620605,0.6667668439287324,0.4022979736328125,0.5936004519462585
S,1631,0.5003859996795654,0.4986037313938141,0.14664968848228455,0.35033586621284485,0.6347638190522169,0.4147225320339203,0.09159258008003235
N,1638,0.5341818332672119,0.49301987886428833,0.1622123122215271,0.39876624941825867,0.6274827327330907,0.4081527888774872,0.41439124941825867
X,1640,0.5281551480293274,0.4580247104167938,0.158610001206398,0.3971768617630005,0.7251371789175028,0.4027584493160248,0.592117190361023
S,1655,0.4815613031387329,0.4955425560474396,0.14409147202968597,0.3478665351867676,0.6888763758974771,0.41456449031829834,0.07088764011859894
S,1656,0.47146812081336975,0.5089480876922607,0.13542546331882477,0.3359836935997009,0.6549549191594148,0.4084755778312683,0.10466188937425613
S,1668,0.4831649959087372,0.5012588500976562,0.1400231271982193,0.3429665267467499,0.6258976518192019,0.4104428291320801,0.09383728355169296
N,1670,0.5509896874427795,0.4868920147418976,0.16306188702583313,0.38375943899154663,0.6521429376576756,0.4187399744987488,0.18257054686546326
N,1681,0.5510156154632568,0.4833207428455353,0.164292573928833,0.38021120429039,0.6683788436468846,0.42414993047714233,0.09824231266975403
N,1682,0.5474880933761597,0.48376578092575073,0.16227665543556213,0.38042131066322327,0.6711627789582417,0.42150112986564636,0.12311723083257675
T,1684,0.5502169132232666,0.4821911156177521,0.16754426062107086,0.39506056904792786,0.6458077483034382,0.4198656678199768,0.24220426380634308
N,1687,0.5603427290916443,0.48365694284439087,0.16733257472515106,0.3798372447490692,0.6772656052629948,0.4287905693054199,0.06332720816135406
N,1697,0.5885860323905945,0.5000795722007751,0.17910705506801605,0.4015865623950958,0.5325919584607861,0.4292069971561432,0.2770880460739136
T,1699,0.5286943912506104,0.4534824788570404,0.15883861482143402,0.3979303538799286,0.714327783328093,0.4055382013320923,0.5743957161903381
S,1703,0.48088034987449646,0.49921703338623047,0.14297835528850555,0.34971845149993896,0.6673028448782862,0.4118839204311371,0.10502828657627106
X,1723,0.5515860915184021,0.4835948944091797,0.16599243879318237,0.383737713098526,0.6524355032721845,0.4246349334716797,0.11820926517248154
N,1732,0.540749192237854,0.4825775623321533,0.16112884879112244,0.380831778049469,0.6793584872805514,0.420060932636261,0.1301765739917755
X,1736,0.5276018381118774,0.46165794134140015,0.15837763249874115,0.3966224789619446,0.684127499035288,0.400903582572937,0.5863813757896423
N,1741,0.5608741641044617,0.4852936565876007,0.16426336765289307,0.3798869550228119,0.6715255431438436,0.4233780801296234,0.11420994997024536
_,1771,0.5122601389884949,0.4429287910461426,0.15084949135780334,0.3883689343929291,0.8756766507029534,0.3983689248561859,0.0
S,1781,0.5106183886528015,0.5007362961769104,0.151502326130867,0.35180339217185974,0.6714595236582682,0.4219885766506195,0.07408606261014938
_,1786,0.5126347541809082,0.4430082440376282,0.1510290801525116,0.3885999619960785,0.8755548961957297,0.39859992265701294,0.0
T,1796,0.5306349396705627,0.45680898427963257,0.15981116890907288,0.39886659383773804,0.7275279856042471,0.40544071793556213,0.5767331719398499
N,1800,0.5450049042701721,0.4801809787750244,0.15950973331928253,0.3748309314250946,0.6961766411691982,0.41836443543434143,0.08850588649511337
N,1801,0.527158796787262,0.4881812036037445,0.15849795937538147,0.3868081867694855,0.6479198768471542,0.413664847612381,0.2518407702445984
_,1808,0.5122705101966858,0.4429309070110321,0.15085454285144806,0.38837510347366333,0.8756300172706446,0.3983750641345978,0.0
S,1811,0.5357616543769836,0.4989027976989746,0.1548873335123062,0.35794147849082947,0.6537839003171151,0.42311495542526245,0.08358529955148697
N,1817,0.556236207485199,0.4864647686481476,0.1664208322763443,0.38639411330223083,0.6388665824670655,0.42134812474250793,0.17788144946098328
_,1818,0.5124072432518005,0.4429600238800049,0.15091998875141144,0.38845962285995483,0.8756468284130097,0.3984595835208893,0.0
_,1822,0.5123046040534973,0.4429382383823395,0.15087081491947174,0.38839632272720337,0.8757096972564857,0.3983963131904602,0.0
S,1824,0.5333018898963928,0.49577173590660095,0.15623818337917328,0.36047524213790894,0.6386084399338385,0.42417848110198975,0.07385069131851196
N,1829,0.5250765085220337,0.4869624078273773,0.1566905975341797,0.37705716490745544,0.6602486187576627,0.4158899486064911,0.16146855056285858
N,1837,0.5483022928237915,0.5032424926757812,0.16859960556030273,0.40795090794563293,0.6379118711046098,0.4070701599121094,0.5075076818466187
X,1841,0.5309994220733643,0.4619128108024597,0.16001513600349426,0.3988229036331177,0.6304590069744064,0.4036162197589874,0.5771729946136475
X,1846,0.5304865837097168,0.4631127119064331,0.15977215766906738,0.3983086347579956,0.6304500705241662,0.4022718369960785,0.5880202054977417
_,1850,0.5134934186935425,0.443189799785614,0.15144188702106476,0.3891265392303467,0.8743903487920762,0.39912649989128113,0.0
X,1851,0.5608306527137756,0.48746439814567566,0.1685425043106079,0.38353803753852844,0.6622203780493389,0.42948415875434875,0.10513533651828766
N,1856,0.5642273426055908,0.48690441250801086,0.16769032180309296,0.38460394740104675,0.6326799190060896,0.42316964268684387,0.15324293076992035
S,1863,0.477039098739624,0.5020056366920471,0.14167475700378418,0.3501388430595398,0.6659983906274041,0.4098891019821167,0.12553668022155762
S,1876,0.4844109117984772,0.5036619901657104,0.14308512210845947,0.3486543297767639,0.648037913326795,0.4105127155780792,0.12238728255033493
T,1877,0.5329245328903198,0.4606194794178009,0.16094344854354858,0.4000987708568573,0.6438468091457192,0.40564072132110596,0.5728176832199097
_,1878,0.5133482813835144,0.44315943121910095,0.15137158334255219,0.389039009809494,0.8750642833113671,0.39903900027275085,0.0
S,1901,0.5343119502067566,0.5011101365089417,0.1571636199951172,0.3640294373035431,0.6089939735774533,0.42258355021476746,0.11904016137123108
S,1905,0.4974807798862457,0.49813681840896606,0.14483560621738434,0.3498609662055969,0.6452066748623232,0.4128761887550354,0.0963456928730011
N,1911,0.5304614305496216,0.4947546422481537,0.16075432300567627,0.39426591992378235,0.6354983783396893,0.4106287658214569,0.35189470648765564
_,1912,0.5017105937004089,0.44068247079849243,0.14580585062503815,0.38182538747787476,0.8825794528921446,0.3918253779411316,0.0
N,1928,0.5451992154121399,0.4846093952655792,0.16238273680210114,0.3755071461200714,0.683394001518803,0.42273861169815063,0.08932220190763474
_,1930,0.5016748905181885,0.440674751996994,0.14578896760940552,0.38180285692214966,0.8824185923238596,0.3918028473854065,0.0
T,1944,0.5198401808738708,0.45331746339797974,0.15460965037345886,0.3922339081764221,0.7334256866408456,0.3988448679447174,0.5925033688545227
_,1954,0.5019404292106628,0.4407314658164978,0.14591562747955322,0.38196828961372375,0.8823299150168896,0.3919682502746582,0.0
S,1968,0.5152217745780945,0.49372661113739014,0.14925998449325562,0.35637858510017395,0.622271607121899,0.41267335414886475,0.10404147952795029
S,1972,0.46394312381744385,0.49664247035980225,0.13661107420921326,0.33735671639442444,0.708879823560516,0.4079412817955017,0.06661974638700485
S,1974,0.5100110769271851,0.5006445050239563,0.14814437925815582,0.3505875766277313,0.6489706497947797,0.4157939553260803,0.09575691819190979
S,1977,0.46982765197753906,0.5021136403083801,0.13555318117141724,0.3403787910938263,0.6160660395076654,0.40103569626808167,0.12472520023584366
_,1997,0.5022144913673401,0.44078969955444336,0.14604690670967102,0.382137656211853,0.8817629038294157,0.39213764667510986,0.0
N,2000,0.5955322980880737,0.4899248778820038,0.17594380676746368,0.38638171553611755,0.6427215224240468,0.43234530091285706,0.11266876757144928
S,2004,0.47458699345588684,0.49675923585891724,0.1405956745147705,0.3430425226688385,0.6906596190730732,0.4101448953151703,0.07750941067934036
X,2054,0.5591928958892822,0.48498302698135376,0.16682569682598114,0.3843839466571808,0.6379399183741771,0.42020803689956665,0.16410131752490997
X,2055,0.5207433104515076,0.48610103130340576,0.1554628312587738,0.37984612584114075,0.635993688410769,0.40754425525665283,0.2389902025461197
T,2059,0.5179765224456787,0.45294222235679626,0.15370576083660126,0.3910617530345917,0.7335156218235451,0.39753904938697815,0.5988356471061707
S,2069,0.4725720286369324,0.5151638984680176,0.13528890907764435,0.337576299905777,0.6018756696620858,0.40251752734184265,0.14697694778442383
S,2071,0.5152217745780945,0.49372661113739014,0.14925998449325562,0.35637858510017395,0.622271607121899,0.41267335414886475,0.10404147952795029
S,2081,0.4635823667049408,0.5120263695716858,0.13305731117725372,0.3336215019226074,0.6300557461982438,0.40323472023010254,0.12379781156778336
S,2094,0.5051795840263367,0.5013725757598877,0.1454515904188156,0.35014772415161133,0.6533421551072752,0.41143983602523804,0.1155235692858696
N,2095,0.5336519479751587,0.48679283261299133,0.15834997594356537,0.377295583486557,0.6831550441468911,0.41451194882392883,0.17078325152397156
X,2111,0.55161452293396,0.48557400703430176,0.16379418969154358,0.3786388635635376,0.6280541747587268,0.4189821779727936,0.13888972997665405
T,2117,0.5908623337745667,0.4810362458229065,0.17556633055210114,0.3912104368209839,0.6498430642712629,0.42962172627449036,0.10492108017206192
X,2129,0.5492073893547058,0.48559460043907166,0.16277483105659485,0.3770401179790497,0.6319780261674897,0.4182977080345154,0.13413745164871216
_,2133,0.501251220703125,0.44058433175086975,0.1455869823694229,0.3815387189388275,0.8827567427853744,0.39153867959976196,0.0
N,2135,0.5310873985290527,0.48664480447769165,0.15842513740062714,0.38001424074172974,0.6385608963038248,0.4106366038322449,0.21730175614356995
S,2141,0.5149295926094055,0.4944826364517212,0.15031757950782776,0.3557744026184082,0.6458978788356763,0.4157426357269287,0.08986258506774902
S,2165,0.48719096183776855,0.4975888133049011,0.14470791816711426,0.34494373202323914,0.6821135632600636,0.4150671660900116,0.06652555614709854
_,2166,0.5012654662132263,0.4405873715877533,0.14559368789196014,0.381547749042511,0.8828553105890752,0.39154770970344543,0.0
_,2186,0.501232922077179,0.4405803084373474,0.14557825028896332,0.38152721524238586,0.8827975755929948,0.3915271461009979,0.0
N,2189,0.5460799336433411,0.48258882761001587,0.1611536592245102,0.3763751983642578,0.6385584847909135,0.41710716485977173,0.12208034843206406
X,2191,0.5245368480682373,0.46229350566864014,0.156934916973114,0.39447495341300964,0.6689565975984685,0.39790546894073486,0.5949894785881042
X,2207,0.5257497429847717,0.48461976647377014,0.158101424574852,0.3792831599712372,0.6748204389059296,0.4144928753376007,0.17440006136894226
S,2211,0.4635847210884094,0.496295690536499,0.1361025720834732,0.33667561411857605,0.7160389066487551,0.40768831968307495,0.0639546662569046
S,2213,0.495737224817276,0.4993753135204315,0.1448660045862198,0.35286766290664673,0.6234882302279584,0.40834590792655945,0.13272015750408173
S,2220,0.5140203237533569,0.4975470006465912,0.14830978214740753,0.3525373637676239,0.6301093628572805,0.4127972424030304,0.10350549221038818
_,2227,0.5016576647758484,0.44067108631134033,0.1457807719707489,0.3817921578884125,0.882441496650378,0.3917921185493469,0.0
N,2231,0.519889771938324,0.48362940549850464,0.1542167067527771,0.3786274194717407,0.6674246155673367,0.4082760810852051,0.21501050889492035
X,2232,0.5532674193382263,0.48461028933525085,0.1644590049982071,0.37955281138420105,0.6372389554232359,0.42045021057128906,0.12850616872310638
S,2237,0.5036972761154175,0.4999547302722931,0.14659754931926727,0.3520074486732483,0.656748086444665,0.4140195846557617,0.10655856877565384
_,2245,0.5012118220329285,0.44057586789131165,0.14556819200515747,0.3815141022205353,0.8827714056770007,0.3915140628814697,0.0
S,2247,0.4584575593471527,0.4999649226665497,0.13461638987064362,0.33539319038391113,0.7103963746875525,0.4066976308822632,0.07828079164028168
X,2255,0.5331100821495056,0.4825684130191803,0.15991109609603882,0.3809146285057068,0.6466120739622663,0.41426342725753784,0.17681781947612762
_,2258,0.501250147819519,0.4405840039253235,0.14558647572994232,0.3815380036830902,0.8827405013640722,0.39153799414634705,0.0
T,2264,0.5205816030502319,0.45720964670181274,0.15499372780323029,0.39254167675971985,0.643381855111899,0.3979867696762085,0.5801816582679749
_,2266,0.5012549161911011,0.44058504700660706,0.14558877050876617,0.3815409541130066,0.8827344629168511,0.3915409445762634,0.0
S,2273,0.4757300317287445,0.49868571758270264,0.1405550092458725,0.34764355421066284,0.6680916011705995,0.4079977571964264,0.11179651319980621
X,2275,0.5812314748764038,0.48214757442474365,0.17352406680583954,0.3896045386791229,0.6399147649629352,0.4288161098957062,0.11014475673437119
X,2279,0.5304116010665894,0.46311071515083313,0.15975293517112732,0.3981391191482544,0.6921556084972357,0.40191370248794556,0.5934645533561707
X,2281,0.5574009418487549,0.48585399985313416,0.16706059873104095,0.38594549894332886,0.6235479449527338,0.4216763377189636,0.16858604550361633
X,2286,0.5222001671791077,0.45801281929016113,0.15575987100601196,0.3934589624404907,0.706406817699426,0.3985349237918854,0.5891412496566772
X,2289,0.5392813682556152,0.48696357011795044,0.16245318949222565,0.3846312463283539,0.6256250407639892,0.4164843261241913,0.2066950649023056
N,2290,0.5342897772789001,0.4804202914237976,0.15742889046669006,0.37939831614494324,0.679473835524841,0.41218051314353943,0.1723678708076477
X,2294,0.5310664772987366,0.46999186277389526,0.1601211130619049,0.397931843996048,0.5641093027900388,0.39879533648490906,0.5981374382972717
X,2299,0.5254698991775513,0.45864349603652954,0.1573375165462494,0.39560437202453613,0.7060920007051512,0.401143342256546,0.5738269686698914
X,2308,0.5427567958831787,0.4897302985191345,0.16410939395427704,0.38547343015670776,0.6520078739727615,0.41918545961380005,0.2036217302083969
_,2310,0.5078564286231995,0.44199246168136597,0.14874161779880524,0.38564392924308777,0.8779062444965046,0.3956439197063446,0.0
S,2312,0.5036352872848511,0.5043174624443054,0.14597825706005096,0.3538144528865814,0.6406449284112024,0.41195955872535706,0.1381484866142273
S,2322,0.5037913918495178,0.5021302103996277,0.14550837874412537,0.3504425585269928,0.6190596495228238,0.41039398312568665,0.12359144538640976
_,2333,0.5078703761100769,0.44199544191360474,0.14874820411205292,0.38565269112586975,0.8779419334729514,0.3956526815891266,0.0
S,2338,0.5525059103965759,0.4999966025352478,0.16327717900276184,0.3648208975791931,0.6118119219643026,0.4296806752681732,0.08319775760173798
S,2343,0.49928995966911316,0.4956214129924774,0.1457541584968567,0.3545394539833069,0.6417806062308955,0.4103010892868042,0.1166434958577156
N,2350,0.5528009533882141,0.5009300112724304,0.17074106633663177,0.4038788080215454,0.621967790829367,0.4149801433086395,0.40504342317581177
S,2351,0.5347421765327454,0.4978425204753876,0.15588940680027008,0.35853761434555054,0.6209696066239622,0.422643780708313,0.08270962536334991
_,2357,0.5067235231399536,0.44175171852111816,0.14819897711277008,0.3849436938762665,0.8791663158933323,0.3949436843395233,0.0
X,2360,0.5222727656364441,0.4902101755142212,0.15724225342273712,0.38644909858703613,0.6501805560787519,0.4117973744869232,0.27012068033218384
N,2362,0.5297566056251526,0.48253464698791504,0.1581200659275055,0.37736839056015015,0.6937384542527919,0.41793709993362427,0.12447729706764221
S,2373,0.5074614882469177,0.5164998769760132,0.14885741472244263,0.35284852981567383,0.5617957910366629,0.4128856658935547,0.16578850150108337
X,2375,0.5422773957252502,0.48126664757728577,0.16207504272460938,0.3817906379699707,0.6460774631503349,0.4162289798259735,0.15898317098617554
X,2385,0.6142163276672363,0.48584219813346863,0.1828429251909256,0.39311060309410095,0.6305261189703986,0.4393090009689331,0.07118913531303406
T,2399,0.5204104781150818,0.4526076912879944,0.15485602617263794,0.392718106508255,0.7402879864326481,0.39969363808631897,0.5907132029533386
_,2404,0.5072858929634094,0.4418714940547943,0.14846782386302948,0.38529255986213684,0.8788869548340639,0.3952925503253937,0.0
S,2417,0.5162321329116821,0.5017513036727905,0.14944691956043243,0.3537968099117279,0.6424564883488347,0.4170122444629669,0.10701928287744522
_,2437,0.5068069696426392,0.4417695105075836,0.14823883771896362,0.3849955201148987,0.8790980101128419,0.3949955105781555,0.0
S,2441,0.5332182049751282,0.49796056747436523,0.15581382811069489,0.35812094807624817,0.6196774125433149,0.4229341447353363,0.08035135269165039
X,2453,0.52585369348526,0.4625832140445709,0.15755359828472137,0.3953108787536621,0.7314984961754575,0.39874622225761414,0.5956850051879883
T,2463,0.6110894680023193,0.47919535636901855,0.1833934634923935,0.4017980992794037,0.6300593699111293,0.43370896577835083,0.13148993253707886
S,2464,0.5045621991157532,0.4996415972709656,0.1455385833978653,0.3532618284225464,0.66919370712693,0.4122317433357239,0.11841204017400742
X,2476,0.5245845913887024,0.4614661633968353,0.15693438053131104,0.3946390450000763,0.656969550561189,0.39847132563591003,0.5932403206825256
X,2489,0.5255283117294312,0.4595817029476166,0.15737228095531464,0.39531409740448,0.7070625923785216,0.3998730778694153,0.59772789478302
S,2495,0.4849265515804291,0.4987317621707916,0.1440112143754959,0.34373870491981506,0.6991387776875247,0.4157370626926422,0.0647968202829361
X,2505,0.6075727343559265,0.48582062125205994,0.18097630143165588,0.39132869243621826,0.6329679067071994,0.4379819929599762,0.07144875824451447
X,2514,0.5274144411087036,0.459107369184494,0.15827836096286774,0.3966124653816223,0.7135126995465787,0.4017641544342041,0.5894392132759094
S,2525,0.5337144732475281,0.4996844530105591,0.15758682787418365,0.3599582016468048,0.6219868254614994,0.42574217915534973,0.0824560895562172
S,2527,0.48265737295150757,0.497663676738739,0.14360401034355164,0.3448311388492584,0.6812796785496176,0.4137757122516632,0.072067990899086
T,2544,0.5421214699745178,0.4805777072906494,0.16395406424999237,0.38703054189682007,0.6519792209286243,0.41615262627601624,0.19761453568935394
S,2561,0.4755823016166687,0.499220073223114,0.14008067548274994,0.3464033603668213,0.6698809054618081,0.4078226089477539,0.10973981022834778
S,2574,0.46520280838012695,0.4988434612751007,0.1374448984861374,0.33705899119377136,0.7198685509214799,0.41035786271095276,0.06509032100439072
T,2578,0.5233597755432129,0.4540857970714569,0.1562858670949936,0.39437922835350037,0.7514092493917391,0.40090692043304443,0.5993224382400513
X,2588,0.5211811661720276,0.4586552083492279,0.15527977049350739,0.39269062876701355,0.7092345882788164,0.3972500264644623,0.5950891971588135
T,2592,0.5993027091026306,0.48703262209892273,0.18084095418453217,0.40403732657432556,0.6119348217778801,0.4287162125110626,0.2560228705406189
N,2595,0.5466176867485046,0.48086681962013245,0.16065306961536407,0.3784368932247162,0.6983776894722057,0.42028263211250305,0.10118433833122253
_,2615,0.5195221304893494,0.4444659650325775,0.15433774888515472,0.3928302228450775,0.871047087609768,0.40283018350601196,0.0
X,2616,0.5404602885246277,0.4630788266658783,0.16458025574684143,0.4045538902282715,0.7202372646766041,0.40968644618988037,0.5814772844314575
X,2625,0.5829290151596069,0.4909679889678955,0.17794206738471985,0.39789220690727234,0.6334421409123268,0.434827595949173,0.17400924861431122
T,2627,0.5859766602516174,0.49325278401374817,0.18030108511447906,0.40798622369766235,0.6384086947251308,0.43228840827941895,0.28304821252822876
X,2644,0.6152250170707703,0.4893174469470978,0.18407884240150452,0.3953849971294403,0.6275094251197879,0.4434119462966919,0.07986357808113098
S,2647,0.5308210849761963,0.5027298331260681,0.1549896001815796,0.35484614968299866,0.6333206682096837,0.42739906907081604,0.07073917984962463
S,2650,0.5496183633804321,0.500333845615387,0.1588115692138672,0.3602611720561981,0.641501790066759,0.42935284972190857,0.07004276663064957
T,2652,0.5765234231948853,0.47726163268089294,0.17532099783420563,0.4025033116340637,0.6628887983346552,0.42907536029815674,0.18356378376483917
S,2658,0.49265339970588684,0.5011723041534424,0.14696380496025085,0.3532274663448334,0.6551421145877491,0.41666489839553833,0.10450011491775513
S,2662,0.493153840303421,0.5001073479652405,0.14842712879180908,0.34808555245399475,0.6927640774287284,0.42324894666671753,0.05394915118813515
T,2664,0.5371258854866028,0.4577912390232086,0.16293758153915405,0.4027716815471649,0.6734508881419364,0.40934982895851135,0.5878788232803345
T,2676,0.5371336936950684,0.45778200030326843,0.1629364937543869,0.4028388559818268,0.6974981140913906,0.409527450799942,0.5822934508323669
X,2678,0.5568209290504456,0.4870072603225708,0.1670135259628296,0.38526514172554016,0.6354314619554984,0.42555704712867737,0.14125201106071472
T,2692,0.539796769618988,0.46252402663230896,0.16425926983356476,0.40416809916496277,0.5607727228169582,0.409414678812027,0.5822668671607971
T,2705,0.5377090573310852,0.4591776728630066,0.1632244884967804,0.40304791927337646,0.7209260295487426,0.40915870666503906,0.5886597037315369
S,2710,0.5754454731941223,0.5017602443695068,0.1699858456850052,0.370688796043396,0.6023354393648334,0.43866845965385437,0.07119987159967422
_,2713,0.5186354517936707,0.4442787766456604,0.1539110541343689,0.3922876715660095,0.8715061269203822,0.40228766202926636,0.0
_,2715,0.5199571847915649,0.44455769658088684,0.15454734861850739,0.39309582114219666,0.8707372964918614,0.4030958116054535,0.0
S,2726,0.47816458344459534,0.5031358003616333,0.14197522401809692,0.34635305404663086,0.6354042576152521,0.4142758846282959,0.09756793081760406
_,2729,0.5195623636245728,0.4444744884967804,0.15435707569122314,0.3928549289703369,0.8710289862751961,0.40285491943359375,0.0
_,2741,0.519914448261261,0.44454866647720337,0.15452679991722107,0.39306962490081787,0.8707521890103818,0.4030696153640747,0.0
_,2743,0.518608808517456,0.4442731440067291,0.1538981795310974,0.392271488904953,0.8715440348287424,0.40227147936820984,0.0
N,2750,0.537585437297821,0.4954838156700134,0.16366639733314514,0.40070074796676636,0.6341499030737517,0.41096439957618713,0.40839219093322754
_,2756,0.5194992423057556,0.4444611668586731,0.1543266773223877,0.39281636476516724,0.8710842445492745,0.4028163552284241,0.0
T,2757,0.5421468019485474,0.48691147565841675,0.16599179804325104,0.4014332592487335,0.6285131806973369,0.4155186712741852,0.36745506525039673
S,2758,0.48475566506385803,0.5134894847869873,0.1447172313928604,0.3431455194950104,0.6292401890425633,0.4180425703525543,0.10667552053928375
N,2772,0.5445833206176758,0.48538658022880554,0.16397440433502197,0.3830328583717346,0.6781070226403729,0.42620912194252014,0.1146945208311081
_,2780,0.5186076760292053,0.44427287578582764,0.15389776229858398,0.39227059483528137,0.8715318137904009,0.4022705554962158,0.0
N,2807,0.567883312702179,0.4830422103404999,0.17080149054527283,0.38420191407203674,0.6738358592242003,0.43239060044288635,0.055687155574560165
_,2814,0.5191701054573059,0.4443915784358978,0.15416841208934784,0.39261457324028015,0.8710067757467429,0.4026145339012146,0.0
_,2828,0.5187070369720459,0.44429388642311096,0.1539454311132431,0.39233162999153137,0.8715238722662132,0.4023316204547882,0.0
S,2830,0.4988973140716553,0.49807217717170715,0.1503305584192276,0.351305216550827,0.6725420026543241,0.42320603132247925,0.05576366186141968
T,2836,0.5521919131278992,0.48475557565689087,0.16959136724472046,0.4021863341331482,0.6371706803466562,0.4182569682598114,0.34237346053123474
T,2845,0.5479520559310913,0.48649731278419495,0.16813458502292633,0.4065508246421814,0.6329860809098864,0.41584956645965576,0.4248011112213135
N,2847,0.5647464394569397,0.48411694169044495,0.16580156981945038,0.37939801812171936,0.6731736428029642,0.42643672227859497,0.08068365603685379
T,2848,0.53739333152771,0.45734792947769165,0.16307304799556732,0.40310150384902954,0.7256947238113935,0.4103216230869293,0.5619515180587769
T,2851,0.5359808206558228,0.458760529756546,0.1623838096857071,0.40216538310050964,0.7240929049970025,0.40865543484687805,0.5706520676612854
_,2856,0.5198516249656677,0.4445352256298065,0.15449684858322144,0.3930302560329437,0.8704049437741439,0.40303027629852295,0.0
N,2857,0.5435506105422974,0.48603013157844543,0.16206589341163635,0.3866485059261322,0.6554757622489342,0.4179435670375824,0.20671632885932922
S,2861,0.5540992617607117,0.5013244152069092,0.16406914591789246,0.3656105101108551,0.6127751690492248,0.43470823764801025,0.06973866373300552
N,2863,0.6001691818237305,0.4911099374294281,0.1780218482017517,0.3941608667373657,0.6414685644680989,0.4365028142929077,0.1372762769460678
X,2864,0.6109724044799805,0.48552948236465454,0.17933785915374756,0.3920920193195343,0.626969164571104,0.43606775999069214,0.08836949616670609
N,2867,0.5745035409927368,0.4856007993221283,0.1692020446062088,0.3813829720020294,0.6561377214828099,0.42962539196014404,0.07813949882984161
T,2874,0.6380186080932617,0.4855196177959442,0.19154533743858337,0.4054395258426666,0.6124834802478047,0.44769614934921265,0.07432179898023605
N,2875,0.5641798377037048,0.4893227219581604,0.16982735693454742,0.3926173150539398,0.6460571338545803,0.4259965717792511,0.19967810809612274
S,2879,0.4877825975418091,0.5040528774261475,0.14338192343711853,0.3482235372066498,0.623569023652041,0.4133423864841461,0.11086900532245636
S,2885,0.46451738476753235,0.5034254193305969,0.1375667154788971,0.3421979248523712,0.6866145691834391,0.409900039434433,0.10196296125650406
S,2893,0.49303096532821655,0.5003296732902527,0.14404791593551636,0.34977689385414124,0.6161562964331825,0.4127097725868225,0.10525162518024445
N,2894,0.5265729427337646,0.48448050022125244,0.15761278569698334,0.38154780864715576,0.6718718381703366,0.41464582085609436,0.18929941952228546
_,2896,0.5177417993545532,0.4440893530845642,0.15348215401172638,0.3917376697063446,0.8717013516028723,0.40173766016960144,0.0
S,2907,0.48567089438438416,0.49741312861442566,0.14445756375789642,0.3496081531047821,0.6602327104719977,0.4155079126358032,0.08151951432228088
T,2917,0.5566378831863403,0.5009886026382446,0.17266333103179932,0.41279175877571106,0.645121923522432,0.4091804325580597,0.5476006269454956
S,2923,0.4788130223751068,0.5029818415641785,0.14303016662597656,0.3504185676574707,0.6541896317775051,0.4121498167514801,0.12015076726675034
N,2943,0.5378345847129822,0.4908754229545593,0.1649015098810196,0.3949529528617859,0.6693583742013046,0.4179016649723053,0.2905372977256775
N,2949,0.5624966025352478,0.48667532205581665,0.16759660840034485,0.3805108368396759,0.658147279433518,0.4292842149734497,0.08438602834939957
X,2954,0.5327449440956116,0.4618896543979645,0.16084378957748413,0.3998897671699524,0.7101747321826406,0.4047214090824127,0.5819220542907715
_,2960,0.5173900723457336,0.44401541352272034,0.15331219136714935,0.39152419567108154,0.8726092419524988,0.401524156332016,0.0
_,2965,0.5172914862632751,0.4439946115016937,0.1532648354768753,0.3914636969566345,0.8726338540017605,0.40146368741989136,0.0
N,2969,0.5534322261810303,0.490546315908432,0.16719363629817963,0.3894538879394531,0.6403931706619915,0.4243990182876587,0.19589361548423767
_,2984,0.5165590643882751,0.4438397288322449,0.15291272103786469,0.3910145163536072,0.8730420230329037,0.401014506816864,0.0
X,2989,0.5320262908935547,0.45878633856773376,0.1604754477739334,0.39968904852867126,0.7135423810136127,0.40571728348731995,0.5759352445602417
N,2990,0.5401540994644165,0.5020163059234619,0.16561661660671234,0.401326060295105,0.6142268034023316,0.4121396243572235,0.40511608123779297
_,2992,0.5166332125663757,0.4438554346561432,0.1529483050107956,0.39106014370918274,0.8730398971835773,0.4010601341724396,0.0
_,2996,0.516589343547821,0.443846195936203,0.1529272198677063,0.39103323221206665,0.8730015308161577,0.4010332226753235,0.0
N,3001,0.529332160949707,0.48970064520835876,0.16092544794082642,0.3898199498653412,0.6051943804313973,0.41486743092536926,0.27041178941726685
_,3004,0.5165776610374451,0.44384369254112244,0.1529216766357422,0.39102602005004883,0.8730191635588805,0.40102601051330566,0.0
_,3016,0.5165955424308777,0.4438474774360657,0.15293021500110626,0.39103710651397705,0.8730683096746604,0.4010370969772339,0.0
X,3022,0.5355448722839355,0.4616734981536865,0.1621948480606079,0.4015166759490967,0.70115969132165,0.40642809867858887,0.59146648645401
T,3023,0.5325621962547302,0.4564097821712494,0.16072140634059906,0.400089830160141,0.726230299715165,0.4068419635295868,0.5839982628822327
T,3025,0.5571997761726379,0.49315765500068665,0.1727847009897232,0.41195347905158997,0.6317975425144929,0.41625532507896423,0.48264187574386597
S,3031,0.4931350350379944,0.501042902469635,0.1468600034713745,0.3533029854297638,0.6526110497458528,0.4157511293888092,0.1084802970290184
S,3036,0.48710277676582336,0.5009976625442505,0.1455325186252594,0.34617605805397034,0.6650827453052626,0.41851067543029785,0.07068471610546112
_,3039,0.5178219079971313,0.4441063106060028,0.15352065861225128,0.3917868137359619,0.8716938425600529,0.40178677439689636,0.0
X,3043,0.539021909236908,0.4640466868877411,0.16389450430870056,0.4035780727863312,0.6910061752553641,0.4081512689590454,0.5841549634933472
T,3064,0.6453309059143066,0.48121482133865356,0.19064660370349884,0.4070216119289398,0.639300029280906,0.44347283244132996,0.0862853154540062
N,3074,0.5594713687896729,0.4865887463092804,0.1655387133359909,0.3853037357330322,0.6498681053153269,0.4213970899581909,0.17076383531093597
X,3075,0.5335972905158997,0.45952078700065613,0.16123783588409424,0.40064799785614014,0.7111610772584103,0.4066433012485504,0.5723538994789124
S,3076,0.482687383890152,0.5022828578948975,0.14458206295967102,0.3487987816333771,0.6711180979758502,0.4165726602077484,0.09379613399505615
S,3077,0.4998936951160431,0.501419186592102,0.14599500596523285,0.3528803586959839,0.6085782220680267,0.4142719507217407,0.11463423818349838
X,3085,0.5860372185707092,0.49255073070526123,0.17658370733261108,0.3980382978916168,0.626957037280669,0.43078938126564026,0.21400374174118042
T,3105,0.5351163148880005,0.4565001130104065,0.1619686484336853,0.40165120363235474,0.7221986172767356,0.4086858928203583,0.578130841255188
S,3106,0.48062586784362793,0.5155922174453735,0.13973459601402283,0.3395591378211975,0.5970173786741604,0.4117852449417114,0.12368255108594894
X,3109,0.5662925243377686,0.48309439420700073,0.1691286712884903,0.38581064343452454,0.6444980296089003,0.42608460783958435,0.11535047739744186
T,3110,0.536629855632782,0.4596935212612152,0.1627160608768463,0.40252894163131714,0.7182451895099561,0.40893226861953735,0.5630768537521362
S,3115,0.5056903958320618,0.5123509764671326,0.14802104234695435,0.3479115664958954,0.5995731319819849,0.4208194613456726,0.10949774831533432
N,3118,0.5668681859970093,0.4848266839981079,0.1693485826253891,0.38138866424560547,0.6753432843977256,0.43145889043807983,0.0604117177426815
N,3124,0.5757136344909668,0.4842124581336975,0.17181088030338287,0.3820866346359253,0.6669656505299888,0.4335605800151825,0.04339611530303955
N,3125,0.5897979140281677,0.4921751022338867,0.17652533948421478,0.3921898603439331,0.6443533672499567,0.43549850583076477,0.13922306895256042
S,3126,0.4717443883419037,0.5020174384117126,0.1406819224357605,0.34114870429039,0.71434647432218,0.41607221961021423,0.06920231878757477
_,3141,0.5279329419136047,0.4462369978427887,0.15839366614818573,0.39795371890068054,0.8644559109707673,0.4079537093639374,0.0
X,3142,0.6126141548156738,0.4876164495944977,0.18167948722839355,0.3972308337688446,0.623339564948304,0.44074463844299316,0.09853058308362961
S,3150,0.5221986174583435,0.5026521682739258,0.15863102674484253,0.35625219345092773,0.657278417631363,0.43500658869743347,0.041372425854206085
S,3154,0.4990876317024231,0.5047038793563843,0.14967301487922668,0.3498276472091675,0.6610938972001896,0.4253929555416107,0.06870604306459427
N,3155,0.5412755608558655,0.4959392547607422,0.16581659018993378,0.4012463092803955,0.6265154394585019,0.4184483289718628,0.3503975570201874
X,3161,0.5480623841285706,0.4646025598049164,0.16826175153255463,0.4092969000339508,0.6886419143132556,0.4150182902812958,0.5660276412963867
N,3168,0.5748960971832275,0.492741197347641,0.17471657693386078,0.397305965423584,0.6217632554456699,0.4323148727416992,0.1981159895658493
N,3177,0.5658729076385498,0.488224595785141,0.17298631370067596,0.3932377099990845,0.6576054955007885,0.4339166283607483,0.13594971597194672
T,3184,0.5472453832626343,0.4598749876022339,0.16784371435642242,0.40893489122390747,0.6908952468183998,0.41584083437919617,0.5772690176963806
N,3189,0.5447070598602295,0.4995064437389374,0.16711075603961945,0.40522995591163635,0.6033004649813908,0.4154289662837982,0.41357770562171936
S,3197,0.5697984099388123,0.5009673237800598,0.1642904281616211,0.3659944236278534,0.6297749875498752,0.43611064553260803,0.06126202270388603
_,3211,0.5274096131324768,0.44612717628479004,0.15814079344272614,0.3976363241672516,0.8647434247036776,0.4076363146305084,0.0
S,3219,0.47708529233932495,0.4993996322154999,0.14317883551120758,0.3484595715999603,0.6966527601828179,0.41766396164894104,0.07469712942838669
N,3220,0.5524226427078247,0.4888266623020172,0.16854538023471832,0.397090882062912,0.6436845372935447,0.42508819699287415,0.24036182463169098
T,3221,0.5478294491767883,0.4608311951160431,0.1681322455406189,0.40924903750419617,0.6974804661528712,0.41590872406959534,0.5762430429458618
N,3226,0.55082106590271,0.503129780292511,0.17021934688091278,0.40770938992500305,0.6099278200225672,0.42052578926086426,0.395856112241745
T,3229,0.5606489777565002,0.4900979697704315,0.17324420809745789,0.4080785810947418,0.6250864763516196,0.42514318227767944,0.34440481662750244
_,3231,0.5282134413719177,0.44629594683647156,0.15852923691272736,0.3981236219406128,0.8643617480496566,0.40812361240386963,0.0
N,3242,0.5677966475486755,0.48385870456695557,0.17037077248096466,0.3892940282821655,0.6716579713069951,0.4324202537536621,0.09308627247810364
X,3245,0.5515629649162292,0.4932699203491211,0.16971488296985626,0.39403289556503296,0.6454935533429186,0.42905527353286743,0.2047395408153534
X,3253,0.5475675463676453,0.4631449580192566,0.168019101023674,0.40917959809303284,0.6986655824672684,0.4158477783203125,0.5448207259178162
S,3256,0.48222455382347107,0.5024614334106445,0.1443297415971756,0.3520229160785675,0.6597157924622298,0.41578128933906555,0.10688406229019165
N,3272,0.5777454972267151,0.4872848689556122,0.17227786779403687,0.39095672965049744,0.639289755091304,0.4304765462875366,0.13964278995990753
N,3279,0.5817481875419617,0.48901164531707764,0.1746739000082016,0.38978031277656555,0.6674172816948462,0.4392482042312622,0.08021419495344162
X,3284,0.5598196387290955,0.48329082131385803,0.1686558574438095,0.3890819549560547,0.6582578553174002,0.4280509650707245,0.12242969125509262
X,3287,0.5504533052444458,0.4723412096500397,0.16945801675319672,0.4100535809993744,0.5493827718300297,0.41256409883499146,0.5887859463691711
T,3289,0.5491268038749695,0.4623890221118927,0.1687682569026947,0.40987610816955566,0.704400298510891,0.41591817140579224,0.5855444073677063
_,3298,0.5281097292900085,0.44627395272254944,0.15847937762737274,0.39805999398231506,0.8639971162378789,0.4080599844455719,0.0
N,3308,0.5564115643501282,0.48521754145622253,0.16589640080928802,0.3839750289916992,0.670359884496817,0.42773962020874023,0.10549359768629074
X,3309,0.6643328666687012,0.49242261052131653,0.19500945508480072,0.40480098128318787,0.6092283378093756,0.4537954032421112,0.07421465963125229
_,3318,0.5275320410728455,0.44615286588668823,0.1581999808549881,0.3977104425430298,0.8645615313947201,0.4077104330062866,0.0
N,3350,0.5892857313156128,0.49216949939727783,0.17544029653072357,0.39068371057510376,0.6232579130731756,0.4361113905906677,0.1245202049612999
X,3378,0.5726342797279358,0.48911312222480774,0.17101140320301056,0.3890779912471771,0.6174331263398442,0.42951226234436035,0.14476226270198822
X,3391,0.549809455871582,0.465373694896698,0.16911768913269043,0.41030141711235046,0.6720987094734059,0.41594406962394714,0.565338671207428
T,3402,0.5466405153274536,0.48587560653686523,0.1677422821521759,0.40330415964126587,0.6627489227397989,0.41998589038848877,0.3389947712421417
N,3406,0.5877999067306519,0.49211499094963074,0.1740933209657669,0.39021041989326477,0.5882524069720603,0.43465301394462585,0.13209350407123566
N,3416,0.5456885099411011,0.5030946135520935,0.1676442176103592,0.40630584955215454,0.5941028610484985,0.41606026887893677,0.41821157932281494
_,3425,0.5274239778518677,0.44613006711006165,0.1581478863954544,0.39764466881752014,0.8645744027197362,0.4076445996761322,0.0
_,3428,0.5281152725219727,0.4462752938270569,0.15848173201084137,0.39806416630744934,0.8644192483524482,0.4080641567707062,0.0
X,3431,0.5786187648773193,0.48762980103492737,0.17123669385910034,0.3878161609172821,0.6274441970372573,0.42982017993927,0.12529955804347992
_,3434,0.5280852913856506,0.44626903533935547,0.15846723318099976,0.3980461061000824,0.8644248512387276,0.40804606676101685,0.0
_,3438,0.5275745391845703,0.44616180658340454,0.15822039544582367,0.39773645997047424,0.8647407825291157,0.4077364504337311,0.0
S,3441,0.4797421395778656,0.5036471486091614,0.1449013501405716,0.346096396446228,0.6671252696154019,0.4205933213233948,0.07135452330112457
_,3444,0.5287814736366272,0.44641441106796265,0.15880487859249115,0.39846453070640564,0.8630790083607038,0.4084645211696625,0.0
_,3451,0.5274883508682251,0.44614356756210327,0.15817897021770477,0.3976837396621704,0.864634527762731,0.40768373012542725,0.0
S,3452,0.4987170398235321,0.5026708841323853,0.144860178232193,0.3500041663646698,0.6470736752140995,0.4139953553676605,0.10979825258255005
T,3455,0.6058825254440308,0.47726956009864807,0.18149757385253906,0.400299996137619,0.6561091626004782,0.4344450533390045,0.09356217831373215
X,3461,0.5261330008506775,0.4592478573322296,0.15765726566314697,0.3958735167980194,0.701912189452293,0.4009556472301483,0.5853761434555054
T,3474,0.5726712346076965,0.4821471869945526,0.17352409660816193,0.39302369952201843,0.6339152367886467,0.4275641441345215,0.1470707207918167
S,3480,0.476672887802124,0.5086268186569214,0.13741780817508698,0.33475354313850403,0.6310635907407657,0.41017067432403564,0.09329953044652939
N,3482,0.5513923168182373,0.4807376265525818,0.16456028819084167,0.38019177317619324,0.6824392868194263,0.4234980642795563,0.08473874628543854
S,3483,0.4758545458316803,0.5025196671485901,0.140310600399971,0.34095999598503113,0.6747226069743435,0.41111716628074646,0.0887712687253952
X,3486,0.5375118851661682,0.48501864075660706,0.16226178407669067,0.38842082023620605,0.6287063163751737,0.4141809642314911,0.24828463792800903
X,3504,0.5254834890365601,0.4591499865055084,0.15734516084194183,0.39533838629722595,0.7113918880696277,0.400094598531723,0.596735954284668
S,3510,0.47966471314430237,0.49894022941589355,0.14385445415973663,0.3438449203968048,0.6937023157750567,0.4167857766151428,0.0621008463203907
X,3525,0.6081298589706421,0.48458564281463623,0.17995600402355194,0.3921777009963989,0.6314787549224761,0.4359137713909149,0.08365008980035782
S,3529,0.4976848065853119,0.4939226508140564,0.1483997106552124,0.3507682979106903,0.6982704441559812,0.41863104701042175,0.055048029869794846
N,3530,0.5365750193595886,0.4826086461544037,0.15828704833984375,0.37510812282562256,0.6757352293810497,0.4161550998687744,0.12273316830396652
N,3539,0.5216827392578125,0.4884650707244873,0.15732914209365845,0.3857365846633911,0.6082017409962525,0.40930303931236267,0.27906495332717896
N,3541,0.5535598397254944,0.4825574457645416,0.16180314123630524,0.3754692077636719,0.6781021526193945,0.42091089487075806,0.0884472206234932
N,3542,0.5320116281509399,0.4805580675601959,0.15639501810073853,0.3732222020626068,0.693363497396543,0.41485682129859924,0.10862365365028381
S,3547,0.5400257706642151,0.4988182783126831,0.15728718042373657,0.3600565791130066,0.6126002259384162,0.42424970865249634,0.08544952422380447
N,3548,0.5532658696174622,0.4806608557701111,0.16523036360740662,0.3790331184864044,0.6789715789598025,0.42518553137779236,0.06360865384340286
X,3555,0.5667527318000793,0.4893032908439636,0.17027036845684052,0.3922751843929291,0.6437257430433723,0.4237601161003113,0.2141234278678894
X,3560,0.5273523330688477,0.46372076869010925,0.15828028321266174,0.3962339758872986,0.5891116074796932,0.39951837062835693,0.5913907885551453
T,3566,0.5286021828651428,0.4785475730895996,0.1596411019563675,0.38870617747306824,0.6850470371854802,0.41263478994369507,0.2403220683336258
S,3578,0.4753241539001465,0.4975060224533081,0.14185740053653717,0.34326067566871643,0.712745859635373,0.4154738187789917,0.059933509677648544
T,3585,0.5391842126846313,0.4857555329799652,0.164669930934906,0.3938169479370117,0.6738501761503721,0.415368914604187,0.28819137811660767
X,3592,0.5846508741378784,0.48397502303123474,0.1740472912788391,0.3886183202266693,0.6572902202101735,0.4310949146747589,0.0979226753115654
_,3594,0.5088109374046326,0.4421956539154053,0.14919798076152802,0.3862358033657074,0.8769855659206709,0.3962358236312866,0.0
_,3605,0.5091364979743958,0.4422644078731537,0.14935465157032013,0.3864350914955139,0.8761288592716059,0.39643508195877075,0.0
X,3609,0.5369361639022827,0.49378806352615356,0.1618766486644745,0.38809704780578613,0.6147307649759266,0.4142453670501709,0.27279987931251526
X,3611,0.5560238361358643,0.48728111386299133,0.1682218313217163,0.39179176092147827,0.6408959436631995,0.42182451486587524,0.2181018590927124
X,3614,0.5328739285469055,0.4716034531593323,0.16100367903709412,0.39904582500457764,0.5257365022284891,0.39969390630722046,0.5931823253631592
S,3615,0.4896872043609619,0.5026681423187256,0.1429821103811264,0.3454909324645996,0.6239168163538368,0.4114106297492981,0.10337524861097336
S,3618,0.5702049732208252,0.4991534650325775,0.16691803932189941,0.36679160594940186,0.6097489423679265,0.4329621493816376,0.07053151726722717
_,3622,0.5091217756271362,0.44226130843162537,0.14934758841991425,0.38642600178718567,0.8761219258109729,0.3964259922504425,0.0
S,3633,0.4770039916038513,0.498185932636261,0.14289984107017517,0.3440343737602234,0.7026044417793552,0.4165632128715515,0.06092038005590439
T,3645,0.5271562337875366,0.45613548159599304,0.1581343561410904,0.39658233523368835,0.7239357540578325,0.40268999338150024,0.5973084568977356
X,3661,0.5281436443328857,0.4617732763290405,0.15864460170269012,0.396924763917923,0.6978961214570639,0.40118318796157837,0.5873963832855225
T,3674,0.5284523367881775,0.45802462100982666,0.1587742567062378,0.3974377512931824,0.7183063684709972,0.4033821225166321,0.5771932601928711
N,3693,0.5199885368347168,0.49139267206192017,0.15553998947143555,0.3891637623310089,0.6707818451108567,0.4062325060367584,0.3394406735897064
T,3697,0.5319198966026306,0.4795447289943695,0.16088563203811646,0.3906323313713074,0.6655235353003567,0.41310012340545654,0.25885894894599915
N,3700,0.5377838015556335,0.4837486743927002,0.1586284339427948,0.38129130005836487,0.6641100485197967,0.4126073718070984,0.19944658875465393
T,3705,0.5293309688568115,0.4590296447277069,0.15920792520046234,0.39794251322746277,0.7156225599041985,0.40369290113449097,0.5736765265464783
N,3707,0.5328328013420105,0.4973892271518707,0.16112445294857025,0.39900392293930054,0.61198885876227,0.4041387438774109,0.4501086175441742
S,3715,0.46580538153648376,0.4996974766254425,0.13689923286437988,0.3442710041999817,0.6780152327381075,0.404087096452713,0.11932643502950668
N,3719,0.5366081595420837,0.4909445345401764,0.16294711828231812,0.39487019181251526,0.6250404274248286,0.40922093391418457,0.36497601866722107
_,3723,0.5086422562599182,0.44215983152389526,0.14911715686321259,0.3861316442489624,0.8770851565897465,0.39613163471221924,0.0
T,3732,0.5518285036087036,0.5006055235862732,0.17035464942455292,0.4091673195362091,0.6512487913568414,0.4015171229839325,0.5810102820396423
N,3734,0.5704171657562256,0.48416414856910706,0.1693447232246399,0.38202640414237976,0.6762072400057029,0.43216341733932495,0.05397474393248558
N,3735,0.5745425820350647,0.4829893708229065,0.1736668199300766,0.3878735303878784,0.6737865629517182,0.4353388249874115,0.0535254068672657
X,3753,0.5624411106109619,0.48613241314888,0.16934806108474731,0.3848263621330261,0.6742728881693135,0.43153274059295654,0.08919544517993927
X,3758,0.5784512758255005,0.4892755150794983,0.17459887266159058,0.3891425132751465,0.6536618135582346,0.43714457750320435,0.09375834465026855
S,3761,0.4750519394874573,0.5062143206596375,0.14098672568798065,0.3483974039554596,0.6579964485143622,0.4108653962612152,0.1284506618976593
T,3766,0.559792160987854,0.4950486421585083,0.1741412878036499,0.41476354002952576,0.6258154051327226,0.41126829385757446,0.571607768535614
_,3767,0.5229830145835876,0.4451962411403656,0.15600405633449554,0.3949456810951233,0.8696176110704741,0.4049456715583801,0.0
_,3772,0.5226213932037354,0.4451201558113098,0.15582966804504395,0.39472559094429016,0.8699265275398891,0.404725581407547,0.0
T,3776,0.5361571311950684,0.45589733123779297,0.16244053840637207,0.4024222195148468,0.730112418786157,0.409775972366333,0.5769053101539612
_,3780,0.5221924781799316,0.44502976536750793,0.15562298893928528,0.3944638669490814,0.8701135035852592,0.40446382761001587,0.0
N,3790,0.5539945363998413,0.4904634654521942,0.1666627675294876,0.3854045569896698,0.6571502188959858,0.4278915524482727,0.14512406289577484
X,3792,0.5368047952651978,0.4622616767883301,0.16279886662960052,0.40252384543418884,0.7057957925073182,0.4079973101615906,0.5677570104598999
_,3798,0.5222454071044922,0.44504091143608093,0.15564845502376556,0.39449620246887207,0.8701012302438419,0.4044961631298065,0.0
S,3799,0.5221441984176636,0.4999629855155945,0.15329277515411377,0.35982581973075867,0.6275685669123777,0.4230697751045227,0.09604129195213318
_,3803,0.5226607918739319,0.44512850046157837,0.15584859251976013,0.3947497308254242,0.8699984733760358,0.40474972128868103,0.0
X,3813,0.5394845604896545,0.46206995844841003,0.16409055888652802,0.4039962589740753,0.7024730526740466,0.4092426002025604,0.5875048637390137
N,3820,0.5611429214477539,0.4865635335445404,0.16737589240074158,0.3852880001068115,0.6502382384852778,0.4259818196296692,0.1353747695684433
X,3826,0.5410798192024231,0.46148061752319336,0.16486531496047974,0.40517598390579224,0.7034012505805535,0.4112858772277832,0.5668919086456299
S,3829,0.48874351382255554,0.5003595352172852,0.14736640453338623,0.34975171089172363,0.6702497597349187,0.4200681149959564,0.07426673918962479
_,3833,0.5221612453460693,0.44502320885658264,0.1556079238653183,0.39444485306739807,0.87011115377148,0.4044448435306549,0.0
N,3840,0.5412291884422302,0.49140748381614685,0.1658305674791336,0.3976530134677887,0.6700407191293684,0.4202887713909149,0.2949751615524292
S,3843,0.4972582161426544,0.5022780299186707,0.15095549821853638,0.34932011365890503,0.6788474428281188,0.427132248878479,0.05247964709997177
N,3853,0.5732811093330383,0.4878578782081604,0.17053906619548798,0.38220661878585815,0.6483447369987456,0.4327872097492218,0.07636018842458725
T,3855,0.6255520582199097,0.4851325452327728,0.19111783802509308,0.408772349357605,0.611532477561074,0.4459517002105713,0.11216595768928528
S,3861,0.5899901390075684,0.5012730956077576,0.1739068329334259,0.37431958317756653,0.6009859987391731,0.4424682557582855,0.06410341709852219
N,3875,0.5938476920127869,0.48703625798225403,0.17688186466693878,0.38845953345298767,0.6459522751818683,0.4377289414405823,0.06770280003547668
X,3876,0.5443234443664551,0.4714481830596924,0.1664934903383255,0.40642040967941284,0.5346076393705638,0.4088405966758728,0.5837587118148804
N,3885,0.5445591807365417,0.5027776956558228,0.16779062151908875,0.4039209187030792,0.6124135479255226,0.4157690107822418,0.3998141884803772
_,3893,0.523411214351654,0.4452861547470093,0.15621113777160645,0.39520496129989624,0.8688934356967609,0.4052049219608307,0.0
N,3905,0.6429221630096436,0.49354565143585205,0.18854252994060516,0.3977343738079071,0.6269347869402312,0.44830644130706787,0.08670692145824432
T,3914,0.539729118347168,0.4579295516014099,0.16418294608592987,0.40439826250076294,0.725286568690984,0.4111287295818329,0.5894691348075867
S,3916,0.5170419216156006,0.5011980533599854,0.15424302220344543,0.35599082708358765,0.6836612581415102,0.42692306637763977,0.0694437026977539
T,3922,0.5547544360160828,0.4795590341091156,0.1697588711977005,0.3945140540599823,0.6671184832944225,0.42631959915161133,0.1563858836889267
_,3928,0.5222402811050415,0.44503989815711975,0.155645951628685,0.3944931924343109,0.8702079573770365,0.40449318289756775,0.0
S,3933,0.5327370166778564,0.5031744241714478,0.15696680545806885,0.35589614510536194,0.6303623899720575,0.4308893084526062,0.06204795092344284
_,3935,0.522215723991394,0.4450347125530243,0.15563416481018066,0.3944781720638275,0.8701513949533304,0.40447816252708435,0.0
T,3938,0.5703061819076538,0.48523157835006714,0.17331883311271667,0.39895957708358765,0.6432728721038439,0.4267817437648773,0.2230287790298462
T,3940,0.5362203121185303,0.4575970470905304,0.16248197853565216,0.4023304879665375,0.7227161831530491,0.4090225398540497,0.5816100239753723
_,3944,0.522152841091156,0.4450213611125946,0.15560394525527954,0.3944395184516907,0.8701267585655054,0.4044395089149475,0.0
_,3945,0.5221279263496399,0.44501617550849915,0.15559186041355133,0.3944244980812073,0.8701191606124242,0.4044244587421417,0.0
_,3950,0.522250771522522,0.4450420141220093,0.15565109252929688,0.3944995105266571,0.8699670120080313,0.40449947118759155,0.0
T,3955,0.535497784614563,0.4570288062095642,0.16212724149227142,0.4019257128238678,0.7010516273338969,0.4087541401386261,0.5817486047744751
S,3973,0.5122190117835999,0.500569224357605,0.15318767726421356,0.3540923297405243,0.6761712031469991,0.4266759753227234,0.061263617128133774
S,3986,0.5062800645828247,0.49869003891944885,0.1492292582988739,0.35247769951820374,0.6407418481147034,0.42058825492858887,0.0742051899433136
N,3988,0.5604808926582336,0.4832122027873993,0.16777588427066803,0.386623352766037,0.6747586779285727,0.42835885286331177,0.10507411509752274
_,3997,0.5283184051513672,0.44631797075271606,0.15857987105846405,0.39818742871284485,0.8642131224274636,0.4081874191761017,0.0
T,4010,0.5872406363487244,0.4849798083305359,0.18087361752986908,0.40514349937438965,0.6269367429530455,0.4385473132133484,0.16012977063655853
X,4016,0.5951045751571655,0.49175629019737244,0.17956680059432983,0.3958968222141266,0.6365988019547271,0.44158631563186646,0.11487265676259995
_,4028,0.5277365446090698,0.4461958408355713,0.15829868614673615,0.39783474802970886,0.8646951506535213,0.4078347384929657,0.0
T,4032,0.5413857102394104,0.4557206332683563,0.16496941447257996,0.4056547284126282,0.7339077152016156,0.4135519862174988,0.5712560415267944
N,4040,0.5836507678031921,0.48750734329223633,0.17305535078048706,0.3910706639289856,0.6409605435217479,0.43190324306488037,0.1305258721113205
X,4045,0.5456798672676086,0.4649758040904999,0.1671031415462494,0.4077872037887573,0.695207590666881,0.4130038619041443,0.5724480152130127
T,4048,0.5434232950210571,0.48924678564071655,0.1665254831314087,0.40471985936164856,0.6343968181529394,0.4178909659385681,0.38164961338043213
_,4057,0.5278013348579407,0.44620952010154724,0.15832985937595367,0.3978743255138397,0.8647346364955107,0.40787428617477417,0.0
N,4058,0.5511159300804138,0.49864065647125244,0.17020510137081146,0.4082742929458618,0.6234663589034002,0.42080751061439514,0.3964884877204895
N,4062,0.5808117985725403,0.4948716461658478,0.17690245807170868,0.3975349962711334,0.6421850613888819,0.4351508617401123,0.18821558356285095
X,4064,0.6069872975349426,0.48664170503616333,0.1809549480676651,0.39995479583740234,0.6273432786331493,0.43866226077079773,0.12827229499816895
_,4068,0.5286892056465149,0.44639578461647034,0.15875910222530365,0.39841198921203613,0.8642197225987912,0.40841197967529297,0.0
X,4070,0.6652997732162476,0.49151739478111267,0.1934361606836319,0.4041447043418884,0.6039598535066277,0.4518372118473053,0.07831280678510666
_,4077,0.5278261303901672,0.44621461629867554,0.1583419293165207,0.3978891968727112,0.8646806466082733,0.407889187335968,0.0
_,4091,0.5290827751159668,0.4464776813983917,0.15895044803619385,0.3986473083496094,0.8630611526469391,0.4086472690105438,0.0
T,4119,0.6529989242553711,0.4888155162334442,0.19579826295375824,0.409950852394104,0.6301429634358404,0.4536442756652832,0.07897885888814926
S,4146,0.5581632852554321,0.5016170144081116,0.16465023159980774,0.36781999468803406,0.6082693290962198,0.43568944931030273,0.07296834141016006
T,4148,0.546487033367157,0.458476722240448,0.16746944189071655,0.4085008502006531,0.7224690947143184,0.41569507122039795,0.5840421915054321
_,4155,0.5277987122535706,0.4462089240550995,0.15832871198654175,0.39787253737449646,0.8647171306610107,0.4078725278377533,0.0
N,4157,0.6203141212463379,0.48950862884521484,0.18371696770191193,0.39808356761932373,0.6476419381945865,0.4444631040096283,0.0894758328795433
X,4160,0.5498438477516174,0.46418070793151855,0.16912822425365448,0.41028520464897156,0.716677052650266,0.4159969687461853,0.5768072605133057
_,4162,0.5289856195449829,0.4464579224586487,0.15890251100063324,0.3985912799835205,0.8640159946680069,0.40859127044677734,0.0
N,4168,0.6421390175819397,0.49633997678756714,0.18965086340904236,0.4075663685798645,0.6146975462583335,0.44539517164230347,0.1825626939535141
X,4178,0.6014503240585327,0.490217000246048,0.18309010565280914,0.39903533458709717,0.6319226470494566,0.4429365396499634,0.11154501140117645
S,4180,0.5007857084274292,0.5035699605941772,0.15204724669456482,0.3522546887397766,0.6711777503291766,0.4288438856601715,0.05880000442266464
S,4183,0.4853365123271942,0.5036842226982117,0.14648029208183289,0.3500542640686035,0.6746907585114241,0.4217396676540375,0.08079485595226288
S,4185,0.5036879777908325,0.5020977258682251,0.15125954151153564,0.3573210537433624,0.6491774393524975,0.42323145270347595,0.09325453639030457
N,4193,0.5551233291625977,0.48399263620376587,0.16770309209823608,0.38890334963798523,0.6729259323895288,0.429446280002594,0.1162194088101387
N,4199,0.5712764263153076,0.4840095043182373,0.16833870112895966,0.3812214434146881,0.679752632730039,0.4315832555294037,0.051248595118522644
T,4202,0.5461275577545166,0.456712007522583,0.16728271543979645,0.4084342122077942,0.7236375803379477,0.4162963330745697,0.5766347050666809
S,4204,0.5176705121994019,0.507977306842804,0.15374983847141266,0.3608321249485016,0.6010118305586124,0.4237789511680603,0.12585099041461945
N,4207,0.5357656478881836,0.49582958221435547,0.16314385831356049,0.399738073348999,0.6580303995280217,0.41764357686042786,0.3441038429737091
_,4212,0.52834552526474,0.44632354378700256,0.15859311819076538,0.3982035517692566,0.864143299907446,0.4082035422325134,0.0
N,4215,0.5539194345474243,0.4831974506378174,0.16758760809898376,0.38751909136772156,0.6761960275292708,0.4297831058502197,0.09857891499996185
_,4217,0.5287342667579651,0.44640523195266724,0.15878096222877502,0.3984391987323761,0.8641302941242854,0.40843918919563293,0.0
_,4222,0.5278595089912415,0.44622161984443665,0.15835808217525482,0.39790934324264526,0.8646280914048354,0.4079093039035797,0.0
_,4227,0.5277462601661682,0.44619783759117126,0.15830345451831818,0.3978406488895416,0.8646583930651347,0.4078405797481537,0.0
X,4229,0.5700216293334961,0.4881081283092499,0.1705447882413864,0.3889552056789398,0.6298572520678863,0.4300402104854584,0.13501906394958496
T,4230,0.5474274754524231,0.48917144536972046,0.1688850075006485,0.4040542542934418,0.6552840668863307,0.4250778257846832,0.30371716618537903
T,4235,0.5442697405815125,0.45882076025009155,0.16639234125614166,0.407230943441391,0.6895139368608579,0.414363831281662,0.5707504749298096
T,4241,0.5497728586196899,0.4586934447288513,0.1690896898508072,0.410451203584671,0.7053778166594081,0.41798824071884155,0.5735411643981934
S,4244,0.4866212010383606,0.5000007748603821,0.14693666994571686,0.35347142815589905,0.6701156884152443,0.4194335341453552,0.08694346249103546
_,4246,0.5277308225631714,0.4461945593357086,0.15829598903656006,0.3978310823440552,0.8646133731802305,0.407831072807312,0.0
X,4254,0.626075029373169,0.48639050126075745,0.18351395428180695,0.3981216549873352,0.6229892977288789,0.440385639667511,0.09666043519973755
N,4256,0.5752308368682861,0.4861895740032196,0.16880585253238678,0.38441401720046997,0.6706297741634444,0.4299478828907013,0.09813778847455978
S,4264,0.5111662149429321,0.4997248351573944,0.15053215622901917,0.3566802442073822,0.6277372685602556,0.4205036163330078,0.09426572918891907
X,4265,0.5723181962966919,0.4854459762573242,0.17007003724575043,0.3877764344215393,0.6304616762435763,0.42713865637779236,0.13418664038181305
N,4273,0.5751615762710571,0.491293340921402,0.17185461521148682,0.3874834477901459,0.6287334381141895,0.43147310614585876,0.13478103280067444
_,4280,0.5218753814697266,0.444962739944458,0.15547049045562744,0.3942694365978241,0.8696530523896218,0.40426939725875854,0.0
_,4283,0.5219890475273132,0.4449866712093353,0.1555253118276596,0.3943387567996979,0.8695918273925782,0.4043387472629547,0.0
T,4296,0.6184231638908386,0.47976186871528625,0.18610255420207977,0.4053087830543518,0.660400696831833,0.4418523609638214,0.07849821448326111
T,4305,0.5910873413085938,0.47923579812049866,0.1777607500553131,0.3968762457370758,0.6708569328669304,0.4351382851600647,0.07968244701623917
S,4306,0.4927041828632355,0.49950823187828064,0.14927029609680176,0.3525249660015106,0.6713216273362438,0.42215538024902344,0.07113131135702133
_,4308,0.5217998027801514,0.4449467957019806,0.15543407201766968,0.3942233622074127,0.8697101328273614,0.40422332286834717,0.0
N,4322,0.6155574917793274,0.4875679016113281,0.1819823980331421,0.3969137966632843,0.6580885629690011,0.4410848021507263,0.09529033303260803
X,4336,0.6095655560493469,0.48611241579055786,0.181661918759346,0.3973226547241211,0.6280321351714278,0.4394259750843048,0.10014070570468903
T,4337,0.6131525635719299,0.4886462390422821,0.18591660261154175,0.4112914502620697,0.6545324298112436,0.43674665689468384,0.25126880407333374
N,4339,0.5472605228424072,0.48472025990486145,0.16571883857250214,0.384686142206192,0.6888282769010403,0.4286087453365326,0.10268289595842361
_,4346,0.5222277045249939,0.44503697752952576,0.15564024448394775,0.3944845497608185,0.8695002707342308,0.40448451042175293,0.0
_,4377,0.5220997333526611,0.44500991702079773,0.15557868778705597,0.3944060802459717,0.8692942562699318,0.4044060707092285,0.0
T,4384,0.5389665961265564,0.45649680495262146,0.16381271183490753,0.4040275514125824,0.7314740798267304,0.4112711250782013,0.5853619575500488
S,4387,0.47712424397468567,0.5012112855911255,0.1428821086883545,0.3422764539718628,0.6995791645285985,0.41918882727622986,0.05602072924375534
_,4402,0.5223848223686218,0.4450700879096985,0.15571600198745728,0.39458030462265015,0.8694762812554837,0.404580295085907,0.0
_,4404,0.5221814513206482,0.44502711296081543,0.15561820566654205,0.3944556415081024,0.8692019914587339,0.40445560216903687,0.0
S,4419,0.5143218040466309,0.49971315264701843,0.14980705082416534,0.3548838794231415,0.6100522432198826,0.4195512533187866,0.09134454280138016
_,4420,0.5219807624816895,0.4449850022792816,0.1555211991071701,0.39433398842811584,0.8697326470911504,0.4043339788913727,0.0
S,4421,0.4879433214664459,0.5028674602508545,0.14696983993053436,0.35111236572265625,0.668555299465855,0.4202522933483124,0.08860935270786285
T,4430,0.5481933951377869,0.4877004623413086,0.1686609536409378,0.4079173803329468,0.6308019756587844,0.41727137565612793,0.42534637451171875
X,4436,0.5913504362106323,0.4852170944213867,0.17669373750686646,0.3938275873661041,0.6354586653607355,0.43454477190971375,0.11172055453062057
_,4439,0.5218470096588135,0.44495677947998047,0.15545684099197388,0.394252210855484,0.8696769997477533,0.40425217151641846,0.0
_,4443,0.5217908620834351,0.4449448883533478,0.155429869890213,0.39421772956848145,0.8696784526109697,0.4042177200317383,0.0
S,4448,0.4974866807460785,0.5006681680679321,0.1510268896818161,0.3517525792121887,0.6907136691299578,0.427298367023468,0.052734922617673874
N,4466,0.5387663841247559,0.488605260848999,0.16263461112976074,0.3855699896812439,0.6790134186464517,0.42370501160621643,0.16760875284671783
_,4469,0.5230343341827393,0.44520631432533264,0.1560300588607788,0.3949735462665558,0.8682625574866931,0.40497350692749023,0.0
_,4500,0.5217960476875305,0.4449459910392761,0.15543235838413239,0.39422091841697693,0.8696226237714291,0.4042208790779114,0.0
_,4504,0.5226285457611084,0.4451213777065277,0.15583357214927673,0.39472857117652893,0.8690742872655393,0.4047285318374634,0.0
T,4519,0.5592846274375916,0.4931063950061798,0.1738084852695465,0.4131462872028351,0.6334824390104041,0.4196794033050537,0.46007004380226135
S,4520,0.4903154671192169,0.5026121139526367,0.14875876903533936,0.3477729856967926,0.6842317135507863,0.4257904291152954,0.0541776567697525
X,4523,0.5675888657569885,0.49389904737472534,0.1732056736946106,0.3932943642139435,0.6396998457874482,0.4318656325340271,0.18141528964042664
_,4524,0.5218685865402222,0.4449613690376282,0.15546724200248718,0.39426541328430176,0.8696761649847031,0.4042653739452362,0.0
X,4526,0.5369152426719666,0.46016642451286316,0.16283531486988068,0.4027743339538574,0.7082081471694013,0.40915465354919434,0.55893474817276
_,4528,0.5217714309692383,0.4449407458305359,0.15542049705982208,0.39420583844184875,0.8696445751190186,0.4042057991027832,0.0
X,4538,0.5362207889556885,0.4625980854034424,0.16251999139785767,0.40206560492515564,0.7063915092614631,0.4071236252784729,0.5765621066093445
X,4543,0.5725035667419434,0.48892489075660706,0.17518804967403412,0.3942316174507141,0.643502848984208,0.4342604875564575,0.14299173653125763
_,4548,0.5218465328216553,0.44495663046836853,0.15545667707920074,0.3942517638206482,0.8695915567874909,0.40425172448158264,0.0
T,4550,0.5726771950721741,0.49729377031326294,0.1764814257621765,0.4096294343471527,0.6073888208189298,0.42448902130126953,0.37589290738105774
S,4556,0.47581759095191956,0.49896863102912903,0.1425791233778,0.3468814790248871,0.7055675208071868,0.4168185889720917,0.07259020209312439
S,4559,0.4974866807460785,0.5006681680679321,0.1510268896818161,0.3517525792121887,0.6907136691299578,0.427298367023468,0.052734922617673874
N,4562,0.6049339175224304,0.48795440793037415,0.18030373752117157,0.3929617404937744,0.6451604665380001,0.4402163624763489,0.08089227229356766
_,4563,0.5272897481918335,0.4461019039154053,0.1580829918384552,0.3975633680820465,0.864735191166401,0.40756332874298096,0.0
S,4564,0.48388582468032837,0.5175572633743286,0.14165806770324707,0.34367987513542175,0.5968630211654818,0.4153456687927246,0.12823264300823212
N,4569,0.5942502021789551,0.48528778553009033,0.1746058315038681,0.3905431032180786,0.6554591202449228,0.4342971742153168,0.09281403571367264
X,4579,0.6109756231307983,0.4899827241897583,0.18367436528205872,0.40100786089897156,0.609661255091196,0.441677451133728,0.13217465579509735
N,4613,0.5467340350151062,0.4971258044242859,0.16839754581451416,0.40570068359375,0.6020429234784873,0.41913625597953796,0.3858887255191803
T,4614,0.5493288040161133,0.48826488852500916,0.16940852999687195,0.408176988363266,0.6261494114482776,0.42096245288848877,0.3871991038322449
X,4622,0.5439026951789856,0.46212780475616455,0.16622446477413177,0.4067910611629486,0.7014294811132368,0.41260918974876404,0.57988440990448
S,4640,0.4803914427757263,0.5029758810997009,0.14326900243759155,0.3522607982158661,0.6656425827120742,0.41527795791625977,0.11239267885684967
X,4641,0.6004713177680969,0.4901508688926697,0.18099772930145264,0.39958328008651733,0.6074351393117104,0.43985068798065186,0.13936085999011993
X,4657,0.6027615666389465,0.48852694034576416,0.18097108602523804,0.39966103434562683,0.6396165974215061,0.4402048587799072,0.1267964094877243
N,4660,0.5448619723320007,0.4856714904308319,0.16194772720336914,0.3828127384185791,0.6743816124573642,0.42279013991355896,0.13914237916469574
_,4669,0.5279502272605896,0.4462406635284424,0.15840205550193787,0.3979639708995819,0.8644550400475661,0.40796396136283875,0.0
T,4672,0.5481851696968079,0.4624588191509247,0.16832111775875092,0.40952351689338684,0.6884939602139275,0.4163093864917755,0.5493060350418091
X,4679,0.5467496514320374,0.46438711881637573,0.16761916875839233,0.40841391682624817,0.6860345994959668,0.4137599468231201,0.5780171751976013
T,4699,0.5460888743400574,0.4583696722984314,0.16728101670742035,0.408297061920166,0.7137402827896101,0.4156269133090973,0.5758344531059265
_,4707,0.5273709297180176,0.44611895084381104,0.1581222265958786,0.39761245250701904,0.8646168871223927,0.4076124429702759,0.0
S,4717,0.5093182325363159,0.5113125443458557,0.15015436708927155,0.3493393361568451,0.619019099243451,0.4268629550933838,0.08701232820749283
T,4726,0.5472061038017273,0.45987677574157715,0.16782261431217194,0.40890103578567505,0.7104422321641809,0.41575297713279724,0.5799971222877502
_,4737,0.5277007222175598,0.44618821144104004,0.15828146040439606,0.39781275391578674,0.8645515539248785,0.4078127443790436,0.0
T,4738,0.5618423819541931,0.48172593116760254,0.1750688999891281,0.41651710867881775,0.35201948246785075,0.41744640469551086,0.5775173306465149
X,4740,0.5472869277000427,0.46411195397377014,0.1678827852010727,0.40864458680152893,0.6872173659728894,0.41388633847236633,0.5869145393371582
_,4745,0.5274209976196289,0.44612953066825867,0.15814626216888428,0.39764323830604553,0.8647162270049255,0.40764322876930237,0.0
X,4756,0.6286213397979736,0.4882828891277313,0.1837168037891388,0.39773350954055786,0.6179366394813406,0.44153520464897156,0.09827812016010284
N,4764,0.5793014764785767,0.4929986596107483,0.17441464960575104,0.3948229253292084,0.6499244492179423,0.43629059195518494,0.15537536144256592
_,4768,0.5273196697235107,0.4461081922054291,0.15809744596481323,0.39758142828941345,0.8646307040750981,0.4075814187526703,0.0
_,4772,0.5272084474563599,0.4460848569869995,0.15804369747638702,0.39751413464546204,0.8647918734947841,0.4075140953063965,0.0
X,4776,0.5485135912895203,0.46386608481407166,0.16847728192806244,0.409586638212204,0.7021445976609054,0.4155382513999939,0.5673527717590332
T,4785,0.6156787276268005,0.4853902757167816,0.18266791105270386,0.3989464044570923,0.6406979100212145,0.4408738613128662,0.09127486497163773
N,4800,0.6300853490829468,0.4942612946033478,0.18406479060649872,0.40065014362335205,0.640289966030714,0.44157159328460693,0.1561931073665619
N,4810,0.5896303653717041,0.4860691428184509,0.17593351006507874,0.3930175304412842,0.6754201863629957,0.43714001774787903,0.09247066080570221
S,4813,0.5005182027816772,0.5034662485122681,0.15268763899803162,0.3511931300163269,0.6676364405701558,0.4307813048362732,0.04716194421052933
_,4815,0.5274354219436646,0.44613251090049744,0.158153235912323,0.3976520001888275,0.8647637022038301,0.40765199065208435,0.0
N,4816,0.5487504601478577,0.5030756592750549,0.17005714774131775,0.4058372676372528,0.6101530697012398,0.42004188895225525,0.38374295830726624
X,4822,0.5691297650337219,0.4853077828884125,0.17195093631744385,0.3915901780128479,0.6210678124846891,0.4298632740974426,0.13649776577949524
X,4824,0.6057845950126648,0.49198293685913086,0.18081016838550568,0.3991263210773468,0.6340346754104151,0.43945226073265076,0.15050385892391205
S,4826,0.5695757865905762,0.5009354948997498,0.16403010487556458,0.3652273416519165,0.6326193601006526,0.43615370988845825,0.058155033737421036
S,4831,0.5649461150169373,0.502088189125061,0.1628313511610031,0.3654370605945587,0.6257174945426475,0.43424758315086365,0.07306529581546783
S,4832,0.5535123944282532,0.4999888837337494,0.1600966900587082,0.36626487970352173,0.6165717928896387,0.4296337962150574,0.08801402896642685
_,4845,0.5279738903045654,0.44624558091163635,0.15841349959373474,0.3979783356189728,0.8644396494825681,0.4079783260822296,0.0
N,4851,0.5471753478050232,0.49233245849609375,0.16714324057102203,0.39531809091567993,0.6453037037529976,0.42587316036224365,0.23466305434703827
T,4855,0.5526877641677856,0.48307597637176514,0.17067717015743256,0.40482985973358154,0.6509965270990506,0.4251309037208557,0.29076969623565674
T,4859,0.6174125671386719,0.49432873725891113,0.19164937734603882,0.42288878560066223,0.6124377215826341,0.44004887342453003,0.3541276454925537
_,4865,0.5276502966880798,0.4461776316165924,0.1582571417093277,0.3977821171283722,0.8645657553772133,0.40778210759162903,0.0
_,4880,0.5272887349128723,0.44610169529914856,0.1580824851989746,0.39756283164024353,0.8647247403860092,0.407562792301178,0.0
T,4884,0.5498550534248352,0.4939805269241333,0.16943393647670746,0.4095817804336548,0.6317517756732802,0.4178043007850647,0.43719467520713806
T,4890,0.6011285781860352,0.48308613896369934,0.18391816318035126,0.4052405059337616,0.6515449990378693,0.43954992294311523,0.1326208859682083
T,4892,0.6493473649024963,0.4833506941795349,0.19275034964084625,0.4096822142601013,0.6214221189640133,0.44734397530555725,0.08597062528133392
_,4903,0.5279626846313477,0.44624313712120056,0.15840815007686615,0.3979712128639221,0.8642071663836639,0.40797120332717896,0.0
_,4911,0.5282174944877625,0.44629666209220886,0.1585312932729721,0.3981257379055023,0.8642062257726988,0.40812569856643677,0.0
T,4918,0.6207113862037659,0.48163819313049316,0.18405334651470184,0.4012351632118225,0.6611035231628921,0.44222837686538696,0.06180506944656372
N,4943,0.5923967361450195,0.4867382049560547,0.17463453114032745,0.39164817333221436,0.6746339825895848,0.4358399510383606,0.0995091125369072
X,4955,0.5562170743942261,0.4887767732143402,0.1681496948003769,0.3882068991661072,0.676507395602918,0.42968422174453735,0.1390911489725113
_,4957,0.5273812413215637,0.4461211860179901,0.158127099275589,0.3976190686225891,0.8647692799568176,0.40761902928352356,0.0
N,4974,0.6036113500595093,0.496570348739624,0.17928078770637512,0.39887911081314087,0.634540334773999,0.43720531463623047,0.18958157300949097
_,4982,0.5284704566001892,0.44634971022605896,0.15865366160869598,0.39827877283096313,0.8640403846899669,0.40827876329421997,0.0
N,4988,0.5653032660484314,0.48361706733703613,0.16655702888965607,0.3830028772354126,0.6785102002304242,0.427691787481308,0.08813076466321945
T,4998,0.6027795672416687,0.48517557978630066,0.18385833501815796,0.4086178243160248,0.6391507117260092,0.43972301483154297,0.1773843616247177
N,5001,0.5552089810371399,0.5021381974220276,0.17182841897010803,0.4132711589336395,0.6226934578182409,0.41524216532707214,0.49294185638427734
_,5003,0.528191328048706,0.44629114866256714,0.1585186868906021,0.3981097638607025,0.8641852264106274,0.40810975432395935,0.0
S,5010,0.5407217741012573,0.5013912320137024,0.15595990419387817,0.36074721813201904,0.617895948866244,0.42605891823768616,0.08936550468206406
_,5018,0.5273876786231995,0.4461224377155304,0.15813031792640686,0.3976227045059204,0.8646532986561458,0.40762266516685486,0.0
T,5020,0.5623075366020203,0.48660996556282043,0.17368914186954498,0.4021609425544739,0.6431314740931461,0.4314533770084381,0.2150893211364746
N,5026,0.5658844709396362,0.48777151107788086,0.17068009078502655,0.39008042216300964,0.660826876150483,0.4328266978263855,0.12159992754459381
S,5030,0.4832983911037445,0.5020971894264221,0.1448385864496231,0.3459501266479492,0.6933185286136966,0.42183953523635864,0.059862058609724045
_,5031,0.5278230309486389,0.4462139904499054,0.15834051370620728,0.39788711071014404,0.8645839104056359,0.4078871011734009,0.0
S,5045,0.4859316051006317,0.503354012966156,0.1467464417219162,0.35020875930786133,0.6742565181603035,0.42193156480789185,0.079137422144413
_,5053,0.5277747511863708,0.4462038278579712,0.1583172082901001,0.3978578746318817,0.8645512709021569,0.40785786509513855,0.0
S,5070,0.490796834230423,0.502112627029419,0.14904756844043732,0.3499414324760437,0.6865482126238446,0.42667192220687866,0.05422316491603851
X,5071,0.5873079299926758,0.4875902533531189,0.1779140830039978,0.3943155109882355,0.642963247334119,0.43959447741508484,0.09189489483833313
X,5073,0.5991262793540955,0.48792755603790283,0.17729507386684418,0.3932535946369171,0.6209129777815543,0.4352971017360687,0.11906889826059341
_,5078,0.5273427963256836,0.44611307978630066,0.15810853242874146,0.3975956439971924,0.8648159278929234,0.4075956344604492,0.0
T,5080,0.547602653503418,0.45995819568634033,0.1680176705121994,0.40912818908691406,0.7305798746309302,0.4159798324108124,0.5802394151687622
N,5081,0.6479789018630981,0.4924807846546173,0.18990685045719147,0.40112948417663574,0.6302560099643718,0.4499930143356323,0.08457135409116745
X,5082,0.5461606383323669,0.4630243480205536,0.16732876002788544,0.40807658433914185,0.6742929244406878,0.41371238231658936,0.5826486349105835
_,5085,0.5284302234649658,0.44634124636650085,0.15863417088985443,0.39825451374053955,0.864112800359726,0.408254474401474,0.0
N,5086,0.5714150667190552,0.49701249599456787,0.17375318706035614,0.4001276195049286,0.62819959818793,0.4298076331615448,0.25487402081489563
_,5100,0.5274001359939575,0.4461250901222229,0.15813632309436798,0.3976302742958069,0.8646832528710365,0.4076302647590637,0.0
_,5115,0.5283156037330627,0.44631725549697876,0.15857869386672974,0.39818519353866577,0.8641969797015191,0.4081851840019226,0.0
_,5116,0.5273392200469971,0.4461122751235962,0.15810684859752655,0.3975934386253357,0.8647453985114892,0.40759342908859253,0.0
_,5133,0.5273643732070923,0.4461175501346588,0.15811899304389954,0.3976086378097534,0.8647600113848846,0.40760862827301025,0.0
N,5139,0.6143785715103149,0.4903947114944458,0.18320691585540771,0.39339619874954224,0.6503462724150935,0.4472108781337738,0.05012497305870056
N,5170,0.5887895226478577,0.4869336187839508,0.17501869797706604,0.38981425762176514,0.6648319930140376,0.43816664814949036,0.07279738783836365
T,5172,0.5752469301223755,0.49311360716819763,0.17819015681743622,0.4061557650566101,0.6551429306389885,0.4330349564552307,0.26138195395469666
S,5179,0.4917300045490265,0.5011574625968933,0.14974741637706757,0.35135266184806824,0.6916271406536302,0.42750999331474304,0.051367491483688354
N,5181,0.5583287477493286,0.5026142597198486,0.1733819842338562,0.4148261547088623,0.6085193984800329,0.41386762261390686,0.5216562747955322
N,5183,0.5604449510574341,0.48517701029777527,0.16980411112308502,0.39411768317222595,0.658226005193513,0.4282846450805664,0.17039324343204498
X,5195,0.5494970679283142,0.4636997580528259,0.16895818710327148,0.4100634753704071,0.7158909496320424,0.4158269464969635,0.5798211693763733
T,5198,0.546268880367279,0.4580102264881134,0.16735634207725525,0.40843069553375244,0.7199357357954917,0.4158082902431488,0.5814329981803894
N,5201,0.5726608633995056,0.49293574690818787,0.17412236332893372,0.3968357443809509,0.6213715440958186,0.4318472743034363,0.19946534931659698
_,5205,0.5273813605308533,0.4461212158203125,0.15812718868255615,0.3976190388202667,0.8647627248366674,0.40761902928352356,0.0
X,5215,0.526482880115509,0.4589424729347229,0.15782217681407928,0.39598068594932556,0.7051852629473555,0.40091294050216675,0.5970823764801025
N,5216,0.5828429460525513,0.48946940898895264,0.1724853366613388,0.3888320326805115,0.6467538878354633,0.42903903126716614,0.1502048373222351
X,5218,0.5259060859680176,0.45923441648483276,0.1575455516576767,0.39563095569610596,0.7166485542030205,0.40045008063316345,0.5947329998016357
N,5220,0.636699914932251,0.4892158508300781,0.1867191642522812,0.3923318684101105,0.63204469171018,0.44418320059776306,0.05482945591211319
T,5225,0.5273580551147461,0.4539637267589569,0.15822985768318176,0.39706751704216003,0.7359126240811626,0.40469053387641907,0.5548132658004761
S,5226,0.4716905951499939,0.5013536810874939,0.1405820995569229,0.3397144377231598,0.6935344240690271,0.4140319228172302,0.06935150921344757
X,5227,0.5403631925582886,0.48312023282051086,0.16283145546913147,0.3826545476913452,0.6695230239459004,0.4208358824253082,0.13902276754379272
T,5228,0.5687259435653687,0.4753150939941406,0.17069798707962036,0.3972606956958771,0.6743421874941365,0.42207086086273193,0.1999179720878601
T,5235,0.5248056054115295,0.45606711506843567,0.1569911539554596,0.3951704502105713,0.640429906951152,0.4011054039001465,0.5962252616882324
S,5245,0.466538667678833,0.5062466263771057,0.13359886407852173,0.3318330943584442,0.6692158805260746,0.40667712688446045,0.08886933326721191
_,5261,0.5087143182754517,0.4421752989292145,0.14915141463279724,0.3861769139766693,0.8773051284750303,0.39617690443992615,0.0
_,5262,0.5097545981407166,0.44239604473114014,0.14965012669563293,0.386818528175354,0.8762626887361209,0.3968185484409332,0.0
N,5264,0.5166011452674866,0.4857783019542694,0.15482711791992188,0.3819587826728821,0.688218155343396,0.40989118814468384,0.2363518476486206
T,5266,0.5835846066474915,0.48246124386787415,0.17598824203014374,0.39868006110191345,0.6331358167948201,0.4259151518344879,0.2126951962709427
T,5286,0.6034822463989258,0.4886298179626465,0.1825278401374817,0.4018382430076599,0.6102148705202853,0.43170982599258423,0.2147883027791977
_,5292,0.508574903011322,0.4421456456184387,0.14908467233181,0.38609060645103455,0.8774910041193168,0.396090567111969,0.0
S,5298,0.4561637043952942,0.5016589760780334,0.1336347460746765,0.33725181221961975,0.6949798989047608,0.404178649187088,0.10056862980127335
X,5304,0.5240160226821899,0.486127644777298,0.1581319123506546,0.38019126653671265,0.6801850517715018,0.4150533080101013,0.18377801775932312
X,5321,0.551128625869751,0.4867045283317566,0.16490957140922546,0.3814620077610016,0.6297121106592628,0.42257586121559143,0.13732917606830597
_,5325,0.5085578560829163,0.4421420395374298,0.14907647669315338,0.3860801160335541,0.8774383174876372,0.3960800766944885,0.0
T,5336,0.6033682227134705,0.48314040899276733,0.18294212222099304,0.40236008167266846,0.6157366816257127,0.43296006321907043,0.17545704543590546
S,5341,0.4674935042858124,0.49863100051879883,0.13800092041492462,0.3402862250804901,0.687609837812682,0.40802687406539917,0.08421110361814499
X,5342,0.5708235502243042,0.4834483861923218,0.17162668704986572,0.38955819606781006,0.6318501139773677,0.4271447956562042,0.13418950140476227
_,5343,0.50863116979599,0.4421575963497162,0.14911159873008728,0.3861254155635834,0.8773791706065337,0.3961253762245178,0.0
N,5354,0.5623595118522644,0.485852986574173,0.16767871379852295,0.3796429932117462,0.6759671288428944,0.4293775260448456,0.07353560626506805
N,5360,0.5657861828804016,0.48034557700157166,0.17014554142951965,0.3817227780818939,0.6791842247295427,0.42998433113098145,0.03753376752138138
S,5369,0.4707079231739044,0.4972843527793884,0.14029154181480408,0.3418450951576233,0.7268774622430404,0.4141121506690979,0.0599614642560482
S,5382,0.4911062717437744,0.49817943572998047,0.14199015498161316,0.3478209972381592,0.6233086749284606,0.40793025493621826,0.11021918803453445
T,5394,0.5502256155014038,0.49471864104270935,0.16954651474952698,0.4086862802505493,0.6099569408524319,0.40378138422966003,0.5741225481033325
X,5395,0.5278894901275635,0.46209439635276794,0.1585201472043991,0.3968786597251892,0.6221002097924551,0.4013080894947052,0.5772190690040588
N,5401,0.5737199187278748,0.484632283449173,0.16988015174865723,0.38104671239852905,0.6535901547010872,0.42850416898727417,0.07723178714513779
S,5407,0.48274004459381104,0.4964892566204071,0.1434326022863388,0.34705713391304016,0.6857098391403755,0.4133274555206299,0.07737457752227783
S,5421,0.47626131772994995,0.49898096919059753,0.14255301654338837,0.344020277261734,0.700327078551054,0.4162660241127014,0.06557243317365646
X,5434,0.5476198196411133,0.48844799399375916,0.16770681738853455,0.3901025056838989,0.6585278713516891,0.42314642667770386,0.20014077425003052
T,5436,0.5278728008270264,0.4575466513633728,0.15848393738269806,0.396962434053421,0.7249093514832627,0.40262463688850403,0.5954163074493408
N,5457,0.565326452255249,0.49422144889831543,0.16851532459259033,0.39146196842193604,0.6517624510655803,0.4218061864376068,0.24229812622070312
N,5460,0.5671817064285278,0.4876270294189453,0.16945108771324158,0.3822593688964844,0.6648928125901148,0.42814555764198303,0.10677441954612732
_,5466,0.5085669159889221,0.44214385747909546,0.14908094704151154,0.3860854506492615,0.8773672587672869,0.3960854113101959,0.0
T,5476,0.5850196480751038,0.48189854621887207,0.17697693407535553,0.3991454541683197,0.6519793747312118,0.42997536063194275,0.17228573560714722
T,5478,0.5509232878684998,0.48736152052879333,0.16900572180747986,0.400032103061676,0.605681935256786,0.4155157804489136,0.35224267840385437
S,5489,0.5325737595558167,0.4996699094772339,0.15367121994495392,0.3578443229198456,0.6399708720653143,0.42032572627067566,0.09901084005832672
_,5491,0.50858473777771,0.4421476721763611,0.1490895301103592,0.38609638810157776,0.8773705093562604,0.3960963487625122,0.0
T,5501,0.5368415713310242,0.48860201239585876,0.1629662811756134,0.40185248851776123,0.6269191644682239,0.402057021856308,0.5207893252372742
S,5533,0.465989351272583,0.5033851265907288,0.13796557486057281,0.34162190556526184,0.677059712043653,0.40898168087005615,0.10306257754564285
N,5535,0.5302109122276306,0.49301251769065857,0.16003946959972382,0.3974079489707947,0.6286946967081167,0.40395280718803406,0.4390895664691925
_,5536,0.5326218008995056,0.44721996784210205,0.16066178679466248,0.4007894992828369,0.8605180515348911,0.410789430141449,0.0
_,5537,0.5336766839027405,0.44744059443473816,0.1611727476119995,0.40142524242401123,0.8599713334441186,0.41142523288726807,0.0
T,5545,0.622998058795929,0.4855867624282837,0.18529708683490753,0.40632402896881104,0.6377936311900461,0.44203272461891174,0.13617762923240662
S,5548,0.5679209232330322,0.5016360878944397,0.16668036580085754,0.36768800020217896,0.5967003256676253,0.4393027126789093,0.05470266193151474
N,5549,0.5476891994476318,0.48923584818840027,0.1645520031452179,0.38901880383491516,0.6516942177070209,0.4238952100276947,0.19048309326171875
S,5557,0.5748109817504883,0.5017913579940796,0.16569627821445465,0.36789360642433167,0.6244530155828397,0.43885496258735657,0.05925736203789711
T,5563,0.5744861364364624,0.4861302375793457,0.18005426228046417,0.40534260869026184,0.643398442043302,0.44033339619636536,0.15356123447418213
_,5564,0.5327360033988953,0.44724392890930176,0.16071699559688568,0.40085867047309875,0.8605168874561787,0.4108586609363556,0.0
_,5568,0.5331829190254211,0.44733744859695435,0.16093343496322632,0.4011280834674835,0.8603297211229801,0.41112807393074036,0.0
X,5572,0.6386041641235352,0.48829200863838196,0.18746663630008698,0.4035690724849701,0.6144277757166129,0.4458230137825012,0.10077924281358719
N,5595,0.5483834743499756,0.48844411969184875,0.16655400395393372,0.38980165123939514,0.6578969479761873,0.4286362826824188,0.1564512848854065
N,5610,0.5908291339874268,0.4958636462688446,0.1800297200679779,0.4005945324897766,0.6365387626835824,0.43907320499420166,0.18361720442771912
T,5613,0.6172749996185303,0.49435630440711975,0.19074547290802002,0.42095059156417847,0.6266110462481933,0.4422515034675598,0.311856210231781
_,5625,0.5340869426727295,0.44752565026283264,0.16137269139289856,0.40166911482810974,0.8587433261175951,0.4116691052913666,0.0
X,5627,0.5492916703224182,0.46655669808387756,0.1688573807477951,0.40995144844055176,0.6853950055413104,0.4150410294532776,0.5701053738594055
_,5632,0.5328020453453064,0.4472576975822449,0.16074903309345245,0.40089836716651917,0.8604821932315827,0.4108983278274536,0.0
X,5640,0.554405152797699,0.4646953344345093,0.17134162783622742,0.41307419538497925,0.673324339440403,0.4191063940525055,0.5726991891860962
X,5642,0.5563099384307861,0.4651084542274475,0.17228259146213531,0.41409027576446533,0.7103135455267572,0.41995635628700256,0.579978883266449
T,5646,0.5974831581115723,0.4814082384109497,0.18434888124465942,0.4110904037952423,0.636021138241825,0.43928587436676025,0.17790542542934418
_,5647,0.5340542197227478,0.44751882553100586,0.1613568365573883,0.40164926648139954,0.8587620957692464,0.41164928674697876,0.0
N,5662,0.5989288687705994,0.48864269256591797,0.17532700300216675,0.3921346366405487,0.6542473886545729,0.4371470510959625,0.10410960018634796
N,5665,0.574439525604248,0.4854074716567993,0.17015811800956726,0.38860800862312317,0.670167975925045,0.4322328269481659,0.0997980535030365
T,5672,0.552659273147583,0.4605962336063385,0.17047742009162903,0.41212931275367737,0.7281149255435224,0.41911107301712036,0.5837416052818298
T,5676,0.5546013116836548,0.46304962038993835,0.1714351624250412,0.4132687747478485,0.6052364808210283,0.4198843240737915,0.5703029632568359
S,5683,0.5836895108222961,0.5007229447364807,0.16761665046215057,0.3703145384788513,0.6327104965462301,0.4395284652709961,0.05921918526291847
_,5688,0.5333733558654785,0.44737717509269714,0.16102586686611176,0.4012424349784851,0.8599424960215887,0.41124239563941956,0.0
T,5692,0.5513322353363037,0.4590038061141968,0.16981956362724304,0.4115581512451172,0.7182259357408233,0.4193423390388489,0.5592875480651855
X,5697,0.6221271753311157,0.491345077753067,0.18681655824184418,0.39993247389793396,0.6319282104166632,0.44865840673446655,0.08042781054973602
X,5711,0.5542661547660828,0.49023327231407166,0.16983632743358612,0.3944624066352844,0.6174509490762528,0.42752647399902344,0.2047799974679947
_,5712,0.5340652465820312,0.4475211799144745,0.16136211156845093,0.4016561508178711,0.8587698247532051,0.4116561710834503,0.0
X,5718,0.62380051612854,0.49043411016464233,0.1851244419813156,0.40199553966522217,0.6162143803781752,0.4438491761684418,0.12247779220342636
X,5726,0.6414020657539368,0.49087992310523987,0.18905168771743774,0.40439948439598083,0.6097776827221,0.447530061006546,0.11053720861673355
T,5732,0.6135327219963074,0.48715677857398987,0.18875016272068024,0.4099230170249939,0.6272646450899386,0.44486668705940247,0.1482226550579071
_,5740,0.5337606072425842,0.4474581480026245,0.16121338307857513,0.4014758765697479,0.8599616367618244,0.41147586703300476,0.0
N,5742,0.5770439505577087,0.4865032136440277,0.1730070859193802,0.39474624395370483,0.6297381042701697,0.4321781396865845,0.14777907729148865
N,5749,0.5703256130218506,0.4936610162258148,0.1725597232580185,0.400580495595932,0.6238271602726794,0.42743417620658875,0.265403151512146
X,5763,0.6466821432113647,0.48902976512908936,0.19099630415439606,0.40442463755607605,0.6371807607992863,0.451508104801178,0.06478969007730484
_,5766,0.5330454111099243,0.44730865955352783,0.1608668565750122,0.4010452330112457,0.8603914665679138,0.4110451638698578,0.0
_,5770,0.5326059460639954,0.4472167193889618,0.16065405309200287,0.4007801413536072,0.8605314353605112,0.410780131816864,0.0
S,5771,0.48267731070518494,0.5003948211669922,0.14582857489585876,0.3508996367454529,0.6859383936412633,0.4215085506439209,0.070468008518219
_,5780,0.5341210961341858,0.44753286242485046,0.16138915717601776,0.4016898572444916,0.8587858229875565,0.4116898477077484,0.0
_,5795,0.5335389375686646,0.44741180539131165,0.16110602021217346,0.4013422727584839,0.8600995307664077,0.4113422632217407,0.0
N,5803,0.5813189148902893,0.4886017441749573,0.17404650151729584,0.3920065462589264,0.6334867567503049,0.4346204400062561,0.12203151732683182
_,5809,0.5325952768325806,0.44721442461013794,0.1606488823890686,0.40077367424964905,0.8605993332962195,0.4107736647129059,0.0
N,5822,0.5363413691520691,0.4902399778366089,0.16377635300159454,0.39072829484939575,0.6108445394334073,0.42478060722351074,0.2017487734556198
X,5836,0.6118173599243164,0.48700278997421265,0.18309278786182404,0.39874207973480225,0.6368461667635711,0.439535528421402,0.11494534462690353
T,5843,0.5327292680740356,0.45771846175193787,0.16080600023269653,0.4000868499279022,0.6807056261234372,0.4062899649143219,0.5885396599769592
_,5853,0.516895055770874,0.4439108967781067,0.15307410061359406,0.3912210166454315,0.8730490921934446,0.40122100710868835,0.0
T,5854,0.5392882227897644,0.4624350965023041,0.1640167087316513,0.4037889242172241,0.5942004626653034,0.4088755249977112,0.5875435471534729
S,5857,0.4987407922744751,0.501478910446167,0.15068063139915466,0.3492741584777832,0.6767557950442037,0.42510533332824707,0.05665168911218643
X,5858,0.5766040086746216,0.48794180154800415,0.1751258820295334,0.39180415868759155,0.6429792523143503,0.4333038032054901,0.12808944284915924
N,5863,0.5879610776901245,0.4836979806423187,0.17716450989246368,0.3886086642742157,0.6622183321748162,0.43755730986595154,0.04437882453203201
S,5865,0.4973524212837219,0.505488932132721,0.14684680104255676,0.3513561189174652,0.6087409604139491,0.4159580171108246,0.11624448001384735
T,5869,0.5336854457855225,0.4554075300693512,0.16125696897506714,0.4007825255393982,0.7637162925766704,0.40784549713134766,0.5933430194854736
X,5874,0.5366237163543701,0.46525365114212036,0.16273869574069977,0.401959091424942,0.66312213203501,0.4056565761566162,0.5901194214820862
_,5875,0.518035888671875,0.4441515803337097,0.15362346172332764,0.3919181525707245,0.8717436791956426,0.4019181430339813,0.0
_,5886,0.5178333520889282,0.4441092014312744,0.15352533757686615,0.3917960524559021,0.8725197281440099,0.40179604291915894,0.0
S,5916,0.5805554986000061,0.5004929900169373,0.17071928083896637,0.37096089124679565,0.6064827012115954,0.43857166171073914,0.0665467232465744
S,5935,0.46167320013046265,0.5077843070030212,0.13341112434864044,0.3333892524242401,0.6792235704363945,0.4081833064556122,0.0936059057712555
_,5940,0.516850471496582,0.4439014196395874,0.15305273234844208,0.39119353890419006,0.872974609732628,0.4011935293674469,0.0
T,5944,0.5529730319976807,0.4912310838699341,0.1707991510629654,0.4108738899230957,0.6105576846009111,0.4126904308795929,0.5128960013389587
_,5960,0.5174549221992493,0.4440292418003082,0.15334327518939972,0.391564279794693,0.8725792954862118,0.40156424045562744,0.0
N,5961,0.5560648441314697,0.4822414219379425,0.1666739135980606,0.382784366607666,0.6723781993046093,0.42718905210494995,0.08291500061750412
X,5964,0.5319384932518005,0.4591398239135742,0.1604330688714981,0.3997177183628082,0.7109101855033078,0.405905157327652,0.5636646747589111
S,5975,0.5196008682250977,0.49928733706474304,0.15176251530647278,0.3582584857940674,0.6286276741426748,0.42002439498901367,0.10109013319015503
T,5976,0.6628912091255188,0.48534902930259705,0.19836832582950592,0.4108472168445587,0.6171054875918587,0.45170360803604126,0.0691956877708435
X,5977,0.6351358294487,0.48678869009017944,0.1889810413122177,0.399844229221344,0.6363438217319587,0.44615787267684937,0.06338103115558624
X,5991,0.5436631441116333,0.47640615701675415,0.16621465981006622,0.40543779730796814,0.5046033028119573,0.4053748548030853,0.5940543413162231
N,5994,0.5593211054801941,0.48181408643722534,0.16876204311847687,0.3867393732070923,0.6677655300218612,0.4283902645111084,0.09484580159187317
T,6000,0.5356861352920532,0.4591924250125885,0.16224613785743713,0.4017433822154999,0.7400771901339158,0.4075333774089813,0.5946434736251831
T,6002,0.5305840373039246,0.454730749130249,0.15975037217140198,0.39901992678642273,0.7426645836384949,0.4062809646129608,0.579266369342804
X,6003,0.5557223558425903,0.4849691390991211,0.16716539859771729,0.38919559121131897,0.6352026859639833,0.42234548926353455,0.18274511396884918
X,6006,0.5450109839439392,0.48986613750457764,0.1659109741449356,0.3928827941417694,0.6062374087807257,0.41840091347694397,0.26576364040374756
N,6013,0.5682756304740906,0.48390981554985046,0.1670970767736435,0.3818359375,0.6682919436899102,0.42653197050094604,0.09274214506149292
T,6014,0.534777045249939,0.4848349988460541,0.16239947080612183,0.3967289924621582,0.6319522910689315,0.40897879004478455,0.38198065757751465
_,6020,0.516904890537262,0.44391298294067383,0.1530788093805313,0.39122727513313293,0.8731094490985076,0.4012272357940674,0.0
X,6025,0.5907751321792603,0.48605653643608093,0.177034392952919,0.3932516574859619,0.6509341122213906,0.43539777398109436,0.10806117951869965
N,6034,0.5817461013793945,0.4823317527770996,0.17595182359218597,0.387401282787323,0.6685910169553245,0.4367988705635071,0.03230072185397148
S,6036,0.48837336897850037,0.5156471729278564,0.14141806960105896,0.342185378074646,0.5952637522582276,0.41343969106674194,0.1269218772649765
N,6039,0.5469128489494324,0.486002653837204,0.16604217886924744,0.3847026526927948,0.644069937756079,0.4265996515750885,0.12513849139213562
T,6042,0.5325763821601868,0.455084890127182,0.16072167456150055,0.4002995789051056,0.7358187089701339,0.40792661905288696,0.5577963590621948
_,6075,0.5168628692626953,0.44390401244163513,0.15305867791175842,0.39120107889175415,0.8729841194053491,0.401201069355011,0.0
_,6082,0.5174549221992493,0.4440292418003082,0.15334327518939972,0.391564279794693,0.8725792954862118,0.40156424045562744,0.0
_,6100,0.5169072151184082,0.4439134895801544,0.15307988226413727,0.39122870564460754,0.8730875338117282,0.401228666305542,0.0
N,6108,0.5394009947776794,0.4943559467792511,0.16541734337806702,0.3950534164905548,0.6228521459319746,0.4186137020587921,0.2943974435329437
N,6112,0.5704808831214905,0.4840772747993469,0.1680641919374466,0.3797414302825928,0.6699840498450794,0.42886030673980713,0.06464644521474838
T,6113,0.5636851191520691,0.48431795835494995,0.17277738451957703,0.4022079110145569,0.6834979363448899,0.42370179295539856,0.2815091609954834
S,6118,0.4708123505115509,0.5015596747398376,0.14118550717830658,0.33997443318367004,0.6880445017588015,0.417581170797348,0.05766908824443817
S,6119,0.48115378618240356,0.497490257024765,0.1440773457288742,0.3495596647262573,0.6804674828797579,0.41476741433143616,0.08487149327993393
S,6128,0.5421099662780762,0.49887615442276,0.15627092123031616,0.361221581697464,0.6276911840582277,0.424198716878891,0.09107114374637604
_,6133,0.5191002488136292,0.4443771541118622,0.15413430333137512,0.3925732374191284,0.8718842229247094,0.40257322788238525,0.0
_,6134,0.5194450616836548,0.4444499909877777,0.15430018305778503,0.39278435707092285,0.8717366718749205,0.4027843177318573,0.0
T,6146,0.5556356906890869,0.49241527915000916,0.17054909467697144,0.4030247628688812,0.5005396810533906,0.4214352071285248,0.33443036675453186
_,6161,0.519668698310852,0.44449707865715027,0.15440791845321655,0.3929208517074585,0.8714533515771231,0.40292084217071533,0.0
N,6194,0.5381693840026855,0.4845212996006012,0.15902860462665558,0.37869030237197876,0.6753167325926673,0.4176423251628876,0.14584143459796906
S,6201,0.5785833597183228,0.5015068054199219,0.17154154181480408,0.3725700080394745,0.6005996324347386,0.439827561378479,0.0718301385641098
_,6206,0.5197915434837341,0.44452306628227234,0.15446700155735016,0.3929961621761322,0.8715337529778481,0.40299612283706665,0.0
N,6216,0.5763260126113892,0.4894840121269226,0.17119517922401428,0.3844042122364044,0.6320230790790327,0.4307974874973297,0.11160849779844284
X,6222,0.5532118082046509,0.48809733986854553,0.16568893194198608,0.38301753997802734,0.6287427302923364,0.4236830174922943,0.14646802842617035
_,6224,0.5191129446029663,0.4443798065185547,0.15414036810398102,0.39258113503456116,0.8719114700953167,0.402581125497818,0.0
X,6233,0.6162042617797852,0.4883967638015747,0.18367138504981995,0.3972586691379547,0.6197284185797132,0.4408431351184845,0.10391286015510559
_,6235,0.5189210176467896,0.44433921575546265,0.1540481150150299,0.3924633860588074,0.8719541837771734,0.4024633765220642,0.0
X,6262,0.5368825793266296,0.4618748724460602,0.1628376543521881,0.40255218744277954,0.6796750940607187,0.4080640375614166,0.5712687969207764
_,6264,0.5189836621284485,0.44435253739356995,0.15407820045948029,0.39250198006629944,0.8720002042750518,0.4025019705295563,0.0
_,6267,0.5190393924713135,0.4443643391132355,0.15410499274730682,0.39253613352775574,0.8719630282123884,0.4025361239910126,0.0
_,6275,0.5201650261878967,0.4446013867855072,0.15464763343334198,0.3932221531867981,0.8706221846739451,0.40322214365005493,0.0
_,6282,0.5189946889877319,0.4443548321723938,0.1540834903717041,0.39250850677490234,0.8719519444803397,0.4025084972381592,0.0
X,6289,0.5399050116539001,0.4886055588722229,0.1636461615562439,0.3883092999458313,0.6291880732774735,0.41974934935569763,0.21555115282535553
N,6308,0.5476795434951782,0.5005845427513123,0.16906258463859558,0.4041662812232971,0.6142976010031028,0.416316419839859,0.3969166576862335
S,6319,0.5129315257072449,0.49860984086990356,0.15020881593227386,0.354084849357605,0.6365690157857898,0.4199398458003998,0.08258379995822906
S,6330,0.4638688266277313,0.5087190866470337,0.13436681032180786,0.3347316384315491,0.6731049459198646,0.4092705249786377,0.0969579741358757
T,6346,0.534519612789154,0.4563756287097931,0.1616652011871338,0.4013616442680359,0.7264790900414149,0.40845680236816406,0.5744484663009644
S,6347,0.47210603952407837,0.5019820332527161,0.14039741456508636,0.34642133116722107,0.677417809398224,0.41166865825653076,0.10445458441972733
N,6352,0.5266930460929871,0.49068397283554077,0.15900804102420807,0.3881821036338806,0.639278993078818,0.41456151008605957,0.2633666396141052
S,6354,0.5648688673973083,0.4973612129688263,0.16709209978580475,0.37132972478866577,0.6105227232604618,0.4351404309272766,0.06954129785299301
S,6355,0.51884526014328,0.5086085200309753,0.15115965902805328,0.35136327147483826,0.6295014690830188,0.42443761229515076,0.09450957179069519
X,6365,0.5400726199150085,0.46297991275787354,0.16439184546470642,0.4043835997581482,0.694504523919915,0.40965333580970764,0.5766034126281738
S,6373,0.4858519732952118,0.5017433166503906,0.14686964452266693,0.3459383547306061,0.6912413740406435,0.423139363527298,0.055737514048814774
S,6375,0.49124282598495483,0.4987521469593048,0.14850811660289764,0.351937472820282,0.6733566657205423,0.42067626118659973,0.07280291616916656
N,6388,0.5861876606941223,0.4918171167373657,0.17446491122245789,0.39237141609191895,0.6502986681117308,0.43275749683380127,0.15829144418239594
T,6390,0.5335005521774292,0.4570099115371704,0.1611708104610443,0.40070730447769165,0.7323580802941676,0.4074636995792389,0.5766941905021667
T,6399,0.5379568338394165,0.4582587778568268,0.16335025429725647,0.403464674949646,0.7264581525287456,0.4106653928756714,0.5506303906440735
N,6400,0.5457285046577454,0.48450368642807007,0.16461047530174255,0.3837547302246094,0.687154234489038,0.4268716871738434,0.10862384736537933
T,6401,0.5326977372169495,0.4551774263381958,0.16077253222465515,0.40029177069664,0.7324208718510211,0.4075515866279602,0.5806155204772949
S,6404,0.4784858226776123,0.49971720576286316,0.1434093713760376,0.34722229838371277,0.6789883406180889,0.4148504137992859,0.08479295670986176
S,6407,0.5012508034706116,0.5034698843955994,0.14565683901309967,0.3516101837158203,0.602800662383573,0.4143281877040863,0.11698558926582336
T,6425,0.5376424193382263,0.45789918303489685,0.16318733990192413,0.40309005975723267,0.7184473200807892,0.4096824824810028,0.5874668955802917
T,6428,0.5390765070915222,0.4598621726036072,0.163899764418602,0.4038471579551697,0.592524972546051,0.4099198579788208,0.584464967250824
N,6434,0.5676586031913757,0.48556092381477356,0.1691049039363861,0.3850101828575134,0.6737756474202858,0.43087488412857056,0.09137067943811417
X,6442,0.5372818112373352,0.4616008698940277,0.16302724182605743,0.4026752710342407,0.6997997443293813,0.4079291522502899,0.5859081745147705
T,6465,0.5403786897659302,0.4622347056865692,0.16453588008880615,0.4045419991016388,0.7260744198057607,0.4099096655845642,0.583621621131897
N,6468,0.5324743986129761,0.4822461009025574,0.15775182843208313,0.3769203722476959,0.690238683623417,0.41790664196014404,0.11977429687976837
S,6478,0.4822899401187897,0.5064921975135803,0.1406993716955185,0.33989500999450684,0.6626968868440599,0.41565969586372375,0.08271881192922592
N,6480,0.568976879119873,0.4903758764266968,0.1706722229719162,0.38951268792152405,0.6518854582163719,0.4307451844215393,0.14846554398536682
N,6482,0.6386836171150208,0.48643606901168823,0.18922260403633118,0.3980516195297241,0.6483111428755365,0.4474857449531555,0.039053741842508316
N,6483,0.5417684316635132,0.4842465817928314,0.1636500060558319,0.3830346465110779,0.6919753290142399,0.4259599447250366,0.10985592752695084
X,6493,0.5416286587715149,0.4633389413356781,0.16515035927295685,0.4051993787288666,0.7267948651369807,0.410224050283432,0.5858228802680969
T,6496,0.5334998965263367,0.4553699791431427,0.16115975379943848,0.4007055461406708,0.7292759168866179,0.40779533982276917,0.5915974974632263
S,6502,0.5041370391845703,0.5022266507148743,0.15112869441509247,0.3502604365348816,0.688033078480512,0.42597639560699463,0.059722986072301865
T,6522,0.5521275401115417,0.4918070137500763,0.17038734257221222,0.41091182827949524,0.6165503394238961,0.4099976420402527,0.54364013671875
_,6524,0.5196684002876282,0.4444969892501831,0.1544078290462494,0.39292043447494507,0.871420586158832,0.4029204249382019,0.0
_,6526,0.5194483399391174,0.44445058703422546,0.15430188179016113,0.3927861154079437,0.8716515313088894,0.40278610587120056,0.0
_,6529,0.518813967704773,0.4443166255950928,0.15399660170078278,0.39239782094955444,0.8719177166124186,0.4023977518081665,0.0
X,6542,0.5376672744750977,0.4621186852455139,0.1632235199213028,0.4027872383594513,0.69906465548443,0.4077203869819641,0.5919675827026367
T,6551,0.5371519923210144,0.4577846825122833,0.16294410824775696,0.4028594493865967,0.7218067305727164,0.40956270694732666,0.5815659165382385
S,6552,0.519231379032135,0.5020548105239868,0.154670849442482,0.3550165593624115,0.6650160967931151,0.42653053998947144,0.07116320729255676
N,6561,0.6394128799438477,0.4902298152446747,0.1899743676185608,0.3986627757549286,0.6177354492954813,0.44829878211021423,0.06733573973178864
N,6567,0.5808941125869751,0.48238587379455566,0.175789013504982,0.3876875340938568,0.6707561493550506,0.43704473972320557,0.032668210566043854
T,6573,0.5373008251190186,0.45651230216026306,0.16303104162216187,0.4029996693134308,0.6123105761969571,0.4103211462497711,0.5710312128067017
N,6576,0.5380145311355591,0.4906138777732849,0.16297537088394165,0.3940865993499756,0.6348489072530841,0.4143134653568268,0.31288981437683105
T,6585,0.5364815592765808,0.4571731686592102,0.16261690855026245,0.40259048342704773,0.7259273049995925,0.40976855158805847,0.5636928081512451
T,6596,0.5366953611373901,0.4568448066711426,0.16272497177124023,0.4026109278202057,0.7197486152497974,0.4096074104309082,0.581238329410553
S,6597,0.4731537997722626,0.5014033913612366,0.1407993882894516,0.34688612818717957,0.6830962047663828,0.41196954250335693,0.1026274785399437
S,6620,0.47869598865509033,0.5017006397247314,0.1436845064163208,0.3424159288406372,0.7054963191101948,0.4202340543270111,0.055363692343235016
T,6623,0.5392487049102783,0.46110251545906067,0.16399157047271729,0.4040031433105469,0.644639772766362,0.4099949896335602,0.5703199505805969
S,6649,0.479194700717926,0.5116773843765259,0.1394474357366562,0.33861246705055237,0.6309281319463238,0.41537001729011536,0.09790342301130295
N,6650,0.5492662191390991,0.4841030538082123,0.16246885061264038,0.3802313506603241,0.680215189641555,0.42299023270606995,0.11241044104099274
_,6656,0.5200418829917908,0.44457539916038513,0.15458841621875763,0.39314672350883484,0.8705408798654874,0.4031467139720917,0.0
N,6666,0.5950456857681274,0.4882511496543884,0.17693708837032318,0.3865193724632263,0.6573498376891076,0.4390482008457184,0.057840269058942795
T,6675,0.5342522263526917,0.4571898877620697,0.16153700649738312,0.40108799934387207,0.7051878395670247,0.4076814353466034,0.5854148268699646
_,6682,0.5200042128562927,0.44456741213798523,0.1545702964067459,0.3931236267089844,0.8705783958733082,0.4031236171722412,0.0
X,6686,0.594024121761322,0.4913219213485718,0.17786580324172974,0.39004114270210266,0.6301480823223635,0.43890732526779175,0.09813715517520905
_,6689,0.5188563466072083,0.4443255662918091,0.15401698648929596,0.3924238085746765,0.8719709311425686,0.40242382884025574,0.0
X,6698,0.5376366376876831,0.4611673057079315,0.16319970786571503,0.40310633182525635,0.6998043106824056,0.4090980887413025,0.5642560124397278
N,6699,0.5785019993782043,0.4861711859703064,0.16972681879997253,0.3838837146759033,0.6621528645511596,0.4295028746128082,0.09759045392274857
_,6702,0.5197744965553284,0.4445194602012634,0.1544588953256607,0.392985463142395,0.8713951107859612,0.40298545360565186,0.0
N,6703,0.5610687136650085,0.48749786615371704,0.16805730760097504,0.3881080448627472,0.6550276098638991,0.42677369713783264,0.15369638800621033
S,6705,0.490078330039978,0.5042721629142761,0.14558856189250946,0.3510928750038147,0.6479112609972557,0.41481345891952515,0.11592704057693481
X,6707,0.5527986288070679,0.4917210042476654,0.16864800453186035,0.3889872133731842,0.6547105770666773,0.42777830362319946,0.17371365427970886
_,6708,0.518915593624115,0.4443380832672119,0.15404552221298218,0.3924599587917328,0.871918696264426,0.4024599492549896,0.0
S,6720,0.562930703163147,0.4972423017024994,0.16635574400424957,0.3709144592285156,0.6115574553202593,0.43425649404525757,0.07170900702476501
_,6724,0.5193446278572083,0.4444287121295929,0.15425191819667816,0.3927227854728699,0.8716965307295323,0.4027227461338043,0.0
N,6726,0.551307737827301,0.4842022955417633,0.16241133213043213,0.38029348850250244,0.6816038703472199,0.4226880669593811,0.11572873592376709
N,6730,0.6159518361091614,0.4910551607608795,0.18273776769638062,0.3943155109882355,0.6290579589693153,0.44150614738464355,0.10003158450126648
X,6736,0.540283739566803,0.463428258895874,0.16450007259845734,0.4045020639896393,0.6283217849809202,0.4097086489200592,0.574053943157196
S,6740,0.5047686696052551,0.4995042085647583,0.14818736910820007,0.3528614640235901,0.6143260904680938,0.41706961393356323,0.09430331736803055
S,6746,0.5292354226112366,0.5027154684066772,0.15564143657684326,0.3544151484966278,0.6319475115046586,0.4289066791534424,0.06330214440822601
S,6747,0.5248318910598755,0.5008138418197632,0.15198610723018646,0.3573358356952667,0.6232903827234016,0.41986024379730225,0.10387430340051651
X,6748,0.548828125,0.49346986413002014,0.16911573708057404,0.3933434784412384,0.6395406079649305,0.4262745976448059,0.2209208458662033
N,6753,0.5592570900917053,0.5061773061752319,0.1735047996044159,0.41174983978271484,0.5999918279436376,0.41749584674835205,0.4547569453716278
_,6756,0.5168805122375488,0.44390708208084106,0.1530683934688568,0.39120861887931824,0.8718101264536381,0.4012086093425751,0.0
N,6758,0.559712290763855,0.4913710057735443,0.1679604947566986,0.38898468017578125,0.656432821659073,0.4271899163722992,0.17643751204013824
_,6769,0.5157442092895508,0.4436672031879425,0.15252146124839783,0.3905135691165924,0.8731481086214384,0.40051352977752686,0.0
N,6788,0.5591073036193848,0.505932092666626,0.1738578826189041,0.41423818469047546,0.6005830869348817,0.4101145267486572,0.5414972305297852
S,6808,0.47337740659713745,0.5054046511650085,0.13858337700366974,0.33680012822151184,0.6762280100498659,0.41382813453674316,0.07540880888700485
S,6809,0.5017680525779724,0.5034184455871582,0.14876969158649445,0.35444554686546326,0.6450901601618777,0.41751959919929504,0.11377688497304916
N,6814,0.5379422307014465,0.49726802110671997,0.16380317509174347,0.40192389488220215,0.6201623177602111,0.40743958950042725,0.4508359730243683
N,6821,0.540050745010376,0.486188679933548,0.16131260991096497,0.3882339298725128,0.6530371250681735,0.41504141688346863,0.24411727488040924
S,6824,0.4816223382949829,0.5002142190933228,0.14469215273857117,0.34500652551651,0.6956986496721705,0.4193538427352905,0.06106722727417946
X,6835,0.5331188440322876,0.45947709679603577,0.1610064059495926,0.4002131223678589,0.7116947800894317,0.4058065712451935,0.588146448135376
N,6847,0.573861300945282,0.488420307636261,0.17037679255008698,0.38520291447639465,0.6644493563155781,0.43153271079063416,0.10547257959842682
S,6850,0.47538164258003235,0.504504382610321,0.14142636954784393,0.34789353609085083,0.6561615191400052,0.4110215902328491,0.12075173109769821
N,6851,0.5663449168205261,0.4839782416820526,0.1690816879272461,0.38112419843673706,0.6762405706887755,0.43090593814849854,0.05643588677048683
T,6860,0.6452323794364929,0.4793829321861267,0.19087301194667816,0.4071587026119232,0.64112405537259,0.44317352771759033,0.0706477016210556
T,6863,0.5352458953857422,0.45565757155418396,0.162030428647995,0.40181586146354675,0.7248785314935231,0.4093181788921356,0.5670645833015442
T,6871,0.5338196754455566,0.45627957582473755,0.1613326072692871,0.4007628262042999,0.7602233565503169,0.4074545204639435,0.5964993834495544
S,6874,0.5068780183792114,0.5035173296928406,0.14808902144432068,0.3531183898448944,0.6438199991424336,0.41926097869873047,0.10264988243579865
N,6875,0.6507528424263,0.4900353252887726,0.1903323382139206,0.39748698472976685,0.6364196102469335,0.44838976860046387,0.05774028226733208
T,6887,0.597392201423645,0.4794267416000366,0.18194228410720825,0.4051152765750885,0.631875394517944,0.43388861417770386,0.1653841882944107
T,6888,0.5428722500801086,0.4886837899684906,0.16590437293052673,0.4054917097091675,0.6243484201146445,0.40955880284309387,0.48220646381378174
S,6890,0.4747754633426666,0.5128452777862549,0.1408054381608963,0.3425027132034302,0.6214698977644245,0.4117126762866974,0.1249292641878128
_,6892,0.5168765783309937,0.4439062476158142,0.15306641161441803,0.3912065327167511,0.8719155960778396,0.40120649337768555,0.0
N,6898,0.5360962748527527,0.48440074920654297,0.15788394212722778,0.37712356448173523,0.6712601893089596,0.41577765345573425,0.14874733984470367
_,6912,0.5160375833511353,0.4437292516231537,0.15266241133213043,0.3906937837600708,0.873043328523636,0.40069377422332764,0.0
N,6920,0.5455949306488037,0.5000718235969543,0.16803567111492157,0.4026435315608978,0.6147949142225358,0.41463932394981384,0.3966321349143982
S,6923,0.4918592572212219,0.49922019243240356,0.14414416253566742,0.3490280210971832,0.6190374747714184,0.41245466470718384,0.0988520011305809
_,6925,0.5157729983329773,0.44367319345474243,0.1525353342294693,0.39053112268447876,0.8731669629613559,0.4005310833454132,0.0
X,6933,0.5674920678138733,0.49017229676246643,0.17229926586151123,0.3970619738101959,0.6173583174826733,0.42632758617401123,0.23363663256168365
X,6935,0.5322475433349609,0.46181976795196533,0.16060557961463928,0.39947280287742615,0.6986305482254345,0.4040241837501526,0.5908327102661133
T,6936,0.5297763347625732,0.4545780420303345,0.15936166048049927,0.3984783887863159,0.7364833957333273,0.4056070148944855,0.5869561433792114
X,6939,0.5673213005065918,0.487165242433548,0.17022442817687988,0.38921838998794556,0.6630128300541158,0.4282710552215576,0.14650645852088928
S,6942,0.5097053647041321,0.4994732141494751,0.15325605869293213,0.35158807039260864,0.6682581141823903,0.42670169472694397,0.04826004058122635
_,6948,0.5165218710899353,0.4438316822052002,0.15289521217346191,0.390990674495697,0.8727394039928914,0.40099069476127625,0.0
T,6956,0.5473172664642334,0.4878970980644226,0.16845683753490448,0.406311959028244,0.6214526105835103,0.41797053813934326,0.3978668451309204
X,6969,0.5575506091117859,0.4828375279903412,0.16698485612869263,0.3853706121444702,0.6473623623807605,0.42325684428215027,0.1342744529247284
X,6974,0.532727062702179,0.459804892539978,0.16082650423049927,0.3999423682689667,0.7088078798089312,0.40541037917137146,0.5866901278495789
X,6976,0.5414254665374756,0.4843162000179291,0.16352422535419464,0.3810926079750061,0.6801205527254691,0.42467549443244934,0.10689351707696915
S,6978,0.47693079710006714,0.49878329038619995,0.1427181512117386,0.3421177268028259,0.6988485402055085,0.4175795912742615,0.051749031990766525
N,6985,0.5514528751373291,0.4931831955909729,0.1665840446949005,0.39519384503364563,0.6196198292744036,0.4177800714969635,0.2988549768924713
_,6987,0.5166608691215515,0.4438610374927521,0.1529620736837387,0.39107587933540344,0.8726253208021324,0.40107589960098267,0.0
_,6991,0.5162460207939148,0.4437733590602875,0.15276257693767548,0.390821635723114,0.8729510852694512,0.40082162618637085,0.0
T,6995,0.5342786908149719,0.45761680603027344,0.16156290471553802,0.40102246403694153,0.7210139651625711,0.4074019491672516,0.5884270071983337
N,7001,0.5258123874664307,0.4861180782318115,0.15826401114463806,0.3909813463687897,0.6547868657845538,0.41099464893341064,0.30465859174728394
X,7002,0.6168367862701416,0.4903455674648285,0.18368062376976013,0.3970733880996704,0.6199401164411393,0.4407420754432678,0.11718592792749405
S,7024,0.5243304371833801,0.5023161172866821,0.15373553335666656,0.35297730565071106,0.6307677340385757,0.42621898651123047,0.06769692897796631
T,7028,0.5369013547897339,0.45818206667900085,0.16281941533088684,0.40261831879615784,0.7289917461678306,0.4089701771736145,0.5913740992546082
T,7030,0.5678285956382751,0.48277732729911804,0.17219369113445282,0.3969776928424835,0.6544989599582429,0.4274781048297882,0.18613499402999878
X,7033,0.5413581728935242,0.484246164560318,0.16468392312526703,0.38661935925483704,0.6299721017107368,0.4217519164085388,0.16468147933483124
N,7055,0.5421575903892517,0.4979702830314636,0.16558155417442322,0.40501338243484497,0.6356591816157259,0.41218385100364685,0.4395662546157837
T,7062,0.5448288321495056,0.4821379780769348,0.16757291555404663,0.39891043305397034,0.6535922379419208,0.42336559295654297,0.24453841149806976
S,7064,0.4722389876842499,0.5165733695030212,0.1387878954410553,0.3398563861846924,0.6131996383531563,0.4116808772087097,0.1264435201883316
X,7070,0.5441380143165588,0.4655049741268158,0.16637647151947021,0.4066913425922394,0.6740044621716759,0.41140618920326233,0.5783050656318665
_,7080,0.5207920074462891,0.44473394751548767,0.15494918823242188,0.3936064839363098,0.8694438614944617,0.4036064147949219,0.0
X,7090,0.5779128074645996,0.4833749532699585,0.17184202373027802,0.3888658583164215,0.6448394518465891,0.42914101481437683,0.1109456941485405
_,7094,0.5215491056442261,0.44489356875419617,0.15531392395496368,0.39406856894493103,0.8690393443405628,0.4040685296058655,0.0
S,7105,0.5012181997299194,0.5178979635238647,0.1478637158870697,0.3472000062465668,0.5767711851155036,0.42148688435554504,0.12083493173122406
T,7112,0.5890074968338013,0.4806827902793884,0.17458970844745636,0.3920498788356781,0.6559816111055746,0.4303462505340576,0.10145950317382812
N,7117,0.5455474853515625,0.49537304043769836,0.1667736917734146,0.39964717626571655,0.6128690506902058,0.41793888807296753,0.33959177136421204
X,7118,0.5873515009880066,0.4865463972091675,0.1766839325428009,0.39410093426704407,0.6232774526420205,0.4346119463443756,0.12261378765106201
X,7123,0.5359878540039062,0.4599858820438385,0.16238844394683838,0.4021836817264557,0.7110356620815098,0.4084606170654297,0.5625177621841431
T,7133,0.6036126613616943,0.4836096167564392,0.17985263466835022,0.4019598662853241,0.642534921655218,0.4333486258983612,0.1725490391254425
N,7134,0.5522099733352661,0.48752981424331665,0.16738300025463104,0.3876315951347351,0.6631201431131922,0.4267894923686981,0.15041078627109528
T,7142,0.5453469157218933,0.48590120673179626,0.16737520694732666,0.4043082594871521,0.6369151258158188,0.41838300228118896,0.3679734766483307
X,7161,0.5705482363700867,0.48502838611602783,0.16924980282783508,0.38615238666534424,0.6316463781435353,0.4265636205673218,0.12498077005147934
T,7162,0.5378340482711792,0.4579342305660248,0.1632743924856186,0.4032422602176666,0.7264094320131999,0.40989455580711365,0.5845555663108826
X,7173,0.5359662771224976,0.4596332013607025,0.16237474977970123,0.4020444452762604,0.7097360956837656,0.40800940990448,0.5809382200241089
N,7174,0.6712741851806641,0.491707980632782,0.19472777843475342,0.3999378979206085,0.6215510047551652,0.4535668194293976,0.04411745443940163
N,7183,0.6145809888839722,0.49135178327560425,0.18366143107414246,0.3938419222831726,0.6221787307857934,0.44460538029670715,0.07698273658752441
X,7212,0.5397554636001587,0.4642520248889923,0.1642356663942337,0.4039258360862732,0.6710900328239829,0.4081842005252838,0.5943989753723145
S,7217,0.49477845430374146,0.5012043118476868,0.1453504115343094,0.347881942987442,0.633836758674006,0.4170647859573364,0.08226321637630463
N,7237,0.5478439331054688,0.4976678192615509,0.16836939752101898,0.40802907943725586,0.6124305057003949,0.41122063994407654,0.4804588556289673
S,7247,0.4678659737110138,0.5035459399223328,0.139357790350914,0.3436258137226105,0.6852320887396733,0.41299355030059814,0.09413989633321762
N,7249,0.551061749458313,0.4832454025745392,0.1645042896270752,0.3843555748462677,0.6778656187382877,0.42468369007110596,0.1198788657784462
_,7251,0.521990954875946,0.4449862837791443,0.15552762150764465,0.39433610439300537,0.8681012153625489,0.4043360948562622,0.0
X,7270,0.5373086929321289,0.4620031714439392,0.16304410994052887,0.40272587537765503,0.6972568414167473,0.4079896807670593,0.5802140831947327
X,7275,0.602471649646759,0.48845937848091125,0.18022635579109192,0.396817684173584,0.6253016861514576,0.4375119209289551,0.12873008847236633
_,7284,0.5213010907173157,0.44484132528305054,0.15519437193870544,0.39391735196113586,0.8692031036814054,0.4039173424243927,0.0
_,7289,0.5207465887069702,0.4447243809700012,0.1549272984266281,0.3935786783695221,0.8694242661197981,0.40357866883277893,0.0
X,7298,0.6243324279785156,0.48958492279052734,0.18585698306560516,0.39724278450012207,0.6261057186362935,0.44519180059432983,0.07794513553380966
X,7321,0.5419884324073792,0.46131548285484314,0.16530759632587433,0.40557247400283813,0.7363317680420914,0.41138604283332825,0.5846171975135803
N,7325,0.5589036345481873,0.48290812969207764,0.16582372784614563,0.3864840865135193,0.6663660004955212,0.42286887764930725,0.14632047712802887
_,7327,0.5207312703132629,0.44472113251686096,0.15491996705532074,0.3935692310333252,0.8694531336426735,0.40356922149658203,0.0
T,7330,0.6205127835273743,0.48491838574409485,0.18838852643966675,0.40823033452033997,0.6068780672197075,0.44047099351882935,0.1600576788187027
T,7335,0.5359752774238586,0.456695556640625,0.16236098110675812,0.40225204825401306,0.7222719943242131,0.4093085527420044,0.5775086283683777
S,7336,0.5302757620811462,0.5017927289009094,0.15579982101917267,0.3589751124382019,0.640843556659432,0.4284919798374176,0.0762787014245987
_,7340,0.5209275484085083,0.44476258754730225,0.15501439571380615,0.39368942379951477,0.8694442606468996,0.4036893844604492,0.0
N,7342,0.5769372582435608,0.4906679391860962,0.17186599969863892,0.3870554268360138,0.6289167533971098,0.43139252066612244,0.12881329655647278
N,7360,0.5517608523368835,0.5009825229644775,0.17093418538570404,0.4056362807750702,0.6103914103660161,0.41886717081069946,0.3897157907485962
S,7361,0.4881172180175781,0.5087411403656006,0.14183630049228668,0.3402858078479767,0.6473541231501926,0.4190088212490082,0.07941264659166336
T,7369,0.5869333148002625,0.4867524206638336,0.1780911535024643,0.400532990694046,0.6175008996777858,0.4311046302318573,0.20132465660572052
_,7374,0.5245290994644165,0.44552165269851685,0.15674997866153717,0.3958866000175476,0.8676058806478978,0.40588659048080444,0.0
_,7379,0.5245944857597351,0.44553548097610474,0.15678152441978455,0.39592647552490234,0.8675581095119318,0.4059264361858368,0.0
N,7380,0.5637186765670776,0.4837329089641571,0.16591528058052063,0.38381674885749817,0.6759582842771004,0.425496906042099,0.11190599203109741
S,7388,0.5003959536552429,0.5159093141555786,0.14667002856731415,0.3473144471645355,0.5945901473932705,0.42108723521232605,0.11677545309066772
T,7401,0.5434243083000183,0.45822298526763916,0.16598939895629883,0.4066958725452423,0.7175203494064772,0.41392025351524353,0.5725255012512207
X,7409,0.6215340495109558,0.48683494329452515,0.18467354774475098,0.3996637463569641,0.6250528490630677,0.4428122937679291,0.0914776548743248
_,7416,0.5245279669761658,0.44552144408226013,0.156749427318573,0.39588597416877747,0.8675875046352546,0.4058859348297119,0.0
N,7419,0.5673227310180664,0.49055421352386475,0.169918954372406,0.3932669162750244,0.6354268325469214,0.42717936635017395,0.20069825649261475
N,7427,0.5984184145927429,0.4864031970500946,0.1777987778186798,0.39488500356674194,0.6689265694211403,0.437583327293396,0.10312705487012863
_,7439,0.5250612497329712,0.4456336498260498,0.15700668096542358,0.39621055126190186,0.8673918581008911,0.4062105417251587,0.0
T,7449,0.5410109758377075,0.487253338098526,0.1653645932674408,0.4036891758441925,0.6621813459430511,0.41515520215034485,0.3975629508495331
_,7451,0.5246672630310059,0.44555073976516724,0.15681667625904083,0.3959706127643585,0.8675052099426588,0.40597060322761536,0.0
S,7456,0.48649629950523376,0.501838743686676,0.14725695550441742,0.3484850525856018,0.6932336138064663,0.4242051839828491,0.05920487642288208
T,7468,0.5458195209503174,0.4621197581291199,0.16716262698173523,0.40787503123283386,0.6033306107389437,0.4137263000011444,0.58539879322052
N,7469,0.5467660427093506,0.4898173213005066,0.16590818762779236,0.38718700408935547,0.6677189434086904,0.4290260970592499,0.14555825293064117
T,7479,0.5565879940986633,0.4794067442417145,0.1703789383172989,0.39601588249206543,0.6717187191018215,0.4271604120731354,0.1600714474916458
T,7481,0.5463470816612244,0.45755594968795776,0.1674269437789917,0.4084138572216034,0.7093317676636798,0.4160684645175934,0.5724295973777771
S,7487,0.49528107047080994,0.49692049622535706,0.14967255294322968,0.35451388359069824,0.6788082172907889,0.42212969064712524,0.06616806983947754
S,7492,0.48522084951400757,0.5125560760498047,0.14341214299201965,0.34678441286087036,0.5994064414598204,0.41478535532951355,0.1263592392206192
X,7497,0.6595735549926758,0.4886656701564789,0.19421206414699554,0.4052945673465729,0.6200118087982022,0.4519672095775604,0.06190070882439613
T,7499,0.537833034992218,0.4570743441581726,0.1632608324289322,0.40339112281799316,0.7237864962107294,0.4105290472507477,0.5740748643875122
N,7503,0.5575882196426392,0.48769837617874146,0.16841323673725128,0.3881550133228302,0.6691780318526435,0.42955610156059265,0.13421396911144257
_,7511,0.5260510444641113,0.44584158062934875,0.15748481452465057,0.3968110680580139,0.8667020770907402,0.40681102871894836,0.0
N,7514,0.5584719777107239,0.4875948131084442,0.16857293248176575,0.38804760575294495,0.6696868330225698,0.42985647916793823,0.13061024248600006
S,7516,0.4774327278137207,0.517793595790863,0.14011920988559723,0.3424800634384155,0.6008211538369264,0.41287800669670105,0.1340620070695877
N,7519,0.5774553418159485,0.4885082542896271,0.17222778499126434,0.3850908577442169,0.6475246860455567,0.43508225679397583,0.07967790961265564
T,7524,0.5434712171554565,0.4594986140727997,0.16600853204727173,0.4067007303237915,0.7145844453419462,0.4135092794895172,0.57308030128479
T,7525,0.6253105401992798,0.4850970506668091,0.18982148170471191,0.4070497155189514,0.615746784004344,0.4467661380767822,0.091827392578125
X,7528,0.5461832880973816,0.4646000266075134,0.16735458374023438,0.4081672430038452,0.6747156593642285,0.41386115550994873,0.561497688293457
_,7537,0.5245388150215149,0.44552379846572876,0.1567545384168625,0.395892858505249,0.8676448952654998,0.40589284896850586,0.0
T,7544,0.5802280306816101,0.4855838119983673,0.17845070362091064,0.4025386571884155,0.6317130170083374,0.43581870198249817,0.16921044886112213
X,7555,0.5455201268196106,0.4632956087589264,0.16702213883399963,0.40769073367118835,0.7212997199300056,0.4132569134235382,0.5795252323150635
N,7557,0.5561636686325073,0.49173498153686523,0.1683550328016281,0.39180752635002136,0.6533816655616587,0.42833226919174194,0.18813061714172363
S,7560,0.5456361770629883,0.5001252889633179,0.15970739722251892,0.3625570833683014,0.6136818072612611,0.42986059188842773,0.07394511252641678
_,7563,0.5246331095695496,0.4455435276031494,0.15680018067359924,0.3959498703479767,0.8675067429741224,0.4059498608112335,0.0
_,7565,0.5253024697303772,0.4456843137741089,0.15712328255176544,0.3963566720485687,0.8669229930142562,0.40635666251182556,0.0
_,7567,0.5245792269706726,0.4455322325229645,0.15677410364151,0.3959173262119293,0.8676093264420828,0.40591731667518616,0.0
N,7571,0.5761470198631287,0.4859006404876709,0.17314359545707703,0.38948577642440796,0.651696031576915,0.43409499526023865,0.09424975514411926
T,7576,0.5432447195053101,0.4590640962123871,0.16590124368667603,0.40648317337036133,0.7240592531926693,0.4131883978843689,0.585086464881897
T,7577,0.5796332359313965,0.48060110211372375,0.17898868024349213,0.4078977108001709,0.635749556979475,0.4315086007118225,0.23458613455295563
S,7580,0.4942353069782257,0.49990203976631165,0.15028201043605804,0.35145488381385803,0.7006659361595909,0.42740410566329956,0.04741167649626732
X,7600,0.5476658344268799,0.46540936827659607,0.1680806279182434,0.4088657796382904,0.6865910689283389,0.41392049193382263,0.5787628889083862
S,7602,0.4904641807079315,0.4991195797920227,0.14803971350193024,0.34728240966796875,0.6906294286437333,0.42482084035873413,0.03951804339885712
_,7605,0.525368332862854,0.4456981420516968,0.15715502202510834,0.3963969051837921,0.8670823095242183,0.40639689564704895,0.0
_,7609,0.5255587697029114,0.4457382261753082,0.157246932387352,0.3965127170085907,0.8670636539161206,0.40651267766952515,0.0
T,7624,0.531058132648468,0.45565125346183777,0.15998543798923492,0.39928823709487915,0.7270901708964569,0.40635979175567627,0.5736981630325317
N,7625,0.5725938081741333,0.4836471676826477,0.16892246901988983,0.38505515456199646,0.6628824903712182,0.4270508289337158,0.10650049895048141
X,7640,0.5460090041160583,0.4914802014827728,0.16750293970108032,0.39790600538253784,0.6148653475924706,0.42143961787223816,0.2872215509414673
S,7647,0.4932938814163208,0.5002040863037109,0.14849558472633362,0.34803053736686707,0.6912855229650935,0.4229150712490082,0.055749956518411636
S,7653,0.48854899406433105,0.5022239089012146,0.14311908185482025,0.34574687480926514,0.6342610907568209,0.4141072928905487,0.09206726402044296
S,7667,0.49545615911483765,0.5040968656539917,0.1436895877122879,0.35078150033950806,0.6045066793403627,0.41180795431137085,0.12652288377285004
N,7671,0.5751178860664368,0.48777467012405396,0.17190536856651306,0.3904838562011719,0.6324770357926416,0.4293380677700043,0.1497923582792282
T,7679,0.5344478487968445,0.45641064643859863,0.1616235375404358,0.401216596364975,0.7265236848732942,0.40799084305763245,0.5923181176185608
T,7682,0.5619315505027771,0.48848289251327515,0.17314064502716064,0.4036872982978821,0.615415415651587,0.42082956433296204,0.3384186625480652
_,7686,0.5183610916137695,0.44422075152397156,0.15377910435199738,0.39211952686309814,0.8719670732319356,0.4021194875240326,0.0
_,7698,0.5182262063026428,0.44419220089912415,0.15371432900428772,0.39203667640686035,0.8718223850925764,0.4020366370677948,0.0
T,7708,0.5354818105697632,0.4561953842639923,0.16213440895080566,0.40183860063552856,0.7282708765678156,0.40880125761032104,0.5910403728485107
N,7720,0.5597934126853943,0.48547986149787903,0.1689498871564865,0.3853003978729248,0.6662972980172102,0.4299922585487366,0.09887441247701645
S,7721,0.48693931102752686,0.5017246603965759,0.14719311892986298,0.3459080159664154,0.6883963389880956,0.42324575781822205,0.05486560985445976
N,7722,0.561229944229126,0.48071274161338806,0.1655745953321457,0.3827609717845917,0.6860407183417313,0.42448875308036804,0.09288328140974045
S,7724,0.4708876609802246,0.5003371834754944,0.1401430070400238,0.3439994752407074,0.6846312498425444,0.4115098714828491,0.08956966549158096
N,7743,0.5385435223579407,0.49824321269989014,0.16402499377727509,0.40241360664367676,0.6155008136283141,0.4095502495765686,0.436605304479599
_,7744,0.5185805559158325,0.4442670941352844,0.15388476848602295,0.3922536373138428,0.8717065540452799,0.4022535979747772,0.0
_,7745,0.5184491276741028,0.4442393183708191,0.1538214385509491,0.3921734094619751,0.8719570663571359,0.40217339992523193,0.0
_,7755,0.5182439684867859,0.4441959857940674,0.153722882270813,0.3920475244522095,0.8718205905954044,0.4020475149154663,0.0
T,7759,0.602828860282898,0.4860747456550598,0.18396376073360443,0.4081423282623291,0.6118067755664621,0.43493199348449707,0.22721268236637115
S,7762,0.4826776385307312,0.49914878606796265,0.14399127662181854,0.350002646446228,0.6720179882676651,0.41305744647979736,0.09984128922224045
T,7778,0.5646218061447144,0.4819086194038391,0.17292340099811554,0.3976818919181824,0.6451450228722145,0.4262841045856476,0.19838987290859222
X,7779,0.5933077335357666,0.48996350169181824,0.1785195767879486,0.39349737763404846,0.6344873146130704,0.436883807182312,0.12311750650405884
S,7781,0.474405437707901,0.5071763396263123,0.1368785947561264,0.33537307381629944,0.6648422664336977,0.412234902381897,0.08318594843149185
_,7785,0.5189302563667297,0.4443408250808716,0.15405315160751343,0.39246729016304016,0.8715095165371896,0.402467280626297,0.0
N,7786,0.6042661666870117,0.48876750469207764,0.17877314984798431,0.3941302001476288,0.6230772533415438,0.43497079610824585,0.13361984491348267
_,7789,0.5183947682380676,0.44422781467437744,0.15379536151885986,0.39214006066322327,0.871880685488383,0.4021399915218353,0.0
N,7793,0.5383582711219788,0.48312124609947205,0.1623682975769043,0.38398492336273193,0.6691567725300168,0.4217407703399658,0.14161840081214905
X,7800,0.5418081879615784,0.4646688997745514,0.16524451971054077,0.4051261842250824,0.6482583598190877,0.40944263339042664,0.593772292137146
_,7801,0.5175500512123108,0.4440493881702423,0.15338905155658722,0.3916226327419281,0.8723448209961256,0.40162262320518494,0.0
_,7809,0.5175416469573975,0.44404757022857666,0.1533849686384201,0.3916175067424774,0.872391602297624,0.40161749720573425,0.0
N,7815,0.5534283518791199,0.48812136054039,0.16493768990039825,0.38391369581222534,0.6738898361445173,0.42529743909835815,0.14200448989868164
X,7817,0.5660607218742371,0.4903010129928589,0.17107415199279785,0.3853694796562195,0.5950557875679806,0.43284252285957336,0.10907480865716934
T,7829,0.5761722922325134,0.4872390925884247,0.17476066946983337,0.4014395773410797,0.6549747895920882,0.4275895953178406,0.24646760523319244
X,7831,0.5437639951705933,0.4872325360774994,0.16475385427474976,0.3861258625984192,0.6764494594590118,0.42345476150512695,0.1650264710187912
X,7836,0.5391692519187927,0.4640895128250122,0.16396644711494446,0.4036298096179962,0.6982428517623521,0.4081147015094757,0.5869830846786499
_,7849,0.5184695720672607,0.4442436397075653,0.1538313329219818,0.3921858072280884,0.871867236395677,0.4021857976913452,0.0
S,7852,0.4719538390636444,0.5011036992073059,0.1408422440290451,0.33980754017829895,0.693343513502429,0.4166639745235443,0.05782753974199295
T,7870,0.5568689107894897,0.4843408465385437,0.17261634767055511,0.40346452593803406,0.629132337079694,0.42626816034317017,0.26787251234054565
_,7886,0.517553985118866,0.4440501928329468,0.15339091420173645,0.3916250169277191,0.8723914781212807,0.40162500739097595,0.0
S,7890,0.48265543580055237,0.5030242204666138,0.14403633773326874,0.3439784646034241,0.6835991271181653,0.41787099838256836,0.07446392625570297
_,7891,0.5175080299377441,0.4440404772758484,0.15336881577968597,0.39159688353538513,0.8723546771705151,0.4015968441963196,0.0
T,7893,0.5699556469917297,0.47928065061569214,0.16946834325790405,0.3906673789024353,0.6694458866274605,0.42410656809806824,0.1422502100467682
S,7901,0.502507746219635,0.5025956630706787,0.1454268991947174,0.3505750298500061,0.604530996112153,0.4139460027217865,0.11126918345689774
X,7905,0.5537887811660767,0.4666210114955902,0.17103786766529083,0.41274523735046387,0.6880093287180413,0.41840848326683044,0.5629668831825256
T,7920,0.6070188283920288,0.4885633587837219,0.18547439575195312,0.41491296887397766,0.6208415627067735,0.4395865797996521,0.25805655121803284
T,7932,0.5560965538024902,0.4621001183986664,0.17214860022068024,0.41426438093185425,0.7275661604279109,0.4213544428348541,0.5668511390686035
_,7936,0.5372985005378723,0.44819796085357666,0.16292768716812134,0.40360692143440247,0.8589841416478158,0.4136069118976593,0.0
T,7940,0.5637378096580505,0.4826467037200928,0.17636063694953918,0.4143293797969818,0.6473736838189265,0.42993199825286865,0.34589284658432007
X,7947,0.5887250900268555,0.4932604730129242,0.183733731508255,0.4053289294242859,0.6364656794342833,0.4440914988517761,0.1645505130290985
_,7948,0.5376269221305847,0.44826629757881165,0.16308730840682983,0.4038033187389374,0.8586240563790004,0.4138033390045166,0.0
T,7950,0.6173004508018494,0.48278290033340454,0.18555507063865662,0.40500888228416443,0.6444940700510051,0.44272691011428833,0.09503708779811859
X,7956,0.5959184169769287,0.4876067340373993,0.17723681032657623,0.3943956196308136,0.6222494728665333,0.43716636300086975,0.10970623791217804
_,7974,0.5374096035957336,0.4482210874557495,0.16298162937164307,0.4036734104156494,0.8590239545702935,0.41367340087890625,0.0
_,7976,0.5381107926368713,0.4483666718006134,0.16332301497459412,0.40409088134765625,0.8576249024271966,0.4140908420085907,0.0
_,7978,0.5370863080024719,0.4481537342071533,0.16282469034194946,0.403479665517807,0.8591637546817462,0.41347962617874146,0.0
T,7998,0.5555630326271057,0.469963401556015,0.17191863059997559,0.41356024146080017,0.4809262394052348,0.4180191159248352,0.5726545453071594
N,8013,0.7051199674606323,0.49416160583496094,0.20284414291381836,0.4100562334060669,0.6215798540564235,0.4633568227291107,0.04361000284552574
T,8021,0.5714657306671143,0.4970305562019348,0.17980270087718964,0.42181578278541565,0.6065936237679701,0.41929399967193604,0.5695553421974182
_,8022,0.5367029905319214,0.44807374477386475,0.16263873875141144,0.403249591588974,0.8595112100243569,0.41324958205223083,0.0
S,8023,0.49422121047973633,0.5056822299957275,0.14941571652889252,0.35284239053726196,0.6557026469117652,0.4255116283893585,0.08209285140037537
T,8034,0.5475031137466431,0.4582658112049103,0.16793827712535858,0.40926313400268555,0.7251258166222397,0.4167504608631134,0.5754449963569641
S,8059,0.4942131042480469,0.5100767612457275,0.1443285197019577,0.3442900478839874,0.6428754542902849,0.4242215156555176,0.0768880769610405
S,8090,0.580533504486084,0.5024006366729736,0.1679684966802597,0.37042081356048584,0.625070631723332,0.44151005148887634,0.059498321264982224
S,8091,0.54110187292099,0.5013992190361023,0.15988148748874664,0.36685892939567566,0.611152475457299,0.43121469020843506,0.08913062512874603
_,8106,0.5372937321662903,0.4481969177722931,0.16292543709278107,0.4036038815975189,0.8590331530570985,0.41360387206077576,0.0
X,8111,0.5567724704742432,0.46517544984817505,0.1724882274866104,0.41454052925109863,0.6932139459897432,0.42071670293807983,0.5687336921691895
_,8113,0.5365069508552551,0.4480327367782593,0.16254374384880066,0.40313151478767395,0.8593863713244597,0.4131315052509308,0.0
_,8114,0.5413752198219299,0.44904378056526184,0.16491246223449707,0.40603241324424744,0.8537870228290558,0.4160323441028595,0.0
S,8116,0.5155075788497925,0.5032992959022522,0.15576763451099396,0.36222586035728455,0.6413156196428463,0.42941293120384216,0.08890540897846222
_,8132,0.5365572571754456,0.4480432868003845,0.162568137049675,0.4031617343425751,0.8594358102977276,0.4131617248058319,0.0
N,8133,0.5619073510169983,0.48791444301605225,0.1697831004858017,0.3935338854789734,0.6584364365739749,0.43043896555900574,0.16373994946479797
T,8134,0.5565373301506042,0.46010732650756836,0.17236880958080292,0.41453608870506287,0.707849287567248,0.42215263843536377,0.5726867914199829
S,8139,0.5695203542709351,0.5022815465927124,0.16799993813037872,0.36945292353630066,0.5961018015572336,0.4413641393184662,0.05538419261574745
X,8140,0.5574966073036194,0.46611109375953674,0.17284871637821198,0.41499239206314087,0.6620260987628233,0.4212028682231903,0.5590013265609741
N,8153,0.629994809627533,0.49543559551239014,0.18761378526687622,0.4031916856765747,0.6001819191667286,0.44919145107269287,0.1238865926861763
X,8161,0.6833914518356323,0.49318331480026245,0.1981988400220871,0.4091174900531769,0.5988170265240964,0.4577648937702179,0.07359659671783447
S,8165,0.5184141397476196,0.5005298852920532,0.15353620052337646,0.35810917615890503,0.612286024208006,0.42758312821388245,0.0696016326546669
_,8178,0.5375921130180359,0.4482591450214386,0.16307030618190765,0.4037827253341675,0.8588265159726144,0.4137827157974243,0.0
T,8193,0.5556740164756775,0.4631780982017517,0.17195025086402893,0.41408178210258484,0.709117506769641,0.42129066586494446,0.5453389286994934
_,8194,0.5372148752212524,0.44818055629730225,0.16288712620735168,0.40355682373046875,0.8590963112811248,0.4135568141937256,0.0
N,8202,0.6589013934135437,0.4972516596317291,0.19405147433280945,0.4115446209907532,0.6158679274739552,0.45059606432914734,0.17312267422676086
_,8206,0.536616861820221,0.4480557441711426,0.1625969409942627,0.403197705745697,0.8593909680346649,0.4131976366043091,0.0
X,8224,0.5545022487640381,0.4646972119808197,0.17138513922691345,0.4131872057914734,0.6946612855001877,0.4193558990955353,0.567664623260498
X,8239,0.5604321360588074,0.4659499228000641,0.17428423464298248,0.4166017472743988,0.7141032389811396,0.42265257239341736,0.575522780418396
T,8241,0.5604557394981384,0.48781028389930725,0.17462901771068573,0.40795424580574036,0.6123459711383719,0.43057578802108765,0.2820870876312256
X,8246,0.641926646232605,0.48945343494415283,0.19100159406661987,0.4055274426937103,0.6381320066375581,0.45218411087989807,0.07039279490709305
T,8247,0.6063898801803589,0.49217796325683594,0.189799964427948,0.41361263394355774,0.618944664032897,0.445582777261734,0.20413343608379364
_,8248,0.5365865230560303,0.44804927706718445,0.1625824272632599,0.40317898988723755,0.8592931964993478,0.4131789803504944,0.0
S,8249,0.5420324802398682,0.5030936002731323,0.16051489114761353,0.3662148416042328,0.6044898980756261,0.431681364774704,0.09224775433540344
_,8256,0.5317716598510742,0.44704240560531616,0.1602495312690735,0.4002782702445984,0.8626053572694461,0.4102782607078552,0.0
_,8274,0.5322936773300171,0.44715169072151184,0.16050219535827637,0.40059351921081543,0.862362333436807,0.41059350967407227,0.0
X,8276,0.5460057854652405,0.4650403559207916,0.16725659370422363,0.4080126881599426,0.698814462448548,0.4132804870605469,0.5710208415985107
T,8295,0.5607142448425293,0.48818695545196533,0.17419932782649994,0.41348567605018616,0.6273201386306028,0.42507287859916687,0.40459293127059937
N,8297,0.5760912299156189,0.48873037099838257,0.17584577202796936,0.39973214268684387,0.6405465809009426,0.43517377972602844,0.17290087044239044
T,8313,0.5536914467811584,0.4653814733028412,0.17099931836128235,0.4126109778881073,0.5550670929740106,0.41837915778160095,0.572262167930603
T,8317,0.5702471733093262,0.49119827151298523,0.17882494628429413,0.4166049063205719,0.6007399351196364,0.42975351214408875,0.3911988437175751
X,8322,0.5605589151382446,0.4919015169143677,0.1717873364686966,0.39362701773643494,0.6089243830895673,0.4315757751464844,0.17571522295475006
T,8326,0.7097741365432739,0.487557590007782,0.2038290649652481,0.4166853427886963,0.5974963308232691,0.45666128396987915,0.07937018573284149
N,8337,0.5622615814208984,0.48281463980674744,0.1663527637720108,0.38422366976737976,0.6930729801477477,0.4286670982837677,0.08338909596204758
_,8339,0.5317266583442688,0.4470329284667969,0.16022782027721405,0.4002509117126465,0.8626121876637142,0.41025087237358093,0.0
X,8340,0.5495674014091492,0.46624863147735596,0.1689886897802353,0.4100179970264435,0.7098198704256236,0.41489580273628235,0.5810199975967407
_,8341,0.531845211982727,0.4470578134059906,0.16028515994548798,0.40032273530960083,0.8625688622395198,0.41032272577285767,0.0
_,8343,0.53264981508255,0.4472261667251587,0.16067476570606232,0.40080803632736206,0.8619732733070851,0.4108079969882965,0.0
T,8344,0.6085343360900879,0.4821172058582306,0.1830327957868576,0.4025706350803375,0.6433331166060331,0.43910732865333557,0.10681520402431488
S,8350,0.503082275390625,0.49822866916656494,0.15351596474647522,0.35744041204452515,0.6690128457422059,0.42793703079223633,0.05561823770403862
X,8354,0.6164310574531555,0.48939311504364014,0.18416933715343475,0.4006272852420807,0.6104965584286645,0.44338420033454895,0.1112116277217865
_,8357,0.5327549576759338,0.4472481310367584,0.16072577238082886,0.40087124705314636,0.8618558545907339,0.4108712077140808,0.0
X,8359,0.5927863717079163,0.48950058221817017,0.17735786736011505,0.3933882713317871,0.6537161891243887,0.43925511837005615,0.10197532922029495
N,8372,0.6209424734115601,0.4924964904785156,0.1814713478088379,0.3930872082710266,0.6195462027963853,0.44312503933906555,0.09018246829509735
X,8374,0.54817795753479,0.4658888876438141,0.16831745207309723,0.4093281626701355,0.6651002531052291,0.414633572101593,0.5668904185295105
S,8375,0.568311333656311,0.4996817708015442,0.16698725521564484,0.37101709842681885,0.6172310140513583,0.43857744336128235,0.061738740652799606
T,8377,0.549599289894104,0.4856767952442169,0.17037329077720642,0.40433451533317566,0.6395693563149932,0.4245508313179016,0.30071622133255005
_,8379,0.5331783890724182,0.4473361372947693,0.16093173623085022,0.40112394094467163,0.8609753892819088,0.4111239016056061,0.0
S,8383,0.4949018061161041,0.513431191444397,0.14642471075057983,0.34649309515953064,0.6088010682636135,0.42459413409233093,0.09411247074604034
_,8393,0.5318620800971985,0.4470614194869995,0.16029320657253265,0.4003332257270813,0.8627120075623195,0.4103332459926605,0.0
N,8398,0.6074532270431519,0.48303401470184326,0.17845356464385986,0.39353078603744507,0.6689128391145641,0.43886396288871765,0.05556732416152954
T,8402,0.5506238341331482,0.45931488275527954,0.16948363184928894,0.41100749373435974,0.7118368168117438,0.418376088142395,0.5762599110603333
T,8403,0.6588874459266663,0.4836357831954956,0.1928679645061493,0.40970128774642944,0.6455204455514225,0.4497002363204956,0.0662924274802208
S,8420,0.512046217918396,0.5033115744590759,0.15695761144161224,0.3555904030799866,0.6545113864292702,0.4350713789463043,0.04302883520722389
S,8421,0.4969152808189392,0.515588104724884,0.14658886194229126,0.3510056138038635,0.5766128823881931,0.41932299733161926,0.13281355798244476
_,8426,0.5317090749740601,0.4470292329788208,0.16021935641765594,0.4002401828765869,0.8625739587346714,0.41024017333984375,0.0
S,8440,0.49042969942092896,0.5004950165748596,0.1487092226743698,0.3552694618701935,0.670658383773019,0.4222719669342041,0.08329234272241592
X,8445,0.548244297504425,0.46716341376304626,0.16835078597068787,0.40931546688079834,0.6702228588495928,0.41419345140457153,0.5678538084030151
N,8451,0.5543283224105835,0.5033138990402222,0.17196553945541382,0.4091351628303528,0.6092586356658528,0.42390358448028564,0.3821363151073456
_,8468,0.5322996377944946,0.4471530318260193,0.16050507128238678,0.40059739351272583,0.8624361244837444,0.4105973243713379,0.0
_,8470,0.5316478610038757,0.44701650738716125,0.16018958389759064,0.400203675031662,0.8627407437562943,0.4102036654949188,0.0
_,8474,0.5317644476890564,0.4470408856868744,0.16024601459503174,0.4002740681171417,0.8626207951207956,0.41027402877807617,0.0
X,8475,0.5554856657981873,0.46618562936782837,0.17188189923763275,0.4135758578777313,0.7099501968412764,0.4190983474254608,0.5771288871765137
T,8476,0.6356687545776367,0.4846130609512329,0.19097395241260529,0.41065749526023865,0.6251475903410271,0.4465212821960449,0.11580666154623032
N,8477,0.5818884372711182,0.505212128162384,0.18363915383815765,0.4169950783252716,0.6038914924561808,0.43409961462020874,0.37047651410102844
X,8483,0.5692763328552246,0.4957357943058014,0.17663969099521637,0.4020336866378784,0.6202504085345815,0.4361321032047272,0.21689385175704956
_,8489,0.5328824520111084,0.4472748339176178,0.16078747808933258,0.40094825625419617,0.8620328891277313,0.4109482169151306,0.0
_,8494,0.5316697359085083,0.4470209777355194,0.16020025312900543,0.4002166986465454,0.8626013592382272,0.41021668910980225,0.0
N,8510,0.5591588020324707,0.4871465265750885,0.16991738975048065,0.3914119601249695,0.6706791237322614,0.4329273998737335,0.1263696253299713
X,8525,0.5470128059387207,0.4648314416408539,0.16774305701255798,0.40864530205726624,0.7005965349231459,0.41408053040504456,0.570586621761322
S,8530,0.47846391797065735,0.5191570520401001,0.14210005104541779,0.3448406159877777,0.594374794329245,0.4157857596874237,0.13410982489585876
N,8538,0.5746314525604248,0.4908396601676941,0.1726088523864746,0.39576271176338196,0.637324166341147,0.432809978723526,0.17588339745998383
N,8546,0.5546885132789612,0.4894431531429291,0.16962432861328125,0.3982295095920563,0.6429187839350198,0.4271881878376007,0.23409591615200043
_,8552,0.5317405462265015,0.4470353424549103,0.16023533046245575,0.4002569019794464,0.8609185717006524,0.41025689244270325,0.0
S,8561,0.5477237105369568,0.49919185042381287,0.15882658958435059,0.36042043566703796,0.6201112448507532,0.4309733808040619,0.054747309535741806
X,8564,0.547359049320221,0.49149343371391296,0.16747476160526276,0.39283275604248047,0.617522807548133,0.4258451461791992,0.21244093775749207
_,8565,0.5315531492233276,0.4469960629940033,0.1601446121931076,0.4001437723636627,0.8610833172996839,0.41014373302459717,0.0
_,8568,0.5310381054878235,0.44688811898231506,0.15989550948143005,0.3998323678970337,0.8612776420513789,0.40983232855796814,0.0
S,8569,0.4876870810985565,0.5166592597961426,0.14308013021945953,0.34331220388412476,0.5997301545809145,0.4191334843635559,0.11145289242267609
X,8570,0.5516573190689087,0.4644814729690552,0.17002080380916595,0.4114517867565155,0.6699750593962623,0.4176097810268402,0.5616838335990906
T,8582,0.5466517210006714,0.46060386300086975,0.16754573583602905,0.40857574343681335,0.6940754510447611,0.4151729941368103,0.5785044431686401
T,8590,0.5502764582633972,0.4583689570426941,0.16930951178073883,0.4109247922897339,0.7211360176118974,0.41879504919052124,0.5607771277427673
T,8592,0.6522576808929443,0.4853914976119995,0.1937452256679535,0.41073787212371826,0.6360343899028764,0.4496457278728485,0.08963200449943542
X,8602,0.5497129559516907,0.46625322103500366,0.1690632849931717,0.41014808416366577,0.6872957880190734,0.4151862859725952,0.5761091709136963
N,8608,0.6080525517463684,0.4986414611339569,0.1841438114643097,0.409180611371994,0.621137030547155,0.4394998550415039,0.25168585777282715
T,8617,0.5555970668792725,0.4673510491847992,0.17195934057235718,0.41369444131851196,0.6154452016620963,0.4194272458553314,0.5578231811523438
_,8628,0.5314021706581116,0.4469643831253052,0.16007162630558014,0.40005239844322205,0.8610497871538004,0.4100523889064789,0.0
N,8658,0.5589534640312195,0.48778238892555237,0.16925963759422302,0.39325210452079773,0.6517245088762138,0.4300619661808014,0.16405914723873138
X,8661,0.5493671298027039,0.4661777913570404,0.16889351606369019,0.40995609760284424,0.6863835187109241,0.41501742601394653,0.5751881003379822
_,8668,0.5321065187454224,0.4471118152141571,0.16041268408298492,0.4004773497581482,0.8606865038474402,0.41047734022140503,0.0
X,8672,0.5613712668418884,0.4871461093425751,0.17483805119991302,0.4159577786922455,0.4154889158229768,0.4146597683429718,0.5820373892784119
_,8677,0.5310876965522766,0.44689860939979553,0.1599193811416626,0.3998626172542572,0.8613002261022727,0.40986260771751404,0.0
N,8684,0.6197659373283386,0.4914896786212921,0.18362128734588623,0.39588725566864014,0.6449336325292583,0.4480800926685333,0.06555352360010147
N,8718,0.578770101070404,0.4911433160305023,0.17309865355491638,0.3959712088108063,0.6340197591580446,0.4320828914642334,0.18365684151649475
S,8721,0.5363756418228149,0.5017905235290527,0.16218045353889465,0.3600987493991852,0.6417914970715841,0.43839389085769653,0.03441604599356651
T,8725,0.5625683665275574,0.4918699264526367,0.1754673570394516,0.41705623269081116,0.6079089794465593,0.4224782884120941,0.4797024726867676
N,8726,0.5916253924369812,0.48552170395851135,0.17402532696723938,0.38826969265937805,0.6587556815347732,0.4362076222896576,0.06568566709756851
N,8729,0.6159300804138184,0.48970866203308105,0.18163608014583588,0.39623022079467773,0.6463763475037195,0.44325757026672363,0.08883664011955261
X,8745,0.5493407845497131,0.4632508456707001,0.1688661426305771,0.4100714325904846,0.6947230772496793,0.41604098677635193,0.5772584080696106
T,8760,0.5544533133506775,0.463880330324173,0.1713722050189972,0.41305023431777954,0.6768110997015174,0.41920241713523865,0.578420877456665
T,8765,0.631040632724762,0.4871862828731537,0.19258487224578857,0.4142351746559143,0.604092368434843,0.4475111961364746,0.15663516521453857
T,8768,0.58014976978302,0.4840710461139679,0.17884458601474762,0.4051538407802582,0.6458790190936998,0.43622907996177673,0.1776847392320633
T,8781,0.5548804998397827,0.4689715802669525,0.17159777879714966,0.4131445288658142,0.5217170786580149,0.41786709427833557,0.5723282694816589
X,8786,0.5517268776893616,0.46362701058387756,0.170042023062706,0.4116261601448059,0.688802150797989,0.41828349232673645,0.5519892573356628
N,8795,0.5517680048942566,0.4849994480609894,0.16773705184459686,0.3889061510562897,0.6598605987623645,0.4300245940685272,0.1177748292684555
T,8812,0.5500436425209045,0.4906529486179352,0.16949094831943512,0.4083361029624939,0.6282639150700804,0.41945287585258484,0.4065667688846588
N,8822,0.7021540403366089,0.49248525500297546,0.2004135698080063,0.4076574444770813,0.6113693969557183,0.4587036371231079,0.05041772872209549
T,8825,0.5582008957862854,0.4717794954776764,0.17323002219200134,0.4149092733860016,0.5309898763733024,0.4187985956668854,0.5782068371772766
S,8841,0.5143536925315857,0.5002000331878662,0.15550367534160614,0.35781994462013245,0.6488481246990463,0.42935711145401,0.05843181908130646
T,8844,0.5429088473320007,0.4577586352825165,0.16570910811424255,0.40640345215797424,0.7204560871476618,0.4134856164455414,0.5885547995567322
N,8845,0.5400122404098511,0.48514410853385925,0.16548475623130798,0.39174267649650574,0.6886092791271707,0.42622002959251404,0.17225567996501923
_,8858,0.5317748188972473,0.44704246520996094,0.16025200486183167,0.40027737617492676,0.8609002816677094,0.4102773666381836,0.0
N,8870,0.583102822303772,0.49426159262657166,0.17649857699871063,0.3973832428455353,0.6243528346249969,0.4374696612358093,0.16888383030891418
N,8871,0.5719921588897705,0.4871554672718048,0.1722007542848587,0.3891209065914154,0.6726676899958208,0.43417298793792725,0.1005968526005745
X,8875,0.574292004108429,0.486352801322937,0.17336855828762054,0.39551886916160583,0.6260505110553156,0.4297189712524414,0.1732531189918518
T,8879,0.5396398305892944,0.45665112137794495,0.1641235202550888,0.4044722616672516,0.7283643543715305,0.41170087456703186,0.5867360830307007
X,8880,0.5906072854995728,0.4846651256084442,0.17762307822704315,0.3959812819957733,0.6444935639924371,0.4369111955165863,0.10272524505853653
T,8886,0.5452619194984436,0.4602971076965332,0.1668785810470581,0.4077354967594147,0.7341661270013234,0.4143817126750946,0.5753620266914368
X,8901,0.544613778591156,0.4631279706954956,0.16657567024230957,0.4071304202079773,0.6976096972398712,0.41257092356681824,0.5835506319999695
X,8902,0.5782588720321655,0.4883613586425781,0.17238762974739075,0.3908425569534302,0.6093491725072575,0.428946852684021,0.15631215274333954
S,8908,0.5026777982711792,0.5025411248207092,0.15008199214935303,0.3545166552066803,0.6528288110190382,0.4214480221271515,0.09239689260721207
N,8909,0.5988418459892273,0.4907495677471161,0.1793709099292755,0.39210250973701477,0.6500309538850949,0.4409281015396118,0.09019959717988968
S,8910,0.5111086964607239,0.5029158592224121,0.15222223103046417,0.35979339480400085,0.616472226746652,0.4223237633705139,0.10997878760099411
N,8929,0.6026734113693237,0.49216029047966003,0.1770414113998413,0.3911677300930023,0.6576820989749468,0.4384745955467224,0.11179915070533752
T,8931,0.584664523601532,0.48070842027664185,0.1739765852689743,0.39525696635246277,0.6650417579434967,0.42996838688850403,0.13107448816299438
T,8940,0.544987678527832,0.46056249737739563,0.16675427556037903,0.4076903462409973,0.7165255793948503,0.414750874042511,0.550418496131897
T,8957,0.5908213257789612,0.4890371263027191,0.1840822398662567,0.4074363112449646,0.6211449810416283,0.4378109276294708,0.20895995199680328
_,8960,0.5260896682739258,0.4458499252796173,0.15750311315059662,0.39683571457862854,0.8664407507081827,0.406835675239563,0.0
N,8961,0.6129034757614136,0.483945369720459,0.1798340082168579,0.39388805627822876,0.6522093815653353,0.4382947087287903,0.06926409155130386
_,8969,0.5268600583076477,0.4460117816925049,0.1578751653432846,0.3973032236099243,0.8659143397212029,0.4073031544685364,0.0
_,8971,0.527001142501831,0.4460413157939911,0.15794339776039124,0.3973885774612427,0.8658269460002582,0.4073885679244995,0.0
_,8975,0.5268244743347168,0.4460042417049408,0.15785804390907288,0.3972814083099365,0.8658569512764613,0.40728139877319336,0.0
S,8976,0.4982304573059082,0.5047934055328369,0.1486927568912506,0.35396426916122437,0.6452028977001707,0.4198516011238098,0.10595092177391052
_,8986,0.5260064601898193,0.44583243131637573,0.1574629247188568,0.3967852294445038,0.8664497209091981,0.40678519010543823,0.0
_,8993,0.5259844064712524,0.44582775235176086,0.1574523001909256,0.396771639585495,0.8663952111204466,0.40677160024642944,0.0
_,8994,0.5260015726089478,0.44583144783973694,0.1574605107307434,0.3967823386192322,0.8664452262719473,0.406782329082489,0.0
_,9000,0.5260633230209351,0.445844441652298,0.15749038755893707,0.3968196213245392,0.866431820789973,0.406819611787796,0.0
T,9008,0.6402877569198608,0.4867425560951233,0.194102942943573,0.4126504361629486,0.6153808316844516,0.4485751688480377,0.12819431722164154
T,9010,0.5558871626853943,0.4924285113811493,0.17218250036239624,0.41319483518600464,0.6277639795427967,0.4132230281829834,0.5353268980979919
S,9011,0.5982196927070618,0.5018921494483948,0.17513412237167358,0.37508702278137207,0.599199150479811,0.4447334408760071,0.057743385434150696
T,9015,0.5468640327453613,0.46214500069618225,0.1676841527223587,0.4087476432323456,0.6870634944413724,0.4156941771507263,0.542043149471283
N,9023,0.6026021242141724,0.49028870463371277,0.1798190027475357,0.3928814232349396,0.6530691147423446,0.44340038299560547,0.07538479566574097
S,9025,0.5041549801826477,0.5026484131813049,0.1518634855747223,0.3552108705043793,0.6393872284252818,0.4252704977989197,0.07916302978992462
_,9027,0.5259434580802917,0.44581910967826843,0.15743261575698853,0.39674657583236694,0.866414011369149,0.4067465662956238,0.0
N,9035,0.6196979284286499,0.49841776490211487,0.18381105363368988,0.4053160846233368,0.6165993979969456,0.43873515725135803,0.22833512723445892
S,9044,0.4973551034927368,0.5117302536964417,0.14635291695594788,0.34555694460868835,0.6146792706952087,0.4234555661678314,0.08981482684612274
_,9048,0.5266785621643066,0.44597378373146057,0.15778738260269165,0.3971935510635376,0.8660994050403437,0.40719354152679443,0.0
N,9051,0.566248893737793,0.4873533248901367,0.17307578027248383,0.39371001720428467,0.6718675386024795,0.43354177474975586,0.136310413479805
X,9060,0.5485016107559204,0.4643101692199707,0.1684795618057251,0.4094814956188202,0.6878114734067261,0.4150969386100769,0.574535071849823
X,9061,0.5461079478263855,0.4625859558582306,0.16729871928691864,0.40809983015060425,0.6783489679306028,0.4139460027217865,0.5800997018814087
S,9068,0.5416430830955505,0.504817545413971,0.15780940651893616,0.3674921989440918,0.6260863843815484,0.4257396161556244,0.13239537179470062
T,9073,0.6059682369232178,0.4966943562030792,0.18827375769615173,0.4150436818599701,0.6283080433185145,0.4404275119304657,0.28259941935539246
_,9084,0.526153564453125,0.44586339592933655,0.15753385424613953,0.39687469601631165,0.8664266606668631,0.4068746864795685,0.0
S,9086,0.4966137707233429,0.5001097917556763,0.15128691494464874,0.352304071187973,0.697289740430812,0.42873162031173706,0.04524417221546173
T,9103,0.5526789426803589,0.487752228975296,0.17127910256385803,0.40383535623550415,0.652713480356227,0.4269590377807617,0.27838847041130066
N,9116,0.5532032251358032,0.49910634756088257,0.17054587602615356,0.4079989194869995,0.6071287063987741,0.41824406385421753,0.41589033603668213
_,9128,0.5260276198387146,0.4458368420600891,0.1574731320142746,0.39679795503616333,0.8664301353196303,0.40679794549942017,0.0
_,9132,0.5264535546302795,0.4459264874458313,0.15767866373062134,0.3970569968223572,0.8662191524604956,0.407056987285614,0.0
S,9137,0.47730115056037903,0.4996667504310608,0.1431283801794052,0.3487943112850189,0.691350909161071,0.4175015985965729,0.07825589925050735
N,9141,0.6139833927154541,0.48478803038597107,0.1804225742816925,0.39476630091667175,0.6450080443199113,0.43867555260658264,0.0786774754524231
N,9146,0.5645365715026855,0.4822072386741638,0.16971708834171295,0.3860883116722107,0.6824732417537598,0.43230146169662476,0.06126073747873306
T,9149,0.5466303825378418,0.45875856280326843,0.16756582260131836,0.4086989462375641,0.720890665417913,0.4166055917739868,0.536225438117981
X,9159,0.5467554330825806,0.463108628988266,0.16761977970600128,0.4085097312927246,0.7048608256981561,0.4144060015678406,0.5732606649398804
X,9163,0.6170278191566467,0.4869851768016815,0.18283602595329285,0.399348646402359,0.6205783954972868,0.44035425782203674,0.11120174080133438
N,9165,0.5597869753837585,0.4837092161178589,0.16638916730880737,0.3813653588294983,0.6788188682095886,0.4289511442184448,0.07035762816667557
S,9167,0.5166792273521423,0.4973352253437042,0.15306034684181213,0.35872799158096313,0.6201694374484942,0.4245844781398773,0.07216749340295792
S,9170,0.48081400990486145,0.5022077560424805,0.1457657814025879,0.34433966875076294,0.6993664594118795,0.42439502477645874,0.046374257653951645
S,9172,0.5395986437797546,0.5020410418510437,0.15996161103248596,0.3659743368625641,0.6122459100956137,0.43100109696388245,0.0912790298461914
S,9186,0.515473484992981,0.4991414546966553,0.15338967740535736,0.35852450132369995,0.6135561162186787,0.4249923825263977,0.07761698216199875
X,9188,0.6009738445281982,0.4863952100276947,0.1796899139881134,0.39897722005844116,0.629092696136795,0.43710893392562866,0.1338731348514557
_,9189,0.5261198282241821,0.44585633277893066,0.15751755237579346,0.39685437083244324,0.8666640040775141,0.4068543612957001,0.0
_,9192,0.5261450409889221,0.4458616375923157,0.15752971172332764,0.39686962962150574,0.8666691288848719,0.4068695902824402,0.0
_,9205,0.5261002779006958,0.44585227966308594,0.15750804543495178,0.39684250950813293,0.8666921763618788,0.40684249997138977,0.0
_,9206,0.5261420607566833,0.4458610713481903,0.15752817690372467,0.3968680202960968,0.8667503385742505,0.40686801075935364,0.0
T,9232,0.5419723391532898,0.4570823311805725,0.16526846587657928,0.4059351086616516,0.7342166402646885,0.4134892523288727,0.5679619908332825
N,9233,0.6087888479232788,0.49114492535591125,0.18168769776821136,0.39924994111061096,0.6346345952018071,0.4406873285770416,0.13758547604084015
_,9235,0.5267189145088196,0.44598227739334106,0.15780670940876007,0.39721837639808655,0.8663840582966805,0.4072183668613434,0.0
_,9240,0.5270306468009949,0.44604772329330444,0.15795736014842987,0.39740732312202454,0.8661923594772817,0.40740731358528137,0.0
X,9253,0.5525428652763367,0.492334246635437,0.16954773664474487,0.3923824727535248,0.654032407643584,0.42953285574913025,0.18624316155910492
N,9254,0.5492767691612244,0.49134400486946106,0.16882355511188507,0.39668452739715576,0.6299646494436699,0.4272069036960602,0.23019199073314667
T,9263,0.5451112985610962,0.45984023809432983,0.16681630909442902,0.40762239694595337,0.7133197072016386,0.41439133882522583,0.5759430527687073
X,9285,0.5403465032577515,0.4634605944156647,0.16451281309127808,0.4045756161212921,0.7021338320269327,0.40973326563835144,0.5757550597190857
N,9288,0.5918982625007629,0.4830845892429352,0.17795492708683014,0.3917419910430908,0.6748942970670275,0.4400154948234558,0.037369728088378906
X,9291,0.5449271202087402,0.4644503891468048,0.16673867404460907,0.407227098941803,0.6629564388829385,0.412218302488327,0.58394855260849
N,9293,0.5339181423187256,0.49141353368759155,0.16242963075637817,0.39150965213775635,0.6055642090881399,0.42065536975860596,0.24392542243003845
S,9294,0.505608856678009,0.5046405792236328,0.14745353162288666,0.3545737862586975,0.6002508521443816,0.4177921414375305,0.11667338758707047
_,9303,0.5267834663391113,0.44599583745002747,0.15783794224262238,0.3972574770450592,0.8663588253160318,0.4072574973106384,0.0
T,9311,0.5519231557846069,0.4900026023387909,0.17022919654846191,0.4112655222415924,0.6520770504449805,0.4169866442680359,0.4699210226535797
N,9320,0.5974893569946289,0.48908376693725586,0.1752263456583023,0.3918507397174835,0.6430094106467853,0.43496280908584595,0.12199869006872177
N,9330,0.5605167746543884,0.4820408225059509,0.16779319941997528,0.3848298490047455,0.6801003336764795,0.42922043800354004,0.076896071434021
_,9349,0.5265446901321411,0.44594570994377136,0.15772254765033722,0.397112637758255,0.8665270513296128,0.40711259841918945,0.0
N,9351,0.5629122853279114,0.4842130243778229,0.17051652073860168,0.3905545175075531,0.673399934725021,0.43215426802635193,0.10663974285125732
X,9353,0.5454296469688416,0.46450838446617126,0.1669793725013733,0.40765899419784546,0.691792980077662,0.41299787163734436,0.5728081464767456
T,9354,0.5756097435951233,0.4846467077732086,0.17761215567588806,0.4031674265861511,0.6389603607496247,0.4320944547653198,0.20426850020885468
T,9358,0.539778470993042,0.45668092370033264,0.16419070959091187,0.40455272793769836,0.7284653231379646,0.41177594661712646,0.5871511697769165
T,9370,0.5466260313987732,0.4622699022293091,0.16755442321300507,0.40841537714004517,0.7197656477324927,0.4144158661365509,0.5799130201339722
S,9377,0.5439497232437134,0.5014530420303345,0.15739336609840393,0.3603719174861908,0.6441481590564218,0.4302624464035034,0.0714246854186058
_,9378,0.52711021900177,0.4460643529891968,0.15799593925476074,0.3974551856517792,0.8659975122908752,0.407455176115036,0.0
S,9384,0.5019524097442627,0.5057734251022339,0.14543642103672028,0.345188707113266,0.6512149118014592,0.4224173426628113,0.07089748978614807
T,9389,0.5471920967102051,0.4628013074398041,0.1678372323513031,0.408707857131958,0.6203300695751637,0.41457533836364746,0.5798735022544861
T,9392,0.5507572293281555,0.4689618945121765,0.16959841549396515,0.4106098413467407,0.5007408519230376,0.4148889482021332,0.5745412111282349
X,9398,0.5674664378166199,0.48903030157089233,0.17044426500797272,0.38605108857154846,0.6198130902892445,0.4302266240119934,0.1216002106666565
_,9419,0.5268580317497253,0.4460114538669586,0.1578739732503891,0.3973025679588318,0.8663586320976416,0.4073025584220886,0.0
S,9426,0.4879764914512634,0.5080716609954834,0.14179588854312897,0.3401049077510834,0.6561784504608659,0.4205198287963867,0.06982013583183289
T,9427,0.5649933815002441,0.495452344417572,0.17664775252342224,0.4183713495731354,0.6244604462935726,0.41704097390174866,0.5530052185058594
X,9433,0.5459827184677124,0.46543580293655396,0.16724564135074615,0.4080319106578827,0.6956652329706898,0.41329506039619446,0.5669217705726624
X,9444,0.5512115359306335,0.4682001769542694,0.16980235278606415,0.41102921962738037,0.5931257067271508,0.41578754782676697,0.5692011117935181
S,9451,0.47993165254592896,0.5030726194381714,0.14451943337917328,0.34899094700813293,0.6673655130978053,0.4205358922481537,0.07936075329780579
T,9452,0.6239827871322632,0.48796117305755615,0.19075478613376617,0.4088917076587677,0.6273052760341671,0.4487507939338684,0.10975363850593567
T,9459,0.5916923880577087,0.4830121099948883,0.1788782924413681,0.40377527475357056,0.6560536598643133,0.43595731258392334,0.1598481684923172
_,9478,0.5309543609619141,0.44687095284461975,0.15985433757305145,0.39978355169296265,0.862753510226806,0.4097835123538971,0.0
N,9480,0.577321469783783,0.48914897441864014,0.17318855226039886,0.39021986722946167,0.6705265686675315,0.43696072697639465,0.09995833039283752
X,9501,0.6072171926498413,0.4923330843448639,0.18386925756931305,0.40135183930397034,0.6405184752278729,0.44459089636802673,0.128193199634552
X,9506,0.5435075759887695,0.4632638692855835,0.16603811085224152,0.4065799117088318,0.7049663113507753,0.41222506761550903,0.570582389831543
N,9523,0.5644339919090271,0.4881966710090637,0.16768786311149597,0.3908660411834717,0.6511442997748281,0.42558956146240234,0.18437059223651886
_,9536,0.5302626490592957,0.446725994348526,0.15951968729496002,0.39936545491218567,0.8631533232827981,0.4093654751777649,0.0
X,9548,0.5515244603157043,0.4641087055206299,0.1699386090040207,0.41133779287338257,0.7162733702383897,0.41725337505340576,0.5753593444824219
X,9553,0.5512205958366394,0.47162821888923645,0.16982384026050568,0.4106817841529846,0.576531544806453,0.41378897428512573,0.58259117603302
_,9562,0.5302218794822693,0.44671738147735596,0.15950007736682892,0.3993404805660248,0.863001033216715,0.40934044122695923,0.0
X,9564,0.586734414100647,0.4886907935142517,0.17480050027370453,0.3932115137577057,0.6062538334389683,0.43208199739456177,0.14881113171577454
N,9568,0.5738145112991333,0.4949619770050049,0.17519399523735046,0.39809128642082214,0.615090704515751,0.4331987798213959,0.20674054324626923
T,9576,0.5569361448287964,0.48805564641952515,0.17283575236797333,0.40742188692092896,0.6215263187916329,0.42557528614997864,0.3287029564380646
T,9577,0.5651224851608276,0.49029216170310974,0.17668600380420685,0.4182920455932617,0.6038013765302458,0.4172039330005646,0.5701434016227722
S,9584,0.47898000478744507,0.5032352805137634,0.14409931004047394,0.34851202368736267,0.6706690353263791,0.4202426075935364,0.0795949324965477
T,9588,0.6493066549301147,0.4873705208301544,0.1956004649400711,0.4130350649356842,0.612802357231194,0.4528099000453949,0.09647959470748901
_,9590,0.5301079154014587,0.4466935396194458,0.15944483876228333,0.39927175641059875,0.8632177778581779,0.4092717468738556,0.0
T,9592,0.6214864253997803,0.48714202642440796,0.18730807304382324,0.4094284772872925,0.6470521129578023,0.4432668089866638,0.16074566543102264
X,9606,0.5455613136291504,0.46445485949516296,0.16704222559928894,0.4078657627105713,0.6750580833336184,0.41368669271469116,0.5569681525230408
N,9620,0.5533246397972107,0.4999472200870514,0.17090721428394318,0.4122456908226013,0.6021162280921514,0.41706061363220215,0.4684829115867615
N,9621,0.563039243221283,0.5061569213867188,0.17569635808467865,0.41751477122306824,0.6011744086554973,0.4157470166683197,0.5260695219039917
T,9625,0.560084879398346,0.4934943616390228,0.17421282827854156,0.4160410761833191,0.6095773442378171,0.4175824224948883,0.5201113224029541
_,9645,0.5311583876609802,0.44691357016563416,0.1599532514810562,0.3999062180519104,0.8625413611531259,0.40990620851516724,0.0
T,9647,0.5691651701927185,0.4862644672393799,0.17392925918102264,0.4028576910495758,0.6367267399250705,0.4276041090488434,0.25576192140579224
N,9658,0.5516959428787231,0.4845922589302063,0.16423256695270538,0.3856453001499176,0.6717057282079866,0.42454537749290466,0.1372663527727127
X,9667,0.5616866946220398,0.4851178228855133,0.16996997594833374,0.39310064911842346,0.6443862107834624,0.4279801845550537,0.16402100026607513
X,9672,0.5488893985748291,0.46561309695243835,0.16866250336170197,0.40976613759994507,0.6862656936818046,0.4152369201183319,0.5662105083465576
_,9685,0.5301629304885864,0.4467051327228546,0.15947146713733673,0.3993050158023834,0.8631579619646073,0.40930497646331787,0.0
_,9687,0.5310052633285522,0.44688162207603455,0.15987898409366608,0.399814248085022,0.8627911421159904,0.4098142385482788,0.0
_,9693,0.531182587146759,0.44691869616508484,0.1599649041891098,0.3999210298061371,0.8626113860309125,0.4099210202693939,0.0
S,9694,0.4742184579372406,0.5012372732162476,0.14249476790428162,0.34568488597869873,0.7116846084098022,0.42030733823776245,0.06230941787362099
X,9697,0.6518262624740601,0.49261942505836487,0.19261649250984192,0.4056455194950104,0.6126286208352637,0.4519228935241699,0.09665410965681076
S,9698,0.5712200403213501,0.5005748867988586,0.1641637682914734,0.36683517694473267,0.6413525227851642,0.4360387623310089,0.06276010721921921
N,9701,0.5745716094970703,0.4840298593044281,0.1709425151348114,0.3915160000324249,0.6622228355452535,0.42974695563316345,0.12983666360378265
S,9702,0.49673300981521606,0.5142987966537476,0.14660602807998657,0.3500193953514099,0.5794854812085396,0.41923967003822327,0.1256408542394638
_,9724,0.5310079455375671,0.44688206911087036,0.1598803997039795,0.3998154401779175,0.862578355918328,0.4098154306411743,0.0
N,9728,0.6016484498977661,0.4871872067451477,0.1762804239988327,0.39201995730400085,0.6428665025868395,0.4351808726787567,0.10734677314758301
_,9731,0.530224621295929,0.4467180371284485,0.15950126945972443,0.39934250712394714,0.8631961645682653,0.4093424677848816,0.0
X,9733,0.6131753325462341,0.49081966280937195,0.18472422659397125,0.3982239365577698,0.6356912451496465,0.44629839062690735,0.08524835109710693
N,9736,0.5408443808555603,0.4906580150127411,0.16368386149406433,0.38829725980758667,0.6492123502244552,0.42111721634864807,0.21366290748119354
X,9753,0.5784657001495361,0.4909570813179016,0.1764390915632248,0.39655154943466187,0.6346088385904053,0.43284711241722107,0.18035079538822174
N,9758,0.5383495092391968,0.4796765148639679,0.16042862832546234,0.3779762387275696,0.6989241307593572,0.4210340678691864,0.08450570702552795
N,9766,0.5510749816894531,0.4889660179615021,0.1649007946252823,0.3887661397457123,0.6447290111123342,0.42161810398101807,0.20569396018981934
_,9769,0.5163957476615906,0.44380515813827515,0.15283426642417908,0.3909141719341278,0.8730614685515563,0.40091416239738464,0.0
N,9771,0.5861777663230896,0.4915638267993927,0.17546440660953522,0.39767345786094666,0.6275855269262562,0.4302702844142914,0.2115379422903061
_,9781,0.5172172784805298,0.4439789056777954,0.1532292664051056,0.391417920589447,0.8726022321979205,0.40141791105270386,0.0
X,9792,0.5302794575691223,0.4605328440666199,0.159649059176445,0.3984389305114746,0.7126463258111229,0.4035321772098541,0.5819588303565979
_,9793,0.516373872756958,0.44380056858062744,0.1528237760066986,0.39090073108673096,0.8731318758924803,0.4009007215499878,0.0
N,9803,0.608301043510437,0.4872673749923706,0.178658127784729,0.38891589641571045,0.6711779868593537,0.4390391409397125,0.06250500679016113
X,9804,0.5401620864868164,0.49000611901283264,0.16393384337425232,0.3858673870563507,0.6158943797492733,0.4205212891101837,0.19801542162895203
N,9806,0.5569758415222168,0.4849523901939392,0.16731147468090057,0.384857177734375,0.6550807930203155,0.4269895553588867,0.11565973609685898
T,9807,0.5684451460838318,0.4885188937187195,0.17565125226974487,0.4090929627418518,0.6593310054662773,0.4234325587749481,0.3702942728996277
S,9810,0.4718988239765167,0.5007476806640625,0.14083541929721832,0.33969932794570923,0.6930321680506071,0.41638994216918945,0.05722593143582344
S,9826,0.4680655002593994,0.5009714961051941,0.13978983461856842,0.3391922116279602,0.7156108494227131,0.4156886041164398,0.05990826338529587
T,9830,0.5354018211364746,0.45948493480682373,0.16211861371994019,0.4016970694065094,0.7187215839397202,0.40778014063835144,0.57564777135849
T,9831,0.5330448746681213,0.4535376727581024,0.16093988716602325,0.4006330966949463,0.7304932085706,0.40867406129837036,0.5653925538063049
S,9845,0.5032623410224915,0.5010198950767517,0.15197265148162842,0.3500996232032776,0.6770193918235601,0.42624253034591675,0.052482787519693375
X,9851,0.5370668172836304,0.46235013008117676,0.16293758153915405,0.4025644063949585,0.6676851043445277,0.40777823328971863,0.5767009258270264
X,9856,0.5322079658508301,0.45928722620010376,0.16056545078754425,0.3996570110321045,0.7093253291108037,0.4052264094352722,0.5885600447654724
S,9871,0.48188671469688416,0.503548264503479,0.1431054174900055,0.3438605070114136,0.6900347756563375,0.41643884778022766,0.08177150040864944
X,9880,0.5405907034873962,0.46565452218055725,0.16466403007507324,0.4043689966201782,0.6541606447292134,0.4083399772644043,0.5892096757888794
T,9887,0.5354574918746948,0.45870840549468994,0.1621372103691101,0.4016692638397217,0.7207048441551646,0.40772104263305664,0.589945912361145
_,9889,0.516825258731842,0.44389608502388,0.15304061770439148,0.3911779820919037,0.8729277657965819,0.4011779725551605,0.0
_,9899,0.5171322822570801,0.44396087527275085,0.15318834781646729,0.3913659155368805,0.8726316139598688,0.40136587619781494,0.0
S,9905,0.5247088074684143,0.4989548325538635,0.15327928960323334,0.35605549812316895,0.6277238903082132,0.42277002334594727,0.07815040647983551
X,9911,0.5522344708442688,0.4833366572856903,0.16664892435073853,0.38741928339004517,0.6462933452567086,0.4237211346626282,0.14924070239067078
X,9918,0.6065486669540405,0.48831066489219666,0.18069051206111908,0.3920539915561676,0.6432533043149549,0.44070112705230713,0.07527004182338715
N,9925,0.5514088869094849,0.5037370920181274,0.17010155320167542,0.4098298251628876,0.6362554963034807,0.40989649295806885,0.5015887022018433
S,9928,0.4908641576766968,0.5134002566337585,0.14312134683132172,0.3474311828613281,0.5823236748532509,0.4112524688243866,0.14493025839328766
N,9935,0.5358893275260925,0.48508164286613464,0.1622665971517563,0.3867295980453491,0.6570874735934195,0.4189833700656891,0.19451667368412018
S,9937,0.4712730050086975,0.5024782419204712,0.1406881958246231,0.3420712351799011,0.7053647916267316,0.41606590151786804,0.07418585568666458
S,9981,0.4662400484085083,0.5012187957763672,0.13731545209884644,0.3456440269947052,0.6822453650770088,0.40565788745880127,0.12309659272432327
X,9998,0.5325765013694763,0.491626501083374,0.1617596447467804,0.395748108625412,0.6236123204914232,0.4145504832267761,0.32796961069107056
S,10012,0.4964659810066223,0.5005573630332947,0.1464095115661621,0.35211339592933655,0.6297120433459835,0.4148990213871002,0.1054602637887001
_,10013,0.5164018273353577,0.4438064694404602,0.1528371423482895,0.39091813564300537,0.8731849603851637,0.4009181261062622,0.0
S,10016,0.47627392411231995,0.499298095703125,0.1423577219247818,0.3459571897983551,0.6802339219146719,0.4132249653339386,0.0852934867143631
S,10017,0.5228886008262634,0.5012838840484619,0.15411077439785004,0.35998648405075073,0.6123314485505883,0.4214939773082733,0.10875894874334335
T,10026,0.5295751094818115,0.4549212157726288,0.1592656821012497,0.39841657876968384,0.7303391349959809,0.4056231379508972,0.5732279419898987
T,10036,0.5368528366088867,0.45899689197540283,0.1628144085407257,0.4025043845176697,0.7376443964598669,0.4085830748081207,0.589565634727478
_,10050,0.51646488904953,0.4438197910785675,0.15286754071712494,0.39095672965049744,0.8730242132147153,0.4009566903114319,0.0
N,10054,0.5613787770271301,0.4969198703765869,0.1702318638563156,0.3984678387641907,0.6421480787477534,0.42267000675201416,0.2954861521720886
S,10059,0.47439566254615784,0.5080094337463379,0.13681155443191528,0.33667078614234924,0.6567994472071103,0.411536306142807,0.0929064229130745
T,10063,0.5331986546516418,0.45906656980514526,0.16104480624198914,0.40030062198638916,0.7231919474643717,0.40609675645828247,0.5862616300582886
X,10071,0.5307143330574036,0.4614498019218445,0.15986236929893494,0.39869529008865356,0.6838832007775394,0.4035867154598236,0.5787361264228821
N,10074,0.5769149661064148,0.48532140254974365,0.1725500375032425,0.3850226402282715,0.667013074412874,0.4338166415691376,0.06627117097377777
_,10089,0.5179910659790039,0.4441423714160919,0.15360136330127716,0.39189210534095764,0.8718608523905278,0.4018920958042145,0.0
S,10107,0.4837353527545929,0.4989035129547119,0.14439168572425842,0.35031983256340027,0.6698499099320422,0.4132443070411682,0.09899692982435226
X,10113,0.6156638860702515,0.48709946870803833,0.1837691068649292,0.39911800622940063,0.6356089820104535,0.44019368290901184,0.11209471523761749
T,10115,0.5360276699066162,0.45627716183662415,0.16240882873535156,0.4021969437599182,0.7212312479210656,0.4093354642391205,0.5810245275497437
X,10125,0.5875535607337952,0.4848083555698395,0.1753143072128296,0.394108384847641,0.6340776286461429,0.4313223659992218,0.1393679976463318
X,10126,0.5463390946388245,0.4913780391216278,0.16757473349571228,0.39170920848846436,0.642287355180209,0.4240970313549042,0.21743561327457428
X,10146,0.5769354104995728,0.48317810893058777,0.17317648231983185,0.391238808631897,0.6490960048822065,0.43106308579444885,0.11087393760681152
_,10153,0.5171341300010681,0.44396135210990906,0.15318918228149414,0.39136719703674316,0.8723978323241075,0.4013671875,0.0
T,10159,0.5343781113624573,0.4593164026737213,0.1616164743900299,0.40100008249282837,0.7147582537128703,0.40678808093070984,0.5873013734817505
N,10163,0.5384336709976196,0.48255717754364014,0.16166222095489502,0.38110026717185974,0.7029694619821385,0.4226870834827423,0.11130208522081375
S,10166,0.4912923276424408,0.5013420581817627,0.14635787904262543,0.3524807393550873,0.6533462583025297,0.41563743352890015,0.10676191747188568
T,10172,0.5987570881843567,0.4798300266265869,0.17994560301303864,0.4001685678958893,0.6446562256023753,0.4341256618499756,0.12088368088006973
T,10175,0.5351435542106628,0.45564180612564087,0.16198380291461945,0.4017237424850464,0.7251252123764911,0.4091704189777374,0.5704324245452881
_,10189,0.5171917676925659,0.4439735412597656,0.15321695804595947,0.3914025127887726,0.8723617022236189,0.4014025032520294,0.0
N,10192,0.5470028519630432,0.5019036531448364,0.16792252659797668,0.40775832533836365,0.632864987418822,0.4070485830307007,0.5082426071166992
_,10200,0.5178486108779907,0.44411224126815796,0.15353289246559143,0.3918048143386841,0.8718643968303998,0.4018048048019409,0.0
_,10202,0.5170477628707886,0.44394299387931824,0.15314790606498718,0.39131367206573486,0.8723006599148115,0.4013136327266693,0.0
X,10217,0.6125212907791138,0.4888036251068115,0.18294823169708252,0.39468908309936523,0.6298869180308247,0.44181299209594727,0.08428815007209778
T,10221,0.5989528298377991,0.48618897795677185,0.18334434926509857,0.4023881256580353,0.6342594856683476,0.43885332345962524,0.1409907042980194
S,10226,0.5476374626159668,0.501649022102356,0.15988488495349884,0.3630920946598053,0.6262575556602193,0.4285840690135956,0.0896882563829422
S,10229,0.5048926472663879,0.5112259984016418,0.1469942331314087,0.34664225578308105,0.6084629480933169,0.4204879403114319,0.10276041179895401
_,10243,0.5171026587486267,0.44395461678504944,0.15317419171333313,0.3913476765155792,0.8723196849723658,0.40134763717651367,0.0
X,10253,0.5386962890625,0.46353578567504883,0.16373075544834137,0.4034852683544159,0.6273491609293705,0.40838727355003357,0.5783200263977051
T,10261,0.5564280152320862,0.5000008940696716,0.1725434511899948,0.41268473863601685,0.6483455961399766,0.4080560505390167,0.5607033371925354
N,10264,0.5535299777984619,0.5044733881950378,0.17112910747528076,0.4113836884498596,0.6067585420362108,0.4070449471473694,0.5414707064628601
_,10284,0.5171551704406738,0.44396576285362244,0.15319937467575073,0.3913799226284027,0.8723239292701086,0.40137988328933716,0.0
N,10286,0.5401678681373596,0.4891551733016968,0.16447031497955322,0.39054933190345764,0.6784104235330597,0.4209543764591217,0.22506602108478546
X,10289,0.533880889415741,0.46043121814727783,0.16138112545013428,0.4007398188114166,0.7095003520736767,0.40635237097740173,0.5761900544166565
S,10299,0.5016950964927673,0.5015241503715515,0.15181361138820648,0.3497362434864044,0.6736934082458417,0.4263690710067749,0.05268847569823265
T,10308,0.6181541085243225,0.4828642010688782,0.1870916783809662,0.40444985032081604,0.644062766863887,0.4426969885826111,0.09277818351984024
_,10311,0.517041027545929,0.4439416527748108,0.15314450860023499,0.3913100063800812,0.8724259212116401,0.4013099670410156,0.0
X,10331,0.5688838958740234,0.48554161190986633,0.16860471665859222,0.38542571663856506,0.6278830494502715,0.42430800199508667,0.14131635427474976
S,10333,0.47662732005119324,0.5016305446624756,0.14133360981941223,0.3500591516494751,0.6610868666693569,0.4090724289417267,0.1267474889755249
_,10339,0.5178383588790894,0.44411012530326843,0.15352793037891388,0.3917985260486603,0.8718600827952226,0.4017985165119171,0.0
X,10343,0.533200740814209,0.49162670969963074,0.16208431124687195,0.3959570527076721,0.6236035216040909,0.41519883275032043,0.3242959678173065
S,10365,0.4687573313713074,0.5146929025650024,0.13548655807971954,0.3360026478767395,0.6246379676209473,0.40823522210121155,0.12147293984889984
S,10369,0.49673330783843994,0.49967703223228455,0.1483822613954544,0.348234623670578,0.6957108097119878,0.42179208993911743,0.058056801557540894
X,10385,0.5799421072006226,0.48803889751434326,0.17599640786647797,0.3922645151615143,0.6412526211390893,0.4342832565307617,0.12363837659358978
X,10388,0.5558307766914368,0.4882116913795471,0.16719317436218262,0.385532408952713,0.6316017870405146,0.42620545625686646,0.1451587826013565
_,10389,0.5182577967643738,0.4441983103752136,0.15373052656650543,0.3920532763004303,0.8709875112275283,0.40205326676368713,0.0
N,10390,0.5755804777145386,0.4919348359107971,0.17090657353401184,0.3931063711643219,0.6664825481062568,0.4265337586402893,0.21019494533538818
N,10397,0.5556482672691345,0.49054354429244995,0.16777490079402924,0.3896677792072296,0.6409216359555527,0.4252154529094696,0.1911705881357193
S,10405,0.4960858225822449,0.5011347532272339,0.14850863814353943,0.34748339653015137,0.6878726325680813,0.42297208309173584,0.05791289359331131
T,10406,0.5370146036148071,0.45984187722206116,0.1629047989845276,0.40259283781051636,0.7222880350623988,0.4085370600223541,0.5823544859886169
S,10423,0.5558797121047974,0.5012493133544922,0.16189147531986237,0.36649173498153687,0.6356799928230976,0.4334258735179901,0.0784691721200943
T,10424,0.5445556044578552,0.46058034896850586,0.1665278673171997,0.407321035861969,0.7205523866384951,0.4137983024120331,0.5763841271400452
S,10428,0.5554564595222473,0.5039741396903992,0.16205693781375885,0.36125484108924866,0.6274495362912906,0.4363268315792084,0.059603940695524216
X,10430,0.5483920574188232,0.4881584942340851,0.16765791177749634,0.3901071548461914,0.6214130673557521,0.42601925134658813,0.17617838084697723
S,10448,0.4759873151779175,0.5062456130981445,0.14225783944129944,0.34977245330810547,0.6673740740958601,0.4141427278518677,0.11988957226276398
N,10463,0.5445101857185364,0.4836576581001282,0.1622598022222519,0.3816482722759247,0.6859584098060926,0.4242379367351532,0.10906697064638138
S,10476,0.49527838826179504,0.5123313665390015,0.146474689245224,0.3455204963684082,0.6159481011490183,0.42455965280532837,0.0884120836853981
N,10480,0.5596472024917603,0.4868364632129669,0.16743247210979462,0.39119216799736023,0.6578266910305927,0.4255545735359192,0.18143875896930695
X,10504,0.5477903485298157,0.4675431549549103,0.16813911497592926,0.40886473655700684,0.6860218351273882,0.41318631172180176,0.5793833136558533
T,10506,0.5441811084747314,0.4550621509552002,0.16632503271102905,0.4073379933834076,0.7319224868637079,0.415546178817749,0.5809406638145447
X,10508,0.5444962978363037,0.46268129348754883,0.16650983691215515,0.40712499618530273,0.7015022848107523,0.4127631187438965,0.5816094875335693
N,10520,0.666217029094696,0.49453574419021606,0.1946200579404831,0.4021969735622406,0.6118300931766256,0.45477670431137085,0.06982854008674622
S,10522,0.5515387058258057,0.5018895864486694,0.16305656731128693,0.3633325695991516,0.6645844974991633,0.4359295070171356,0.05718770995736122
N,10530,0.5770567059516907,0.4921152889728546,0.1750802844762802,0.3981323838233948,0.6196682443017926,0.43205031752586365,0.20359472930431366
_,10539,0.5285173058509827,0.4463602900505066,0.15867508947849274,0.3983106017112732,0.8658531147241593,0.4083106219768524,0.0
_,10542,0.5284661054611206,0.44634950160980225,0.1586504429578781,0.39827942848205566,0.8658091450234254,0.4082794189453125,0.0
_,10557,0.5286820530891418,0.4463948607444763,0.1587546318769455,0.3984106481075287,0.8658935748537382,0.4084106385707855,0.0
X,10562,0.5508492588996887,0.46481457352638245,0.16961947083473206,0.41083648800849915,0.7161006207249739,0.41637179255485535,0.5787243843078613
N,10565,0.6504650115966797,0.49169155955314636,0.19176341593265533,0.39956772327423096,0.6308920335852842,0.45301130414009094,0.04845283925533295
N,10568,0.5588297843933105,0.48201578855514526,0.16670404374599457,0.38847506046295166,0.6833429338035057,0.4264853000640869,0.12500211596488953
S,10571,0.5218527317047119,0.4971684515476227,0.1584055870771408,0.3612981140613556,0.6814280468598009,0.4326310455799103,0.043522708117961884
X,10575,0.6563087701797485,0.4902319014072418,0.19447751343250275,0.4045904278755188,0.6162017501499698,0.4542267322540283,0.053758684545755386
_,10592,0.5285411477088928,0.44636526703834534,0.15868666768074036,0.3983249068260193,0.8658031463623047,0.40832483768463135,0.0
T,10600,0.5400407314300537,0.4567456543445587,0.16431444883346558,0.40469229221343994,0.7288159121358574,0.4118557274341583,0.5910071134567261
N,10608,0.5954053997993469,0.4911288619041443,0.1791498064994812,0.39227330684661865,0.6518837642737587,0.4414297044277191,0.09096207469701767
T,10612,0.5495661497116089,0.47168558835983276,0.16902372241020203,0.4097064137458801,0.4226748499657697,0.41274139285087585,0.5799017548561096
_,10613,0.5291469693183899,0.44649243354797363,0.15897947549819946,0.3986920118331909,0.8655608183145523,0.40869200229644775,0.0
_,10636,0.5285411477088928,0.44636526703834534,0.15868674218654633,0.3983249366283417,0.865816821952661,0.4083249270915985,0.0
T,10639,0.6366963982582092,0.4811180830001831,0.1900702267885208,0.40890347957611084,0.6480148688902652,0.44564303755760193,0.0784769132733345
X,10644,0.5492231845855713,0.4636388123035431,0.16881750524044037,0.409959077835083,0.6791875292749562,0.41579556465148926,0.5769628882408142
T,10648,0.5660054087638855,0.5001247525215149,0.17716333270072937,0.4188500642776489,0.643960960790452,0.4167332649230957,0.5477259755134583
_,10649,0.5294969081878662,0.44656577706336975,0.15914875268936157,0.39890360832214355,0.8653321730097135,0.4089035987854004,0.0
X,10653,0.5479314923286438,0.46335506439208984,0.1681869477033615,0.4092392027378082,0.6943240279301487,0.4151736795902252,0.572547972202301
S,10656,0.5374777913093567,0.5018987059593201,0.1560467928647995,0.3615374267101288,0.6184492072964107,0.4261683523654938,0.09512544423341751
N,10657,0.5948460698127747,0.4908629059791565,0.17848142981529236,0.3918367028236389,0.6554561411671845,0.4432241916656494,0.07606611400842667
X,10660,0.6007976531982422,0.4861837923526764,0.18066883087158203,0.3969213664531708,0.6372830638091546,0.4409227967262268,0.08627592027187347
_,10665,0.5295520424842834,0.4465770125389099,0.15917600691318512,0.398935467004776,0.8648899729549885,0.40893545746803284,0.0
_,10668,0.5285095572471619,0.4463585913181305,0.15867137908935547,0.39830583333969116,0.8658482284347216,0.408305823802948,0.0
_,10688,0.5296387672424316,0.4465954601764679,0.1592174470424652,0.39898934960365295,0.8652440803746383,0.4089893400669098,0.0
_,10700,0.5297920107841492,0.44662705063819885,0.15929239988327026,0.3990795612335205,0.864349765876929,0.40907949209213257,0.0
T,10708,0.5403486490249634,0.4576481282711029,0.16447342932224274,0.404806524515152,0.7191839217143813,0.4116632342338562,0.5912806391716003
_,10718,0.5285005569458008,0.44635671377182007,0.15866707265377045,0.39830029010772705,0.8658532351255418,0.4083002805709839,0.0
N,10734,0.6571641564369202,0.49264630675315857,0.19143393635749817,0.3990260660648346,0.6262084854593074,0.45263969898223877,0.055395372211933136
T,10741,0.565207302570343,0.4852316379547119,0.17652566730976105,0.40242040157318115,0.6515474704901377,0.4361583888530731,0.16464531421661377
T,10742,0.5477158427238464,0.46040430665016174,0.168068528175354,0.40919774770736694,0.7089266181761923,0.4159201681613922,0.5797984600067139
X,10743,0.5777172446250916,0.4876337945461273,0.17228074371814728,0.3881816565990448,0.6272008244798053,0.43147000670433044,0.11603593826293945
N,10761,0.5631572604179382,0.488090842962265,0.17174962162971497,0.3918645679950714,0.6596623644214439,0.4325801134109497,0.13677570223808289
N,10798,0.551667332649231,0.5029531121253967,0.17046837508678436,0.4078296720981598,0.6104480325969053,0.4181411862373352,0.41537201404571533
N,10801,0.5890173316001892,0.4858074188232422,0.17429597675800323,0.3903600573539734,0.671342885264894,0.4350268542766571,0.09052495658397675
X,10802,0.5500923991203308,0.4655343294143677,0.16925793886184692,0.41023069620132446,0.6292558499555314,0.415188729763031,0.588055431842804
N,10803,0.5634187459945679,0.4939212203025818,0.17087659239768982,0.39441752433776855,0.6493166521646148,0.43124979734420776,0.19441775977611542
N,10812,0.5461516976356506,0.4994952380657196,0.16759876906871796,0.40694954991340637,0.6061573710068479,0.41605764627456665,0.42448484897613525
T,10814,0.5825395584106445,0.4928029477596283,0.18211789429187775,0.41633063554763794,0.6043330607408037,0.4307905435562134,0.37832045555114746
S,10820,0.49572205543518066,0.5018115639686584,0.14551793038845062,0.3476032614707947,0.6194367747322153,0.4203629791736603,0.06997334212064743
S,10822,0.507436215877533,0.5021056532859802,0.15452416241168976,0.3521217107772827,0.6628647416022917,0.4313428997993469,0.04136967286467552
X,10823,0.5724567770957947,0.49231013655662537,0.17391549050807953,0.396773099899292,0.6335972363804467,0.432827889919281,0.18969783186912537
N,10829,0.5744439959526062,0.4871596395969391,0.17270523309707642,0.38924750685691833,0.6705722608995469,0.4346137046813965,0.09763236343860626
X,10835,0.608289361000061,0.48855796456336975,0.18176545202732086,0.39520612359046936,0.6309649493954688,0.44272518157958984,0.0782475695014
T,10838,0.5408130884170532,0.4577305316925049,0.16470091044902802,0.40511977672576904,0.7192263853460327,0.41207945346832275,0.5858099460601807
T,10852,0.5448868870735168,0.45772507786750793,0.1666961908340454,0.4075252115726471,0.7146185299076266,0.41479983925819397,0.586929440498352
_,10853,0.5256472826004028,0.4457566440105438,0.15728992223739624,0.39656564593315125,0.865903534690539,0.40656566619873047,0.0
S,10859,0.4967923164367676,0.5140847563743591,0.14572979509830475,0.3481198847293854,0.5769474862400239,0.4172121286392212,0.12587544322013855
_,10869,0.5256227254867554,0.44575145840644836,0.1572781354188919,0.39655056595802307,0.8658856655160586,0.4065505564212799,0.0
S,10873,0.5824155211448669,0.4983029365539551,0.1710922122001648,0.37500929832458496,0.6027128841709297,0.4402197301387787,0.060973893851041794
N,10880,0.554038941860199,0.502794623374939,0.17134369909763336,0.4121687710285187,0.6139064888322416,0.41484081745147705,0.4840810000896454
S,10883,0.5622851848602295,0.5022335648536682,0.16334399580955505,0.37130114436149597,0.63463035291233,0.4312993586063385,0.11059767752885818
N,10904,0.5402352213859558,0.4830756187438965,0.1619359850883484,0.38684511184692383,0.6778412247872135,0.4209022521972656,0.1691044420003891
_,10907,0.5256603956222534,0.4457593858242035,0.1572962999343872,0.39657366275787354,0.8658760291834673,0.40657365322113037,0.0
_,10926,0.526149332523346,0.4458622336387634,0.1575322449207306,0.396870881319046,0.8656697534024717,0.40687084197998047,0.0
N,10930,0.5426523089408875,0.4961177706718445,0.1666787564754486,0.40250006318092346,0.6637435070494273,0.41735345125198364,0.3707610070705414
X,10941,0.6323135495185852,0.48810282349586487,0.18430712819099426,0.3980168104171753,0.6180198794874013,0.44160741567611694,0.0980357825756073
N,10945,0.5926074385643005,0.48865580558776855,0.1753966510295868,0.3936147093772888,0.6252120227533305,0.43201765418052673,0.1524730771780014
_,10955,0.5257138013839722,0.44577059149742126,0.15732209384441376,0.3966059982776642,0.8658643968900045,0.40660595893859863,0.0
N,10962,0.5678077340126038,0.4894416332244873,0.168365478515625,0.3856089115142822,0.6076810298176133,0.4297853112220764,0.12559694051742554
T,10969,0.5450851917266846,0.48620128631591797,0.1674983948469162,0.4058855175971985,0.6433866326510906,0.4205933213233948,0.36235231161117554
T,10981,0.5447407364845276,0.45887473225593567,0.16662593185901642,0.40756934881210327,0.7206048832954063,0.4149538278579712,0.5576171278953552
T,10984,0.5403558611869812,0.4575997591018677,0.16448058187961578,0.40492764115333557,0.7233623293306058,0.4121183454990387,0.5726473927497864
X,10996,0.5434439778327942,0.4641374945640564,0.16601496934890747,0.4063643217086792,0.6881681142460063,0.4113716185092926,0.5825498104095459
_,10999,0.5266929864883423,0.4459764063358307,0.15779493749141693,0.39720049500465393,0.865304317176342,0.40720048546791077,0.0
S,11010,0.5415224432945251,0.5035436153411865,0.1588844358921051,0.35784822702407837,0.6211852036868853,0.4334928095340729,0.05747414380311966
N,11015,0.5567915439605713,0.5013595819473267,0.17264854907989502,0.41372576355934143,0.5999871346854828,0.41313907504081726,0.5190056562423706
T,11035,0.5604142546653748,0.4939190149307251,0.17443285882472992,0.4151819050312042,0.6123919320477581,0.4121638238430023,0.5715687274932861
_,11042,0.5258386135101318,0.445796936750412,0.15738233923912048,0.39668190479278564,0.8658117938538393,0.4066818952560425,0.0
_,11048,0.5256494879722595,0.44575706124305725,0.15729112923145294,0.39656662940979004,0.8657918683191141,0.4065666198730469,0.0
_,11052,0.5266768932342529,0.4459730088710785,0.15778714418411255,0.39719071984291077,0.8653415135045847,0.4071907103061676,0.0
N,11056,0.5572922825813293,0.4857218563556671,0.1685231477022171,0.3867782950401306,0.6865679118372403,0.43179842829704285,0.09669242054224014
S,11077,0.4987935423851013,0.5157162547111511,0.14456237852573395,0.34470561146736145,0.5928938967552313,0.41953063011169434,0.11266560107469559
N,11081,0.545482873916626,0.49849456548690796,0.16751764714717865,0.40645498037338257,0.6167482061224292,0.414113849401474,0.43676990270614624
S,11082,0.4728073179721832,0.5021108984947205,0.1414535492658615,0.34644705057144165,0.6890165959174435,0.4159899652004242,0.08587700128555298
T,11086,0.5428590178489685,0.4564160704612732,0.16569377481937408,0.40654146671295166,0.7237942803181553,0.4144692122936249,0.5607438087463379
T,11097,0.5342611074447632,0.4554901123046875,0.16156063973903656,0.40110793709754944,0.7177706332877961,0.40832197666168213,0.5842763781547546
T,11100,0.6310449242591858,0.4788627326488495,0.186245858669281,0.403106153011322,0.6441834297808237,0.43777474761009216,0.09333286434412003
N,11102,0.557286262512207,0.481302410364151,0.16770224273204803,0.38527774810791016,0.6686916557652877,0.4268660545349121,0.09402330964803696
T,11104,0.590928316116333,0.4908788204193115,0.178018257021904,0.3981468379497528,0.4685792575653007,0.4303360879421234,0.20961232483386993
N,11105,0.5361366868019104,0.48013368248939514,0.15744534134864807,0.37517955899238586,0.7014264736208133,0.41642895340919495,0.10639818012714386
N,11119,0.5365164279937744,0.48706626892089844,0.1619672179222107,0.3906954526901245,0.6493591955079077,0.4151592254638672,0.2668127417564392
N,11121,0.5506750345230103,0.48508673906326294,0.1656859666109085,0.38434672355651855,0.6589152671509267,0.42437100410461426,0.13364817202091217
T,11127,0.5387861132621765,0.48395559191703796,0.16463816165924072,0.3987208902835846,0.6450005201824631,0.41675499081611633,0.3193718492984772
S,11128,0.49904927611351013,0.49881497025489807,0.1448984593153,0.34980183839797974,0.6180021106712714,0.4131651520729065,0.0974162369966507
S,11129,0.5262198448181152,0.50004643201828,0.15178808569908142,0.3549513816833496,0.6511212538968054,0.4218108355998993,0.08378946781158447
N,11131,0.5496423244476318,0.48423025012016296,0.1643853485584259,0.38332903385162354,0.6623403369078491,0.4235014319419861,0.12906527519226074
N,11146,0.5358466506004333,0.4795791804790497,0.15986016392707825,0.3777742087841034,0.7006188292894513,0.4207395315170288,0.08527971059083939
_,11163,0.5138587355613708,0.44326773285865784,0.15161632001399994,0.38935375213623047,0.8744644804298878,0.3993537425994873,0.0
X,11180,0.5386232733726501,0.486505389213562,0.1609344631433487,0.37941908836364746,0.639077699330325,0.41841456294059753,0.1544012576341629
_,11195,0.5139738321304321,0.44329214096069336,0.15167157351970673,0.38942456245422363,0.8743655672669411,0.39942455291748047,0.0
N,11196,0.5818765759468079,0.4846864938735962,0.1723172813653946,0.38838037848472595,0.6384194139636141,0.4281552731990814,0.12514236569404602
T,11206,0.5262359976768494,0.45511963963508606,0.15765917301177979,0.39615368843078613,0.7300699615889669,0.4025653004646301,0.5982933640480042
T,11208,0.5270634889602661,0.45486727356910706,0.15805554389953613,0.39671456813812256,0.7087277942585358,0.4033534824848175,0.5954139232635498
_,11210,0.5139344334602356,0.4432837963104248,0.15165260434150696,0.389400452375412,0.8743988701204459,0.3994004428386688,0.0
N,11212,0.5656015872955322,0.4899766147136688,0.17013928294181824,0.3861798346042633,0.6611401354560319,0.42842891812324524,0.14169035851955414
T,11220,0.5329777002334595,0.461117148399353,0.1609608232975006,0.39998364448547363,0.6170435041122346,0.40495267510414124,0.587895929813385
S,11237,0.4889780282974243,0.5025274753570557,0.14695584774017334,0.3516477644443512,0.640421680752188,0.415996253490448,0.10659905523061752
N,11245,0.6349149942398071,0.4969618320465088,0.18738555908203125,0.4009534418582916,0.6041342788325653,0.44129329919815063,0.1735314130783081
T,11257,0.5674945712089539,0.4903855621814728,0.17424947023391724,0.4022592306137085,0.5148224935467686,0.4255887567996979,0.28403595089912415
S,11260,0.4937956929206848,0.4995705187320709,0.1476094126701355,0.346851110458374,0.6924582114225875,0.4209078252315521,0.05722441151738167
X,11264,0.6063789129257202,0.4878590404987335,0.18038466572761536,0.3915404975414276,0.6421836859633914,0.43964436650276184,0.07658268511295319
S,11265,0.48231106996536255,0.4992358088493347,0.14367370307445526,0.3500995337963104,0.6676201349372666,0.4130995273590088,0.10124597698450089
S,11275,0.47664517164230347,0.5026443600654602,0.1419779360294342,0.34924811124801636,0.6546674781975648,0.4103953540325165,0.12186752259731293
N,11281,0.567538321018219,0.48614227771759033,0.1685490906238556,0.3846738338470459,0.6753208483937972,0.42901334166526794,0.10672008246183395
X,11293,0.5349401831626892,0.4610353112220764,0.1619083136320114,0.4013838469982147,0.7045358425711861,0.4070546329021454,0.5693982839584351
X,11296,0.5331107974052429,0.4624277353286743,0.1610306352376938,0.39991647005081177,0.6741466748546797,0.4042406678199768,0.5934345722198486
S,11300,0.5465660691261292,0.49703580141067505,0.16132022440433502,0.36858099699020386,0.6226529557086906,0.4270486533641815,0.0982816219329834
_,11306,0.5146751403808594,0.44344067573547363,0.1520082652568817,0.38985586166381836,0.8739899973571301,0.3998558521270752,0.0
X,11313,0.574780285358429,0.4855518639087677,0.1733921319246292,0.391914427280426,0.6409417563816533,0.43095704913139343,0.1328973025083542
N,11327,0.5465104579925537,0.4957379400730133,0.16572612524032593,0.39271074533462524,0.6326795546258412,0.4179227948188782,0.2846783995628357
T,11331,0.5881759524345398,0.47899487614631653,0.17549699544906616,0.39388418197631836,0.6608796243016454,0.43043169379234314,0.10137013345956802
_,11347,0.5145029425621033,0.44340425729751587,0.15192556381225586,0.3897501230239868,0.8740943757692974,0.39975008368492126,0.0
X,11359,0.5294944643974304,0.4583192467689514,0.15925168991088867,0.39796707034111023,0.7191827749544306,0.40348613262176514,0.5955253839492798
_,11364,0.5145838260650635,0.443421334028244,0.1519644856452942,0.389799565076828,0.8739285304645698,0.39979955554008484,0.0
S,11368,0.47966980934143066,0.5022656321525574,0.14251060783863068,0.3425062894821167,0.6799037154763937,0.4153755009174347,0.0764678493142128
_,11380,0.5140517354011536,0.44330862164497375,0.1517089158296585,0.3894726037979126,0.8743785187602043,0.39947259426116943,0.0
X,11393,0.5639835596084595,0.48326924443244934,0.16806107759475708,0.38549840450286865,0.6420323702964622,0.4240047335624695,0.131376251578331
_,11404,0.5138949751853943,0.44327542185783386,0.15163370966911316,0.38937607407569885,0.8744348710775376,0.3993760645389557,0.0
_,11426,0.5146223306655884,0.44342947006225586,0.15198293328285217,0.38982319831848145,0.873950115342935,0.3998231887817383,0.0
S,11433,0.46617305278778076,0.49776357412338257,0.13815739750862122,0.34233689308166504,0.7212523818636934,0.4111749529838562,0.07539142668247223
X,11436,0.5758121609687805,0.48721468448638916,0.1729089468717575,0.39465123414993286,0.633795095718427,0.43045902252197266,0.16493073105812073
T,11449,0.5480965375900269,0.4608433246612549,0.1682608276605606,0.4094914197921753,0.7141659788999869,0.416424423456192,0.5636408925056458
N,11450,0.5698354840278625,0.49468883872032166,0.17311109602451324,0.4012904465198517,0.6157141206245069,0.4282843768596649,0.2676641643047333
_,11451,0.5311877727508545,0.44691941142082214,0.15996798872947693,0.3999224603176117,0.8611051512757938,0.4099224805831909,0.0
S,11457,0.4849717319011688,0.5018294453620911,0.14581362903118134,0.35571518540382385,0.6631612673588098,0.4169798493385315,0.11307418346405029
N,11458,0.5543811917304993,0.49945029616355896,0.17173713445663452,0.4101419448852539,0.628043414496351,0.42217227816581726,0.402680903673172
_,11461,0.5305184125900269,0.4467792809009552,0.15964393317699432,0.39951851963996887,0.8617755848169327,0.4095184803009033,0.0
S,11470,0.4971620738506317,0.5123293995857239,0.14744730293750763,0.3442654013633728,0.6309131134177248,0.4258606731891632,0.0774158462882042
_,11472,0.5313071608543396,0.44694453477859497,0.160025492310524,0.3999953866004944,0.8614325869580111,0.40999531745910645,0.0
X,11476,0.609149158000946,0.4907556176185608,0.1832481324672699,0.40159958600997925,0.6046914911268202,0.44264835119247437,0.1334875077009201
X,11477,0.5534233450889587,0.46659913659095764,0.17088407278060913,0.4122987985610962,0.6854327675428109,0.4174880087375641,0.5778462886810303
N,11484,0.5465302467346191,0.4948272407054901,0.1693379431962967,0.4004235565662384,0.627035568059946,0.4254136085510254,0.284881591796875
S,11487,0.5143954753875732,0.49991679191589355,0.15522564947605133,0.35778412222862244,0.6480440322992703,0.42863887548446655,0.06012580916285515
X,11488,0.5550915002822876,0.4657020568847656,0.17168977856636047,0.41331854462623596,0.6814606743676753,0.4188508987426758,0.5813086032867432
T,11489,0.6213566064834595,0.4841839075088501,0.1843019425868988,0.40125957131385803,0.6353293581735732,0.44142094254493713,0.09093078970909119
N,11499,0.602011501789093,0.486585408449173,0.17993734776973724,0.3900730609893799,0.653877014706183,0.4438606798648834,0.026153171434998512
N,11504,0.5910232663154602,0.4913017451763153,0.17791442573070526,0.399752676486969,0.6410678422698781,0.43715688586235046,0.17031553387641907
T,11511,0.5526959896087646,0.46173280477523804,0.17051732540130615,0.4122296869754791,0.6845057460636539,0.41950109601020813,0.550473690032959
_,11515,0.5305652022361755,0.4467889964580536,0.15966667234897614,0.3995465040206909,0.8616993740200997,0.40954649448394775,0.0
_,11532,0.5305421948432922,0.44678425788879395,0.15965551137924194,0.3995327353477478,0.8617496544619402,0.40953272581100464,0.0
T,11546,0.6984652876853943,0.48463544249534607,0.20205067098140717,0.41713619232177734,0.616211968332791,0.4555695652961731,0.06567945331335068
X,11547,0.5541487336158752,0.46548381447792053,0.17123010754585266,0.4128066599369049,0.7105517494766234,0.4184715747833252,0.5761110782623291
_,11562,0.5306002497673035,0.4467964768409729,0.15968351066112518,0.3995680809020996,0.8617647021512191,0.40956807136535645,0.0
X,11570,0.5536742806434631,0.4657455086708069,0.17099951207637787,0.4126170873641968,0.6680513405295764,0.4185080826282501,0.563532292842865
N,11574,0.5467826724052429,0.4889119565486908,0.1676819622516632,0.40007665753364563,0.640743730221875,0.42382514476776123,0.277823269367218
_,11583,0.530569851398468,0.44679006934165955,0.15966881811618805,0.3995496332645416,0.8617492071290811,0.40954962372779846,0.0
N,11591,0.6167598366737366,0.4936642646789551,0.18362271785736084,0.4049995541572571,0.621308377323757,0.4413674473762512,0.18466699123382568
_,11607,0.5306341052055359,0.4468035101890564,0.1596999168395996,0.39958837628364563,0.8616799224913121,0.40958836674690247,0.0
S,11617,0.5244178175926208,0.5038355588912964,0.1598590612411499,0.3607054054737091,0.6413470933710536,0.43466925621032715,0.06222536414861679
T,11627,0.7090908885002136,0.48653244972229004,0.20782703161239624,0.42439132928848267,0.593720822861069,0.45909756422042847,0.10389667004346848
N,11635,0.5681864023208618,0.48486873507499695,0.1721901297569275,0.39441362023353577,0.6768495932943188,0.43322306871414185,0.12777568399906158
X,11638,0.5471484065055847,0.462799072265625,0.16779975593090057,0.4087544083595276,0.6969471054499506,0.41466403007507324,0.5782789587974548
S,11642,0.4802777171134949,0.49965527653694153,0.14467866718769073,0.34979555010795593,0.6921921105186145,0.4199589192867279,0.07008199393749237
_,11645,0.5312859416007996,0.4469401240348816,0.160015270113945,0.39998239278793335,0.8614425485332807,0.4099823534488678,0.0
T,11647,0.5498266220092773,0.4595537483692169,0.16909252107143402,0.4105767607688904,0.715431001424222,0.4179297089576721,0.5691897869110107
X,11648,0.5528155565261841,0.46560320258140564,0.17057442665100098,0.4120897948741913,0.667278594965125,0.41779401898384094,0.5694080591201782
T,11661,0.5680280327796936,0.5029632449150085,0.17815323173999786,0.4198867380619049,0.6352579936285717,0.4191465377807617,0.5283687114715576
N,11665,0.5648629665374756,0.4821266829967499,0.16916166245937347,0.38618776202201843,0.6846750088153446,0.43206849694252014,0.06203724816441536
X,11666,0.5588037967681885,0.4924004375934601,0.17039696872234344,0.3942422568798065,0.6041537735218057,0.42812657356262207,0.20765584707260132
N,11668,0.5937950015068054,0.48540496826171875,0.17824648320674896,0.3918529748916626,0.6571376858785516,0.44177812337875366,0.042851392179727554
T,11671,0.5840216279029846,0.4810468554496765,0.17632587254047394,0.3987444341182709,0.6614820398312683,0.43369579315185547,0.12465741485357285
N,11677,0.5655523538589478,0.5055504441261292,0.17655934393405914,0.414479523897171,0.6035695422505282,0.42470458149909973,0.42270419001579285
T,11682,0.5769591927528381,0.48534780740737915,0.17787298560142517,0.4077985882759094,0.63351901301047,0.43240731954574585,0.24979710578918457
T,11708,0.5577142834663391,0.49179911613464355,0.1730681210756302,0.41448163986206055,0.6282918394091151,0.4158531427383423,0.5237091183662415
X,11711,0.5628741383552551,0.486061155796051,0.1702379733324051,0.38978686928749084,0.63849192682188,0.43008846044540405,0.12734080851078033
S,11713,0.5221620202064514,0.49874669313430786,0.15296918153762817,0.3563609719276428,0.6304643027243341,0.4234705865383148,0.0742349848151207
T,11730,0.5927948951721191,0.4840840697288513,0.1803874671459198,0.40034744143486023,0.6492427284363658,0.4384896159172058,0.11505541950464249
N,11732,0.5480939745903015,0.4866340756416321,0.16549161076545715,0.389840304851532,0.6546157219423913,0.4241079092025757,0.1827199012041092
N,11733,0.5428483486175537,0.4820147454738617,0.1607864797115326,0.3816455006599426,0.6924053518873795,0.42047032713890076,0.12871748208999634
_,11756,0.5227804780006409,0.44515329599380493,0.15590693056583405,0.3948208689689636,0.8684589204192162,0.40482088923454285,0.0
X,11757,0.5454621911048889,0.48752036690711975,0.1669575721025467,0.3897301256656647,0.6666685114614666,0.42596670985221863,0.17124490439891815
X,11768,0.5441364645957947,0.4638383686542511,0.16635723412036896,0.4068249464035034,0.6211957450341531,0.4121206998825073,0.5781521797180176
X,11778,0.5450534224510193,0.4627892076969147,0.16680105030536652,0.4073638916015625,0.7291934049589812,0.4129515588283539,0.5837515592575073
X,11789,0.5391488075256348,0.46325263381004333,0.16393542289733887,0.4037330150604248,0.6946423704180295,0.40855905413627625,0.5859510898590088
X,11790,0.5446742177009583,0.46436381340026855,0.16662399470806122,0.4071209728717804,0.6940566986618198,0.4123036861419678,0.5774677395820618
X,11797,0.5504557490348816,0.4811050593852997,0.1695237159729004,0.4095887839794159,0.3887444265099718,0.4091426730155945,0.5832443237304688
N,11806,0.554105281829834,0.48798492550849915,0.16589391231536865,0.38884395360946655,0.6611370880631997,0.4249489903450012,0.1759636253118515
T,11813,0.6670713424682617,0.48114168643951416,0.19632886350154877,0.41236379742622375,0.6340043160372686,0.4492841958999634,0.06138939410448074
T,11827,0.5403035879135132,0.4550226032733917,0.1644565910100937,0.4050523340702057,0.7329225310640566,0.4133341610431671,0.5507847666740417
_,11834,0.5238465666770935,0.4453777074813843,0.15642118453979492,0.3954697847366333,0.8677274025976659,0.40546971559524536,0.0
N,11838,0.559853196144104,0.4818410277366638,0.16438725590705872,0.37953925132751465,0.6898829633034378,0.42528820037841797,0.07391007989645004
_,11839,0.5234624147415161,0.4452969431877136,0.1562357246875763,0.39523643255233765,0.8681066087881725,0.4052364230155945,0.0
T,11846,0.5790356397628784,0.4861162304878235,0.1781463474035263,0.3998846411705017,0.6520175808582765,0.43612226843833923,0.14875338971614838
T,11865,0.5427231192588806,0.46023592352867126,0.1656550168991089,0.4060213565826416,0.7436883357738164,0.41210806369781494,0.5927191972732544
N,11875,0.5746861696243286,0.48639020323753357,0.17051786184310913,0.3904339373111725,0.6445888219632616,0.42742371559143066,0.15640278160572052
X,11879,0.5436131954193115,0.4628448188304901,0.16610264778137207,0.40663304924964905,0.6657037690586185,0.4124873876571655,0.5679471492767334
N,11890,0.5409513711929321,0.4947616159915924,0.1653238832950592,0.40386471152305603,0.6239154700236396,0.4134010970592499,0.4181153178215027
S,11893,0.4942440986633301,0.49928057193756104,0.15030162036418915,0.35060369968414307,0.6892096177985271,0.426261842250824,0.04566407576203346
_,11899,0.5226776003837585,0.4451315402984619,0.15585750341415405,0.3947577476501465,0.8683531066278617,0.4047577679157257,0.0
S,11902,0.4978613257408142,0.5005981922149658,0.15022237598896027,0.35001346468925476,0.687561974870041,0.42577531933784485,0.05114525184035301
_,11904,0.5228328108787537,0.44516441226005554,0.15593214333057404,0.3948528468608856,0.8684038263559342,0.40485283732414246,0.0
N,11912,0.5714920163154602,0.4815516173839569,0.1685512810945511,0.38560378551483154,0.6821723247627961,0.42832648754119873,0.08468377590179443
_,11915,0.5227394104003906,0.4451446533203125,0.155887171626091,0.3947957754135132,0.8684318788349629,0.40479576587677,0.0
X,11917,0.5389470458030701,0.48853039741516113,0.16389381885528564,0.38730642199516296,0.6243649533670396,0.4213619530200958,0.19501079618930817
_,11919,0.5232726335525513,0.4452569782733917,0.15614429116249084,0.39512065052986145,0.8681900331874689,0.4051206111907959,0.0
_,11933,0.5226776599884033,0.4451315999031067,0.15585756301879883,0.39475780725479126,0.8683674334983031,0.4047577977180481,0.0
X,11941,0.6007736921310425,0.48838838934898376,0.1793556958436966,0.39527320861816406,0.6244436897186098,0.437188982963562,0.12012811750173569
N,11942,0.5642111897468567,0.48893147706985474,0.16823197901248932,0.3867875933647156,0.6701240502009751,0.42968711256980896,0.1317158192396164
S,11958,0.5399897694587708,0.5032374262809753,0.15761853754520416,0.3571529686450958,0.6290770037807912,0.4312562048435211,0.06378426402807236
N,11968,0.5804688930511475,0.4881327450275421,0.17267006635665894,0.3898877203464508,0.6284191395817955,0.4300072491168976,0.14124782383441925
S,11986,0.485776424407959,0.5032855272293091,0.14549002051353455,0.34455016255378723,0.6689626862946898,0.4214276969432831,0.06223849952220917
N,11988,0.5305188298225403,0.48655375838279724,0.1608317345380783,0.3856290280818939,0.6629414873046335,0.41973677277565,0.18828821182250977
N,12000,0.5568459630012512,0.4926193356513977,0.16802455484867096,0.3964042365550995,0.6271174099937101,0.42031222581863403,0.2867954671382904
S,12001,0.5192371606826782,0.49766042828559875,0.1529790759086609,0.3611583113670349,0.6309515281043908,0.4214363694190979,0.09788472950458527
N,12004,0.5647857785224915,0.4853757917881012,0.16798439621925354,0.38589370250701904,0.6657040789169454,0.42925184965133667,0.10727450996637344
T,12025,0.5556744337081909,0.47733601927757263,0.16971179842948914,0.39459753036499023,0.6611852197535336,0.4222666323184967,0.1830732822418213
N,12027,0.5696169137954712,0.4921388328075409,0.17031145095825195,0.390633761882782,0.6232690992641681,0.42663848400115967,0.19264818727970123
X,12030,0.5396216511726379,0.46158793568611145,0.16415446996688843,0.4043198823928833,0.7075952576950173,0.41033631563186646,0.5645366907119751
S,12038,0.5256875157356262,0.5013872981071472,0.15346387028694153,0.3591325581073761,0.6558259120783866,0.4256702661514282,0.08781048655509949
_,12044,0.5227518081665039,0.44514724612236023,0.1558932214975357,0.3948032557964325,0.8684238982697329,0.40480324625968933,0.0
N,12048,0.5549395084381104,0.48279547691345215,0.16416771709918976,0.3790062665939331,0.6729902846442808,0.42377111315727234,0.0899672880768776
T,12050,0.6369490623474121,0.48389363288879395,0.19275106489658356,0.40695101022720337,0.6245983162477691,0.4467158615589142,0.07839898765087128
N,12051,0.5791743397712708,0.4856335520744324,0.17229503393173218,0.3840033710002899,0.6517270404044151,0.4319382607936859,0.07613669335842133
S,12052,0.4972715377807617,0.4977419078350067,0.1457434892654419,0.3490740954875946,0.6462770425490453,0.4153645932674408,0.08093488961458206
X,12053,0.6365438103675842,0.488187313079834,0.18762052059173584,0.3973903954029083,0.6265105048161543,0.4443865418434143,0.07395093142986298
N,12058,0.5883614420890808,0.4904646873474121,0.174947127699852,0.39179399609565735,0.6446427810809595,0.4325573444366455,0.14858727157115936
N,12064,0.531066358089447,0.4809369444847107,0.15683184564113617,0.3778243064880371,0.6956222781635977,0.4148516058921814,0.14230670034885406
N,12065,0.5373225808143616,0.4848105013370514,0.16137045621871948,0.38089102506637573,0.6807293655436176,0.42267197370529175,0.12472023814916611
X,12075,0.5310758352279663,0.4603135883808136,0.1600313037633896,0.3988490700721741,0.7084143887294947,0.40386590361595154,0.5907343626022339
T,12082,0.6388997435569763,0.48522624373435974,0.19201985001564026,0.40565428137779236,0.6049832901762178,0.44638577103614807,0.08475223183631897
X,12092,0.5341735482215881,0.46435436606407166,0.16155177354812622,0.40036991238594055,0.6722059601667509,0.4038822650909424,0.5985115766525269
_,12097,0.5151780247688293,0.44354748725891113,0.1522492617368698,0.39016634225845337,0.8744471115867297,0.4001663327217102,0.0
S,12101,0.5079676508903503,0.5061911344528198,0.15022532641887665,0.3469938337802887,0.648893409644564,0.42337894439697266,0.0750737264752388
N,12104,0.5755186676979065,0.4817666709423065,0.17404724657535553,0.3857329487800598,0.6725448646747585,0.4346615672111511,0.03535458445549011
_,12114,0.5144212245941162,0.4433872699737549,0.1518857628107071,0.389701247215271,0.8749444828927517,0.39970120787620544,0.0
S,12123,0.5635697841644287,0.49686431884765625,0.1658214032649994,0.3722356855869293,0.604355420209225,0.4297125041484833,0.0983831137418747
_,12141,0.5149836540222168,0.44350627064704895,0.15215586125850677,0.39004701375961304,0.8746409728626411,0.4000470042228699,0.0
T,12147,0.5316685438156128,0.4565964937210083,0.16029785573482513,0.3996066749095917,0.7259571360438714,0.40647754073143005,0.5697355270385742
_,12168,0.515591561794281,0.4436345398426056,0.15244868397712708,0.39041829109191895,0.8735983058810235,0.4004182815551758,0.0
N,12169,0.5875839591026306,0.48654475808143616,0.17547211050987244,0.3885132372379303,0.6520325384178918,0.4343368411064148,0.09042388200759888
N,12172,0.6100648641586304,0.5022460222244263,0.18641334772109985,0.4086238741874695,0.511073314019753,0.4356899559497833,0.28620582818984985
X,12179,0.5565692186355591,0.48269349336624146,0.1668974906206131,0.3855949938297272,0.6471676506133129,0.42268872261047363,0.1399584710597992
T,12200,0.5538437366485596,0.4765191674232483,0.16685518622398376,0.38953253626823425,0.6796840194767962,0.4221130609512329,0.1338404268026352
S,12203,0.5172371864318848,0.5110921859741211,0.15153701603412628,0.35554787516593933,0.5811599730871483,0.4189760386943817,0.13774551451206207
_,12208,0.5144471526145935,0.44339266419410706,0.1518983542919159,0.3897169232368469,0.8748825423419476,0.39971688389778137,0.0
T,12212,0.5274709463119507,0.45495784282684326,0.1582503616809845,0.39695271849632263,0.7207562138696085,0.40356460213661194,0.5971710681915283
T,12214,0.526439368724823,0.4534680247306824,0.15774549543857574,0.3964557945728302,0.7360580895732831,0.40363678336143494,0.5915700197219849
_,12229,0.5144487023353577,0.4433929920196533,0.1518990695476532,0.3897179663181305,0.8748852585752805,0.39971795678138733,0.0
T,12230,0.5312064290046692,0.4552938938140869,0.1600652039051056,0.3992782235145569,0.7252169221355508,0.40624526143074036,0.588220477104187
N,12231,0.5661638379096985,0.4841216206550598,0.16721269488334656,0.38520270586013794,0.6540640997629574,0.42262643575668335,0.14607366919517517
N,12233,0.5670953392982483,0.4862482249736786,0.16908887028694153,0.385664165019989,0.6727529669059247,0.4293416440486908,0.11109646409749985
T,12235,0.5312754511833191,0.4553156793117523,0.1600964069366455,0.399309366941452,0.7245901531448181,0.4062345325946808,0.5907232165336609
_,12249,0.5145214200019836,0.4434085190296173,0.15193383395671844,0.3897630274295807,0.874947203497092,0.3997630178928375,0.0
S,12250,0.47223663330078125,0.4995521008968353,0.14025677740573883,0.3430521488189697,0.6853617547452451,0.41160041093826294,0.08323663473129272
X,12257,0.5308297872543335,0.4602586030960083,0.15991246700286865,0.3987121284008026,0.7104726712792703,0.40375232696533203,0.5897431969642639
X,12261,0.5458546280860901,0.48328521847724915,0.1644085794687271,0.38466376066207886,0.6320942550276717,0.4200894832611084,0.15919534862041473
T,12266,0.5966829061508179,0.4796035885810852,0.17823852598667145,0.39706772565841675,0.6446120209543733,0.43104010820388794,0.12499727308750153
S,12267,0.4901842772960663,0.5028859972953796,0.14348234236240387,0.35157978534698486,0.6274077695875895,0.410165935754776,0.13251551985740662
S,12272,0.46622514724731445,0.49991607666015625,0.13806717097759247,0.33846041560173035,0.7149967237748206,0.4125937223434448,0.06556674838066101
_,12283,0.5145103335380554,0.4434060752391815,0.1519286185503006,0.38975605368614197,0.87490615144372,0.3997560143470764,0.0
T,12285,0.5857996940612793,0.47967419028282166,0.1739516705274582,0.3953516185283661,0.6666409570196024,0.42816638946533203,0.1429818719625473
T,12292,0.5348438620567322,0.4657221734523773,0.16188810765743256,0.400790274143219,0.5137234114680117,0.4040814936161041,0.5913026332855225
S,12313,0.5049566030502319,0.4993498921394348,0.1489182859659195,0.35897496342658997,0.6291501986345975,0.4141850173473358,0.1316167712211609
S,12322,0.5084545016288757,0.49642935395240784,0.15236800909042358,0.35580211877822876,0.6677424182339261,0.4227931499481201,0.06657632440328598
T,12324,0.5337773561477661,0.4582269489765167,0.16133469343185425,0.4008735716342926,0.7220093971344341,0.4076851010322571,0.5548426508903503
X,12335,0.5987802743911743,0.4902130663394928,0.18050241470336914,0.394143283367157,0.6405283402267378,0.4433552622795105,0.08172710984945297
X,12347,0.5481305122375488,0.4613279402256012,0.16828054189682007,0.409362256526947,0.7331834607369312,0.41577550768852234,0.5813156366348267
S,12348,0.4813631772994995,0.5021958351135254,0.14535826444625854,0.34476566314697266,0.7023698445409536,0.42331528663635254,0.05172919109463692
_,12350,0.5272831320762634,0.4461009204387665,0.15807907283306122,0.3975614011287689,0.8662556447585424,0.40756136178970337,0.0
X,12353,0.6025440692901611,0.48825713992118835,0.1786162108182907,0.39244645833969116,0.6198652032355313,0.43815332651138306,0.09472905844449997
S,12358,0.4789637327194214,0.502334475517273,0.14492277801036835,0.3443559408187866,0.7029547790562114,0.4233454763889313,0.0511353462934494
X,12370,0.544135570526123,0.46592870354652405,0.16635927557945251,0.40676331520080566,0.6891614415301835,0.4114082455635071,0.576179563999176
T,12387,0.6117637157440186,0.48788946866989136,0.1863338202238083,0.41246968507766724,0.6138117294822587,0.4375806748867035,0.2502068877220154
X,12389,0.5706657767295837,0.4895836412906647,0.17263923585414886,0.39108550548553467,0.6267190323704078,0.4334603250026703,0.13347885012626648
X,12395,0.5478613376617432,0.46332255005836487,0.16816003620624542,0.40919721126556396,0.6958266368872668,0.4152091145515442,0.5695862770080566
_,12407,0.5273266434669495,0.4461101293563843,0.15810005366802216,0.3975878357887268,0.8662164678176245,0.40758779644966125,0.0
_,12414,0.5272411108016968,0.44609206914901733,0.15805888175964355,0.39753565192222595,0.8661658322811128,0.4075356721878052,0.0
_,12418,0.5272272229194641,0.4460892975330353,0.158051997423172,0.39752766489982605,0.8663446296254794,0.4075276553630829,0.0
T,12423,0.544912576675415,0.4589957296848297,0.16670161485671997,0.4075332283973694,0.7382295949037992,0.41441237926483154,0.5846374034881592
_,12428,0.5273333787918091,0.4461115598678589,0.15810324251651764,0.39759206771850586,0.8663472690184911,0.4075920581817627,0.0
_,12429,0.5271934866905212,0.4460821747779846,0.1580357402563095,0.3975071310997009,0.8662923423945904,0.4075070917606354,0.0
_,12435,0.5272582173347473,0.446095734834671,0.15806694328784943,0.3975464999675751,0.8663148159782093,0.4075464904308319,0.0
S,12440,0.4731075167655945,0.5044783353805542,0.1419169157743454,0.34662461280822754,0.682273281197995,0.41708168387413025,0.09190171957015991
_,12441,0.5284799933433533,0.44635215401649475,0.15865756571292877,0.3982865512371063,0.8655426977574826,0.40828651189804077,0.0
_,12447,0.5273693203926086,0.44611912965774536,0.15812058746814728,0.3976140022277832,0.8663236992061139,0.40761399269104004,0.0
T,12461,0.5488793253898621,0.48380047082901,0.16963934898376465,0.4007496237754822,0.6526289484788625,0.4263705313205719,0.23891910910606384
S,12465,0.4962889850139618,0.5158731341362,0.14402222633361816,0.3443455696105957,0.5996741459756353,0.4201025366783142,0.11119706183671951
S,12471,0.49499818682670593,0.4985426366329193,0.1485498547554016,0.3580684959888458,0.6673502251071235,0.420195072889328,0.09616430103778839
N,12474,0.5577809810638428,0.4947960078716278,0.17179028689861298,0.39695602655410767,0.6492667639519398,0.43169763684272766,0.21177200973033905
X,12483,0.6389899849891663,0.48806849122047424,0.18940860033035278,0.4026719331741333,0.6212525686963152,0.44809794425964355,0.07491748780012131
X,12484,0.5457828044891357,0.46498119831085205,0.1671539843082428,0.40787774324417114,0.6888994072489061,0.413195937871933,0.569254994392395
N,12488,0.5407846570014954,0.48584070801734924,0.16215650737285614,0.3837866187095642,0.6821350041371382,0.4246777296066284,0.13389453291893005
T,12498,0.5632076263427734,0.4806632697582245,0.17331312596797943,0.4031122624874115,0.6560921851186625,0.42823705077171326,0.22430717945098877
X,12505,0.5480591058731079,0.46376121044158936,0.16825787723064423,0.40932944416999817,0.6639919286401165,0.4153335392475128,0.5651787519454956
_,12508,0.528725266456604,0.44640350341796875,0.15877625346183777,0.39843469858169556,0.86539966772,0.4084346890449524,0.0
S,12515,0.5665879249572754,0.5024459958076477,0.1680208444595337,0.36962464451789856,0.6085485247930532,0.440422385931015,0.06285843253135681
_,12522,0.527275800704956,0.4460994601249695,0.1580754816532135,0.39755699038505554,0.8662740213175615,0.4075569808483124,0.0
T,12524,0.5429773330688477,0.4576657712459564,0.1657547801733017,0.4065975546836853,0.7291025007950763,0.4142948091030121,0.5524601936340332
X,12539,0.6106361150741577,0.4919767379760742,0.18388937413692474,0.3986721932888031,0.6269099432531706,0.4438212513923645,0.11465632915496826
_,12547,0.5274019241333008,0.44612589478492737,0.15813639760017395,0.39763352274894714,0.8662407901883126,0.407633513212204,0.0
X,12551,0.6372882127761841,0.4888513386249542,0.1889485865831375,0.40356308221817017,0.6075426999139018,0.4464821219444275,0.10034657269716263
S,12555,0.49928152561187744,0.503027081489563,0.14741651713848114,0.3502696454524994,0.6281966570613441,0.4207419753074646,0.0829225704073906
T,12557,0.5541166067123413,0.4726315438747406,0.17124676704406738,0.4123547077178955,0.5047201312117977,0.41543710231781006,0.581459641456604
N,12566,0.5688638687133789,0.48793432116508484,0.16921959817409515,0.38609394431114197,0.6852279406146167,0.4331134259700775,0.09741661697626114
X,12571,0.5432679653167725,0.4624024033546448,0.16591686010360718,0.40642645955085754,0.7046208871893275,0.41218331456184387,0.5764324069023132
S,12575,0.5330965518951416,0.5032913088798523,0.15389002859592438,0.36037272214889526,0.6147297662572238,0.42287179827690125,0.1107005849480629
S,12594,0.5214546918869019,0.5014626383781433,0.15145456790924072,0.35743430256843567,0.6348665058805152,0.42338353395462036,0.0911577045917511
_,12613,0.5280495882034302,0.4462619125843048,0.15844941139221191,0.39802613854408264,0.8657634347180526,0.4080260992050171,0.0
X,12617,0.5441716909408569,0.46346497535705566,0.16635866463184357,0.4068365693092346,0.7093309173740757,0.4120745360851288,0.5852384567260742
X,12618,0.6586573719978333,0.49536362290382385,0.19534339010715485,0.4075089991092682,0.5888783615887466,0.45260727405548096,0.1204826682806015
X,12619,0.5443326234817505,0.4664410948753357,0.16646131873130798,0.4066932499408722,0.63734859658655,0.41079479455947876,0.5877468585968018
S,12628,0.49806448817253113,0.5062277317047119,0.14961852133274078,0.35616442561149597,0.6321828813509395,0.420543372631073,0.11623923480510712
X,12630,0.5724753141403198,0.48417696356773376,0.17059099674224854,0.3882996141910553,0.640298679357123,0.42888617515563965,0.11550717800855637
X,12639,0.5442105531692505,0.4645982086658478,0.16640345752239227,0.406973659992218,0.6414745310363712,0.4125434160232544,0.5602169632911682
T,12650,0.5626996755599976,0.49826499819755554,0.17555709183216095,0.41678422689437866,0.6151578209303625,0.4143511652946472,0.5524957776069641
S,12662,0.5190814733505249,0.49998903274536133,0.15356019139289856,0.36282604932785034,0.6227712314635089,0.4216071367263794,0.1128799319267273
T,12702,0.5397763848304749,0.4570874273777008,0.1641998440027237,0.4045228064060211,0.7001142458317494,0.4116511642932892,0.5839501619338989
_,12708,0.5257605314254761,0.44577962160110474,0.15734592080116272,0.3966307044029236,0.8647861141959827,0.4066306948661804,0.0
_,12733,0.5245491862297058,0.44552552700042725,0.15676020085811615,0.39589723944664,0.866393487751484,0.40589722990989685,0.0
T,12739,0.5424016714096069,0.457206130027771,0.16548264026641846,0.40609049797058105,0.7264509379050772,0.413400262594223,0.5833103060722351
N,12753,0.5498635768890381,0.4828183054924011,0.16197922825813293,0.3807879090309143,0.6841171955758667,0.42226022481918335,0.11232660710811615
X,12757,0.595386266708374,0.4954807758331299,0.1801045835018158,0.39921835064888,0.5976166336445992,0.4379118084907532,0.1812383085489273
N,12759,0.5516049265861511,0.4846165180206299,0.16414275765419006,0.3821762204170227,0.6729146197405256,0.42552363872528076,0.10751966387033463
N,12761,0.6037061810493469,0.4902175962924957,0.17927014827728271,0.391843318939209,0.6523773933674966,0.4427321255207062,0.07353949546813965
T,12768,0.6720856428146362,0.482780784368515,0.19506485760211945,0.409955769777298,0.6310524947012649,0.4480711817741394,0.07216078042984009
N,12773,0.5567929148674011,0.5044236183166504,0.17269444465637207,0.41316020488739014,0.6323467292218024,0.41573959589004517,0.4842371940612793
X,12781,0.5396746397018433,0.46122244000434875,0.16417346894741058,0.40430986881256104,0.705470430648614,0.41022181510925293,0.5737407207489014
T,12790,0.538446843624115,0.45767226815223694,0.16355440020561218,0.40362611413002014,0.7008646450999125,0.4102938175201416,0.5920553803443909
N,12792,0.5512077212333679,0.48100546002388,0.16471275687217712,0.38236191868782043,0.6911839196324582,0.42653757333755493,0.07566574960947037
T,12793,0.5903884768486023,0.48277661204338074,0.17792077362537384,0.3997334837913513,0.6452712301016437,0.4347056448459625,0.13682694733142853
T,12802,0.5498892068862915,0.48392608761787415,0.16676455736160278,0.39540931582450867,0.6572726467275061,0.42124682664871216,0.24024614691734314
_,12815,0.5252318382263184,0.4456690549850464,0.15708976984024048,0.39631205797195435,0.8657832774519921,0.4063120484352112,0.0
T,12830,0.539143979549408,0.4573582112789154,0.163895383477211,0.40416374802589417,0.721622332231652,0.4112567603588104,0.5773703455924988
_,12831,0.5245555639266968,0.4455268085002899,0.15676343441009521,0.39590078592300415,0.8661599279443424,0.405900776386261,0.0
S,12843,0.47025835514068604,0.5004706978797913,0.14035439491271973,0.34378379583358765,0.7130852923293909,0.4164961278438568,0.06802915036678314
N,12845,0.5571231842041016,0.4890633225440979,0.16831280291080475,0.3901463747024536,0.6409660419557213,0.4258868098258972,0.1814119517803192
N,12859,0.5390880703926086,0.48741674423217773,0.16109253466129303,0.3854002356529236,0.6575848026968621,0.4187176823616028,0.1971714198589325
T,12868,0.541134238243103,0.45986685156822205,0.1648716777563095,0.4052483141422272,0.72066508181666,0.4116601347923279,0.577267587184906
T,12883,0.6306919455528259,0.4858604967594147,0.18489064276218414,0.4002944231033325,0.6633146138653926,0.4431499242782593,0.08446521311998367
X,12887,0.5910183787345886,0.4850706160068512,0.17715197801589966,0.3938852548599243,0.646501292573812,0.43706995248794556,0.09005937725305557
_,12890,0.5250775218009949,0.4456366002559662,0.15701523423194885,0.3962184190750122,0.8659860683977605,0.40621840953826904,0.0
N,12892,0.6188210248947144,0.4919106066226959,0.1825135052204132,0.3980090320110321,0.6358111803380143,0.4417922794818878,0.1250499188899994
T,12893,0.5806474685668945,0.48045045137405396,0.17531509697437286,0.3964076340198517,0.6514407734984222,0.43087083101272583,0.1290067434310913
S,12899,0.5011366009712219,0.5155267715454102,0.1448945850133896,0.34496766328811646,0.5915087856850976,0.41933679580688477,0.11337204277515411
T,12903,0.5602120161056519,0.4841656982898712,0.1707860380411148,0.3976723849773407,0.6510955020436087,0.4273557960987091,0.2023889124393463
_,12909,0.5253364443778992,0.4456910192966461,0.1571403443813324,0.3963753879070282,0.8657275809844336,0.40637537837028503,0.0
X,12913,0.5457790493965149,0.4843067526817322,0.16636057198047638,0.3882926106452942,0.6313888643992445,0.4241608679294586,0.15640023350715637
S,12917,0.5469055771827698,0.4995141327381134,0.15800125896930695,0.36067038774490356,0.6186769228911241,0.4284100830554962,0.0696021094918251
_,12932,0.525199830532074,0.44566234946250916,0.15707431733608246,0.39629271626472473,0.8659962483743827,0.40629270672798157,0.0
N,12933,0.5713110566139221,0.48914530873298645,0.17118987441062927,0.3976333737373352,0.6341412213808993,0.4244506359100342,0.2500414550304413
N,12945,0.5420965552330017,0.48952433466911316,0.16552723944187164,0.39658573269844055,0.6416010288583736,0.42095088958740234,0.2748641073703766
S,12946,0.48299440741539,0.5030343532562256,0.14536377787590027,0.34892114996910095,0.6754228371878466,0.4196632504463196,0.0825861319899559
X,12949,0.543198823928833,0.4661831855773926,0.1659112423658371,0.4060801863670349,0.7198450541895565,0.4103234112262726,0.5830257534980774
N,12958,0.5332071185112,0.4910028278827667,0.16202309727668762,0.3905656635761261,0.605868136130351,0.42017316818237305,0.23918069899082184
T,12959,0.5463619232177734,0.48089584708213806,0.1680220067501068,0.40158042311668396,0.6590224941199025,0.42278096079826355,0.2734401524066925
_,12966,0.5162454843521118,0.44377341866493225,0.15276199579238892,0.39082226157188416,0.8733464904129505,0.4008221924304962,0.0
X,12967,0.5816013216972351,0.49397778511047363,0.17599518597126007,0.3957309424877167,0.5988013104785933,0.43130552768707275,0.20026704668998718
_,12968,0.5163222551345825,0.44378969073295593,0.1527988463640213,0.3908693492412567,0.8733193145195643,0.4008692800998688,0.0
_,12971,0.5162534117698669,0.44377508759498596,0.15276584029197693,0.3908269703388214,0.873304246266683,0.40082696080207825,0.0
N,12981,0.5508755445480347,0.49361878633499146,0.16665896773338318,0.3921709656715393,0.6540627786633771,0.42156028747558594,0.24792426824569702
T,12986,0.5360796451568604,0.4588375389575958,0.1624453067779541,0.4020017087459564,0.7183517833005074,0.4080231785774231,0.5916460156440735
N,12990,0.5945523977279663,0.48864248394966125,0.1773969531059265,0.38691309094429016,0.6527368311717147,0.44015321135520935,0.05519363656640053
S,13000,0.5324146747589111,0.4993498921394348,0.15672501921653748,0.35827192664146423,0.6149982083671299,0.4264557361602783,0.07151056081056595
N,13004,0.580227255821228,0.4849265515804291,0.17373855412006378,0.39114680886268616,0.6382580601732479,0.4304685890674591,0.1269131302833557
N,13008,0.5551075339317322,0.4885411262512207,0.16638588905334473,0.38687148690223694,0.6553496462948776,0.42548421025276184,0.1613284796476364
_,13013,0.5162861943244934,0.4437820017337799,0.15278160572052002,0.39084702730178833,0.8732751289010049,0.40084701776504517,0.0
_,13019,0.5172799825668335,0.44399210810661316,0.15325936675071716,0.3914565145969391,0.8727692565321923,0.4014565050601959,0.0
T,13022,0.6091144680976868,0.483318030834198,0.18096470832824707,0.39847299456596375,0.6726929362174512,0.4366050660610199,0.11176697909832001
S,13032,0.526150643825531,0.4999738037586212,0.1542247235774994,0.35900309681892395,0.616387948175737,0.42182672023773193,0.09802592545747757
S,13035,0.4654020369052887,0.5006701350212097,0.13734589517116547,0.34291404485702515,0.6920180129011473,0.40763258934020996,0.10313763469457626
_,13039,0.5162710547447205,0.4437788128852844,0.1527743935585022,0.3908376693725586,0.873274532755216,0.40083765983581543,0.0
S,13058,0.46782106161117554,0.500963032245636,0.13970011472702026,0.3391314148902893,0.7160713821897905,0.4155893623828888,0.06015199422836304
T,13059,0.5545692443847656,0.5010951161384583,0.1716102510690689,0.41182002425193787,0.4156450159385956,0.40771353244781494,0.5499638319015503
_,13082,0.5164504051208496,0.44381678104400635,0.15286046266555786,0.3909480571746826,0.8732848032315572,0.40094801783561707,0.0
X,13097,0.5342190861701965,0.4601370394229889,0.16154102981090546,0.4008207321166992,0.7066161155950007,0.40620118379592896,0.5909827351570129
N,13098,0.5575495362281799,0.4861111640930176,0.16727180778980255,0.3842442035675049,0.6547404526078027,0.4274284839630127,0.11577227711677551
X,13114,0.5434778928756714,0.47718822956085205,0.16613326966762543,0.4053245782852173,0.42155447149926967,0.40507248044013977,0.5914734601974487
X,13118,0.5910682082176208,0.48539021611213684,0.1776474565267563,0.394108384847641,0.6403927461205361,0.43519073724746704,0.10991859436035156
T,13120,0.5469426512718201,0.4823991060256958,0.16580982506275177,0.39416494965553284,0.6539559148057985,0.4177844822406769,0.2559678852558136
S,13129,0.4868483543395996,0.5079931020736694,0.14169199764728546,0.3407476842403412,0.6520377330707076,0.41710877418518066,0.08604746311903
S,13130,0.4693842828273773,0.4999423325061798,0.13952629268169403,0.34384551644325256,0.6886689094578227,0.41106805205345154,0.08989005535840988
_,13131,0.5167399048805237,0.4438779950141907,0.1529996544122696,0.39112553000450134,0.8731071351468563,0.4011254906654358,0.0
T,13139,0.5448949337005615,0.4835885763168335,0.1668865978717804,0.40619805455207825,0.6370778750100484,0.4117285907268524,0.4748265743255615
S,13143,0.46282368898391724,0.5074169039726257,0.13434934616088867,0.33310937881469727,0.6830232455672619,0.41000035405158997,0.08537627756595612
S,13148,0.47392964363098145,0.5131319165229797,0.14051005244255066,0.342267781496048,0.6232108579824368,0.41170206665992737,0.12543493509292603
T,13150,0.5416468977928162,0.4865642786026001,0.1656731218099594,0.4004976451396942,0.6277452735183761,0.41482797265052795,0.36388295888900757
X,13152,0.5462695360183716,0.48795944452285767,0.1669490784406662,0.394961953163147,0.6331500845588744,0.4216105341911316,0.24938362836837769
N,13154,0.5346203446388245,0.4912712872028351,0.16179436445236206,0.3907317519187927,0.6490056849135242,0.417378306388855,0.2625264525413513
S,13160,0.5434011220932007,0.5016728043556213,0.15881890058517456,0.36268386244773865,0.6279343871246723,0.4270878732204437,0.09542100876569748
_,13172,0.5168660879135132,0.44390472769737244,0.1530601978302002,0.3912030756473541,0.8730241732299329,0.40120306611061096,0.0
_,13174,0.516230046749115,0.4437701106071472,0.15275469422340393,0.39081239700317383,0.8732477640112242,0.4008123576641083,0.0
_,13179,0.5164129137992859,0.44380879402160645,0.1528424620628357,0.39092496037483215,0.8732341636220615,0.4009249210357666,0.0
S,13192,0.4910638928413391,0.501427948474884,0.1456887573003769,0.35003840923309326,0.6588309788859139,0.4148242771625519,0.10147058218717575
X,13196,0.5367088913917542,0.4656136631965637,0.16278493404388428,0.4021835923194885,0.5969615575186132,0.40627583861351013,0.5750675201416016
X,13197,0.535182774066925,0.4606771469116211,0.16201245784759521,0.4015805423259735,0.7017134540698802,0.40738600492477417,0.5697540044784546
S,13205,0.5614131689071655,0.49896517395973206,0.16653089225292206,0.3709079325199127,0.6013314496773334,0.4337708055973053,0.08275939524173737
X,13214,0.5360727906227112,0.4588347375392914,0.16243404150009155,0.40204861760139465,0.7416393825323515,0.40812715888023376,0.5891154408454895
X,13226,0.5438456535339355,0.4916442930698395,0.16663610935211182,0.39114829897880554,0.6433537911809981,0.42288562655448914,0.22376501560211182
N,13236,0.5783153176307678,0.4898883104324341,0.1727016717195511,0.3914288282394409,0.6194445835226119,0.42769119143486023,0.17940989136695862
S,13238,0.4852590560913086,0.5015723705291748,0.14647534489631653,0.34528884291648865,0.689919740545253,0.4222455620765686,0.05639708414673805
N,13242,0.5504148602485657,0.5035459995269775,0.16961701214313507,0.4092704951763153,0.6366905712985803,0.40923628211021423,0.5018597841262817
_,13253,0.5160447359085083,0.4437306821346283,0.15266592800617218,0.3906978368759155,0.8730296934147677,0.40069782733917236,0.0
_,13254,0.5153929591178894,0.44359278678894043,0.15235283970832825,0.3902975618839264,0.873394654194514,0.4002975523471832,0.0
X,13256,0.5853331089019775,0.4850047826766968,0.17609050869941711,0.3934375047683716,0.628871826781348,0.43292349576950073,0.12220147252082825
X,13259,0.5724610686302185,0.48503580689430237,0.17068228125572205,0.3868349492549896,0.669535126266225,0.42927661538124084,0.10960058122873306
S,13268,0.47154390811920166,0.4988677501678467,0.13983628153800964,0.3444528579711914,0.6896545389356713,0.4101492464542389,0.09115754812955856
S,13278,0.46318987011909485,0.501653254032135,0.1370229721069336,0.3392387330532074,0.6912941837310791,0.40892189741134644,0.08847211301326752
N,13282,0.5793336033821106,0.4900381565093994,0.17071783542633057,0.38645491003990173,0.6256657720664953,0.42719149589538574,0.15150247514247894
N,13294,0.5469086766242981,0.5000715851783752,0.16800059378147125,0.40370211005210876,0.6443110359582352,0.415226012468338,0.40137216448783875
X,13297,0.5290350914001465,0.45986467599868774,0.15904632210731506,0.39766934514045715,0.7082828255253845,0.40280139446258545,0.5853471159934998
N,13298,0.5283989310264587,0.4841376841068268,0.15609866380691528,0.37714365124702454,0.679283823169341,0.4142546057701111,0.1596200168132782
N,13299,0.5477498769760132,0.4836671054363251,0.1640845239162445,0.3810744881629944,0.6923020424839342,0.4261126220226288,0.0919671580195427
_,13307,0.515300989151001,0.44357332587242126,0.1523086279630661,0.39024102687835693,0.873411908398072,0.4002409875392914,0.0
N,13310,0.5395790934562683,0.49417176842689514,0.164175346493721,0.39551275968551636,0.6449098221557992,0.4162262976169586,0.3165653347969055
S,13328,0.5420195460319519,0.49956217408180237,0.1569630652666092,0.3594933748245239,0.6388550337800796,0.42658916115760803,0.07650646567344666
T,13345,0.5425956845283508,0.48283544182777405,0.16636566817760468,0.40101388096809387,0.6492028309280674,0.4189974069595337,0.3170797824859619
T,13352,0.5320749282836914,0.45505574345588684,0.16047996282577515,0.3998487889766693,0.7263821572894813,0.40699875354766846,0.5870025157928467
X,13360,0.5525878667831421,0.4876793622970581,0.16566333174705505,0.38730382919311523,0.6197085817631645,0.41914865374565125,0.20736029744148254
N,13365,0.6171095967292786,0.49063655734062195,0.18259941041469574,0.39175084233283997,0.6196476590638244,0.4412682354450226,0.08431872725486755
T,13367,0.5335596799850464,0.45663896203041077,0.1612088531255722,0.4006042182445526,0.7341071596034332,0.4071909785270691,0.593366801738739
N,13375,0.5366092920303345,0.482816219329834,0.16155850887298584,0.38301417231559753,0.6692362780985422,0.4205102026462555,0.1430489420890808
S,13389,0.5261815190315247,0.4997619688510895,0.15396560728549957,0.3584979772567749,0.6164210147079818,0.42139339447021484,0.09691086411476135
T,13391,0.5929968953132629,0.47934672236442566,0.17671862244606018,0.394946813583374,0.6597505016506572,0.43180105090141296,0.09861037880182266
T,13398,0.535453736782074,0.4607584774494171,0.16214895248413086,0.4016650319099426,0.7121403994948197,0.4072878658771515,0.5767250061035156
T,13399,0.5332637429237366,0.45701107382774353,0.16105972230434418,0.40039122104644775,0.7258595805510414,0.40674889087677,0.5967828631401062
S,13400,0.5499547719955444,0.49853846430778503,0.15907208621501923,0.362100750207901,0.6466159467835072,0.4275730550289154,0.07665472477674484
T,13420,0.5380250215530396,0.46178629994392395,0.1633981168270111,0.40296074748039246,0.6640555153844495,0.4079289734363556,0.5966211557388306
T,13426,0.5341899394989014,0.45800089836120605,0.16152805089950562,0.4009605050086975,0.7203434254358885,0.4072780907154083,0.5840332508087158
S,13433,0.5485708713531494,0.4985405206680298,0.15863408148288727,0.3619793951511383,0.6474904870818834,0.42701464891433716,0.07885582745075226
S,13438,0.46787625551223755,0.502996027469635,0.13901793956756592,0.34168535470962524,0.6803439458583792,0.4114590287208557,0.09203284978866577
_,13451,0.5152586698532104,0.4435643255710602,0.15228836238384247,0.39021486043930054,0.8733886833985647,0.4002148509025574,0.0
N,13458,0.53628009557724,0.48767247796058655,0.16318146884441376,0.38695991039276123,0.650927842654055,0.4207015931606293,0.19459007680416107
T,13471,0.5946150422096252,0.48377349972724915,0.17631663382053375,0.39348992705345154,0.6771881257013108,0.4333682954311371,0.10996455699205399
N,13473,0.5685853362083435,0.4842950105667114,0.1672811359167099,0.38494229316711426,0.6547136976489856,0.4230344891548157,0.14190755784511566
X,13474,0.5398555397987366,0.46339961886405945,0.16430401802062988,0.4040197730064392,0.6711524064168892,0.4087217450141907,0.5903676748275757
X,13477,0.601527750492096,0.48567068576812744,0.1774887889623642,0.3941658139228821,0.6269681204578471,0.43219736218452454,0.13627178966999054
_,13484,0.5158030986785889,0.44367945194244385,0.15254998207092285,0.39054903388023376,0.8728948577741782,0.4005490243434906,0.0
_,13486,0.5163993835449219,0.4438053369522095,0.1528371274471283,0.39091354608535767,0.8724645953377088,0.4009135365486145,0.0
X,13488,0.5911681056022644,0.4851228594779968,0.17486414313316345,0.3896530866622925,0.6270878679610906,0.4303170442581177,0.11780711263418198
T,13497,0.5343833565711975,0.45849645137786865,0.16161809861660004,0.4009690582752228,0.7364781245430524,0.40689679980278015,0.594845712184906
X,13504,0.5325965881347656,0.4622672200202942,0.16077560186386108,0.3997880518436432,0.6766504535474663,0.4045220911502838,0.5800542831420898
S,13511,0.49144816398620605,0.4983392059803009,0.14797110855579376,0.3489288091659546,0.6818997728886704,0.42074155807495117,0.05973817780613899
N,13517,0.5537280440330505,0.483237624168396,0.16397666931152344,0.38092559576034546,0.6944401366070573,0.4240552484989166,0.10281544178724289
N,13519,0.6159405708312988,0.4867980182170868,0.18300308287143707,0.39116135239601135,0.6548991930895136,0.44320136308670044,0.03915322944521904
X,13529,0.6038289666175842,0.484882116317749,0.17728938162326813,0.3900775611400604,0.6289833002017501,0.43351036310195923,0.09200116246938705
_,13538,0.520504891872406,0.4446733593940735,0.1548108458518982,0.393431156873703,0.8699993135531744,0.40343111753463745,0.0
_,13539,0.5199100971221924,0.4445478320121765,0.1545245200395584,0.3930674195289612,0.8702939637502035,0.403067409992218,0.0
X,13556,0.5693551301956177,0.48708048462867737,0.16955788433551788,0.387916624546051,0.6135005570723054,0.4250621795654297,0.16049394011497498
S,13557,0.5006566643714905,0.515481173992157,0.1461086869239807,0.3506859540939331,0.5671337083817344,0.4137793183326721,0.15143364667892456
N,13571,0.545149564743042,0.4812685251235962,0.1629575937986374,0.38275662064552307,0.6901991174550495,0.423957884311676,0.10276941955089569
X,13573,0.5390123724937439,0.4606644809246063,0.16387131810188293,0.4038304388523102,0.6782427044775978,0.40977752208709717,0.5774843692779541
X,13581,0.5341697335243225,0.4613010287284851,0.1615268588066101,0.4009166955947876,0.7127230726059498,0.40640997886657715,0.5702893733978271
T,13585,0.5467416644096375,0.48480352759361267,0.16770976781845093,0.4080739915370941,0.6337271085909257,0.412629634141922,0.4885978400707245
_,13586,0.5212576389312744,0.4448319673538208,0.15517368912696838,0.3938901424407959,0.8694570867717266,0.40389010310173035,0.0
X,13590,0.589491605758667,0.4874113202095032,0.17426785826683044,0.39331814646720886,0.6075594442164098,0.4276035726070404,0.1789325475692749
_,13595,0.5199103951454163,0.44454795122146606,0.15452460944652557,0.3930678069591522,0.8703506100177766,0.40306779742240906,0.0
T,13606,0.589682936668396,0.4810860753059387,0.17502370476722717,0.392846018075943,0.6533954327514706,0.4307123124599457,0.10770894587039948
N,13610,0.5738972425460815,0.4849710762500763,0.17158633470535278,0.3840539753437042,0.6702267362214722,0.4341698884963989,0.05571245402097702
X,13614,0.5813451409339905,0.485355019569397,0.17321081459522247,0.388622909784317,0.6301104879883739,0.431098610162735,0.1069190725684166
S,13618,0.48633790016174316,0.500756561756134,0.14675097167491913,0.34706422686576843,0.6911372617259622,0.4223121702671051,0.05754628777503967
T,13620,0.5989770889282227,0.48300421237945557,0.17820565402507782,0.3991622030735016,0.6477819562569493,0.43252986669540405,0.1534506231546402
T,13637,0.6476430296897888,0.4838373363018036,0.19000352919101715,0.40342727303504944,0.6338675939880584,0.44430458545684814,0.07455915212631226
X,13649,0.5458565950393677,0.47601014375686646,0.16726644337177277,0.4068995416164398,0.505468852312888,0.40739428997039795,0.5913676023483276
X,13650,0.6220081448554993,0.4867933392524719,0.18458811938762665,0.39946725964546204,0.6137963658908848,0.44088447093963623,0.10562560707330704
X,13655,0.610106348991394,0.48847994208335876,0.1813146322965622,0.396852046251297,0.6199638213087262,0.4380035698413849,0.12424559891223907
S,13657,0.4817163348197937,0.4993259906768799,0.14482831954956055,0.34420710802078247,0.6930960416731735,0.42060595750808716,0.048006728291511536
S,13658,0.4742047190666199,0.4986377954483032,0.14179039001464844,0.3459468185901642,0.7060084326068561,0.4155767560005188,0.07282785326242447
T,13661,0.5409225225448608,0.4585545063018799,0.16478167474269867,0.40512198209762573,0.7155658111901236,0.4119429290294647,0.5778056979179382
S,13664,0.4754604697227478,0.5009626150131226,0.1416882872581482,0.34923774003982544,0.6754650337683659,0.412060409784317,0.1082361489534378
T,13671,0.631791889667511,0.48335298895835876,0.1917170286178589,0.4080005884170532,0.6351702336752594,0.44710034132003784,0.07802212238311768
N,13685,0.6175817847251892,0.49556073546409607,0.18255260586738586,0.39975735545158386,0.6311488272110819,0.43859583139419556,0.1798769235610962
T,13700,0.5418455004692078,0.4825831651687622,0.1662713885307312,0.396974116563797,0.6556171269361706,0.42165669798851013,0.24546554684638977
X,13705,0.5980904698371887,0.4879162609577179,0.17961308360099792,0.39424610137939453,0.6362619799034049,0.4392159581184387,0.09601414948701859
N,13723,0.5424065589904785,0.49826154112815857,0.16568545997142792,0.4052189588546753,0.6351126520913143,0.41137614846229553,0.44856464862823486
S,13728,0.5511517524719238,0.4990254342556,0.16210778057575226,0.36681661009788513,0.6154751108126948,0.4301357567310333,0.08415256440639496
N,13729,0.5394206047058105,0.49135226011276245,0.16389986872673035,0.3925701081752777,0.6475856596782493,0.42054253816604614,0.25205034017562866
_,13738,0.5198693871498108,0.44453930854797363,0.1545048952102661,0.39304277300834656,0.8703529337545236,0.403042733669281,0.0
T,13745,0.5332151651382446,0.4561316668987274,0.16102685034275055,0.4005393087863922,0.7251299364208111,0.4074589014053345,0.5834804773330688
X,13748,0.5358551144599915,0.4914796054363251,0.16343773901462555,0.3965374231338501,0.6249963882379235,0.4179210364818573,0.30595073103904724
T,13757,0.6104354858398438,0.4856581687927246,0.1814669519662857,0.3984728455543518,0.6613885059368719,0.43846961855888367,0.11230103671550751
T,13759,0.5473282933235168,0.4687044024467468,0.16795405745506287,0.40833574533462524,0.4589662413093023,0.412021666765213,0.5842225551605225
S,13762,0.4808560311794281,0.5020648837089539,0.1448238044977188,0.3435913920402527,0.6944587416450183,0.4214189648628235,0.055204425007104874
_,13791,0.5211699604988098,0.4448130428791046,0.15513218939304352,0.39383459091186523,0.8688066447277865,0.4038345515727997,0.0
T,13793,0.5375849008560181,0.4574791491031647,0.16315053403377533,0.40307995676994324,0.7405835001759988,0.4097689986228943,0.5903666615486145
T,13800,0.5357141494750977,0.4566555917263031,0.162239208817482,0.40203091502189636,0.7347291527470103,0.40895769000053406,0.5845690965652466
X,13802,0.5414332151412964,0.46703898906707764,0.16506946086883545,0.4049915075302124,0.5508763957368986,0.40894123911857605,0.5777856707572937
T,13810,0.5622114539146423,0.4860299825668335,0.17445805668830872,0.40409383177757263,0.6417272944201735,0.4298900067806244,0.24405308067798615
_,13814,0.5200077891349792,0.4445684850215912,0.1545715034008026,0.39312735199928284,0.8702645342548688,0.4031273424625397,0.0
_,13825,0.5208550691604614,0.4447471797466278,0.15497960150241852,0.3936447203159332,0.8697305707136791,0.40364471077919006,0.0
X,13826,0.5983796119689941,0.48658519983291626,0.17686381936073303,0.39251261949539185,0.6298785822046921,0.4345467984676361,0.11247266083955765
X,13831,0.5412048697471619,0.4645204246044159,0.16493773460388184,0.4049162268638611,0.681438516515888,0.4094772934913635,0.5858756303787231
T,13849,0.5528899431228638,0.4793708920478821,0.1691705584526062,0.3977566063404083,0.6676680399570615,0.4252570569515228,0.19696451723575592
_,13858,0.5225225687026978,0.4450990855693817,0.15578250586986542,0.3946640193462372,0.8689666758974394,0.404664009809494,0.0
N,13862,0.5599950551986694,0.49058911204338074,0.17090614140033722,0.3948066830635071,0.626724063978157,0.4256941080093384,0.2232215851545334
_,13867,0.5225242376327515,0.4450993835926056,0.1557832956314087,0.39466506242752075,0.868972005446752,0.4046650230884552,0.0
X,13871,0.546382486820221,0.49143168330192566,0.16606751084327698,0.390433669090271,0.6090512594958031,0.4218754470348358,0.22519873082637787
N,13897,0.5333477854728699,0.4873858690261841,0.162458598613739,0.3923059105873108,0.6529887760120134,0.41937530040740967,0.24578821659088135
_,13904,0.5227788686752319,0.44515305757522583,0.15590602159500122,0.39482030272483826,0.8688721104959647,0.4048202931880951,0.0
T,13905,0.5585645437240601,0.4942331612110138,0.17353567481040955,0.41430601477622986,0.6287762614912693,0.4118327796459198,0.5615116953849792
S,13906,0.5040826201438904,0.5059254169464111,0.14925427734851837,0.35358738899230957,0.6057286401907914,0.4198917746543884,0.10893769562244415
X,13924,0.5608915090560913,0.4885064959526062,0.17007912695407867,0.38936081528663635,0.6289435796532781,0.42957717180252075,0.1456504464149475
N,13926,0.5455293655395508,0.4839652478694916,0.16519823670387268,0.386743426322937,0.6654910426788654,0.42552781105041504,0.13446393609046936
_,13933,0.5225387811660767,0.4451024532318115,0.1557903289794922,0.39467379450798035,0.8689511793355148,0.40467381477355957,0.0
_,13941,0.5239719748497009,0.4454041123390198,0.15648162364959717,0.3955463171005249,0.8681094984213512,0.40554627776145935,0.0
S,13946,0.4761427044868469,0.49952179193496704,0.14296185970306396,0.34726381301879883,0.6927661501988769,0.4170514643192291,0.07499231398105621
T,13949,0.5407025218009949,0.4827409088611603,0.16546297073364258,0.39929434657096863,0.6599673615333935,0.4186536967754364,0.30166158080101013
_,13954,0.5224965214729309,0.4450936019420624,0.15576991438865662,0.39464810490608215,0.868987709581852,0.404648095369339,0.0
S,13964,0.4757542014122009,0.517686665058136,0.1393948197364807,0.34179291129112244,0.6013463240706672,0.4115025997161865,0.1363627165555954
N,13969,0.5775864124298096,0.4878757894039154,0.17316557466983795,0.38916149735450745,0.600457434472531,0.4334697425365448,0.11016082018613815
N,13976,0.5612437129020691,0.48548513650894165,0.16859477758407593,0.3875052034854889,0.6685104135095996,0.4292716979980469,0.11824187636375427
X,13980,0.5418937802314758,0.46170756220817566,0.1652556210756302,0.4055642783641815,0.7015340538152729,0.41133609414100647,0.5804622769355774
S,13988,0.5084800124168396,0.504138171672821,0.1514962613582611,0.3573138117790222,0.6436102423071862,0.4219619929790497,0.10768897831439972
N,13989,0.5568674802780151,0.4826788306236267,0.16532720625400543,0.38719508051872253,0.6742244725547305,0.4234820306301117,0.14567358791828156
S,13993,0.5069771409034729,0.5044611692428589,0.15130563080310822,0.3479245603084564,0.6465418424579548,0.42733848094940186,0.05446179583668709
X,13995,0.601778507232666,0.4887428283691406,0.18056127429008484,0.39756524562835693,0.6250487730339228,0.43815407156944275,0.1307208091020584
S,13996,0.48275184631347656,0.5019160509109497,0.14425413310527802,0.3470829725265503,0.67055240618065,0.4169645607471466,0.08341844379901886
N,13997,0.5463623404502869,0.49847373366355896,0.16782759130001068,0.4061899483203888,0.6352555386171056,0.4155553877353668,0.4216468632221222
_,14001,0.5232908129692078,0.44526082277297974,0.15615291893482208,0.39513200521469116,0.8684424776335558,0.405131995677948,0.0
S,14006,0.5296342968940735,0.5036457180976868,0.1523706465959549,0.3573044240474701,0.6119747984179867,0.4207720458507538,0.1097182109951973
N,14009,0.5560551285743713,0.5044829845428467,0.17234672605991364,0.41266587376594543,0.6334315647955252,0.4141530394554138,0.4927329421043396
X,14018,0.5410900712013245,0.4649288058280945,0.16488412022590637,0.4047844707965851,0.7150485283749368,0.4090961217880249,0.5887289047241211
X,14019,0.5518518090248108,0.48803070187568665,0.1680416464805603,0.3921166956424713,0.6237065365895008,0.4243161380290985,0.20367345213890076
T,14029,0.5972645282745361,0.4794504940509796,0.18176761269569397,0.40557071566581726,0.6418874216250455,0.43457546830177307,0.16200819611549377
T,14032,0.55729079246521,0.49677276611328125,0.17290860414505005,0.4135737717151642,0.6596145241168476,0.41073349118232727,0.5547366738319397
S,14036,0.4875847399234772,0.5032621622085571,0.14759303629398346,0.346548467874527,0.6798509620937209,0.4242537021636963,0.05831953510642052
T,14045,0.5433754324913025,0.46076539158821106,0.1659822165966034,0.4064284563064575,0.7094032183030807,0.412533700466156,0.5856335163116455
X,14049,0.5413299798965454,0.4644659161567688,0.16499561071395874,0.4051917493343353,0.6165783266040187,0.41031399369239807,0.5685107111930847
T,14061,0.5392137765884399,0.46031785011291504,0.16395041346549988,0.403984934091568,0.7196858380027394,0.40995725989341736,0.5825715065002441
S,14064,0.49546173214912415,0.5153854489326477,0.14534991979599,0.35009273886680603,0.572032463021751,0.41419339179992676,0.14777988195419312
S,14065,0.5554101467132568,0.4996488690376282,0.16021664440631866,0.3631807565689087,0.6482155992664775,0.43051573634147644,0.0716911256313324
_,14068,0.5224366784095764,0.4450809955596924,0.1557411551475525,0.39461150765419006,0.8689338762064776,0.4046114981174469,0.0
X,14084,0.5421931147575378,0.48719269037246704,0.16495247185230255,0.38709568977355957,0.6241988838060449,0.4222065806388855,0.18035385012626648
X,14085,0.6309385299682617,0.4874722361564636,0.18396922945976257,0.3975604176521301,0.6144571314162265,0.4400889277458191,0.10350512713193893
X,14090,0.5471674799919128,0.4670024812221527,0.16785220801830292,0.40839025378227234,0.6642190469379178,0.41267991065979004,0.5839906930923462
_,14095,0.5226027369499207,0.44511592388153076,0.15582118928432465,0.39471277594566345,0.8688747361302377,0.4047127366065979,0.0
S,14104,0.48663392663002014,0.4970231354236603,0.14057192206382751,0.34426531195640564,0.6530387847024638,0.4079715609550476,0.09205253422260284
T,14111,0.5766053199768066,0.47597625851631165,0.1710193008184433,0.38961824774742126,0.6706739706064885,0.4234398603439331,0.11272265762090683
S,14115,0.46789705753326416,0.4979167878627777,0.13826075196266174,0.341372013092041,0.6798174501582981,0.4066576361656189,0.09073980152606964
S,14121,0.47380921244621277,0.5008585453033447,0.14027486741542816,0.3440846800804138,0.6726075012857716,0.4095892310142517,0.09979619085788727
T,14143,0.5213712453842163,0.454067200422287,0.15533855557441711,0.3931620717048645,0.7333602480865375,0.3996163308620453,0.5930189490318298
T,14146,0.5247978568077087,0.4589981138706207,0.1570238620042801,0.3949032723903656,0.6571657208507532,0.3996647298336029,0.5961093902587891
S,14148,0.46449586749076843,0.4991881549358368,0.1373101770877838,0.3377234935760498,0.7162959359089534,0.41019192337989807,0.06945489346981049
S,14160,0.46658849716186523,0.5005623698234558,0.13637161254882812,0.3454086184501648,0.6624583302127819,0.4003775119781494,0.14218272268772125
S,14163,0.4878182113170624,0.5040809512138367,0.14236776530742645,0.3470635414123535,0.6134441247476692,0.4079492688179016,0.12784446775913239
N,14165,0.587764322757721,0.48438629508018494,0.17504748702049255,0.384039968252182,0.6649084929542732,0.43385374546051025,0.0516415573656559
T,14168,0.5182076096534729,0.45299333333969116,0.15380871295928955,0.39123672246932983,0.731785572006905,0.39773908257484436,0.5976033210754395
T,14173,0.5334998965263367,0.48195892572402954,0.16185007989406586,0.3948628008365631,0.6552669741739283,0.40869590640068054,0.3602776825428009
_,14174,0.5040275454521179,0.44117698073387146,0.1469114124774933,0.3832680881023407,0.8804374324778717,0.39326801896095276,0.0
N,14180,0.5421227216720581,0.4825424253940582,0.1619235873222351,0.37951207160949707,0.6617695434587465,0.41945895552635193,0.12489932030439377
S,14182,0.5028876066207886,0.5006153583526611,0.14408572018146515,0.34951090812683105,0.628627617298674,0.4089713394641876,0.1208520382642746
_,14188,0.5043409466743469,0.4412437975406647,0.14706100523471832,0.383463054895401,0.8803255731860797,0.39346304535865784,0.0
N,14192,0.5341969132423401,0.4954802989959717,0.16141730546951294,0.3946645259857178,0.6510309239490502,0.40676677227020264,0.38721105456352234
T,14198,0.5465676188468933,0.4752984344959259,0.16567932069301605,0.3928092122077942,0.6689833623667558,0.4167060852050781,0.2181784063577652
T,14200,0.5230281949043274,0.4573078453540802,0.1561717838048935,0.3940349817276001,0.6463964528823212,0.39964255690574646,0.5813957452774048
N,14206,0.5223253965377808,0.48316434025764465,0.15536536276340485,0.37777653336524963,0.6890639883493229,0.4126754701137543,0.17171761393547058
N,14207,0.5316606760025024,0.4885704815387726,0.15847454965114594,0.38049444556236267,0.6691369615639997,0.4154808521270752,0.193379208445549
_,14224,0.5040526390075684,0.44118231534957886,0.14692337810993195,0.3832836151123047,0.8803979481259983,0.3932836055755615,0.0
T,14229,0.535396158695221,0.4822099804878235,0.16190500557422638,0.3855651915073395,0.6657838659423093,0.4132310748100281,0.22051192820072174
S,14237,0.5675377249717712,0.4988282322883606,0.16629967093467712,0.367235004901886,0.6351228196061371,0.4295191466808319,0.08667213469743729
_,14238,0.5039686560630798,0.44116440415382385,0.14688333868980408,0.38323140144348145,0.8804683813949427,0.3932313621044159,0.0
N,14269,0.5231754779815674,0.489814817905426,0.1565418690443039,0.38531026244163513,0.652178223663844,0.4088534712791443,0.282869815826416
T,14273,0.5390390157699585,0.4794512093067169,0.1630474179983139,0.3900720179080963,0.658760570359106,0.4151737689971924,0.2302543818950653
S,14276,0.46831998229026794,0.5000248551368713,0.13685089349746704,0.34222009778022766,0.6721590692053239,0.40515825152397156,0.10830887407064438
_,14277,0.5040364861488342,0.4411788582801819,0.14691567420959473,0.38327354192733765,0.8804545273880164,0.3932735323905945,0.0
T,14283,0.593833327293396,0.4857123792171478,0.17962701618671417,0.3991711735725403,0.6004203205512992,0.4284933805465698,0.20766794681549072
T,14285,0.5439634919166565,0.4919563829898834,0.16651661694049835,0.40443214774131775,0.6285783717622568,0.39813852310180664,0.5917258858680725
N,14286,0.5266188979148865,0.47865694761276245,0.15457019209861755,0.3760124444961548,0.6895614924750407,0.4092637002468109,0.16234755516052246
S,14290,0.5065264105796814,0.5004528164863586,0.14855416119098663,0.355732798576355,0.6126171508340243,0.41218817234039307,0.13064031302928925
X,14295,0.558539092540741,0.4923131465911865,0.16839076578617096,0.38844096660614014,0.6082222005360988,0.4218372106552124,0.21387061476707458
T,14302,0.5183392763137817,0.45301616191864014,0.1538688689470291,0.3913497030735016,0.7354504370518529,0.3979075849056244,0.5945979356765747
S,14304,0.5020092725753784,0.494559645652771,0.14661166071891785,0.35358911752700806,0.6467820260112058,0.411775141954422,0.10089724510908127
X,14310,0.5491691827774048,0.48724091053009033,0.1638159453868866,0.38293442130088806,0.6611522593046539,0.41929522156715393,0.17407840490341187
S,14320,0.5538030862808228,0.49843212962150574,0.16268262267112732,0.3636307418346405,0.6175990643675808,0.428331583738327,0.07730992138385773
T,14321,0.5706889033317566,0.4830697774887085,0.17389585077762604,0.39225125312805176,0.6576131089994064,0.42897942662239075,0.134723961353302
_,14339,0.5046504735946655,0.4413098394870758,0.14720886945724487,0.3836553394794464,0.8800708780189356,0.39365532994270325,0.0
S,14350,0.46541881561279297,0.5000054836273193,0.136407732963562,0.33964046835899353,0.676839216016233,0.4044513702392578,0.10134945809841156
N,14354,0.5408861041069031,0.4794939160346985,0.16171905398368835,0.37959232926368713,0.6764190682877477,0.4191350042819977,0.10815932601690292
S,14355,0.47281286120414734,0.5056950449943542,0.13579058647155762,0.3364159166812897,0.6641895223945419,0.4065963923931122,0.10188504308462143
_,14361,0.50406414270401,0.4411848187446594,0.14692889153957367,0.3832908272743225,0.8804621231555939,0.39329081773757935,0.0
S,14365,0.482822060585022,0.5070317983627319,0.13825762271881104,0.3397371768951416,0.6542412948383086,0.40767836570739746,0.1130620539188385
_,14398,0.5141971707344055,0.44333943724632263,0.15177880227565765,0.3895619213581085,0.8740588927268983,0.39956191182136536,0.0
N,14399,0.547968864440918,0.4865979254245758,0.16365183889865875,0.3809075951576233,0.6822310180641944,0.42469048500061035,0.11951275914907455
S,14400,0.47219258546829224,0.5159967541694641,0.13730700314044952,0.3379749357700348,0.6033343025301232,0.40802744030952454,0.13191254436969757
S,14401,0.5443711280822754,0.4992048144340515,0.15721425414085388,0.3587222397327423,0.6440952052186185,0.4266203045845032,0.07162872701883316
_,14417,0.5142409205436707,0.4433487057685852,0.15179985761642456,0.38958868384361267,0.8740014445285003,0.3995886743068695,0.0
T,14421,0.6253071427345276,0.48150843381881714,0.1885077953338623,0.4079332947731018,0.6221429586179632,0.4395715296268463,0.14087219536304474
X,14427,0.541435718536377,0.48814529180526733,0.1630629450082779,0.3878234326839447,0.6243528836515422,0.4168396294116974,0.23275843262672424
T,14441,0.5898177027702332,0.49117839336395264,0.18007394671440125,0.40405136346817017,0.6130223663046491,0.43093010783195496,0.25310057401657104
S,14443,0.4666888117790222,0.5024130940437317,0.13876323401927948,0.34049907326698303,0.6809686668838064,0.4112962782382965,0.0864335149526596
X,14459,0.5286888480186462,0.48501649498939514,0.15864837169647217,0.37704116106033325,0.6503811455921581,0.4168238341808319,0.1437501460313797
N,14467,0.5548360347747803,0.4835839569568634,0.1654040366411209,0.3811635673046112,0.6668940688925795,0.42561233043670654,0.09438145160675049
S,14470,0.5408616662025452,0.5009278655052185,0.15874113142490387,0.3599384129047394,0.6084794648559425,0.4277505874633789,0.07848599553108215
S,14473,0.5055959224700928,0.4980841279029846,0.15025077760219574,0.35090506076812744,0.6951410288371457,0.4219580590724945,0.059129998087882996
T,14474,0.5299142003059387,0.45541098713874817,0.1594391167163849,0.39857205748558044,0.7272394100824022,0.40561074018478394,0.5748279094696045
_,14478,0.5152906179428101,0.44357046484947205,0.1523047387599945,0.39023178815841675,0.8726820791761081,0.4002317786216736,0.0
T,14486,0.5908731818199158,0.49171149730682373,0.1802002191543579,0.4037061035633087,0.6123352233638677,0.43137624859809875,0.24839229881763458
X,14488,0.5333302021026611,0.46160081028938293,0.16113263368606567,0.4002046287059784,0.7059337045454596,0.40510132908821106,0.5852164030075073
X,14493,0.5307691693305969,0.4627138376235962,0.15990179777145386,0.39864426851272583,0.7015486762032379,0.4030851423740387,0.5786346197128296
_,14494,0.5142142176628113,0.44334301352500916,0.15178707242012024,0.3895722031593323,0.8739715558290482,0.3995721936225891,0.0
X,14501,0.5744603276252747,0.48753929138183594,0.17224353551864624,0.38711926341056824,0.6486880350248734,0.4319421648979187,0.10742984712123871
N,14511,0.5363210439682007,0.4831390380859375,0.15894514322280884,0.3769785165786743,0.6784250481221049,0.4182663559913635,0.12230416387319565
S,14522,0.5018614530563354,0.5109062194824219,0.14583590626716614,0.34542253613471985,0.6096217179373101,0.4185592234134674,0.1048210859298706
_,14524,0.5140808820724487,0.44331473112106323,0.15172308683395386,0.3894900679588318,0.8740105963746707,0.3994900584220886,0.0
S,14526,0.4779817759990692,0.5023809671401978,0.13847437500953674,0.34302985668182373,0.6214411526206338,0.4078713059425354,0.10832799226045609
T,14528,0.5874144434928894,0.4820374548435211,0.17820283770561218,0.40050774812698364,0.6417438584122405,0.4312470853328705,0.17193281650543213
T,14532,0.5325798988342285,0.4555765986442566,0.16073618829250336,0.40009230375289917,0.6826992180867577,0.4070804715156555,0.587790846824646
T,14539,0.5506476163864136,0.496761292219162,0.16973398625850677,0.4092686176300049,0.5853654264001913,0.40473872423171997,0.5632460713386536
S,14555,0.4719485640525818,0.4967890679836273,0.1400195062160492,0.34471002221107483,0.7055620153124135,0.4116984009742737,0.07779590785503387
N,14558,0.6001073122024536,0.4882751703262329,0.1792009174823761,0.39490488171577454,0.6486377292789136,0.4355882704257965,0.13084766268730164
_,14564,0.5153068900108337,0.443573921918869,0.15231260657310486,0.39024171233177185,0.8726962489386401,0.4002417027950287,0.0
T,14572,0.5539506077766418,0.4820905029773712,0.1691945493221283,0.39762285351753235,0.6594711114931852,0.4215991497039795,0.24869662523269653
_,14573,0.5153733491897583,0.4435880184173584,0.15234442055225372,0.39028269052505493,0.8726167120039464,0.40028268098831177,0.0
N,14575,0.5473406910896301,0.49232056736946106,0.1648927927017212,0.3888411819934845,0.6549361509686302,0.4225967526435852,0.21298864483833313
X,14579,0.6119549870491028,0.4875483214855194,0.18166324496269226,0.39478275179862976,0.6212685338046868,0.43803051114082336,0.10445979237556458
T,14580,0.5423882007598877,0.4829806685447693,0.1646847128868103,0.3947013020515442,0.6505597660277272,0.41575711965560913,0.28440019488334656
_,14584,0.5142020583152771,0.4433404505252838,0.15178124606609344,0.3895646929740906,0.8739391782383125,0.3995646834373474,0.0
N,14585,0.5742784738540649,0.48915186524391174,0.1701318621635437,0.3849473297595978,0.6645865086671742,0.4294006824493408,0.12298766523599625
T,14589,0.5707997679710388,0.481338769197464,0.17176637053489685,0.39680737257003784,0.6538111256467043,0.42453885078430176,0.20517854392528534
_,14595,0.514320969581604,0.4433656930923462,0.15183821320533752,0.38963818550109863,0.8739712809522947,0.39963817596435547,0.0
_,14597,0.5151544213294983,0.44354209303855896,0.1522386223077774,0.3901500403881073,0.8733485028147698,0.40015003085136414,0.0
T,14606,0.6292705535888672,0.48283469676971436,0.18695935606956482,0.3996785581111908,0.6513887077457428,0.4429030120372772,0.0556047186255455
N,14617,0.545462429523468,0.4863341450691223,0.16514083743095398,0.3859330713748932,0.6691277895822078,0.4237622916698456,0.15652146935462952
X,14631,0.5559641718864441,0.4872139096260071,0.16521894931793213,0.38088685274124146,0.6318930609268136,0.42264142632484436,0.13562576472759247
_,14651,0.5145977139472961,0.44342419505119324,0.1519712656736374,0.3898077607154846,0.8735496176282566,0.39980775117874146,0.0
N,14653,0.5438209772109985,0.485269695520401,0.16101549565792084,0.38016006350517273,0.6697545364281784,0.42032602429389954,0.1389133483171463
S,14657,0.4728635847568512,0.505603551864624,0.1380220204591751,0.3367539942264557,0.6703901819238672,0.4127429723739624,0.08032666891813278
S,14664,0.4992363154888153,0.4975877106189728,0.1461992710828781,0.34895455837249756,0.6443970852467464,0.415938138961792,0.07698206603527069
_,14667,0.5146538615226746,0.44343629479408264,0.151997908949852,0.3898431956768036,0.8739387170473735,0.3998431861400604,0.0
_,14673,0.515163004398346,0.4435439705848694,0.15224260091781616,0.39015570282936096,0.8734458518524966,0.4001556634902954,0.0
T,14682,0.557054877281189,0.5016456246376038,0.17286476492881775,0.4125513434410095,0.6485546273421521,0.40576881170272827,0.5764381885528564
X,14697,0.5406978726387024,0.4828689694404602,0.161884605884552,0.38273686170578003,0.6562334929398882,0.4180433750152588,0.16047298908233643
_,14700,0.5147924423217773,0.4434656500816345,0.15206438302993774,0.38992854952812195,0.873972569257021,0.3999285399913788,0.0
_,14709,0.5158591866493225,0.4436910152435303,0.15257754921913147,0.3905818462371826,0.87270922601223,0.40058180689811707,0.0
X,14711,0.5619872212409973,0.4842803180217743,0.16656216979026794,0.38404399156570435,0.6343536461577363,0.4223545789718628,0.14088477194309235
T,14712,0.5676859617233276,0.4779587984085083,0.17369164526462555,0.3971749544143677,0.6633835443792244,0.429134339094162,0.1362219750881195
X,14729,0.5640395879745483,0.4833472669124603,0.16815216839313507,0.38573652505874634,0.6419855988988032,0.42421478033065796,0.13177959620952606
N,14734,0.555844783782959,0.4981829822063446,0.16974829137325287,0.40050065517425537,0.6276421473222824,0.419402539730072,0.3390846848487854
T,14736,0.5326192378997803,0.45725730061531067,0.16076268255710602,0.40003928542137146,0.7223543375421165,0.4064697325229645,0.5849459171295166
T,14749,0.5368127822875977,0.48041215538978577,0.16338805854320526,0.3910670578479767,0.6577957875467837,0.41676828265190125,0.22835323214530945
T,14759,0.612880289554596,0.48104095458984375,0.18006065487861633,0.39478668570518494,0.6624487834855973,0.436377614736557,0.0680236741900444
T,14761,0.5512019395828247,0.4947197735309601,0.16998298466205597,0.40986397862434387,0.6069693967874628,0.4066310524940491,0.5578646063804626
X,14764,0.5520476698875427,0.4860440790653229,0.16516059637069702,0.3850010633468628,0.6306369585295518,0.4211912751197815,0.16756004095077515
T,14766,0.5945523977279663,0.47909098863601685,0.1779215782880783,0.3990303874015808,0.648204574485911,0.430410772562027,0.14506566524505615
S,14774,0.4703476130962372,0.49878302216529846,0.13931940495967865,0.3440781533718109,0.691034491211176,0.40945884585380554,0.09254663437604904
N,14777,0.562369167804718,0.48388373851776123,0.16915437579154968,0.3861197233200073,0.6538541540443354,0.42857226729393005,0.10383210331201553
X,14782,0.5421304702758789,0.49066317081451416,0.1658429056406021,0.39584869146347046,0.6181101027845095,0.4196178913116455,0.28306397795677185
N,14791,0.5619245767593384,0.48464223742485046,0.16738876700401306,0.38258039951324463,0.6761078882623406,0.42864760756492615,0.08729580044746399
_,14792,0.515804648399353,0.44367945194244385,0.15255136787891388,0.3905482590198517,0.872691319535176,0.4005482494831085,0.0
S,14803,0.48497021198272705,0.500728964805603,0.14145320653915405,0.3469623029232025,0.6190421334463948,0.41005614399909973,0.10758741945028305
S,14804,0.4856704771518707,0.4985157251358032,0.1460849642753601,0.34912586212158203,0.6763821227972706,0.4174707233905792,0.07544194906949997
T,14812,0.5435903072357178,0.4822760224342346,0.1642112284898758,0.3945048749446869,0.6798297416313047,0.4164738357067108,0.2728460729122162
X,14831,0.533957839012146,0.4603694677352905,0.16142801940441132,0.400892049074173,0.7071207722382679,0.4069516062736511,0.5594826936721802
_,14832,0.5158238410949707,0.4436834752559662,0.15256066620349884,0.3905598521232605,0.8726003066202005,0.40055984258651733,0.0
N,14835,0.5440045595169067,0.48488688468933105,0.1631593108177185,0.3812656104564667,0.6791704596635343,0.4240955412387848,0.11607064306735992
X,14845,0.5313716530799866,0.46161988377571106,0.16018466651439667,0.39898574352264404,0.7000571685588451,0.4036381244659424,0.5869854688644409
X,14851,0.52969890832901,0.46041157841682434,0.1593712717294693,0.3980773389339447,0.7131182769842151,0.4031488299369812,0.5823665261268616
_,14865,0.5146252512931824,0.44343024492263794,0.15198412537574768,0.38982564210891724,0.8740353432297707,0.3998256027698517,0.0
N,14872,0.5335363745689392,0.4852268695831299,0.1601688414812088,0.383749395608902,0.6788558696664162,0.4193870425224304,0.17128033936023712
S,14880,0.4858619272708893,0.5014587640762329,0.14463196694850922,0.3479278087615967,0.6541220132665089,0.4161435067653656,0.08831719309091568
X,14881,0.5778743624687195,0.4872589111328125,0.17122161388397217,0.3848002851009369,0.6275528461656844,0.42909473180770874,0.11145464330911636
S,14886,0.47633078694343567,0.497901052236557,0.14135083556175232,0.3479563593864441,0.6830495923447113,0.4108377993106842,0.09737129509449005
S,14889,0.46990591287612915,0.5022652745246887,0.14001229405403137,0.34133651852607727,0.7055721669023236,0.414941668510437,0.07523437589406967
T,14894,0.5347440838813782,0.45973634719848633,0.16180594265460968,0.4013224244117737,0.5990067950533497,0.40742456912994385,0.5687148571014404
N,14896,0.5615825057029724,0.48297470808029175,0.1658247411251068,0.377090185880661,0.6730322599308177,0.42665278911590576,0.058246370404958725
X,14913,0.5312684178352356,0.4603478014469147,0.16012492775917053,0.3989848792552948,0.7094663930001601,0.404052197933197,0.5890269875526428
N,14922,0.562946617603302,0.48689982295036316,0.16841194033622742,0.38788115978240967,0.6355484116490698,0.42377734184265137,0.1709645837545395
S,14936,0.48260897397994995,0.5016115307807922,0.14535263180732727,0.3442697525024414,0.6912596793969473,0.4208349585533142,0.05881402641534805
T,14940,0.5445820093154907,0.48687419295310974,0.16706810891628265,0.4015524983406067,0.6109816149703693,0.414773166179657,0.37650713324546814
T,14944,0.53166663646698,0.4553886651992798,0.16028879582881927,0.39955663681030273,0.7241037994329479,0.4065362513065338,0.5877594947814941
S,14966,0.5347134470939636,0.49976399540901184,0.1575547754764557,0.3610548973083496,0.6197368026761979,0.4259087145328522,0.0861688107252121
T,14968,0.5976228713989258,0.48618847131729126,0.18125660717487335,0.4036104083061218,0.6229151502450502,0.43529486656188965,0.18494820594787598
N,14969,0.551217794418335,0.48438894748687744,0.16585005819797516,0.3835827112197876,0.6746830099916163,0.4275752902030945,0.10043752193450928
N,14972,0.5600228309631348,0.4983488619327545,0.17115603387355804,0.401452898979187,0.6264775889856296,0.4215891659259796,0.33013421297073364
N,14977,0.5658696889877319,0.48579978942871094,0.16754667460918427,0.38543012738227844,0.6471077548910399,0.4244551956653595,0.14281567931175232
N,14998,0.5403220653533936,0.49257031083106995,0.1643856018781662,0.39463478326797485,0.6500540777322992,0.41810673475265503,0.2908124029636383
X,15000,0.5565322041511536,0.48747092485427856,0.1663118600845337,0.3812853693962097,0.625188449851703,0.42459869384765625,0.1250418722629547
X,15004,0.578964352607727,0.4881148338317871,0.17545196413993835,0.391615092754364,0.6416401399454723,0.4338957965373993,0.12288153916597366
S,15016,0.553929328918457,0.500083863735199,0.16168448328971863,0.36443030834198,0.6066117016429537,0.43059056997299194,0.07788878679275513
X,15022,0.5329805016517639,0.45733317732810974,0.1609283834695816,0.4003024399280548,0.7170173666670477,0.40678074955940247,0.58286452293396
N,15024,0.549530565738678,0.4933679401874542,0.1659918874502182,0.38987451791763306,0.6101716977130854,0.42436152696609497,0.21143102645874023
_,15035,0.5170279741287231,0.443938672542572,0.15313857793807983,0.3913009762763977,0.8719166646401088,0.40130096673965454,0.0
N,15039,0.5582878589630127,0.4865698218345642,0.16876494884490967,0.3873676061630249,0.6641837759286864,0.4295647442340851,0.12217313051223755
S,15046,0.48688405752182007,0.4960560202598572,0.1464463770389557,0.3500121533870697,0.6842878916238746,0.4179394543170929,0.06504657864570618
X,15069,0.5397690534591675,0.46294575929641724,0.16424891352653503,0.40409231185913086,0.6954976131884177,0.40911656618118286,0.5847311615943909
T,15079,0.5539189577102661,0.4968012571334839,0.17131082713603973,0.41095250844955444,0.6280492855406677,0.4056595265865326,0.5755817890167236
X,15081,0.5607897639274597,0.4830571711063385,0.16789698600769043,0.3861537575721741,0.6459197644454738,0.4243864417076111,0.1312234252691269
_,15101,0.5177200436592102,0.44408494234085083,0.15347132086753845,0.3917253017425537,0.8714459690948327,0.40172526240348816,0.0
N,15102,0.564168393611908,0.4847566783428192,0.16544769704341888,0.38073021173477173,0.6688635199390653,0.4245198965072632,0.10651326179504395
N,15108,0.5943658351898193,0.49214696884155273,0.17688532173633575,0.39274778962135315,0.6140390546708104,0.43517622351646423,0.14416706562042236
_,15109,0.5176489353179932,0.444070041179657,0.15343701839447021,0.3916820287704468,0.8716428796450297,0.4016820192337036,0.0
T,15121,0.6243615746498108,0.48037222027778625,0.18522021174430847,0.4034830629825592,0.641467896457131,0.438231885433197,0.10712485760450363
T,15127,0.5322340130805969,0.45506593585014343,0.16054606437683105,0.4000529646873474,0.7324956552955944,0.4074109196662903,0.5742761492729187
_,15135,0.518352210521698,0.44421815872192383,0.1537761241197586,0.3921106159687042,0.8705439595381419,0.40211060643196106,0.0
N,15142,0.5600228309631348,0.4983488619327545,0.17115603387355804,0.401452898979187,0.6264775889856296,0.4215891659259796,0.33013421297073364
S,15146,0.5257247090339661,0.49976593255996704,0.15223637223243713,0.358950674533844,0.6002817360996172,0.41929590702056885,0.10823168605566025
_,15165,0.5172136425971985,0.4439779818058014,0.15322770178318024,0.39141523838043213,0.8719158755242825,0.4014151990413666,0.0
N,15168,0.5394966006278992,0.48303666710853577,0.16259528696537018,0.3838658332824707,0.668039771753829,0.421918660402298,0.13851752877235413
N,15170,0.5513802170753479,0.48362916707992554,0.16176670789718628,0.3790299594402313,0.6836783297458897,0.4219382107257843,0.10946319997310638
_,15176,0.5179456472396851,0.44413259625434875,0.15357977151870728,0.39186352491378784,0.8713767588635286,0.40186354517936707,0.0
S,15177,0.5129166841506958,0.49969416856765747,0.1542789191007614,0.3524589538574219,0.6648489667630444,0.4279085695743561,0.046471890062093735
X,15181,0.5370882153511047,0.4605916440486908,0.162941575050354,0.4028130769729614,0.7030029739386131,0.40913844108581543,0.5561227202415466
N,15189,0.5721951723098755,0.48494651913642883,0.17061837017536163,0.38201892375946045,0.6716535101704358,0.4327661395072937,0.05434764176607132
N,15190,0.5828611850738525,0.4899648129940033,0.1735457181930542,0.3918987512588501,0.6179131010893859,0.4287041127681732,0.1745937019586563
S,15191,0.5195469260215759,0.5016823410987854,0.15429100394248962,0.35422343015670776,0.6423186976579018,0.42571887373924255,0.06931541115045547
X,15192,0.6119869351387024,0.4852833151817322,0.1790432333946228,0.39145514369010925,0.6269901126933595,0.4354930818080902,0.08670467138290405
T,15207,0.53977370262146,0.48295116424560547,0.16522233188152313,0.3986343443393707,0.6531792393264672,0.4196212887763977,0.285086989402771
S,15209,0.5236231684684753,0.49846944212913513,0.15230807662010193,0.35845497250556946,0.6314526829673075,0.4205297529697418,0.09518999606370926
_,15217,0.5171965956687927,0.4439743161201477,0.15321961045265198,0.391404390335083,0.871755918065707,0.40140438079833984,0.0
X,15224,0.5404992699623108,0.46353068947792053,0.16460758447647095,0.4044550061225891,0.7200816015563821,0.4092317223548889,0.588316023349762
T,15226,0.5367822647094727,0.4836380183696747,0.16307109594345093,0.4008001685142517,0.6182445379429798,0.408016175031662,0.4447281062602997
X,15230,0.5358440279960632,0.46292874217033386,0.1623484045267105,0.4017920196056366,0.6935365033592431,0.40671274065971375,0.5760214328765869
X,15239,0.553733229637146,0.4866998493671417,0.16485771536827087,0.3804258406162262,0.6378813999976652,0.42360368371009827,0.12311504036188126
_,15242,0.5170853734016418,0.4439508020877838,0.15316614508628845,0.3913364112377167,0.8718567801018556,0.4013364017009735,0.0
S,15255,0.48641547560691833,0.5035174489021301,0.1446831375360489,0.3449784815311432,0.6705934803374112,0.4179055988788605,0.07889062166213989
T,15257,0.5315537452697754,0.4562249481678009,0.1602255254983902,0.3994393050670624,0.7309346129436685,0.4060221314430237,0.5924139022827148
X,15259,0.608367919921875,0.4866447150707245,0.1820138841867447,0.39764776825904846,0.6380465468545057,0.43816593289375305,0.11669401824474335
N,15269,0.5509902834892273,0.48882752656936646,0.16608722507953644,0.3951900005340576,0.6378844950949982,0.4177192151546478,0.28810638189315796
S,15273,0.5080211758613586,0.4969506561756134,0.1491566002368927,0.3578178882598877,0.6361408992154369,0.4155801832675934,0.11063697189092636
T,15274,0.5377572774887085,0.4878701865673065,0.16374404728412628,0.4003058075904846,0.6397874319925905,0.41276970505714417,0.38461074233055115
S,15278,0.48342636227607727,0.4972507953643799,0.14326238632202148,0.3528602719306946,0.6706502900272608,0.41183018684387207,0.1098499596118927
S,15280,0.4790165424346924,0.49821314215660095,0.14359942078590393,0.3431495130062103,0.696727084380885,0.4181061089038849,0.05105153098702431
S,15283,0.5075960755348206,0.5013734102249146,0.14826276898384094,0.35211682319641113,0.6196459471825316,0.41790544986724854,0.09591098874807358
T,15286,0.531782329082489,0.4554004669189453,0.16033561527729034,0.3997034430503845,0.7451636968595753,0.40681368112564087,0.5801968574523926
S,15291,0.5556207895278931,0.4997858703136444,0.16381382942199707,0.3648797571659088,0.6109322476291952,0.43301984667778015,0.06753627210855484
N,15294,0.5373350381851196,0.48511210083961487,0.1611224263906479,0.384665310382843,0.6664627245762191,0.4189257025718689,0.18029870092868805
T,15296,0.5431874990463257,0.49138137698173523,0.16619764268398285,0.4041418433189392,0.5896246013461981,0.40684735774993896,0.49021250009536743
_,15297,0.5150192379951477,0.44351381063461304,0.15217311680316925,0.3900684118270874,0.8741266801953317,0.40006840229034424,0.0
T,15298,0.5383260846138,0.4845772385597229,0.16357244551181793,0.3974775969982147,0.6398080962314271,0.4124150574207306,0.35316550731658936
_,15311,0.5150855779647827,0.44352784752845764,0.15220493078231812,0.39010927081108093,0.8741152602434159,0.40010926127433777,0.0
_,15312,0.5149509906768799,0.443499356508255,0.15214033424854279,0.3900265097618103,0.8741780244310697,0.40002650022506714,0.0
_,15331,0.5149567723274231,0.4435005187988281,0.15214315056800842,0.39003002643585205,0.874189357161522,0.4000300168991089,0.0
_,15334,0.5149604678153992,0.4435012936592102,0.15214495360851288,0.39003220200538635,0.8741126044591269,0.4000321924686432,0.0
N,15335,0.5501347780227661,0.48443153500556946,0.16476121544837952,0.3838947117328644,0.6622252322896384,0.4240769147872925,0.12959307432174683
_,15341,0.5153566002845764,0.44358521699905396,0.152335062623024,0.3902760148048401,0.8740135597189268,0.40027597546577454,0.0
N,15350,0.5640178322792053,0.4863930940628052,0.16690094769001007,0.386560320854187,0.653784876321588,0.4240573048591614,0.15770573914051056
N,15353,0.5452096462249756,0.4823887348175049,0.1605381965637207,0.37571144104003906,0.6817245050878652,0.41977182030677795,0.09786094725131989
T,15355,0.5332581996917725,0.45609569549560547,0.16106875240802765,0.40056803822517395,0.7291061841802428,0.4076874554157257,0.5722928643226624
S,15359,0.5051034688949585,0.503633439540863,0.1476716846227646,0.3531072437763214,0.644342043188032,0.41851773858070374,0.10629434883594513
S,15363,0.49945902824401855,0.5024347305297852,0.14442968368530273,0.349710077047348,0.6052766430564225,0.4122299551963806,0.11485659331083298
S,15368,0.47162267565727234,0.5018845796585083,0.14128170907497406,0.34099316596984863,0.7037464760243893,0.41686761379241943,0.06525103747844696
N,15393,0.5402328968048096,0.48305776715278625,0.16049520671367645,0.38385456800460815,0.6662758948781994,0.41543033719062805,0.19222496449947357
X,15404,0.5328903794288635,0.4610691964626312,0.16090790927410126,0.4000694453716278,0.6865367533677879,0.40530797839164734,0.5784507393836975
_,15418,0.5157775282859802,0.44367432594299316,0.15253733098506927,0.3905344307422638,0.8737467091778914,0.40053436160087585,0.0
N,15420,0.5648265480995178,0.4842914044857025,0.16747276484966278,0.38401928544044495,0.6794148649471269,0.42644041776657104,0.10990244895219803
S,15423,0.49001893401145935,0.5027572512626648,0.14744099974632263,0.35226893424987793,0.6398292803515991,0.416730135679245,0.1068294569849968
T,15427,0.5298014283180237,0.45541658997535706,0.15938010811805725,0.39844560623168945,0.7269983286735806,0.4052969515323639,0.5852179527282715
X,15433,0.5457015037536621,0.48335298895835876,0.16436424851417542,0.3848159611225128,0.6314144322058807,0.4200557768344879,0.16086307168006897
T,15443,0.5966507792472839,0.4820937216281891,0.1786859631538391,0.39466264843940735,0.6406930947831522,0.43418508768081665,0.09649010002613068
N,15458,0.553851842880249,0.48812317848205566,0.16599467396736145,0.39314356446266174,0.6370959477390473,0.4162786304950714,0.2803986072540283
S,15460,0.4802447557449341,0.5033578276634216,0.1425427794456482,0.3432373106479645,0.6702704664692283,0.41572824120521545,0.0820075124502182
X,15466,0.5587354302406311,0.4871785640716553,0.16901825368404388,0.39037543535232544,0.629853766495362,0.42490655183792114,0.1815977543592453
X,15483,0.5332356691360474,0.4624429941177368,0.16108658909797668,0.40005242824554443,0.7076896541615861,0.4044891595840454,0.5899306535720825
X,15499,0.5302727818489075,0.45922452211380005,0.15963450074195862,0.39864084124565125,0.7147054891159982,0.4045430123806,0.5684559941291809
N,15500,0.554187536239624,0.4817206859588623,0.16517570614814758,0.3829556405544281,0.6748561654552274,0.4237925112247467,0.10743559896945953
N,15505,0.5607863068580627,0.4819507896900177,0.16848178207874298,0.38281750679016113,0.6753950757626445,0.429588258266449,0.061714351177215576
_,15509,0.5150324702262878,0.4435165524482727,0.15217941999435425,0.390076607465744,0.8741748165090879,0.40007662773132324,0.0
S,15517,0.534883439540863,0.49859681725502014,0.15471023321151733,0.35801219940185547,0.6237348031936563,0.42249491810798645,0.08479484170675278
S,15518,0.5430305004119873,0.4994470477104187,0.15742722153663635,0.3598770201206207,0.6409219754184596,0.4266078472137451,0.07744050770998001
T,15537,0.5343013405799866,0.45624467730522156,0.16158610582351685,0.40124818682670593,0.7277661440775652,0.4087272882461548,0.5527790784835815
X,15551,0.5377610325813293,0.4633713960647583,0.16328400373458862,0.4027906060218811,0.7194131321605043,0.40740248560905457,0.5870051980018616
T,15553,0.5413338541984558,0.4885292649269104,0.16631390154361725,0.39457008242607117,0.5775318470906738,0.42313018441200256,0.2359694093465805
S,15555,0.5274976491928101,0.5004736185073853,0.15246203541755676,0.356090784072876,0.6504145772946262,0.42286792397499084,0.08530033379793167
N,15557,0.5624606609344482,0.4821583032608032,0.16908328235149384,0.3853248059749603,0.677021486174781,0.4292078912258148,0.0814044177532196
N,15561,0.5447596907615662,0.4851631820201874,0.16364245116710663,0.3820684850215912,0.6795473665668397,0.4249267280101776,0.11668023467063904
T,15572,0.534679651260376,0.4580948054790497,0.16175231337547302,0.40133050084114075,0.7422861524861735,0.4077647626399994,0.5789202451705933
X,15578,0.5328751802444458,0.4598284661769867,0.16089220345020294,0.40008556842803955,0.7098945628559159,0.40564262866973877,0.5833575129508972
X,15593,0.5432506203651428,0.4916805028915405,0.16644740104675293,0.3911544382572174,0.6436111859573672,0.42262890934944153,0.22591595351696014
N,15594,0.569017231464386,0.4836542010307312,0.17036044597625732,0.380906343460083,0.6712488751870115,0.432744562625885,0.03957255929708481
S,15597,0.48206380009651184,0.49743837118148804,0.14347942173480988,0.3487381041049957,0.6636594826293489,0.4146559238433838,0.08231982588768005
N,15601,0.586344838142395,0.488260954618454,0.17566464841365814,0.3864663243293762,0.6605751809865857,0.43811938166618347,0.06455071270465851
X,15602,0.5375150442123413,0.4620411694049835,0.16315416991710663,0.40280860662460327,0.6848341240650432,0.40805673599243164,0.5808515548706055
S,15603,0.48876699805259705,0.4998161494731903,0.14664864540100098,0.34673166275024414,0.6978104433603585,0.4208160638809204,0.058781132102012634
_,15606,0.5168924927711487,0.4439103305339813,0.15307290852069855,0.39121928811073303,0.8730626178781192,0.40121927857398987,0.0
S,15607,0.499655157327652,0.49950146675109863,0.1461697667837143,0.3510396480560303,0.6113608938434725,0.4153633713722229,0.0952315628528595
_,15610,0.5164728760719299,0.44382157921791077,0.15287120640277863,0.39096197485923767,0.8733102632065615,0.4009619653224945,0.0
_,15617,0.5165658593177795,0.44384124875068665,0.15291592478752136,0.3910190165042877,0.873222310046355,0.40101900696754456,0.0
X,15621,0.5375709533691406,0.4624648690223694,0.16318368911743164,0.40283340215682983,0.6773644397879586,0.4079795777797699,0.5792900919914246
T,15633,0.5368338227272034,0.4606557786464691,0.16282148659229279,0.4024081528186798,0.7147465092223866,0.40796607732772827,0.585647702217102
X,15644,0.5335408449172974,0.46081453561782837,0.1612238883972168,0.4003879427909851,0.7081787714031089,0.40556439757347107,0.586445689201355
_,15647,0.5164191722869873,0.4438101351261139,0.15284548699855804,0.3909287452697754,0.8732372443874677,0.40092870593070984,0.0
T,15653,0.5351423025131226,0.4598156809806824,0.16199320554733276,0.40160807967185974,0.7212997928946425,0.4077795147895813,0.5662035942077637
S,15662,0.48141980171203613,0.5062642097473145,0.1434968113899231,0.34830594062805176,0.6442386853291343,0.41242676973342896,0.12228494137525558
_,15665,0.5163554549217224,0.4437967538833618,0.15281479060649872,0.3908897936344147,0.873329477707545,0.4008897840976715,0.0
S,15686,0.49522823095321655,0.518101692199707,0.14609329402446747,0.34616902470588684,0.5777469011912763,0.41793903708457947,0.1312798708677292
S,15694,0.5256016254425049,0.5014002323150635,0.15200203657150269,0.3554004430770874,0.6497119038371603,0.4221423268318176,0.08970798552036285
T,15699,0.6139891743659973,0.4801595211029053,0.1825718730688095,0.3995274305343628,0.6457478038903598,0.4362424612045288,0.0949006900191307
T,15706,0.6053080558776855,0.47929346561431885,0.1790735274553299,0.3988213837146759,0.6644974419888877,0.43306872248649597,0.11593686044216156
_,15709,0.5163378715515137,0.44379299879074097,0.1528063863515854,0.39087891578674316,0.8733440555632115,0.40087890625,0.0
N,15719,0.5424544811248779,0.4993506073951721,0.16578781604766846,0.4043940007686615,0.6049933224971756,0.40993332862854004,0.4520813226699829
S,15724,0.5006144046783447,0.49592509865760803,0.1508627086877823,0.35365545749664307,0.6813868868350983,0.4229447841644287,0.055968236178159714
N,15742,0.6140539050102234,0.4939841330051422,0.18282799422740936,0.40085843205451965,0.6299381517054281,0.43584561347961426,0.1996052861213684
N,15744,0.5628736615180969,0.4839944541454315,0.16555683314800262,0.3798261284828186,0.674289802184406,0.42616352438926697,0.0848437026143074
X,15750,0.5338436365127563,0.46087586879730225,0.1613711565732956,0.40057307481765747,0.7077919523837288,0.405766099691391,0.5860263109207153
N,15757,0.5424734354019165,0.49527329206466675,0.16537931561470032,0.3984524607658386,0.6127704458466906,0.4149187505245209,0.35381972789764404
_,15767,0.5172669887542725,0.44398948550224304,0.1532529890537262,0.3914487361907959,0.8727676828205586,0.40144869685173035,0.0
S,15769,0.5199691653251648,0.5021147131919861,0.14981475472450256,0.35585108399391174,0.6189656093049659,0.41631636023521423,0.11876020580530167
_,15798,0.5163770914077759,0.44380122423171997,0.1528252512216568,0.39090287685394287,0.8732873380184174,0.4009028673171997,0.0
X,15800,0.5324551463127136,0.4601345360279083,0.16069220006465912,0.3998623788356781,0.7107456794289101,0.4054267108440399,0.5771297216415405
_,15809,0.5163807272911072,0.44380199909210205,0.15282700955867767,0.3909050524234772,0.8732885654767355,0.400905042886734,0.0
X,15811,0.5833196043968201,0.4857174754142761,0.17384757101535797,0.3899582028388977,0.6328461525583408,0.4313502311706543,0.11684134602546692
S,15815,0.48550650477409363,0.5018169283866882,0.1458710879087448,0.34663644433021545,0.6860143121952812,0.4201596677303314,0.070069819688797
X,15838,0.5530304312705994,0.49307170510292053,0.1684948056936264,0.3900681734085083,0.6460911802536188,0.4257412254810333,0.20086756348609924
N,15849,0.6209823489189148,0.48993566632270813,0.18461062014102936,0.3911330997943878,0.6316269745447547,0.44599005579948425,0.04371524974703789
X,15853,0.5344261527061462,0.4605913460254669,0.16164520382881165,0.40093907713890076,0.7052649007430288,0.406226247549057,0.5886580348014832
S,15864,0.5157641768455505,0.49921661615371704,0.15078644454479218,0.3572070002555847,0.6302208710532675,0.41918089985847473,0.10062675923109055
N,15869,0.568992555141449,0.4838322103023529,0.1676705926656723,0.38246598839759827,0.670233571700519,0.4280396103858948,0.0832877829670906
X,15878,0.5456967949867249,0.4633133113384247,0.1671103984117508,0.40782827138900757,0.6706271638405027,0.4135133624076843,0.5753217935562134
X,15884,0.5373895764350891,0.4874016344547272,0.16408981382846832,0.38688400387763977,0.6207711187501749,0.4219595491886139,0.1817876696586609
X,15885,0.5407140254974365,0.4626989960670471,0.164687842130661,0.4048418402671814,0.6947913988661215,0.41029953956604004,0.575473427772522
X,15897,0.5379441976547241,0.46212947368621826,0.1633453369140625,0.4031498432159424,0.7033039474169104,0.40849390625953674,0.5777997970581055
T,15922,0.5536453723907471,0.4871680736541748,0.1708618551492691,0.40985479950904846,0.6296378822477224,0.4198448359966278,0.41997331380844116
S,15924,0.484652578830719,0.5020560026168823,0.14499583840370178,0.34788355231285095,0.6683334131911397,0.4180748760700226,0.08143304288387299
T,15938,0.543194591999054,0.4586481750011444,0.1658734530210495,0.40643879771232605,0.7542886535076332,0.413188099861145,0.5904987454414368
S,15944,0.48744457960128784,0.5096323490142822,0.14368882775306702,0.34451016783714294,0.6429433266995087,0.4198414981365204,0.09202875941991806
X,15946,0.5596593618392944,0.4828552305698395,0.1682799607515335,0.38789522647857666,0.6594478192467553,0.4273096024990082,0.11774204671382904
S,15949,0.5621621012687683,0.5007786750793457,0.16207467019557953,0.3633793592453003,0.6360575442296765,0.4337185323238373,0.06245081499218941
N,15956,0.5771220922470093,0.4861917197704315,0.17485910654067993,0.39112818241119385,0.6620279163508288,0.4372459352016449,0.0819787085056305
T,15959,0.5424097776412964,0.45761144161224365,0.1654907763004303,0.4061008095741272,0.7158536782102116,0.4133646786212921,0.5775311589241028
S,15962,0.5213236808776855,0.5001237988471985,0.15289311110973358,0.3582095801830292,0.622307060261907,0.42284461855888367,0.0896967425942421
X,15965,0.5592129826545715,0.48943716287612915,0.16834405064582825,0.38977906107902527,0.6180908202729188,0.4250006079673767,0.1866290271282196
N,15971,0.5759990215301514,0.4854191243648529,0.17253319919109344,0.3875634968280792,0.6693138799681523,0.43517154455184937,0.07172946631908417
T,15978,0.5457340478897095,0.46416905522346497,0.167133629322052,0.4077862501144409,0.5997958138206742,0.41312408447265625,0.5776700377464294
_,15980,0.5257534980773926,0.44577839970588684,0.1573421210050583,0.3966275751590729,0.865551687180996,0.4066275656223297,0.0
_,15999,0.5244245529174805,0.44549956917762756,0.1566997468471527,0.3958224654197693,0.8671630082031092,0.40582242608070374,0.0
N,16000,0.5662261843681335,0.4837711751461029,0.1677786111831665,0.3830055296421051,0.6740290044599291,0.4295142590999603,0.07543368637561798
_,16003,0.5244223475456238,0.4454990327358246,0.1566987931728363,0.39582085609436035,0.8669895000755787,0.4058208167552948,0.0
N,16019,0.5689874291419983,0.4883507490158081,0.1687815636396408,0.3911702036857605,0.6442401616950884,0.4245679974555969,0.19517505168914795
N,16027,0.5685184001922607,0.48381471633911133,0.16754800081253052,0.3824027478694916,0.6705249972840345,0.42791488766670227,0.08377678692340851
N,16028,0.5483127236366272,0.5000384449958801,0.1686525195837021,0.4076541066169739,0.6023355057536841,0.415743887424469,0.43379297852516174
_,16033,0.5245760083198547,0.44553130865097046,0.15677286684513092,0.3959144055843353,0.8669826935728392,0.40591439604759216,0.0
T,16049,0.5428653359413147,0.45932257175445557,0.16572044789791107,0.4063999056816101,0.7175683378147855,0.4134781062602997,0.5595661401748657
N,16063,0.5703363418579102,0.4875795543193817,0.1681182086467743,0.3869372308254242,0.6537525589845125,0.42695266008377075,0.14362961053848267
_,16089,0.5257471799850464,0.4457770884037018,0.15733908116817474,0.3966237008571625,0.8655565325915814,0.4066236615180969,0.0
X,16094,0.5790576338768005,0.4893845319747925,0.17717087268829346,0.39581725001335144,0.640186948804961,0.4366642236709595,0.13675399124622345
X,16095,0.6210444569587708,0.4855453073978424,0.18475106358528137,0.400170236825943,0.6278164526583472,0.4425467848777771,0.0863848626613617
T,16098,0.5502375364303589,0.49126747250556946,0.16982950270175934,0.40783143043518066,0.6448030126643911,0.4210250675678253,0.3852085471153259
N,16106,0.5680283308029175,0.4904484152793884,0.17320916056632996,0.3967312276363373,0.6246603831728378,0.42825400829315186,0.21578554809093475
X,16107,0.5454453825950623,0.4653727412223816,0.16699561476707458,0.40754207968711853,0.6669219668941999,0.41240936517715454,0.5788751840591431
T,16109,0.5500141382217407,0.4865056574344635,0.16898518800735474,0.3993256390094757,0.665611271141097,0.4248396158218384,0.25246235728263855
S,16111,0.4926896393299103,0.500339150428772,0.1479903757572174,0.35731157660484314,0.650124862715602,0.41685405373573303,0.1147724986076355
T,16112,0.6104042530059814,0.4839901924133301,0.18588325381278992,0.4074671268463135,0.6221065657944806,0.43987414240837097,0.15469478070735931
X,16113,0.5374768972396851,0.4612164795398712,0.1631125658750534,0.40286916494369507,0.7036258899184638,0.4083542823791504,0.5831238627433777
_,16115,0.5250990986824036,0.44564127922058105,0.15702541172504425,0.39623206853866577,0.8665604469180108,0.4062320590019226,0.0
N,16123,0.5486369729042053,0.48608988523483276,0.16608034074306488,0.3878621757030487,0.6771338067886731,0.42783042788505554,0.13712504506111145
T,16132,0.5474854707717896,0.4878704845905304,0.16818928718566895,0.4083073139190674,0.6284102512469205,0.4153866171836853,0.4522794485092163
S,16134,0.5046785473823547,0.5042710304260254,0.1468515247106552,0.3536697030067444,0.6009042269608472,0.41690298914909363,0.11537788063287735
X,16152,0.5424901247024536,0.4660247266292572,0.16556572914123535,0.4056849181652069,0.6401064686978559,0.409990519285202,0.5808216333389282
_,16157,0.5247567892074585,0.44556936621665955,0.15686015784740448,0.39602434635162354,0.8670405438542367,0.40602433681488037,0.0
S,16158,0.48760610818862915,0.5017757415771484,0.14766691625118256,0.34857305884361267,0.6905819670359294,0.4246683120727539,0.05689619481563568
N,16164,0.567177951335907,0.48447662591934204,0.1677466183900833,0.38776567578315735,0.6689704305896158,0.4266469180583954,0.13346654176712036
_,16166,0.5139603614807129,0.443289190530777,0.15166524052619934,0.3894158899784088,0.8744006491204104,0.39941588044166565,0.0
N,16172,0.5672332644462585,0.4864735007286072,0.16925108432769775,0.3851031959056854,0.6638777181281573,0.42883580923080444,0.11219611763954163
X,16176,0.5305255651473999,0.46062171459198,0.15976987779140472,0.39846566319465637,0.6931404200871112,0.4032741189002991,0.5920562148094177
N,16177,0.5677270293235779,0.4839729964733124,0.167135089635849,0.38473761081695557,0.652716705326117,0.422200083732605,0.14519397914409637
S,16178,0.47799408435821533,0.496568500995636,0.14260119199752808,0.3478940725326538,0.6831314713011186,0.4124893248081207,0.0847080796957016
_,16179,0.5131641030311584,0.44312047958374023,0.15128307044506073,0.3889258801937103,0.8748380945622921,0.3989258408546448,0.0
X,16185,0.5343268513679504,0.46515244245529175,0.1616365611553192,0.40062886476516724,0.6017038444478143,0.4043828248977661,0.5828417539596558
S,16188,0.4759201109409332,0.5082767605781555,0.1379486322402954,0.3366665840148926,0.653025050269013,0.41314050555229187,0.08849722892045975
N,16190,0.5355345606803894,0.48996371030807495,0.16037748754024506,0.38552892208099365,0.6396856568421936,0.4161871373653412,0.22838494181632996
X,16207,0.5357338786125183,0.4613005220890045,0.1622919738292694,0.40158385038375854,0.6955023839196384,0.4065476655960083,0.5954047441482544
T,16213,0.5305676460266113,0.458095908164978,0.1597771793603897,0.3986975848674774,0.6989260087135851,0.4045720398426056,0.5879299640655518
N,16224,0.6451032757759094,0.49184876680374146,0.1881866306066513,0.39662304520606995,0.6071470364430328,0.4444156587123871,0.09528539329767227
S,16228,0.4758613109588623,0.5099324584007263,0.13949036598205566,0.33795401453971863,0.6297904275699209,0.41249313950538635,0.09911632537841797
X,16231,0.5302864909172058,0.46014970541000366,0.15965159237384796,0.3983568847179413,0.7088440462539741,0.40333881974220276,0.5915161371231079
_,16233,0.5137498378753662,0.4432446360588074,0.1515640765428543,0.3892865478992462,0.8745190465946993,0.39928653836250305,0.0
N,16242,0.5434830188751221,0.48976004123687744,0.16306208074092865,0.38480234146118164,0.6660436024289812,0.4223698079586029,0.17730768024921417
S,16248,0.48237940669059753,0.5006988644599915,0.14400993287563324,0.3486466109752655,0.6723022371344268,0.4140627980232239,0.09721669554710388
T,16270,0.6024914979934692,0.48652634024620056,0.18222539126873016,0.40053877234458923,0.6371191330360793,0.43637076020240784,0.1519237905740738
N,16275,0.5325614809989929,0.4913737177848816,0.16026833653450012,0.39166581630706787,0.6301395373592581,0.4092429280281067,0.33591553568840027
_,16276,0.5143646597862244,0.4433743953704834,0.15186013281345367,0.3896624743938446,0.8734254283706347,0.39966243505477905,0.0
X,16290,0.5725415945053101,0.4872911274433136,0.1735255867242813,0.38993096351623535,0.644636842160641,0.43118858337402344,0.128422349691391
_,16293,0.5143752098083496,0.4433766305446625,0.15186521410942078,0.38966888189315796,0.8734342043598493,0.3996688723564148,0.0
X,16298,0.5349235534667969,0.4623742699623108,0.16191279888153076,0.4010469317436218,0.7076759051427871,0.40563175082206726,0.5912947654724121
X,16305,0.534003734588623,0.4613417685031891,0.16145330667495728,0.40059250593185425,0.6867333831783556,0.40552428364753723,0.5898228287696838
X,16311,0.5328631401062012,0.46062684059143066,0.1609014868736267,0.4000775218009949,0.6996491783593471,0.4055452346801758,0.575505256652832
T,16313,0.5510672330856323,0.4811052680015564,0.1684456616640091,0.3941369950771332,0.6607128989479194,0.4249235987663269,0.17795430123806
X,16316,0.6248564720153809,0.4884353280067444,0.18492712080478668,0.39527609944343567,0.6243855734168513,0.44247233867645264,0.07924957573413849
S,16330,0.4666673243045807,0.4993295967578888,0.13845066726207733,0.3384087383747101,0.7144622476957739,0.413284569978714,0.05979227274656296
X,16332,0.5285038352012634,0.4866182506084442,0.1597411185503006,0.3848225772380829,0.6293825898257395,0.4134397804737091,0.2318083494901657
T,16336,0.5313222408294678,0.45733729004859924,0.1601417511701584,0.3993585407733917,0.726585591656282,0.4060429036617279,0.5651917457580566
S,16338,0.4764149487018585,0.5026400089263916,0.14016510546207428,0.34493786096572876,0.6306641322552847,0.410513311624527,0.10591763257980347
_,16341,0.5143709182739258,0.44337570667266846,0.15186314284801483,0.389666348695755,0.8734826982021332,0.39966633915901184,0.0
S,16342,0.4832487106323242,0.5149978995323181,0.13905949890613556,0.33957070112228394,0.602547578655552,0.4107484519481659,0.12589432299137115
N,16344,0.5565106272697449,0.48196274042129517,0.16621437668800354,0.38457465171813965,0.6721322159826135,0.4251058101654053,0.10920216888189316
N,16345,0.5518527626991272,0.48915809392929077,0.1637880951166153,0.38342782855033875,0.6706818141615319,0.4224220812320709,0.1646907478570938
N,16348,0.5797830820083618,0.49086782336235046,0.17190547287464142,0.3894602954387665,0.6525542357659667,0.42911508679389954,0.16138774156570435
N,16358,0.5574337244033813,0.500410258769989,0.17021901905536652,0.4000711739063263,0.6085728635816486,0.4174468517303467,0.353310227394104
N,16372,0.5452104210853577,0.48319926857948303,0.15990011394023895,0.37729182839393616,0.6842824060403897,0.41918742656707764,0.11731861531734467
S,16380,0.4839668869972229,0.4955706000328064,0.14516884088516235,0.348345547914505,0.6873396251226466,0.41612228751182556,0.06564795225858688
N,16381,0.5509230494499207,0.4857359826564789,0.16204093396663666,0.37669479846954346,0.6683663158015891,0.4218337833881378,0.10925929993391037
S,16382,0.4623677730560303,0.49909770488739014,0.13559377193450928,0.34184104204177856,0.6977049529428284,0.4058614671230316,0.10081272572278976
S,16386,0.4976826012134552,0.5101842284202576,0.14410635828971863,0.3448696434497833,0.6157340532074644,0.41587772965431213,0.11036049574613571
X,16392,0.5321548581123352,0.4638889729976654,0.160580575466156,0.3992781937122345,0.6118764683662661,0.4030721187591553,0.5892534852027893
T,16403,0.5582457780838013,0.4838123321533203,0.17081624269485474,0.40242472290992737,0.6383349811632555,0.42187443375587463,0.30250903964042664
T,16408,0.5300841331481934,0.4546142816543579,0.1595155894756317,0.39871251583099365,0.7329640790839524,0.4060150980949402,0.5763774514198303
T,16409,0.5730040669441223,0.47560253739356995,0.18048536777496338,0.423583447933197,0.3993035988309142,0.42784973978996277,0.5711907744407654
S,16416,0.5802906155586243,0.5034359097480774,0.16860076785087585,0.3758920431137085,0.5918784796818606,0.4396801292896271,0.09193632006645203
N,16419,0.5853778719902039,0.49962303042411804,0.17991745471954346,0.40634796023368835,0.6141887258557593,0.4386792480945587,0.24169932305812836
S,16420,0.5692933797836304,0.49928849935531616,0.16643434762954712,0.3708387613296509,0.6152424795573219,0.4401850998401642,0.049927398562431335
S,16421,0.5510886907577515,0.49964478611946106,0.1631583869457245,0.3674631416797638,0.6176742586869902,0.437946617603302,0.05047506093978882
N,16423,0.6073206663131714,0.49397462606430054,0.18316732347011566,0.40499091148376465,0.6067987260932811,0.44285979866981506,0.1740059107542038
N,16425,0.7310212254524231,0.4967374801635742,0.2053074836730957,0.41210174560546875,0.5977090762734042,0.4660457968711853,0.0536024384200573
T,16429,0.5626254677772522,0.4625828266143799,0.17534002661705017,0.4181588888168335,0.7084531643424271,0.42570167779922485,0.5597280859947205
N,16432,0.6107147336006165,0.48671063780784607,0.18200509250164032,0.3980545103549957,0.641168483941195,0.44421619176864624,0.06817331910133362
N,16451,0.5693784952163696,0.5071007013320923,0.17873278260231018,0.4216368496417999,0.6238833067606903,0.42423567175865173,0.4930835962295532
X,16463,0.600521981716156,0.49565452337265015,0.18238304555416107,0.39893296360969543,0.5709410993807251,0.44776397943496704,0.11205192655324936
X,16467,0.6278618574142456,0.4933270812034607,0.18671754002571106,0.4036428928375244,0.6299283018431986,0.44953349232673645,0.10959742218255997
_,16468,0.5427931547164917,0.44934144616127014,0.16559819877147675,0.4068913757801056,0.8518467468520006,0.4168913662433624,0.0
T,16492,0.5660632252693176,0.493317574262619,0.17734934389591217,0.41470879316329956,0.6199783116850692,0.4329441785812378,0.341439425945282
X,16497,0.5588610768318176,0.4651941955089569,0.1735018491744995,0.4157957136631012,0.6898428098723132,0.4221099317073822,0.5695399045944214
T,16501,0.5593467354774475,0.4635595679283142,0.17374581098556519,0.41617658734321594,0.7064995239450521,0.4232911169528961,0.5564661622047424
_,16503,0.541720986366272,0.4491184651851654,0.16507694125175476,0.4062512218952179,0.8521903837223849,0.41625121235847473,0.0
T,16507,0.5746471285820007,0.48874929547309875,0.18092039227485657,0.41411396861076355,0.6287848797638436,0.4363154172897339,0.28690990805625916
S,16510,0.4915653169155121,0.5156034231185913,0.14371328055858612,0.3434460759162903,0.6160353834658358,0.42412012815475464,0.09190715849399567
T,16511,0.6427842974662781,0.49350398778915405,0.19573992490768433,0.42334941029548645,0.6116360405451148,0.45051640272140503,0.24852700531482697
X,16528,0.5596432685852051,0.46745195984840393,0.17389138042926788,0.41615912318229675,0.6501787616425039,0.4218193590641022,0.5706109404563904
T,16529,0.5605698227882385,0.4634157419204712,0.17434656620025635,0.4168652296066284,0.6998954481441941,0.4239763021469116,0.5626436471939087
X,16541,0.5818719863891602,0.4872296154499054,0.17548376321792603,0.39632701873779297,0.6399075350750355,0.43669185042381287,0.12440865486860275
_,16549,0.542114794254303,0.449200302362442,0.1652684062719345,0.40648624300956726,0.8519903041422368,0.4164862334728241,0.0
_,16563,0.5425680875778198,0.44929468631744385,0.165488600730896,0.4067574739456177,0.851970510929823,0.4167574644088745,0.0
T,16570,0.5631534457206726,0.46358704566955566,0.1755983829498291,0.4183478355407715,0.6992479177852511,0.4253116548061371,0.5771217942237854
X,16573,0.5586206912994385,0.46553900837898254,0.17338518798351288,0.41568446159362793,0.691808773627757,0.4220201075077057,0.5638650059700012
N,16581,0.5748412013053894,0.5041308999061584,0.1802350878715515,0.4187450706958771,0.6200863528659102,0.43210721015930176,0.4008311331272125
T,16591,0.5641207098960876,0.465256929397583,0.176096111536026,0.419007271528244,0.6972570161473414,0.42651963233947754,0.5331319570541382
T,16594,0.566106915473938,0.4658362567424774,0.17706334590911865,0.41998860239982605,0.6573750114467733,0.4266134798526764,0.5712605714797974
N,16596,0.570307195186615,0.493211567401886,0.173441544175148,0.3973531723022461,0.6329807576192737,0.43660736083984375,0.17026303708553314
_,16604,0.541745126247406,0.4491235315799713,0.16508862376213074,0.4062657654285431,0.8522821297248205,0.4162657558917999,0.0
X,16609,0.5743098258972168,0.4916887581348419,0.17603053152561188,0.39950957894325256,0.6149441881252764,0.4370778203010559,0.17143389582633972
X,16610,0.5616067051887512,0.4670194685459137,0.1748504489660263,0.4173419177532196,0.6606761123929513,0.4232839345932007,0.57084721326828
_,16612,0.5433915257453918,0.4494648277759552,0.165890634059906,0.4072439670562744,0.8501043316225212,0.41724392771720886,0.0
X,16656,0.5631431937217712,0.4672078490257263,0.17560313642024994,0.41841939091682434,0.6853592487440134,0.4251151978969574,0.545266330242157
N,16674,0.5578920841217041,0.49621105194091797,0.17478437721729279,0.40544992685317993,0.6190821908776707,0.43346962332725525,0.26453500986099243
S,16675,0.5379162430763245,0.5092089176177979,0.15993133187294006,0.3665253520011902,0.5920234521220431,0.4336535930633545,0.10854193568229675
_,16690,0.5423792600631714,0.44925549626350403,0.16539683938026428,0.406644731760025,0.8519975626965365,0.4166446924209595,0.0
X,16694,0.5585991740226746,0.4663778841495514,0.17338013648986816,0.4156196713447571,0.6878381111007987,0.4216551184654236,0.5658197999000549
_,16695,0.5417585968971252,0.44912630319595337,0.1650952249765396,0.4062737226486206,0.8521908035377662,0.41627371311187744,0.0
_,16701,0.5419016480445862,0.44915610551834106,0.16516458988189697,0.40635961294174194,0.852336472272873,0.4163596034049988,0.0
T,16703,0.7066448330879211,0.4883975386619568,0.20447053015232086,0.41997018456459045,0.6251147382990531,0.46199682354927063,0.061859581619501114
_,16707,0.5419584512710571,0.4491678476333618,0.1651923656463623,0.4063930809497833,0.8521731547514598,0.41639307141304016,0.0
X,16711,0.5648577213287354,0.4676001965999603,0.17644983530044556,0.4193301498889923,0.6645338651809531,0.42578715085983276,0.5546212792396545
T,16714,0.532038688659668,0.4554426670074463,0.16047555208206177,0.3998072147369385,0.7266433998987699,0.4069206714630127,0.5801132321357727
S,16718,0.47746792435646057,0.5022780299186707,0.14322525262832642,0.3425176441669464,0.6883081389715274,0.41782766580581665,0.06754126399755478
_,16723,0.5141578316688538,0.44333121180534363,0.15175965428352356,0.38953840732574463,0.8746000996728739,0.3995383679866791,0.0
_,16726,0.51474529504776,0.4434557259082794,0.15204165875911713,0.38989976048469543,0.8743273390829563,0.39989975094795227,0.0
_,16728,0.5144556760787964,0.44339439272880554,0.15190260112285614,0.38972169160842896,0.8745228551328182,0.3997216820716858,0.0
T,16749,0.5336588621139526,0.4574792683124542,0.161272794008255,0.40062132477760315,0.7164372719575234,0.40700095891952515,0.5880183577537537
N,16750,0.5521032214164734,0.49159377813339233,0.16642777621746063,0.38905054330825806,0.6384987008208798,0.42364922165870667,0.20336230099201202
N,16751,0.5813656449317932,0.48778235912323,0.17408180236816406,0.3850291967391968,0.6627713708393276,0.43624594807624817,0.06687912344932556
X,16752,0.6298030018806458,0.48695069551467896,0.18737362325191498,0.39734169840812683,0.6344504886601742,0.4444170594215393,0.06399614363908768
S,16758,0.46369946002960205,0.5005068182945251,0.13648174703121185,0.34213751554489136,0.6920792183155815,0.40613871812820435,0.10592123121023178
N,16764,0.5356708765029907,0.4933894872665405,0.16291849315166473,0.3997843861579895,0.6264813673604901,0.40914759039878845,0.4156233072280884
X,16765,0.5774614810943604,0.4865475594997406,0.1711101531982422,0.39034226536750793,0.6116924303426641,0.42341533303260803,0.18843971192836761
X,16785,0.5568293333053589,0.4839910864830017,0.16857555508613586,0.3895653784275055,0.637994224896344,0.4248291850090027,0.15887661278247833
N,16794,0.5310573577880859,0.49477386474609375,0.16055482625961304,0.3974471092224121,0.6319014619230197,0.4087068438529968,0.3966131806373596
N,16796,0.5487107038497925,0.4817630648612976,0.16178329288959503,0.37687039375305176,0.6818724599577642,0.42056626081466675,0.09443758428096771
N,16797,0.5503185391426086,0.4818493723869324,0.16382473707199097,0.382392019033432,0.6789077392649294,0.42299821972846985,0.11171954870223999
X,16808,0.5780945420265198,0.487836629152298,0.17436932027339935,0.38872650265693665,0.6509646888610829,0.4336349070072174,0.10602842271327972
S,16822,0.4768036901950836,0.5023003816604614,0.14206025004386902,0.3494073152542114,0.6563105213083327,0.41067808866500854,0.1202552542090416
X,16830,0.5600391030311584,0.48905956745147705,0.17011311650276184,0.3913624584674835,0.6538876315082114,0.42632636427879333,0.18666821718215942
_,16839,0.5142828822135925,0.44335779547691345,0.1518196165561676,0.389615535736084,0.8746364159385364,0.3996155261993408,0.0
_,16849,0.5142102241516113,0.44334229826927185,0.15178489685058594,0.389570415019989,0.8744935693840187,0.39957040548324585,0.0
T,16864,0.6255983710289001,0.48232463002204895,0.18601781129837036,0.40265440940856934,0.6442861450292792,0.4406168460845947,0.09445855021476746
_,16875,0.5141816735267639,0.4433363080024719,0.15177114307880402,0.389553040266037,0.8745786022146543,0.3995530307292938,0.0
S,16886,0.5176844596862793,0.4968436658382416,0.15173836052417755,0.35406702756881714,0.6388663845212432,0.4217967689037323,0.06608272343873978
X,16898,0.6394006013870239,0.4881799817085266,0.1879250854253769,0.3974526524543762,0.6258575064281467,0.4445987343788147,0.07209280878305435
S,16900,0.47229433059692383,0.4992707371711731,0.14054231345653534,0.34447696805000305,0.6839308516712239,0.41078436374664307,0.09034610539674759
N,16904,0.54244464635849,0.4907207787036896,0.1631295531988144,0.38672998547554016,0.6579832926974633,0.4205547273159027,0.20714594423770905
X,16912,0.6390317678451538,0.4883131980895996,0.18898501992225647,0.39875152707099915,0.6225442064047093,0.4457665681838989,0.07182250916957855
T,16914,0.5407293438911438,0.49122387170791626,0.16532115638256073,0.40262138843536377,0.6162337277532304,0.4124707877635956,0.4141136109828949
S,16927,0.5028313994407654,0.512158215045929,0.1470295935869217,0.34701812267303467,0.6005138819339725,0.4191507399082184,0.11209619790315628
_,16941,0.5142214298248291,0.44334474205970764,0.15179021656513214,0.3895774781703949,0.8745231570800146,0.39957743883132935,0.0
_,16954,0.515331506729126,0.44357937574386597,0.15232405066490173,0.39025789499282837,0.8732851632932822,0.4002578854560852,0.0
N,16963,0.5605805516242981,0.48363736271858215,0.16746944189071655,0.3799421191215515,0.6798817571196317,0.42910829186439514,0.06127707287669182
T,16966,0.5348352193832397,0.4594303071498871,0.16184207797050476,0.40118634700775146,0.7143363927587143,0.40680980682373047,0.5943755507469177
_,16982,0.5147603750228882,0.4434588849544525,0.15204893052577972,0.38990896940231323,0.8743191615740459,0.39990895986557007,0.0
T,16985,0.6097738742828369,0.48365071415901184,0.182683527469635,0.4015624225139618,0.639586050477592,0.43583258986473083,0.1445683240890503
S,16996,0.49023905396461487,0.4981233477592468,0.1465102881193161,0.3494845926761627,0.6692849134095014,0.4168153405189514,0.07776090502738953
T,17004,0.5463167428970337,0.4806783199310303,0.16726267337799072,0.3947165608406067,0.6495619667569796,0.4204634428024292,0.22565633058547974
N,17005,0.5762119889259338,0.4898169934749603,0.1719563752412796,0.39085838198661804,0.6192601796849219,0.4263385832309723,0.18555378913879395
S,17008,0.4843854010105133,0.49569347500801086,0.1447862833738327,0.3497288227081299,0.6863081261826058,0.4148916006088257,0.07704652845859528
_,17009,0.5147749185562134,0.44346198439598083,0.15205588936805725,0.3899179697036743,0.8743071069320043,0.39991793036460876,0.0
_,17020,0.514185905456543,0.44333720207214355,0.15177318453788757,0.38955557346343994,0.8745398620764415,0.3995555639266968,0.0
S,17023,0.4849638342857361,0.5068285465240479,0.13975830376148224,0.3415166437625885,0.6626386141360369,0.4117896556854248,0.10329769551753998
_,17024,0.5141621232032776,0.44333213567733765,0.15176180005073547,0.3895408511161804,0.8744949650764466,0.39954081177711487,0.0
X,17026,0.534635603427887,0.4665161669254303,0.16179388761520386,0.4006112217903137,0.5793930728089072,0.4035862684249878,0.5909176468849182
_,17034,0.509928286075592,0.44243326783180237,0.14973273873329163,0.3869274854660034,0.8768807496130467,0.39692747592926025,0.0
N,17037,0.5380722284317017,0.4864351451396942,0.159825399518013,0.38306406140327454,0.664257116936351,0.41569986939430237,0.20012031495571136
S,17039,0.5109342336654663,0.49968940019607544,0.14741306006908417,0.3525524437427521,0.6276997694892149,0.4132915139198303,0.11032358556985855
T,17048,0.5330522656440735,0.46326011419296265,0.16101840138435364,0.3997437655925751,0.6049759293780638,0.4036403000354767,0.5963810086250305
X,17050,0.5290892720222473,0.45902302861213684,0.1590774953365326,0.3977506458759308,0.7004792600506051,0.40325677394866943,0.5830121636390686
T,17054,0.5270737409591675,0.45443910360336304,0.15807662904262543,0.3966889977455139,0.7334574498188522,0.40347450971603394,0.5963435769081116
N,17078,0.5987585186958313,0.4934948980808258,0.17802149057388306,0.3960474729537964,0.6348683513199892,0.4299886226654053,0.2089931219816208
T,17079,0.5726529359817505,0.48331838846206665,0.17472632229328156,0.39830100536346436,0.6275495741559523,0.42759808897972107,0.19832554459571838
N,17082,0.5491949319839478,0.48690685629844666,0.16552940011024475,0.3824317455291748,0.6705482970077234,0.4242440164089203,0.13283394277095795
T,17090,0.5908243060112,0.4781586229801178,0.1745751053094864,0.39686286449432373,0.6679603369746474,0.426305890083313,0.16412177681922913
T,17095,0.6022924184799194,0.4824851155281067,0.18050016462802887,0.3950035572052002,0.6500852543103974,0.4359801113605499,0.0853007361292839
_,17104,0.5105815529823303,0.4425719380378723,0.1500459760427475,0.3873303234577179,0.8760846243302028,0.39733028411865234,0.0
X,17117,0.5298124551773071,0.4650866389274597,0.1594715714454651,0.3976506292819977,0.5772087376926872,0.40059754252433777,0.5929539203643799
X,17128,0.5318623781204224,0.4838846027851105,0.16057993471622467,0.38133424520492554,0.6762202848866582,0.41850441694259644,0.15342941880226135
N,17135,0.5406225919723511,0.4846073389053345,0.1623314768075943,0.38035446405410767,0.6833127302165183,0.4211057126522064,0.13051757216453552
X,17162,0.5524497628211975,0.48580655455589294,0.16590644419193268,0.38366395235061646,0.6368473365111277,0.42329084873199463,0.14112955331802368
X,17164,0.5266778469085693,0.4598265588283539,0.15791787207126617,0.39604878425598145,0.7188662269732837,0.40064936876296997,0.5969926118850708
_,17176,0.5107446312904358,0.4426064193248749,0.15012438595294952,0.3874302804470062,0.875856529523929,0.39743027091026306,0.0
T,17183,0.5356698036193848,0.46967148780822754,0.16233745217323303,0.4009096920490265,0.4368124029960988,0.40263497829437256,0.5935900807380676
S,17185,0.49672386050224304,0.5064286589622498,0.14295488595962524,0.34217002987861633,0.6514736439061866,0.4157569110393524,0.08961617201566696
S,17192,0.4660318195819855,0.5001057982444763,0.13750845193862915,0.3422614336013794,0.6832496563096842,0.4072047472000122,0.10054338723421097
S,17201,0.4831604063510895,0.5000544190406799,0.14509062469005585,0.34413886070251465,0.683873817982773,0.4185866713523865,0.060529593378305435
S,17204,0.4750436544418335,0.5026790499687195,0.14022469520568848,0.3408915102481842,0.6716762586993477,0.41205665469169617,0.08575943857431412
N,17208,0.5324560403823853,0.48550945520401,0.16024188697338104,0.3863109052181244,0.6545349355950021,0.414987176656723,0.2266545444726944
_,17212,0.5099219679832458,0.442432165145874,0.14972934126853943,0.38692453503608704,0.8770025684932868,0.39692452549934387,0.0
S,17227,0.4784405529499054,0.5139719247817993,0.13920776546001434,0.3438546359539032,0.5828493374478422,0.40507790446281433,0.156217560172081
S,17228,0.48191866278648376,0.5151656270027161,0.1404164880514145,0.34107083082199097,0.6004487020862265,0.4106680750846863,0.1312742680311203
S,17233,0.47330039739608765,0.5117901563644409,0.13783037662506104,0.33838409185409546,0.6167099092145994,0.4095653295516968,0.11705008894205093
X,17237,0.610264778137207,0.48505523800849915,0.18109795451164246,0.39335897564888,0.6291508203696382,0.43708255887031555,0.08508531004190445
X,17240,0.5686419606208801,0.49139872193336487,0.17232070863246918,0.392707496881485,0.6256797660165466,0.42707961797714233,0.20036225020885468
S,17242,0.4573081433773041,0.5153745412826538,0.13290418684482574,0.33452895283699036,0.627146615194215,0.40218591690063477,0.13905633985996246
S,17247,0.5243867635726929,0.498130202293396,0.15170730650424957,0.3585149645805359,0.6262501386664614,0.416835755109787,0.11164755374193192
T,17248,0.5745449066162109,0.4800659716129303,0.17122839391231537,0.3937702178955078,0.6546055194091848,0.4232271909713745,0.182522252202034
S,17249,0.47192850708961487,0.5096368789672852,0.13788549602031708,0.33650118112564087,0.6326306850804637,0.40981540083885193,0.10332606732845306
N,17258,0.5289287567138672,0.4804719090461731,0.15847600996494293,0.3786580264568329,0.6961301299495002,0.41794782876968384,0.12008536607027054
T,17277,0.52032870054245,0.4525831341743469,0.154806986451149,0.3927376866340637,0.7429102921035762,0.39981263875961304,0.5845515727996826
X,17281,0.5240684151649475,0.45966818928718567,0.15666793286800385,0.39451029896736145,0.7152588523298619,0.39911186695098877,0.5896435379981995
T,17291,0.5256636738777161,0.45242199301719666,0.15737979114055634,0.3960936665534973,0.7344454977552142,0.40382543206214905,0.5739419460296631
X,17294,0.5304927825927734,0.4656578600406647,0.15980280935764313,0.39800190925598145,0.6070902601608336,0.40072664618492126,0.5947332382202148
N,17295,0.5179098844528198,0.486943781375885,0.15492142736911774,0.3826778829097748,0.6823466902342625,0.41158485412597656,0.23293614387512207
N,17313,0.5439854860305786,0.4896831512451172,0.16256852447986603,0.38908249139785767,0.6328575110797344,0.4123918116092682,0.2835918068885803
T,17342,0.5855302810668945,0.4912469685077667,0.18030491471290588,0.4118538200855255,0.6249918708886011,0.4250955879688263,0.38657939434051514
S,17345,0.47705334424972534,0.5090135931968689,0.13779860734939575,0.3356402814388275,0.6311171432589375,0.4107889235019684,0.0954359844326973
_,17348,0.5095597505569458,0.4423551559448242,0.14955587685108185,0.38670051097869873,0.8771518176297347,0.39670050144195557,0.0
_,17354,0.5098480582237244,0.4424164891242981,0.14969386160373688,0.38687893748283386,0.8769874411821366,0.3968789279460907,0.0
S,17356,0.5448219180107117,0.499713659286499,0.15945182740688324,0.362723708152771,0.6105177781066111,0.42756903171539307,0.08464673906564713
S,17364,0.48184266686439514,0.506503164768219,0.13948041200637817,0.3397601842880249,0.6603605277876099,0.4130045473575592,0.09241010993719101
_,17366,0.5137088894844055,0.44323599338531494,0.15154439210891724,0.3892616927623749,0.8747606139878432,0.3992616832256317,0.0
N,17370,0.5327498316764832,0.4875347912311554,0.1617773026227951,0.3861657679080963,0.6526867451780709,0.41876018047332764,0.2035752236843109
_,17377,0.5145089626312256,0.44340550899505615,0.1519283652305603,0.38975387811660767,0.8743120919664701,0.3997538685798645,0.0
S,17385,0.48495668172836304,0.5076351165771484,0.1412886083126068,0.34036847949028015,0.6524191346700536,0.4159340262413025,0.08788476884365082
_,17396,0.5147780776023865,0.44346219301223755,0.1520582139492035,0.38991779088974,0.8737176815668742,0.39991775155067444,0.0
T,17403,0.5320318937301636,0.45589983463287354,0.16047103703022003,0.39968177676200867,0.7241712890870259,0.4063766896724701,0.5952357649803162
X,17407,0.5323783755302429,0.4596920311450958,0.16065603494644165,0.39984986186027527,0.7023991730613246,0.40560677647590637,0.5753284096717834
T,17411,0.539040207862854,0.4678512215614319,0.16393312811851501,0.40323421359062195,0.5216802333616299,0.40617600083351135,0.5903021693229675
N,17417,0.5415631532669067,0.48476096987724304,0.1606639176607132,0.38419798016548157,0.6621279039309593,0.4156585931777954,0.20105114579200745
S,17419,0.481985479593277,0.5135946273803711,0.14033745229244232,0.33965152502059937,0.6103781407809584,0.4129983186721802,0.11464277654886246
_,17439,0.5139367580413818,0.44328436255455017,0.15165360271930695,0.38940221071243286,0.8747585445642472,0.3994022011756897,0.0
X,17444,0.529498815536499,0.45996612310409546,0.1592695116996765,0.3979451656341553,0.7023189519236136,0.4030613899230957,0.586203396320343
S,17452,0.5184749364852905,0.5009194612503052,0.15260742604732513,0.35867342352867126,0.614994436261574,0.4193766117095947,0.11193950474262238
N,17456,0.5389140844345093,0.49469834566116333,0.16380438208580017,0.39671093225479126,0.6150633027516719,0.4127398133277893,0.3557739853858948
T,17466,0.5331511497497559,0.45780453085899353,0.1610252410173416,0.40026506781578064,0.6489737877314959,0.4064077138900757,0.5915610790252686
T,17473,0.5694096088409424,0.48508220911026,0.17287234961986542,0.39795660972595215,0.626832346500208,0.42499396204948425,0.23028108477592468
S,17476,0.5378358364105225,0.4958263635635376,0.15748444199562073,0.3618709444999695,0.6267239232549037,0.424105167388916,0.07941211760044098
N,17479,0.5623894333839417,0.49032655358314514,0.16739480197429657,0.38228288292884827,0.5893336511746263,0.4254881739616394,0.1408447027206421
X,17496,0.5757222771644592,0.4918639361858368,0.17621853947639465,0.39824768900871277,0.6270467688750554,0.4306184649467468,0.21412713825702667
X,17520,0.529434323310852,0.46119752526283264,0.1592487245798111,0.3978540003299713,0.712692559794911,0.4025835692882538,0.5832828283309937
X,17531,0.5349845290184021,0.462803453207016,0.16194309294223785,0.40107640624046326,0.7002799990486286,0.4055396616458893,0.5900978446006775
N,17537,0.5437656044960022,0.48671627044677734,0.16300150752067566,0.385526180267334,0.6735020064999117,0.419943630695343,0.18551906943321228
X,17561,0.5311750173568726,0.4603319466114044,0.16008083522319794,0.39890921115875244,0.7101517253894888,0.40393874049186707,0.5903308391571045
S,17581,0.49636104702949524,0.4981779456138611,0.14997896552085876,0.35086455941200256,0.6745405360807976,0.42199140787124634,0.06056394428014755
_,17588,0.5136029124259949,0.4432136118412018,0.15149343013763428,0.38919663429260254,0.8749254079659781,0.399196594953537,0.0
X,17595,0.5331494808197021,0.46493449807167053,0.1610671877861023,0.39983081817626953,0.581942605479544,0.40334147214889526,0.5887503623962402
S,17598,0.48614248633384705,0.5008844137191772,0.14528760313987732,0.3457525074481964,0.6990688255180916,0.41816446185112,0.0705600157380104
N,17631,0.5471708178520203,0.4840894639492035,0.1635979562997818,0.38281118869781494,0.674443991171429,0.422542542219162,0.13241349160671234
S,17636,0.4780718684196472,0.5032620429992676,0.13870365917682648,0.34444066882133484,0.6178679603679726,0.40725505352020264,0.11914128065109253
S,17639,0.572281539440155,0.49763280153274536,0.16950839757919312,0.3722909092903137,0.6036814076639713,0.4358428120613098,0.07062041014432907
T,17641,0.5316258668899536,0.483018696308136,0.16085214912891388,0.3977035880088806,0.6549324403889477,0.40971288084983826,0.3843318223953247
_,17646,0.5137572288513184,0.4432463049888611,0.15156744420528412,0.3892917037010193,0.8748676231503487,0.3992916941642761,0.0
X,17647,0.5568931698799133,0.48363378643989563,0.16808761656284332,0.38944363594055176,0.6398593083474164,0.4241352081298828,0.1619238257408142
X,17649,0.5335739850997925,0.4879615008831024,0.1610010862350464,0.3858715295791626,0.6306902791311344,0.4157234728336334,0.22665728628635406
N,17657,0.5595537424087524,0.4847424328327179,0.16608352959156036,0.38224995136260986,0.67643068043047,0.4267943799495697,0.10013844817876816
S,17663,0.4814082980155945,0.498460054397583,0.14460547268390656,0.34610214829444885,0.7127719587335984,0.41934043169021606,0.0579058974981308
S,17666,0.46500611305236816,0.5155622959136963,0.13554061949253082,0.33732256293296814,0.6118475871987176,0.4058389365673065,0.13640296459197998
T,17683,0.5517213344573975,0.4975232183933258,0.17023193836212158,0.4104000926017761,0.5531731618010054,0.4076111316680908,0.5446352362632751
T,17686,0.6023972630500793,0.4864397346973419,0.18011698126792908,0.40169209241867065,0.620605967825201,0.4311002194881439,0.2092904895544052
N,17692,0.5483730435371399,0.5008776783943176,0.16861285269260406,0.4083636701107025,0.6140066345199011,0.40459689497947693,0.5400078296661377
_,17698,0.513638436794281,0.44322115182876587,0.15151044726371765,0.3892185688018799,0.8749355139831703,0.3992185592651367,0.0
S,17700,0.4718053340911865,0.5033344030380249,0.13952916860580444,0.34314778447151184,0.6715964614786208,0.4099832773208618,0.10396598279476166
N,17702,0.5617203116416931,0.48309287428855896,0.1681338995695114,0.37912517786026,0.6782550991082099,0.43016019463539124,0.04497634992003441
N,17708,0.542506754398346,0.496500700712204,0.16518451273441315,0.3987036645412445,0.6475850210602706,0.41333335638046265,0.3702661991119385
X,17717,0.5308021306991577,0.4602543115615845,0.15990133583545685,0.398677796125412,0.7101453750125923,0.4036931097507477,0.5906181335449219
T,17723,0.5556986331939697,0.4830937683582306,0.16628794372081757,0.38986775279045105,0.6130820458704451,0.41943198442459106,0.20392003655433655
X,17724,0.5372920036315918,0.46372416615486145,0.16306224465370178,0.4023759961128235,0.6823014526121733,0.406577467918396,0.5946381092071533
_,17725,0.5133780837059021,0.4431658387184143,0.15138570964336395,0.3890577554702759,0.8747917429109415,0.3990577161312103,0.0
T,17730,0.5307735204696655,0.4547545611858368,0.15985330939292908,0.39912480115890503,0.7351128289985112,0.406448632478714,0.5754676461219788
S,17731,0.48530498147010803,0.5042402148246765,0.14187221229076385,0.346420556306839,0.5975768209413703,0.40908464789390564,0.12160880118608475
S,17735,0.5109230875968933,0.5028098821640015,0.1472570300102234,0.3523726165294647,0.619122782419654,0.41465312242507935,0.11568403989076614
X,17746,0.5254808664321899,0.4903813898563385,0.15844550728797913,0.38436320424079895,0.6231410740533223,0.41234126687049866,0.25013330578804016
T,17756,0.5341789126396179,0.458855539560318,0.16153599321842194,0.40080589056015015,0.7139318200255609,0.4066431522369385,0.5916528105735779
_,17757,0.5133239030838013,0.44315439462661743,0.1513597071170807,0.38902440667152405,0.8748275738954545,0.3990243673324585,0.0
N,17759,0.5424101948738098,0.4859254062175751,0.16258969902992249,0.3823615610599518,0.6767804691633986,0.42154785990715027,0.14785467088222504
S,17770,0.46100980043411255,0.5151740908622742,0.13465341925621033,0.335855096578598,0.6260559453209863,0.4053992033004761,0.13201172649860382
_,17780,0.5132430791854858,0.4431372284889221,0.1513209342956543,0.3889746069908142,0.8748784812291464,0.39897459745407104,0.0
S,17782,0.4997592270374298,0.500449001789093,0.1454726606607437,0.3520740866661072,0.6101100535906153,0.4130061864852905,0.11333943158388138
T,17784,0.5770098567008972,0.4871610701084137,0.17510828375816345,0.40478843450546265,0.6398012628011445,0.42496514320373535,0.3040531277656555
S,17792,0.4813084900379181,0.5120006203651428,0.1405266374349594,0.3401341438293457,0.6053816321609581,0.4121529161930084,0.11356960982084274
N,17795,0.5446840524673462,0.4864780902862549,0.16310641169548035,0.38515615463256836,0.6745340399558579,0.4202418029308319,0.17934976518154144
N,17802,0.5372511744499207,0.48034995794296265,0.15766414999961853,0.3741765320301056,0.6996885340280521,0.4168744385242462,0.09776630252599716
T,17804,0.5325848460197449,0.4572758674621582,0.16074201464653015,0.3999546468257904,0.7164173342990383,0.40620654821395874,0.5936098694801331
T,17812,0.6272962689399719,0.4820367097854614,0.18465299904346466,0.3970654010772705,0.6606765507878543,0.44104671478271484,0.047809574753046036
N,17815,0.6316801905632019,0.4852129817008972,0.18685783445835114,0.3954268991947174,0.6499751678443864,0.44412872195243835,0.04013456404209137
S,17817,0.46949851512908936,0.5015106797218323,0.13910451531410217,0.3401954174041748,0.712881300697724,0.41306766867637634,0.07509469985961914
N,17825,0.5425361394882202,0.4858788251876831,0.16260795295238495,0.3822847604751587,0.6769392851852657,0.42159685492515564,0.14672140777111053
X,17827,0.5807841420173645,0.4837034344673157,0.1728958636522293,0.3892894983291626,0.6321744734444655,0.4278164505958557,0.1272997409105301
_,17832,0.5141295790672302,0.4433250427246094,0.1517464518547058,0.38951998949050903,0.8742996691167355,0.39951997995376587,0.0
S,17834,0.5022024512290955,0.507470428943634,0.14879147708415985,0.3549683094024658,0.5836148420004369,0.4143740236759186,0.1423088163137436
N,17836,0.5832745432853699,0.48300811648368835,0.1752559244632721,0.38655591011047363,0.6644348335802595,0.435071736574173,0.04642816632986069
T,17840,0.5286943912506104,0.4585460424423218,0.15887224674224854,0.3975202739238739,0.682839759701019,0.403046578168869,0.5881639719009399
T,17846,0.529803454875946,0.45459040999412537,0.15937605500221252,0.3984673023223877,0.7317401971634786,0.40553972125053406,0.5904396176338196
N,17853,0.5491867661476135,0.4921146631240845,0.16506633162498474,0.39415305852890015,0.6250071775687199,0.415894091129303,0.30317991971969604
_,17871,0.5137119889259338,0.44323650002479553,0.15154607594013214,0.3892629146575928,0.8743469375868639,0.3992629051208496,0.0
N,17874,0.5605376362800598,0.48514848947525024,0.16438300907611847,0.37898439168930054,0.6692547673403412,0.4237685799598694,0.10469941049814224
X,17887,0.5302025675773621,0.48661255836486816,0.16085396707057953,0.3829258680343628,0.676765972248589,0.4187364876270294,0.1767480969429016
S,17891,0.4972212314605713,0.49607712030410767,0.14939899742603302,0.3516194820404053,0.6790610990735392,0.4202566146850586,0.06102380529046059
N,17897,0.5324738621711731,0.4983879625797272,0.161350816488266,0.39752915501594543,0.6540038613433717,0.410635769367218,0.38302111625671387
X,17901,0.5333497524261475,0.46035730838775635,0.16113127768039703,0.4002807140350342,0.715751436949898,0.4055808186531067,0.5875121355056763
_,17904,0.5137380361557007,0.4432421922683716,0.15155838429927826,0.38927942514419556,0.8746081092456978,0.3992794156074524,0.0
X,17915,0.6059784293174744,0.48619040846824646,0.18020911514759064,0.3936339020729065,0.6407509368337924,0.43723559379577637,0.09444788098335266
N,17928,0.5495348572731018,0.5042796730995178,0.16919191181659698,0.4089534878730774,0.6362482241014126,0.40491825342178345,0.534473717212677
N,17935,0.5581029653549194,0.48436668515205383,0.1676734983921051,0.38638558983802795,0.6546099634864367,0.42619946599006653,0.12802596390247345
S,17951,0.4863118529319763,0.5155463218688965,0.14047396183013916,0.3412811756134033,0.5938641040493289,0.4111347496509552,0.1313290297985077
S,17961,0.4788336157798767,0.5058627724647522,0.14229346811771393,0.3469628393650055,0.6451025829681506,0.41041380167007446,0.12394841760396957
_,17964,0.5144858360290527,0.4434000849723816,0.15191826224327087,0.3897371292114258,0.8734948389728865,0.3997371196746826,0.0
N,17969,0.6118159294128418,0.5020545721054077,0.18640628457069397,0.4081517457962036,0.5105543847767695,0.4354919195175171,0.28360676765441895
X,17971,0.5935336351394653,0.4879536032676697,0.17626717686653137,0.39050206542015076,0.6255333930321891,0.43572232127189636,0.09986642003059387
X,17972,0.5606549978256226,0.4884908199310303,0.16747525334358215,0.38558974862098694,0.6193187248955171,0.42472612857818604,0.15577228367328644
_,17989,0.520931601524353,0.44476351141929626,0.15501630306243896,0.39369216561317444,0.8696475672225158,0.4036921262741089,0.0
S,17995,0.4830944836139679,0.5096815228462219,0.14223362505435944,0.33782586455345154,0.6805588892288507,0.4197062849998474,0.07208435237407684
_,17998,0.5209687352180481,0.44477131962776184,0.15503408014774323,0.3937149941921234,0.8697362137834231,0.40371495485305786,0.0
S,18002,0.5189191699028015,0.4986627697944641,0.1534949541091919,0.3577253222465515,0.6241404258337571,0.4238603711128235,0.07757823169231415
X,18012,0.5407508611679077,0.4622521996498108,0.1647079735994339,0.404927521944046,0.7037238364918934,0.41072672605514526,0.5682558417320251
X,18027,0.6007069945335388,0.4881853461265564,0.18010982871055603,0.39695385098457336,0.6246822342300342,0.43724504113197327,0.13012799620628357
N,18035,0.5718523263931274,0.4880884885787964,0.17188364267349243,0.38952189683914185,0.6492741814936017,0.43079885840415955,0.1335986703634262
T,18049,0.5384176969528198,0.456787109375,0.16355127096176147,0.40369829535484314,0.7195414943880557,0.41087791323661804,0.5800982713699341
T,18053,0.5417093634605408,0.4616899788379669,0.1651764214038849,0.40533900260925293,0.7262712153039744,0.41090071201324463,0.5884317755699158
X,18080,0.5391848683357239,0.4872264266014099,0.1647099256515503,0.38717612624168396,0.6727732940856368,0.4239181876182556,0.16851283609867096
T,18094,0.542126476764679,0.4613509178161621,0.16537341475486755,0.40564611554145813,0.708795209743167,0.4114234447479248,0.5861542224884033
N,18110,0.5326595306396484,0.49361979961395264,0.16171632707118988,0.39645880460739136,0.6432559776919273,0.4159604012966156,0.3261816203594208
T,18115,0.5591810345649719,0.48072704672813416,0.16834110021591187,0.3921075463294983,0.6658019987586886,0.4237305223941803,0.1687692403793335
T,18119,0.5360218286514282,0.45885133743286133,0.16239449381828308,0.4020054340362549,0.7099623157483332,0.4079491198062897,0.5951634049415588
X,18126,0.5434530377388,0.4632677435874939,0.1660318225622177,0.40639597177505493,0.714742059214356,0.41182059049606323,0.5781968235969543
X,18136,0.540128767490387,0.4659785032272339,0.16442936658859253,0.40413275361061096,0.6193672250262171,0.4080045223236084,0.5873667597770691
T,18137,0.57353276014328,0.48862168192863464,0.17449568212032318,0.40085095167160034,0.6467123934267026,0.42878103256225586,0.2366635501384735
X,18138,0.5884086489677429,0.49136871099472046,0.17957182228565216,0.3992445468902588,0.6310090864663168,0.4368758201599121,0.16901333630084991
X,18142,0.5360283255577087,0.45998087525367737,0.16240699589252472,0.4022343158721924,0.7082442994586503,0.4085962176322937,0.5591378211975098
X,18148,0.5390569567680359,0.46325284242630005,0.16389203071594238,0.4036101996898651,0.6944466464841874,0.4082794487476349,0.5910473465919495
_,18154,0.5221168994903564,0.4450129270553589,0.15558813512325287,0.3944133520126343,0.8682729648053646,0.4044133424758911,0.0
_,18163,0.5213982462882996,0.44486182928085327,0.1552411913871765,0.3939765989780426,0.8691664261619251,0.40397658944129944,0.0
_,18175,0.521986722946167,0.4449857771396637,0.1555248349905014,0.39433544874191284,0.8689153773089251,0.4043354094028473,0.0
_,18176,0.5218295454978943,0.44495275616645813,0.15544894337654114,0.39423996210098267,0.8691267317036788,0.4042399525642395,0.0
X,18191,0.5378543138504028,0.4612213671207428,0.16330015659332275,0.4032415747642517,0.7086234348791186,0.4092032015323639,0.5655266642570496
_,18198,0.5208290815353394,0.4447418451309204,0.15496692061424255,0.39362937211990356,0.8696750047802926,0.403629332780838,0.0
N,18203,0.5703520774841309,0.48566606640815735,0.1719314306974411,0.3905653953552246,0.6491911647467835,0.4317921996116638,0.11844785511493683
X,18215,0.5349737405776978,0.4619176983833313,0.16191473603248596,0.4013328552246094,0.7098206138863073,0.40651580691337585,0.5765290260314941
S,18216,0.4915540814399719,0.5026600360870361,0.14821919798851013,0.3511282801628113,0.6663040841681263,0.4217984974384308,0.08098536729812622
N,18218,0.5674622654914856,0.4921152889728546,0.16966745257377625,0.3901480734348297,0.6230176527135821,0.4253487288951874,0.19882509112358093
S,18235,0.5063868165016174,0.5017335414886475,0.15162800252437592,0.3504956364631653,0.6804132429230959,0.42661410570144653,0.0547172911465168
N,18246,0.5793563723564148,0.488654226064682,0.17183037102222443,0.3834838569164276,0.6480999901909188,0.4342705309391022,0.07751002162694931
T,18247,0.5499825477600098,0.4825376570224762,0.16799648106098175,0.39881211519241333,0.6215371653810143,0.42160266637802124,0.2633688151836395
X,18253,0.591744065284729,0.48737820982933044,0.17476941645145416,0.3935088813304901,0.6080219301643471,0.4284079670906067,0.17327147722244263
X,18266,0.5867255926132202,0.48896464705467224,0.17865461111068726,0.39499568939208984,0.637821200201676,0.4374781847000122,0.12146603316068649
S,18285,0.4852929711341858,0.5005908608436584,0.1449194699525833,0.3500533699989319,0.6644860024067263,0.4157342314720154,0.0936589241027832
T,18303,0.5730013251304626,0.48521190881729126,0.1765337735414505,0.4009844958782196,0.6151877679726264,0.43124061822891235,0.19699908792972565
S,18307,0.5333383083343506,0.5013001561164856,0.1576140820980072,0.3634715974330902,0.61526474143393,0.42752552032470703,0.09462088346481323
N,18314,0.600834846496582,0.4934021532535553,0.17909041047096252,0.39516568183898926,0.6093501797180443,0.43786969780921936,0.146254301071167
T,18329,0.6213856935501099,0.47935763001441956,0.18383526802062988,0.4046177566051483,0.6552678557212251,0.43735605478286743,0.11818797141313553
S,18338,0.5057424902915955,0.500143826007843,0.15108680725097656,0.35629037022590637,0.6540966309575985,0.4214986562728882,0.08979702740907669
X,18339,0.5426756739616394,0.46352922916412354,0.1656523495912552,0.4059344530105591,0.6714403344134068,0.41120976209640503,0.5779629945755005
S,18342,0.49837198853492737,0.5032521486282349,0.15086427330970764,0.3549070358276367,0.6346164119740327,0.42183718085289,0.09565168619155884
_,18352,0.5145689845085144,0.44341859221458435,0.15195663273334503,0.3897925019264221,0.875189800709486,0.39979249238967896,0.0
S,18362,0.5191798806190491,0.4983854293823242,0.15047015249729156,0.3565458357334137,0.6341445746147656,0.417756050825119,0.10097035765647888
X,18367,0.5700526833534241,0.48994845151901245,0.1720830798149109,0.38853317499160767,0.6417801704789357,0.43138179183006287,0.13499918580055237
S,18372,0.4774191379547119,0.5156046152114868,0.1383013278245926,0.3398208022117615,0.6028825258554813,0.4099552035331726,0.13133910298347473
S,18377,0.4727104902267456,0.5062146186828613,0.13739001750946045,0.3379600942134857,0.677932861316173,0.41076117753982544,0.09398313611745834
_,18380,0.5149540305137634,0.4435001611709595,0.15214146673679352,0.39002931118011475,0.874926332483689,0.4000293016433716,0.0
X,18386,0.5331240892410278,0.4641006588935852,0.16104617714881897,0.3998553454875946,0.7280432932395222,0.4036220610141754,0.5906206369400024
N,18391,0.5578519701957703,0.48527151346206665,0.16582167148590088,0.38638052344322205,0.649874049583547,0.4210691452026367,0.17418287694454193
X,18393,0.5283657312393188,0.4597308337688446,0.15872228145599365,0.39724886417388916,0.7148753745483313,0.4023253619670868,0.5869557857513428
_,18396,0.5146262049674988,0.44343075156211853,0.1519840806722641,0.389827698469162,0.8751065573592981,0.3998276889324188,0.0
X,18398,0.6183573603630066,0.4887821674346924,0.18270502984523773,0.3926486372947693,0.6251946029725757,0.4410117566585541,0.07833446562290192
T,18399,0.5454326272010803,0.48153892159461975,0.16685432195663452,0.40509945154190063,0.6412511379240217,0.41317814588546753,0.44129469990730286
T,18400,0.5452543497085571,0.4942059814929962,0.167009174823761,0.407172292470932,0.6264789119067913,0.4083523154258728,0.5054527521133423
S,18410,0.47414785623550415,0.4992642402648926,0.14097002148628235,0.3480093777179718,0.6820901135914028,0.4101066291332245,0.1065366268157959
X,18421,0.535320520401001,0.46200624108314514,0.16209518909454346,0.40144699811935425,0.6741681338519144,0.40647074580192566,0.5821029543876648
X,18427,0.5961346626281738,0.4844946265220642,0.17683131992816925,0.39219412207603455,0.6320073661123752,0.43292999267578125,0.10939400643110275
_,18434,0.5144739151000977,0.44339844584465027,0.15191099047660828,0.3897339105606079,0.8751350131630898,0.39973390102386475,0.0
_,18435,0.5148062705993652,0.44346883893013,0.15207050740718842,0.3899384140968323,0.8749981401364009,0.3999384045600891,0.0
X,18439,0.5871042013168335,0.4851531982421875,0.17675690352916718,0.3932799994945526,0.6419135981297587,0.43409761786460876,0.11241086572408676
T,18442,0.549495279788971,0.4843129515647888,0.16788078844547272,0.40368974208831787,0.6154170183069073,0.41045600175857544,0.454056978225708
S,18446,0.4716312885284424,0.5019083023071289,0.1392788589000702,0.34772080183029175,0.6611051050325235,0.40687763690948486,0.12855127453804016
_,18451,0.5145175457000732,0.44340771436691284,0.15193189680576324,0.3897608518600464,0.8751520263652007,0.3997608423233032,0.0
X,18453,0.5312203764915466,0.4611787497997284,0.16010597348213196,0.398896723985672,0.685541610432089,0.40363359451293945,0.5893900394439697
X,18455,0.5603841543197632,0.4850544333457947,0.16937147080898285,0.38983240723609924,0.6498278271220624,0.4263758063316345,0.1540595144033432
S,18463,0.5691020488739014,0.4977349042892456,0.16907194256782532,0.3724925220012665,0.6055394872551552,0.43561190366744995,0.07343441247940063
N,18464,0.6046125292778015,0.48789161443710327,0.1795247197151184,0.3874036371707916,0.6540642046942958,0.44058433175086975,0.0480317659676075
S,18465,0.4758182764053345,0.49970194697380066,0.1415737271308899,0.345653235912323,0.6776073136180639,0.41222959756851196,0.09045287221670151
S,18480,0.46921220421791077,0.5026958584785461,0.13866479694843292,0.3468700647354126,0.6661300850100815,0.40634140372276306,0.13021358847618103
_,18481,0.5156686305999756,0.4436509907245636,0.15248548984527588,0.39046621322631836,0.8738835007448992,0.40046626329421997,0.0
_,18483,0.5156630277633667,0.4436497986316681,0.1524827778339386,0.39046284556388855,0.8738784512877464,0.4004628360271454,0.0
S,18486,0.522430419921875,0.5024544596672058,0.15341444313526154,0.3536757826805115,0.6329265116681927,0.4253304898738861,0.07468003779649734
N,18490,0.5384155511856079,0.481580913066864,0.16017001867294312,0.37963348627090454,0.6797505096094877,0.41781550645828247,0.1336267739534378
_,18491,0.5154212713241577,0.44359898567199707,0.15236596763134003,0.3903161287307739,0.8746630311012269,0.40031611919403076,0.0
T,18523,0.5311634540557861,0.45571431517601013,0.16003753244876862,0.39924436807632446,0.7295267604719099,0.40603214502334595,0.5895851850509644
S,18527,0.5409270524978638,0.5015886425971985,0.15854375064373016,0.36801111698150635,0.6375292478018189,0.423026978969574,0.13569185137748718
S,18532,0.4863496422767639,0.49930694699287415,0.1461201310157776,0.34781917929649353,0.6812082543844978,0.4183335304260254,0.07087384164333344
_,18552,0.5145202875137329,0.4434083104133606,0.1519332379102707,0.3897625207901001,0.8751341530183951,0.39976251125335693,0.0
S,18577,0.4788399934768677,0.5037611126899719,0.14253370463848114,0.34397223591804504,0.6910919115692378,0.415719598531723,0.08640033006668091
T,18591,0.5555939674377441,0.4845844507217407,0.1696399450302124,0.3975302577018738,0.6510148616305863,0.4245315492153168,0.23023034632205963
S,18593,0.5113153457641602,0.5030931234359741,0.14849896728992462,0.35366690158843994,0.6161797394602521,0.41530197858810425,0.11879847198724747
N,18600,0.5378273725509644,0.4803635776042938,0.15925969183444977,0.3813554644584656,0.6861109915475755,0.41605010628700256,0.15380606055259705
N,18606,0.5320470333099365,0.4817984104156494,0.15681856870651245,0.3764388859272003,0.6875376641876453,0.4149262309074402,0.1370004415512085
X,18612,0.5294507741928101,0.4582784175872803,0.1592313051223755,0.39803600311279297,0.7147547328761964,0.40379053354263306,0.5857383012771606
_,18618,0.5149430632591248,0.44349783658981323,0.15213614702224731,0.3900226056575775,0.8749551880359651,0.40002259612083435,0.0
S,18622,0.5314106345176697,0.4986919164657593,0.15711696445941925,0.362967848777771,0.6219025877952421,0.42415928840637207,0.09740526974201202
T,18633,0.6218893527984619,0.48611849546432495,0.1846689134836197,0.4043623208999634,0.6155524450476515,0.4388834834098816,0.15457463264465332
T,18641,0.5794562697410583,0.482255756855011,0.17628219723701477,0.40032753348350525,0.650160141880236,0.4321640729904175,0.1635167896747589
S,18650,0.5016640424728394,0.5008849501609802,0.152239128947258,0.35211068391799927,0.6767177358145515,0.4284542202949524,0.048072028905153275
T,18661,0.5370947122573853,0.456956148147583,0.16290302574634552,0.40285107493400574,0.7190059461520014,0.40972843766212463,0.5881621837615967
X,18664,0.6067053079605103,0.48850688338279724,0.17976638674736023,0.39610880613327026,0.6222414702351671,0.43676310777664185,0.12875325977802277
T,18671,0.5573792457580566,0.49743232131004333,0.17294718325138092,0.4139096438884735,0.6216910802817438,0.4120473563671112,0.5426409840583801
S,18673,0.4960974156856537,0.503915011882782,0.14533188939094543,0.3484148681163788,0.5972474484258177,0.41576433181762695,0.09833753854036331
_,18679,0.5226677656173706,0.44512900710105896,0.15585359930992126,0.394749253988266,0.8668422775467237,0.40474921464920044,0.0
T,18683,0.542048990726471,0.4588024914264679,0.16533096134662628,0.40574565529823303,0.711865903304594,0.4124703109264374,0.5833570957183838
T,18684,0.5471988320350647,0.4821474850177765,0.1680503934621811,0.40191400051116943,0.6529930488190925,0.42145147919654846,0.29704970121383667
S,18692,0.47644782066345215,0.501072347164154,0.1425836682319641,0.3448829650878906,0.6925362475588919,0.417291522026062,0.06992500275373459
X,18694,0.6465597748756409,0.48845571279525757,0.1901930272579193,0.39816656708717346,0.6309202543103796,0.4505341947078705,0.031373120844364166
T,18700,0.5400307178497314,0.4571278989315033,0.16433845460414886,0.40462926030158997,0.7165399639275862,0.4117700159549713,0.5833243131637573
X,18709,0.5367017388343811,0.4898211658000946,0.16323287785053253,0.38769328594207764,0.6175981175154448,0.4196372628211975,0.216617614030838
S,18718,0.5625099539756775,0.5019994974136353,0.1630437821149826,0.3653460741043091,0.6199737815161643,0.4328143894672394,0.0784020945429802
T,18736,0.6281924843788147,0.4806329011917114,0.18699921667575836,0.40650421380996704,0.6352125926478767,0.4407201111316681,0.10677772015333176
X,18737,0.556398332118988,0.4863532483577728,0.16644449532032013,0.3821659982204437,0.6332399082005334,0.4259297251701355,0.11350138485431671
_,18739,0.5216049551963806,0.44490501284599304,0.1553414911031723,0.3941008746623993,0.8672865139941375,0.40410086512565613,0.0
T,18776,0.6630820631980896,0.4872687757015228,0.1957186609506607,0.4086461067199707,0.6089995414407653,0.4504520297050476,0.0829242616891861
X,18778,0.5426368117332458,0.4639306664466858,0.16564440727233887,0.4058621823787689,0.6877820875077547,0.41100674867630005,0.5774781107902527
_,18786,0.5218608975410461,0.44495901465415955,0.15546458959579468,0.3942575752735138,0.8674977191289267,0.40425756573677063,0.0
N,18788,0.6631465554237366,0.491659551858902,0.1902354657649994,0.3964557349681854,0.6259667784349707,0.45020732283592224,0.04989977553486824
T,18794,0.5434926748275757,0.46278321743011475,0.16605927050113678,0.4065556526184082,0.6365700926345865,0.41256237030029297,0.5623095631599426
N,18834,0.5355195999145508,0.49277156591415405,0.16304334998130798,0.39693060517311096,0.643040287801996,0.41805607080459595,0.311251163482666
_,18838,0.521589994430542,0.44490185379981995,0.1553342193365097,0.3940918445587158,0.8673977228005728,0.40409183502197266,0.0
_,18842,0.5224625468254089,0.44508567452430725,0.15575478971004486,0.3946238160133362,0.8668257430692514,0.404623806476593,0.0
X,18843,0.5958114862442017,0.4933899939060211,0.180393248796463,0.3995903730392456,0.615746709300632,0.4376771152019501,0.1749822348356247
N,18848,0.5430623292922974,0.498063862323761,0.16603904962539673,0.4054870307445526,0.6347332231760568,0.41307687759399414,0.4364009499549866
T,18853,0.5468931198120117,0.4854103624820709,0.1681639403104782,0.40050873160362244,0.6175371299462858,0.4213556945323944,0.2937439978122711
X,18856,0.5601299405097961,0.48923248052597046,0.1700371354818344,0.3921828866004944,0.6174848063872196,0.42701247334480286,0.1871558129787445
S,18861,0.48204463720321655,0.5003408193588257,0.14507746696472168,0.3504924178123474,0.6682206954372426,0.41750356554985046,0.08628927171230316
X,18863,0.5574739575386047,0.4906214475631714,0.16849377751350403,0.3896341025829315,0.6050206889212132,0.4247814416885376,0.192763552069664
N,18865,0.5492790937423706,0.488768994808197,0.1677713841199875,0.3932456076145172,0.632824136352768,0.425176739692688,0.20916227996349335
T,18869,0.5522016882896423,0.48740774393081665,0.17083638906478882,0.4055559039115906,0.6193236393171052,0.42327186465263367,0.33159682154655457
T,18875,0.542351245880127,0.45837974548339844,0.16549603641033173,0.4059751033782959,0.6934865937315772,0.41316014528274536,0.5667043328285217
_,18876,0.5216821432113647,0.4449212849140167,0.15537863969802856,0.39414817094802856,0.8674050944546859,0.4041481614112854,0.0
X,18885,0.5364198684692383,0.4626244306564331,0.16261902451515198,0.4022064208984375,0.7046556923741689,0.4073565900325775,0.5736353993415833
X,18892,0.5957093834877014,0.49190086126327515,0.1810322403907776,0.39997801184654236,0.6269386240533398,0.4384644329547882,0.16347439587116241
_,18902,0.521613359451294,0.44490674138069153,0.15534551441669464,0.39410609006881714,0.8673784124851227,0.404106080532074,0.0
N,18903,0.5315630435943604,0.48719584941864014,0.16099803149700165,0.3942124843597412,0.6501753580092918,0.41483497619628906,0.30202949047088623
T,18916,0.541495144367218,0.4586617052555084,0.16506162285804749,0.40546950697898865,0.6909924512070332,0.4123530089855194,0.5749531388282776
T,18924,0.5633596777915955,0.481647253036499,0.1736525297164917,0.39964422583580017,0.673478693496824,0.4285125732421875,0.1917181760072708
X,18937,0.6273691654205322,0.4861077070236206,0.1819273829460144,0.3942365050315857,0.6227881362423068,0.43889811635017395,0.08069903403520584
X,18943,0.5744590163230896,0.48942267894744873,0.17501132190227509,0.3987654149532318,0.6330855071901654,0.4313010275363922,0.20132656395435333
X,18948,0.583774209022522,0.48455584049224854,0.17311330139636993,0.39003226161003113,0.6360743775878412,0.4303242266178131,0.11581741273403168
T,18955,0.5511316657066345,0.4932878613471985,0.16995276510715485,0.4093833267688751,0.6158997019984721,0.404989093542099,0.5760097503662109
_,18956,0.5120652914047241,0.442887544631958,0.1507558822631836,0.38824915885925293,0.8761320782204469,0.39824914932250977,0.0
X,18957,0.5328099727630615,0.4615146517753601,0.1608791947364807,0.39982765913009644,0.6966636449060388,0.4045499563217163,0.5908218622207642
X,18960,0.5326086282730103,0.4917888641357422,0.16089586913585663,0.38818415999412537,0.608630284020134,0.4123145639896393,0.28287553787231445
S,18965,0.49049296975135803,0.5113356113433838,0.14302045106887817,0.34321752190589905,0.6122704864874694,0.4153726398944855,0.11092279851436615
T,18967,0.5329641103744507,0.4602224826812744,0.16095629334449768,0.4001387655735016,0.7165212871456121,0.40576377511024475,0.575118362903595
T,18968,0.5210394859313965,0.4527674615383148,0.15514607727527618,0.39305776357650757,0.7409244730621444,0.39987340569496155,0.6009915471076965
_,18980,0.5120487213134766,0.44288402795791626,0.15074791014194489,0.3882389962673187,0.8761142303049565,0.3982389569282532,0.0
N,18983,0.5622513890266418,0.5036109685897827,0.17354488372802734,0.40697306394577026,0.6181684677569138,0.4184521436691284,0.4054966866970062
N,19001,0.5872857570648193,0.49382686614990234,0.17575661838054657,0.3915262520313263,0.6324487120695752,0.43144866824150085,0.17125315964221954
_,19007,0.512012243270874,0.44287624955177307,0.1507304608821869,0.38821640610694885,0.8761728412409624,0.3982163667678833,0.0
T,19013,0.5457557439804077,0.49262335896492004,0.16733212769031525,0.40668976306915283,0.6121174746295704,0.4075542688369751,0.5119601488113403
S,19016,0.47703924775123596,0.5033668875694275,0.14108209311962128,0.3431028723716736,0.6753155121517679,0.4126899540424347,0.0934719666838646
S,19021,0.4654752314090729,0.5022997856140137,0.1367429792881012,0.3453599214553833,0.6694623013213278,0.4034288823604584,0.1351059079170227
_,19022,0.512865424156189,0.44305720925331116,0.15113966166973114,0.38874226808547974,0.8757385761539141,0.3987422287464142,0.0
T,19025,0.5362083315849304,0.48034873604774475,0.16269688308238983,0.400467187166214,0.6479139632140869,0.40957197546958923,0.42236027121543884
T,19026,0.5260234475135803,0.45502930879592896,0.15756049752235413,0.3961578905582428,0.7065304489270784,0.40290191769599915,0.5805003643035889
_,19027,0.5126799941062927,0.44301795959472656,0.1510506272315979,0.388628214597702,0.8759179125726223,0.3986281752586365,0.0
T,19030,0.5299422740936279,0.45705446600914,0.15947547554969788,0.39850908517837524,0.7278065581675037,0.40513330698013306,0.5671700835227966
S,19038,0.47052624821662903,0.4999491572380066,0.13847015798091888,0.34920090436935425,0.6694608877971768,0.4043184816837311,0.13888683915138245
N,19042,0.566075325012207,0.48822954297065735,0.16975411772727966,0.38312551379203796,0.6661123149620836,0.4293293356895447,0.10751760751008987
N,19048,0.5539448261260986,0.48321136832237244,0.16553258895874023,0.3830529451370239,0.6624262549684985,0.4245859980583191,0.11186131834983826
S,19052,0.4968912899494171,0.4986841380596161,0.1452484130859375,0.3499590754508972,0.6184184336227676,0.4125889539718628,0.09992211312055588
N,19055,0.5516692399978638,0.48306381702423096,0.16194629669189453,0.375863254070282,0.6784634095263513,0.42140886187553406,0.09074996411800385
S,19058,0.5096580386161804,0.5012717843055725,0.1481960266828537,0.35486969351768494,0.6616301150468159,0.4173988103866577,0.10840382426977158
X,19060,0.5360481142997742,0.4642798900604248,0.1624719798564911,0.4016115963459015,0.6686910677862034,0.40561965107917786,0.5899859666824341
S,19062,0.4542904198169708,0.5140019059181213,0.13213147222995758,0.33134353160858154,0.6529411930389082,0.4047113358974457,0.11768278479576111
N,19068,0.5440686345100403,0.4838024079799652,0.1601734161376953,0.37845420837402344,0.6729235135333147,0.41752323508262634,0.1406661719083786
S,19069,0.4648348093032837,0.514775812625885,0.1339760273694992,0.33489900827407837,0.6245373745989734,0.40492114424705505,0.12994606792926788
X,19079,0.5733436942100525,0.485660195350647,0.1701546311378479,0.384097158908844,0.6305359211932713,0.4272758662700653,0.11128780990839005
S,19119,0.4678764343261719,0.49910423159599304,0.13883648812770844,0.3424980044364929,0.6880330063154301,0.40969154238700867,0.0874696895480156
S,19130,0.49455365538597107,0.5091047883033752,0.14318566024303436,0.3478080928325653,0.598588145945311,0.4105335772037506,0.1366325169801712
S,19136,0.4752693176269531,0.5068423748016357,0.13734303414821625,0.33934783935546875,0.6681531528266108,0.40903812646865845,0.10668430477380753
_,19140,0.5120876431465149,0.4428922235965729,0.15076667070388794,0.3882627487182617,0.8760725232462089,0.39826273918151855,0.0
_,19143,0.5132648348808289,0.44314149022102356,0.15133199095726013,0.38898637890815735,0.8748940095305443,0.3989863395690918,0.0
S,19150,0.4919767379760742,0.5031804442405701,0.14589805901050568,0.3427896797657013,0.6594502036386015,0.4196227192878723,0.06455295532941818
N,19160,0.5398848056793213,0.48522889614105225,0.16329702734947205,0.3821805417537689,0.6475885284091298,0.42293301224708557,0.13235831260681152
_,19165,0.5120360255241394,0.4428812861442566,0.15074190497398376,0.3882310390472412,0.8761768699189028,0.39823099970817566,0.0
X,19166,0.5236911773681641,0.49057283997535706,0.15771394968032837,0.38429123163223267,0.6225887967832386,0.4108877182006836,0.26114481687545776
S,19196,0.48530977964401245,0.4981331527233124,0.14553789794445038,0.34694406390190125,0.6881690871529281,0.4177807867527008,0.06510103493928909
T,19204,0.5893415212631226,0.4834873676300049,0.17656470835208893,0.39650383591651917,0.637827130807309,0.430917888879776,0.15189993381500244
N,19205,0.5201413631439209,0.4874104857444763,0.15599611401557922,0.38405075669288635,0.6814390677322324,0.4131494164466858,0.23268963396549225
T,19219,0.528989851474762,0.455265611410141,0.15899527072906494,0.3978588879108429,0.732679276668326,0.4045228064060211,0.5951552391052246
X,19220,0.5491503477096558,0.48275288939476013,0.1636226326227188,0.38203442096710205,0.6484582134510857,0.41975560784339905,0.1401929408311844
X,19221,0.5857608914375305,0.4870675802230835,0.17552800476551056,0.3896156847476959,0.6481666880570508,0.43446648120880127,0.09989406168460846
X,19223,0.6312590837478638,0.4873562157154083,0.18354560434818268,0.39598092436790466,0.6144753348798259,0.44024577736854553,0.0909447893500328
S,19224,0.5131528973579407,0.49682044982910156,0.15160325169563293,0.35705888271331787,0.6220138868518795,0.4224238395690918,0.07362339645624161
_,19231,0.5226984024047852,0.44513601064682007,0.15586741268634796,0.39477068185806274,0.8685290353993576,0.4047706723213196,0.0
X,19240,0.5405049324035645,0.4622674286365509,0.16458643972873688,0.40464919805526733,0.7040192070518364,0.41002157330513,0.5835574865341187
T,19243,0.5614936351776123,0.5000682473182678,0.17498421669006348,0.4160214364528656,0.643976433911618,0.41301703453063965,0.5511168241500854
S,19245,0.4894000291824341,0.5011026859283447,0.14812277257442474,0.3484005928039551,0.6884008989483118,0.42435047030448914,0.054876454174518585
S,19246,0.4923848509788513,0.5063014030456543,0.1479484885931015,0.35481658577919006,0.6360865528229624,0.4184480607509613,0.12110813707113266
_,19253,0.5226476192474365,0.4451253414154053,0.15584293007850647,0.3947397768497467,0.868526471455892,0.40473973751068115,0.0
N,19258,0.5533977746963501,0.48889410495758057,0.16963155567646027,0.3953024446964264,0.6364212239401725,0.4249432384967804,0.22684361040592194
_,19260,0.5234941840171814,0.4453035593032837,0.15625111758708954,0.39525550603866577,0.8679914682110151,0.40525543689727783,0.0
_,19293,0.5228115320205688,0.445159912109375,0.1559218168258667,0.3948400616645813,0.8686121492087842,0.40484005212783813,0.0
X,19302,0.6103785634040833,0.4904150366783142,0.18334607779979706,0.4019429087638855,0.6215720771617878,0.4400913119316101,0.1546017974615097
N,19303,0.5488436222076416,0.48173218965530396,0.16437983512878418,0.3842489719390869,0.6884258153230379,0.42587587237358093,0.09984683245420456
X,19306,0.6020848155021667,0.4937194883823395,0.18211983144283295,0.401726096868515,0.6074948103172938,0.43851301074028015,0.18472936749458313
_,19313,0.5226323008537292,0.4451221227645874,0.15583550930023193,0.3947306275367737,0.8685741891960304,0.40473058819770813,0.0
_,19315,0.5226626992225647,0.44512850046157837,0.1558501273393631,0.39474910497665405,0.8685970627268156,0.4047490954399109,0.0
X,19328,0.540805459022522,0.4871947467327118,0.16350458562374115,0.3841632306575775,0.6294885861827061,0.42175233364105225,0.16351597011089325
X,19331,0.5768129229545593,0.4861544966697693,0.17112676799297333,0.38788002729415894,0.6261585007902856,0.428061306476593,0.13076868653297424
_,19339,0.5227040648460388,0.44513723254203796,0.15587015450000763,0.3947741687297821,0.868505169649919,0.40477415919303894,0.0
S,19341,0.5190258622169495,0.4976641833782196,0.15293098986148834,0.36113235354423523,0.6310462024271934,0.42136451601982117,0.0982031300663948
S,19347,0.49615442752838135,0.49806204438209534,0.1508275419473648,0.35364049673080444,0.6760479192684095,0.42488259077072144,0.05651324987411499
_,19348,0.5226297378540039,0.44512152671813965,0.15583442151546478,0.3947286307811737,0.8684382858872414,0.40472862124443054,0.0
X,19349,0.546424388885498,0.4680023193359375,0.16749393939971924,0.40809810161590576,0.5742687000484633,0.4126134216785431,0.5656733512878418
_,19354,0.5226386785507202,0.44512346386909485,0.15583860874176025,0.3947344124317169,0.868559849858284,0.40473440289497375,0.0
T,19366,0.5403071045875549,0.45677176117897034,0.16446492075920105,0.40483349561691284,0.7221910567752396,0.41211169958114624,0.5840142965316772
_,19370,0.5226367115974426,0.4451230466365814,0.15583768486976624,0.3947332203388214,0.8685478897889456,0.40473321080207825,0.0
X,19382,0.5643621683120728,0.48796346783638,0.17213816940784454,0.3936145007610321,0.621846750479114,0.43013808131217957,0.1661774069070816
X,19384,0.5403014421463013,0.4613896906375885,0.16448016464710236,0.4045821726322174,0.7024022087512882,0.41023945808410645,0.5839465856552124
X,19386,0.6419584155082703,0.4877038598060608,0.1894366294145584,0.40149450302124023,0.6196289913951963,0.44716402888298035,0.07162695378065109
S,19392,0.5009340643882751,0.5011353492736816,0.14800740778446198,0.35139185190200806,0.6274832328469104,0.4198775589466095,0.08278439939022064
N,19395,0.5729362368583679,0.48476409912109375,0.16807587444782257,0.3816060423851013,0.6698397608894447,0.4293776750564575,0.07533956319093704
T,19398,0.5601361393928528,0.48802703619003296,0.17293612658977509,0.4035659432411194,0.6456616409169995,0.42602449655532837,0.2849836051464081
T,19408,0.5986128449440002,0.49760279059410095,0.1865212768316269,0.4206307828426361,0.6360199395112068,0.433553010225296,0.4013812243938446
S,19412,0.5305084586143494,0.5024753212928772,0.15696215629577637,0.3635621666908264,0.6024059566333018,0.42523667216300964,0.10955766588449478
S,19413,0.469124972820282,0.5027769207954407,0.14009727537631989,0.3425571620464325,0.6876871458813548,0.41438794136047363,0.08181483298540115
N,19419,0.5420666933059692,0.4905512034893036,0.16284996271133423,0.39035364985466003,0.6407000479925774,0.4168050289154053,0.2612500786781311
T,19431,0.5741574168205261,0.4821687936782837,0.17669597268104553,0.40196192264556885,0.6357696113704394,0.43124958872795105,0.1871713101863861
T,19433,0.6106372475624084,0.4879268407821655,0.18296322226524353,0.405624657869339,0.6597525453843022,0.43628156185150146,0.20148582756519318
N,19444,0.5492594242095947,0.5027409791946411,0.16929234564304352,0.40667134523391724,0.6116744948101405,0.41582387685775757,0.4233568608760834
S,19452,0.51468425989151,0.4962339401245117,0.1520616114139557,0.35877522826194763,0.6233080253950417,0.42215293645858765,0.07893505692481995
_,19453,0.5226449966430664,0.44512471556663513,0.15584170818328857,0.39473816752433777,0.868522227704525,0.4047381579875946,0.0
_,19469,0.5227974653244019,0.4451568126678467,0.1559152454137802,0.3948308527469635,0.8684256565570831,0.40483084321022034,0.0
N,19474,0.5644834041595459,0.492191880941391,0.17235372960567474,0.3955353796482086,0.6205983811925398,0.4298253059387207,0.20366030931472778
_,19485,0.5226182341575623,0.44511914253234863,0.15582872927188873,0.39472198486328125,0.8685802460710208,0.4047219753265381,0.0
T,19486,0.6172551512718201,0.4863719344139099,0.18458200991153717,0.40487560629844666,0.615551506538662,0.43896687030792236,0.16029545664787292
S,19487,0.4794790744781494,0.5021881461143494,0.1441197693347931,0.3496006727218628,0.6772422516470155,0.4178881347179413,0.09026089310646057
T,19492,0.5972667336463928,0.48635366559028625,0.18411888182163239,0.4077718257904053,0.6187442696867705,0.44002559781074524,0.17562426626682281
_,19497,0.5269763469696045,0.4460366368293762,0.15793058276176453,0.3973759114742279,0.866946003685395,0.40737590193748474,0.0
N,19498,0.5616116523742676,0.4843859374523163,0.1687689572572708,0.38935375213623047,0.6686701413160578,0.42954885959625244,0.12122279405593872
T,19511,0.5486374497413635,0.45930013060569763,0.16853897273540497,0.4097251892089844,0.7140940411550613,0.41695156693458557,0.5754439234733582
N,19512,0.5553157329559326,0.5057066082954407,0.17195607721805573,0.41289231181144714,0.6245742626216574,0.41422218084335327,0.49244874715805054
S,19534,0.4854297935962677,0.5040100812911987,0.145817831158638,0.34614917635917664,0.6693376870686188,0.4221912622451782,0.06792739778757095
N,19538,0.5724934935569763,0.48731476068496704,0.17157457768917084,0.39070889353752136,0.6413262252639591,0.4297598600387573,0.14508509635925293
_,19543,0.5283080339431763,0.446315735578537,0.15857501327991486,0.3981808125972748,0.8654075003166994,0.4081808030605316,0.0
X,19550,0.5457028150558472,0.46671581268310547,0.16712158918380737,0.4075748324394226,0.5755848593044448,0.4118153154850006,0.5846014022827148
S,19559,0.47918376326560974,0.5182227492332458,0.1410360485315323,0.34364476799964905,0.5999737509114008,0.4144201874732971,0.134223073720932
X,19573,0.543082058429718,0.4628075361251831,0.16582843661308289,0.4062303304672241,0.6983647137219547,0.4116682708263397,0.5827441811561584
N,19580,0.5733091235160828,0.49576640129089355,0.17411120235919952,0.4002717137336731,0.6236564578203252,0.4306239187717438,0.24560368061065674
S,19587,0.5309737324714661,0.5034853219985962,0.1533854901790619,0.3598405420780182,0.6159828745031943,0.4224805235862732,0.11155238002538681
_,19590,0.5275614261627197,0.44615963101387024,0.15821319818496704,0.39773112535476685,0.8667520785828432,0.4077311158180237,0.0
N,19591,0.5833179950714111,0.4919106662273407,0.17409007251262665,0.39718756079673767,0.6270763575170076,0.43029841780662537,0.2094901204109192
X,19592,0.5433618426322937,0.4649065136909485,0.16598111391067505,0.40639135241508484,0.6934978302492528,0.4114600121974945,0.5713948607444763
_,19593,0.52700275182724,0.44604218006134033,0.15794339776039124,0.3973919153213501,0.8669541426499685,0.40739190578460693,0.0
S,19599,0.4947064220905304,0.5107532143592834,0.14479948580265045,0.34267160296440125,0.6217317305200656,0.4224657118320465,0.08149551600217819
N,19600,0.5809546113014221,0.4860813021659851,0.17177100479602814,0.3874877095222473,0.6644698279302732,0.4333718717098236,0.08928363025188446
_,19626,0.5270944237709045,0.44606146216392517,0.15798769891262054,0.3974475562572479,0.8669010077913603,0.40744754672050476,0.0
S,19633,0.4914504587650299,0.5066059231758118,0.14638805389404297,0.3454597592353821,0.6570628327437832,0.4233730435371399,0.0712098702788353
X,19634,0.5827152729034424,0.4872059226036072,0.1733843982219696,0.39067405462265015,0.6239874254174841,0.4308626353740692,0.13373734056949615
_,19635,0.5270179510116577,0.4460454285144806,0.15795068442821503,0.39740127325057983,0.866918366799752,0.4074012339115143,0.0
_,19647,0.5274637937545776,0.4461391270160675,0.15816602110862732,0.3976718485355377,0.8667289337515831,0.40767183899879456,0.0
X,19649,0.5481410622596741,0.46423423290252686,0.16829845309257507,0.4092896580696106,0.6717853438679474,0.4149259328842163,0.5736064910888672
S,19655,0.47788843512535095,0.5075850486755371,0.14072655141353607,0.3410116732120514,0.6730356052824452,0.4178236126899719,0.08163873106241226
_,19662,0.5271698832511902,0.44607728719711304,0.15802417695522308,0.3974931538105011,0.8668049914141497,0.40749314427375793,0.0
T,19663,0.6179105043411255,0.48386043310165405,0.183509960770607,0.3988613486289978,0.6472963377291066,0.44119182229042053,0.07553128898143768
X,19671,0.547772228717804,0.46413788199424744,0.16811732947826385,0.40911442041397095,0.6789132821451253,0.4148752987384796,0.5690250396728516
T,19676,0.5724951028823853,0.48307904601097107,0.17412276566028595,0.40007027983665466,0.6557017785543334,0.4305035173892975,0.18526165187358856
X,19681,0.5475326776504517,0.46664097905158997,0.16801244020462036,0.40876731276512146,0.6104931245562997,0.41342952847480774,0.577667772769928
N,19688,0.5445607900619507,0.4848048985004425,0.1626947969198227,0.38440918922424316,0.6688554069314463,0.42206069827079773,0.1507190465927124
_,19700,0.5279886722564697,0.44624918699264526,0.15841975808143616,0.39798977971076965,0.8664363024135431,0.4079897403717041,0.0
S,19706,0.4809572398662567,0.5021471381187439,0.1443193405866623,0.3526958227157593,0.6719492744654417,0.41608378291130066,0.10865908116102219
_,19709,0.5271814465522766,0.44607973098754883,0.15802976489067078,0.39750030636787415,0.8668140461047491,0.407500296831131,0.0
_,19711,0.5270083546638489,0.4460434019565582,0.15794609487056732,0.39739543199539185,0.8669298054774602,0.4073954224586487,0.0
_,19712,0.5270015597343445,0.44604194164276123,0.15794286131858826,0.39739102125167847,0.8668419741094113,0.4073909819126129,0.0
T,19723,0.5447993874549866,0.45888984203338623,0.16664744913578033,0.40763068199157715,0.7213647776329284,0.41502875089645386,0.556951105594635
T,19730,0.5807965397834778,0.48308929800987244,0.1776910424232483,0.3982555866241455,0.6563128588496087,0.4370070993900299,0.10734450072050095
S,19741,0.47782960534095764,0.4999556541442871,0.1433752030134201,0.34934738278388977,0.6920130191619198,0.417857825756073,0.080403171479702
N,19746,0.5626317262649536,0.4947090744972229,0.1712723821401596,0.40035325288772583,0.6164989554616235,0.4250641167163849,0.2860635221004486
N,19761,0.5356264114379883,0.48842117190361023,0.16345900297164917,0.39144352078437805,0.6779879960864007,0.42219680547714233,0.21971753239631653
_,19764,0.5275247097015381,0.44615188241004944,0.15819548070430756,0.39770883321762085,0.8667505608995756,0.4077087938785553,0.0
S,19766,0.4989836812019348,0.5090054273605347,0.14677518606185913,0.345893532037735,0.6454961963938938,0.4248825013637543,0.07692398875951767
N,19770,0.5519463419914246,0.4847782552242279,0.16408318281173706,0.381497859954834,0.6650160344987429,0.4220871925354004,0.13075320422649384
T,19786,0.5245794653892517,0.4521813988685608,0.15685756504535675,0.39545562863349915,0.7352765279488328,0.4032532870769501,0.5684293508529663
S,19789,0.5331981778144836,0.4996192455291748,0.1537366807460785,0.3577631711959839,0.6398325244430393,0.4204166531562805,0.09804815798997879
T,19804,0.6382973194122314,0.4832060933113098,0.18792219460010529,0.39966198801994324,0.6151600923573521,0.4399440288543701,0.0834708884358406
S,19805,0.4680160582065582,0.5013797283172607,0.13841570913791656,0.34212756156921387,0.6849372566305101,0.4088316559791565,0.09810900688171387
T,19809,0.5377684831619263,0.4888831675052643,0.1636413335800171,0.4006955027580261,0.6315709585861381,0.4055386781692505,0.4656178653240204
N,19813,0.5336641073226929,0.4788592755794525,0.1570236086845398,0.37826550006866455,0.6914704573540561,0.41295313835144043,0.1484316885471344
N,19820,0.5443952083587646,0.4808758795261383,0.1612868458032608,0.37946441769599915,0.6813250759956039,0.4194613993167877,0.11440727859735489
S,19828,0.47486838698387146,0.5099923014640808,0.13874058425426483,0.33598434925079346,0.6430392670553798,0.4110717177391052,0.09823839366436005
X,19833,0.5253386497497559,0.4573778510093689,0.15725873410701752,0.39558514952659607,0.7160026736417301,0.4014885127544403,0.5770584940910339
S,19839,0.47620779275894165,0.5101900100708008,0.13858237862586975,0.33729395270347595,0.6248020985357774,0.411458283662796,0.10215673595666885
S,19841,0.48286429047584534,0.4970017671585083,0.14214462041854858,0.34677425026893616,0.6411031491868199,0.411285400390625,0.08745338767766953
N,19849,0.5415055751800537,0.4988151788711548,0.1653052270412445,0.40060892701148987,0.647755118883797,0.4106801152229309,0.4100283086299896
S,19850,0.5201263427734375,0.5015415549278259,0.14940713346004486,0.3526899218559265,0.6481978767323745,0.4172526001930237,0.10092304646968842
X,19872,0.5545508861541748,0.4823162853717804,0.1648387461900711,0.3824320435523987,0.6445559083235761,0.4197376072406769,0.1396571397781372
N,19879,0.5395357608795166,0.48468267917633057,0.16218307614326477,0.38111600279808044,0.6779880804711138,0.4206133484840393,0.13968631625175476
T,19883,0.5598465204238892,0.4784015119075775,0.16723550856113434,0.3932386338710785,0.6637195609362486,0.41861194372177124,0.21809054911136627
X,19886,0.5654106736183167,0.48581138253211975,0.16981102526187897,0.39035478234291077,0.657538727617842,0.4243544042110443,0.17816124856472015
N,19890,0.5502464771270752,0.504621684551239,0.16934701800346375,0.4071729779243469,0.6039405351461998,0.410109281539917,0.47243571281433105
X,19891,0.5640302300453186,0.4830606281757355,0.16751669347286224,0.38260456919670105,0.6394225056228849,0.4235406219959259,0.11409664154052734
X,19892,0.5722612738609314,0.49270325899124146,0.1723829209804535,0.3917548656463623,0.6021436078477806,0.42617908120155334,0.20577271282672882
T,19898,0.5399936437606812,0.4850626289844513,0.1648993194103241,0.39263710379600525,0.6496461297261219,0.41775646805763245,0.2528179883956909
N,19901,0.5649352669715881,0.48530474305152893,0.16671092808246613,0.3815762996673584,0.6660069904540433,0.42490071058273315,0.11247974634170532
T,19910,0.5811823010444641,0.4829171895980835,0.17597024142742157,0.39547887444496155,0.649277856136129,0.42911088466644287,0.15643374621868134
T,19927,0.5286081433296204,0.45768973231315613,0.15883775055408478,0.397456556558609,0.6243651697412861,0.40322795510292053,0.5911639332771301
N,19931,0.5576276779174805,0.48243847489356995,0.16633804142475128,0.3841160237789154,0.6670805476809619,0.42377862334251404,0.119521364569664
X,19936,0.5289589762687683,0.46153661608695984,0.15903198719024658,0.39742451906204224,0.7014930671356221,0.40178385376930237,0.5898050665855408
X,19951,0.528956949710846,0.46022969484329224,0.15902404487133026,0.39763519167900085,0.6806801884001956,0.40281742811203003,0.5780074596405029
_,19964,0.508647084236145,0.442160964012146,0.14911934733390808,0.3861350119113922,0.8772196217377981,0.39613497257232666,0.0
S,19972,0.48163992166519165,0.4987470507621765,0.14380300045013428,0.3449060320854187,0.6797499112288158,0.4145013689994812,0.0739012137055397
S,19976,0.4645724594593048,0.5003892183303833,0.13703958690166473,0.3420577943325043,0.685367840131124,0.4069473147392273,0.10200314968824387
_,19983,0.5086349844932556,0.4421583116054535,0.14911364018917084,0.3861272931098938,0.8771491691966852,0.39612728357315063,0.0
S,19990,0.5048598051071167,0.4956757724285126,0.14729627966880798,0.3531198799610138,0.6175901480632213,0.41322052478790283,0.09678025543689728
X,20000,0.5289767980575562,0.4645082652568817,0.15906599164009094,0.39710307121276855,0.6670388720352397,0.4000474214553833,0.5969483852386475
T,20003,0.5540899038314819,0.4787042438983917,0.16726045310497284,0.38818180561065674,0.6514590879009726,0.4201028347015381,0.15704986453056335
S,20019,0.45743393898010254,0.5012983679771423,0.13432663679122925,0.3366970419883728,0.694476025296996,0.4050179123878479,0.09394020587205887
S,20021,0.4826180040836334,0.49740153551101685,0.1442229449748993,0.34499579668045044,0.6905812179545562,0.41582462191581726,0.0631294995546341
X,20023,0.5465749502182007,0.4898366332054138,0.16452772915363312,0.3881126642227173,0.6429149113711902,0.41952255368232727,0.22036094963550568
T,20026,0.5224341750144958,0.45343324542045593,0.1558338701725006,0.39398372173309326,0.7384643541767644,0.40096840262413025,0.5818880796432495
_,20034,0.5092155337333679,0.4422818124294281,0.14939142763614655,0.38648682832717896,0.8769692807892959,0.3964867889881134,0.0
T,20036,0.5601328611373901,0.4827664792537689,0.16857370734214783,0.3955145478248596,0.6509990695080342,0.42060503363609314,0.24131226539611816
N,20046,0.5315209627151489,0.4910987317562103,0.16068631410598755,0.3902709186077118,0.6428587146522478,0.4129228889942169,0.29337626695632935
T,20062,0.5281170010566711,0.45758190751075745,0.15860679745674133,0.3971424400806427,0.7194716712168187,0.4029116928577423,0.5909441709518433
T,20063,0.5300872921943665,0.45967915654182434,0.15957313776016235,0.3981848657131195,0.59666218173427,0.4032840132713318,0.5929933786392212
_,20065,0.5086572766304016,0.4421631395816803,0.14912424981594086,0.386141300201416,0.8772367684543133,0.39614129066467285,0.0
_,20071,0.5093843936920166,0.4423179626464844,0.14947177469730377,0.38659244775772095,0.8775267946720123,0.3965924084186554,0.0
_,20075,0.5094507336616516,0.44233205914497375,0.14950360357761383,0.38663342595100403,0.8774959918856622,0.39663341641426086,0.0
_,20076,0.510138988494873,0.44247832894325256,0.14983312785625458,0.38705897331237793,0.8771570478379727,0.39705896377563477,0.0
_,20082,0.5100489258766174,0.4424591660499573,0.14979001879692078,0.3870032727718353,0.8772545277078947,0.3970032334327698,0.0
X,20083,0.5785268545150757,0.48979508876800537,0.1728421002626419,0.3851718306541443,0.6343891491273341,0.43212181329727173,0.10847215354442596
S,20084,0.46382832527160645,0.4995189607143402,0.13670627772808075,0.34078535437583923,0.6879017178341746,0.4060095548629761,0.09777846187353134
S,20097,0.46273908019065857,0.5002341270446777,0.13705022633075714,0.3370295763015747,0.7175486937413613,0.4108748435974121,0.06878171861171722
N,20109,0.53823322057724,0.4827282726764679,0.1577756553888321,0.37546804547309875,0.6852950672295023,0.4161545932292938,0.12618719041347504
T,20117,0.5265427231788635,0.45474204421043396,0.15782026946544647,0.396371990442276,0.725807360118597,0.40304991602897644,0.5928807854652405
S,20123,0.5122404098510742,0.5105313062667847,0.1496233344078064,0.3535795211791992,0.5825507326262142,0.4157346785068512,0.14123022556304932
N,20124,0.5637664198875427,0.4839981198310852,0.16839958727359772,0.38091033697128296,0.6731521900782537,0.42850780487060547,0.07325609773397446
N,20129,0.5378864407539368,0.4825919568538666,0.1590346097946167,0.37484967708587646,0.6757448530350424,0.41786763072013855,0.10832436382770538
T,20145,0.5596065521240234,0.47814759612083435,0.1688491851091385,0.39317235350608826,0.6633618882705924,0.42218685150146484,0.17683833837509155
S,20146,0.5201597213745117,0.5032755732536316,0.15134699642658234,0.361728310585022,0.6305814223377578,0.4145318865776062,0.15511606633663177
N,20149,0.5415945649147034,0.48766210675239563,0.16022439301013947,0.3777978718280792,0.5901059013347064,0.4181191027164459,0.1525316834449768
X,20163,0.526183009147644,0.46011731028556824,0.15768438577651978,0.3957963287830353,0.6871028787093626,0.40041518211364746,0.5903362035751343
_,20166,0.5093830227851868,0.4423176646232605,0.14947113394737244,0.3865916132926941,0.8775393323600292,0.3965916037559509,0.0
N,20168,0.5946401953697205,0.4937772750854492,0.17650766670703888,0.39410874247550964,0.63903370812967,0.4306991696357727,0.19257551431655884
T,20174,0.6322578191757202,0.4807721674442291,0.18869949877262115,0.4049120545387268,0.6504435993270696,0.44161108136177063,0.08562154322862625
T,20186,0.5306916832923889,0.4606460630893707,0.15986725687980652,0.39851170778274536,0.586523101273918,0.40331539511680603,0.5922720432281494
T,20188,0.5492023229598999,0.49196356534957886,0.1690557450056076,0.4081307649612427,0.6170828749685219,0.4041765630245209,0.5733181834220886
_,20211,0.5094613432884216,0.4423344135284424,0.1495085507631302,0.3866402208805084,0.8775145902733008,0.39664021134376526,0.0
X,20252,0.5442249774932861,0.4857074022293091,0.16253545880317688,0.38090962171554565,0.6394372685501973,0.41924235224723816,0.15362277626991272
T,20255,0.5378125905990601,0.48217031359672546,0.16190457344055176,0.3923327922821045,0.677802825284501,0.4126494824886322,0.2900749146938324
T,20260,0.5588762760162354,0.4771045446395874,0.16668277978897095,0.3874656856060028,0.6711700747309564,0.42010319232940674,0.14005136489868164
N,20261,0.6434254050254822,0.4893585443496704,0.18891340494155884,0.3952026963233948,0.6309256062171578,0.4457886517047882,0.059244874864816666
S,20265,0.4700457751750946,0.4997752606868744,0.13991041481494904,0.3396911025047302,0.706706306959192,0.4137013554573059,0.06455080956220627
_,20268,0.5094976425170898,0.44234204292297363,0.1495259702205658,0.3866625428199768,0.877547657340765,0.39666250348091125,0.0
_,20273,0.5094085931777954,0.44232311844825745,0.14948339760303497,0.38660740852355957,0.8775303532679877,0.3966073989868164,0.0
S,20275,0.4661393463611603,0.49779754877090454,0.13664785027503967,0.3450588583946228,0.6875791194165747,0.4037492871284485,0.11729662120342255
T,20279,0.5277338027954102,0.4549305737018585,0.15840266644954681,0.39722517132759094,0.7335199251035981,0.4043152928352356,0.5705937147140503
N,20283,0.5295631885528564,0.4845351278781891,0.15824389457702637,0.3783194422721863,0.6803504689860469,0.41817542910575867,0.1404455155134201
N,20290,0.5352758169174194,0.48169636726379395,0.16026070713996887,0.38344869017601013,0.6870468013526504,0.41700342297554016,0.16905894875526428
T,20292,0.5312690138816833,0.46625739336013794,0.16018013656139374,0.3983771800994873,0.47708245400534305,0.40080952644348145,0.5982259511947632
X,20294,0.5666313767433167,0.4858091473579407,0.16997265815734863,0.38423579931259155,0.6408983022797232,0.42861059308052063,0.10380886495113373
S,20304,0.5340412259101868,0.4988124668598175,0.1546601504087448,0.3576110899448395,0.6446387165694615,0.4226192831993103,0.08410720527172089
S,20315,0.4752499461174011,0.5152857303619385,0.13787850737571716,0.3384300768375397,0.5960057023635212,0.4077567160129547,0.13287977874279022
S,20321,0.49406883120536804,0.4965966045856476,0.14806945621967316,0.34851711988449097,0.68262785581251,0.41909775137901306,0.05742216482758522
_,20322,0.5104721188545227,0.44254863262176514,0.14999353885650635,0.38726264238357544,0.8762876850366593,0.3972626328468323,0.0
T,20326,0.6036181449890137,0.48011231422424316,0.180254727602005,0.398504376411438,0.6645788221652523,0.434757262468338,0.10312175005674362
N,20330,0.5504090189933777,0.4805847406387329,0.16353048384189606,0.38070860505104065,0.6782809558373023,0.4212397634983063,0.10539984703063965
S,20333,0.46909135580062866,0.49996429681777954,0.13947591185569763,0.3392413556575775,0.7078617476299406,0.4133356213569641,0.06530875712633133
_,20345,0.5104625821113586,0.442546546459198,0.14998899400234222,0.38725659251213074,0.8763074021041394,0.3972565829753876,0.0
T,20351,0.5583821535110474,0.48747336864471436,0.16998887062072754,0.3976692259311676,0.6621677408731921,0.4208635091781616,0.2769259810447693
N,20363,0.5962356925010681,0.4924888610839844,0.17801356315612793,0.3907098174095154,0.6195779391000421,0.4351968467235565,0.13312068581581116
N,20374,0.5396270155906677,0.49828025698661804,0.16496925055980682,0.39923909306526184,0.6387703811134755,0.41704806685447693,0.3476349711418152
_,20375,0.5225322842597961,0.4451010227203369,0.15578725934028625,0.3946695625782013,0.8687487637003264,0.40466955304145813,0.0
X,20401,0.5571527481079102,0.48582687973976135,0.16854746639728546,0.39157822728157043,0.6320702424350505,0.42444366216659546,0.18727561831474304
_,20403,0.5225817561149597,0.4451114535331726,0.15581119060516357,0.3946996033191681,0.8686471970379354,0.4046995937824249,0.0
S,20404,0.4940794110298157,0.5119016170501709,0.14515075087547302,0.34433332085609436,0.6145647697602787,0.4212120473384857,0.09477461874485016
_,20406,0.5226741433143616,0.44513094425201416,0.1558556854724884,0.3947559595108032,0.8685947070022425,0.40475594997406006,0.0
_,20410,0.5226119160652161,0.4451178014278412,0.15582574903964996,0.3947179317474365,0.8686425423125427,0.40471792221069336,0.0
S,20413,0.5027793645858765,0.49971944093704224,0.15178649127483368,0.3522433936595917,0.6677604316547513,0.4253253638744354,0.05654120445251465
N,20419,0.5433428883552551,0.48607930541038513,0.16437841951847076,0.3878818452358246,0.6755778602629047,0.4253185987472534,0.1575193703174591
S,20427,0.560847818851471,0.5016942620277405,0.16587959229946136,0.367280513048172,0.6111613778340689,0.4373832046985626,0.06464149057865143
_,20430,0.5230464339256287,0.44520941376686096,0.15603508055210114,0.3949832320213318,0.8684594017267228,0.4049832224845886,0.0
X,20440,0.5435992479324341,0.4897858202457428,0.1651313602924347,0.38890886306762695,0.6179907404631376,0.42183172702789307,0.20824949443340302
N,20442,0.5835322141647339,0.4838802218437195,0.17159615457057953,0.38675251603126526,0.6643638487399828,0.43092527985572815,0.08704039454460144
N,20450,0.5696420669555664,0.4816915988922119,0.16811063885688782,0.38567280769348145,0.6812349850430232,0.427663117647171,0.09192764759063721
T,20453,0.5842336416244507,0.47967880964279175,0.17485299706459045,0.3965117633342743,0.6725201654137345,0.43097394704818726,0.1239701509475708
T,20457,0.5430432558059692,0.4610612690448761,0.1658216118812561,0.4063284397125244,0.7124412817551881,0.41264259815216064,0.5706065893173218
N,20465,0.5313251614570618,0.49285757541656494,0.16116829216480255,0.39516130089759827,0.6668404307736395,0.416212260723114,0.3117932081222534
X,20468,0.5758441686630249,0.486775279045105,0.17133930325508118,0.39082637429237366,0.6260147872988213,0.42682042717933655,0.16493171453475952
S,20477,0.4772148132324219,0.5123594403266907,0.14109401404857635,0.3443472385406494,0.620012551327236,0.41231223940849304,0.1266540139913559
T,20482,0.6074674725532532,0.4825010299682617,0.1799338012933731,0.3982522487640381,0.6573030793877358,0.4370175004005432,0.0993095338344574
N,20487,0.5470375418663025,0.4861437976360321,0.1648622751235962,0.3882407248020172,0.6635646942830257,0.4242938756942749,0.167840838432312
_,20489,0.5225851535797119,0.4451122283935547,0.15581275522708893,0.3947019577026367,0.8686746418476106,0.40470197796821594,0.0
T,20490,0.5501777529716492,0.4928882420063019,0.16950327157974243,0.4094419479370117,0.6704182201830069,0.41364648938179016,0.4798799753189087
X,20492,0.5720253586769104,0.486213743686676,0.17245018482208252,0.39288654923439026,0.626134818160596,0.42939555644989014,0.15623825788497925
S,20506,0.4913446307182312,0.5033499002456665,0.1491147130727768,0.3479553461074829,0.6795750833675266,0.4262564480304718,0.05547598376870155
X,20509,0.5711898803710938,0.49059581756591797,0.1729155331850052,0.3909205496311188,0.6377849369418497,0.4341042935848236,0.1339026689529419
S,20518,0.5264355540275574,0.5022693276405334,0.15161317586898804,0.3565507233142853,0.6218107923576464,0.4214036464691162,0.0992514118552208
_,20532,0.5239404439926147,0.4453972578048706,0.15646681189537048,0.3955259323120117,0.8674479566514492,0.40552592277526855,0.0
T,20535,0.6158773899078369,0.48439088463783264,0.18342511355876923,0.3985559046268463,0.6395467544916513,0.43987181782722473,0.0889381468296051
T,20537,0.5364512205123901,0.456827849149704,0.1625857651233673,0.4024743139743805,0.7046059124226486,0.409327894449234,0.5891243815422058
X,20568,0.6090965867042542,0.48703816533088684,0.18109069764614105,0.3979476988315582,0.6190561631634288,0.43797048926353455,0.12264876067638397
T,20573,0.5424132347106934,0.4589175581932068,0.16549350321292877,0.4059191346168518,0.7104119184907844,0.41243046522140503,0.5944464206695557
N,20574,0.5307273268699646,0.49093812704086304,0.1609194427728653,0.3898753523826599,0.6066419182838096,0.41829177737236023,0.24829347431659698
X,20582,0.5437142848968506,0.46883857250213623,0.16617892682552338,0.4061215817928314,0.5795860736978558,0.4092046618461609,0.5896462798118591
T,20585,0.5689528584480286,0.48617881536483765,0.17619392275810242,0.4072405993938446,0.6215173638043537,0.4283267557621002,0.2911779582500458
_,20589,0.5235334038734436,0.4453117847442627,0.15627005696296692,0.3952793776988983,0.8681605340043704,0.40527939796447754,0.0
X,20602,0.6108608841896057,0.48902732133865356,0.1824873685836792,0.39588722586631775,0.640901125909101,0.4430488646030426,0.08429817855358124
S,20603,0.5030806660652161,0.498899906873703,0.15202730894088745,0.3530651926994324,0.6666672439997395,0.42562708258628845,0.05431806296110153
_,20604,0.5226463079452515,0.4451250433921814,0.15584233403205872,0.3947388827800751,0.868561602383852,0.4047388732433319,0.0
X,20610,0.5416014194488525,0.4636939465999603,0.16513097286224365,0.4053507149219513,0.642911127566719,0.4106791019439697,0.5708475112915039
_,20616,0.5233378410339355,0.44527068734169006,0.15617574751377106,0.3951603174209595,0.8681657677888871,0.4051603078842163,0.0
T,20624,0.5437292456626892,0.4557376205921173,0.16613265872001648,0.4070376753807068,0.6992635804104309,0.415275514125824,0.5562439560890198
S,20627,0.4841485321521759,0.5060136318206787,0.142709881067276,0.3411847651004791,0.6498084811167791,0.41932323575019836,0.0703945979475975
_,20628,0.5230343341827393,0.44520682096481323,0.15602931380271912,0.3949756324291229,0.8684774537384511,0.40497562289237976,0.0
_,20630,0.5233026146888733,0.4452633261680603,0.1561586558818817,0.3951391577720642,0.8683418605724971,0.40513914823532104,0.0
S,20631,0.47182008624076843,0.49991700053215027,0.13919997215270996,0.34676796197891235,0.6630273226586482,0.4047211706638336,0.12667828798294067
N,20638,0.5328548550605774,0.48229604959487915,0.16061615943908691,0.3824939429759979,0.6638951232051478,0.4176603853702545,0.15954266488552094
T,20639,0.5641555190086365,0.4877164959907532,0.1734340339899063,0.40599554777145386,0.611122863535517,0.4154970049858093,0.4217281639575958
X,20643,0.5319362282752991,0.47060996294021606,0.16054357588291168,0.3983640670776367,0.5183701947195626,0.3989418148994446,0.6008473038673401
X,20667,0.5297263860702515,0.4827377498149872,0.15877576172351837,0.37618136405944824,0.6863406484822433,0.4182709753513336,0.11506195366382599
_,20668,0.5065385103225708,0.4417121410369873,0.14811095595359802,0.3848279118537903,0.8785812617341678,0.39482787251472473,0.0
S,20680,0.47646668553352356,0.5151910781860352,0.13723427057266235,0.3378196358680725,0.5953362373662822,0.40626999735832214,0.1354573369026184
S,20685,0.5093240141868591,0.49860259890556335,0.14895334839820862,0.35262802243232727,0.6211331548384624,0.41589727997779846,0.0946754589676857
N,20688,0.5182552933692932,0.4851346015930176,0.15487807989120483,0.38474270701408386,0.6789748026647916,0.4066956639289856,0.284100741147995
X,20693,0.5239338278770447,0.46048784255981445,0.1566162109375,0.3943038582801819,0.6785321619035252,0.39846715331077576,0.5930231809616089
T,20696,0.6127894520759583,0.48037129640579224,0.18129736185073853,0.3967062532901764,0.6639675703209651,0.4354710280895233,0.08317641168832779
S,20701,0.4773108959197998,0.5086694359779358,0.13690537214279175,0.33437657356262207,0.6338454165014265,0.4088114798069,0.09696575999259949
T,20705,0.5217272043228149,0.45540085434913635,0.15550997853279114,0.39334630966186523,0.7372619854413764,0.39937323331832886,0.5900789499282837
_,20712,0.5065244436264038,0.44170916080474854,0.1481042206287384,0.3848192095756531,0.8785844593743484,0.3948191702365875,0.0
_,20716,0.5066773891448975,0.4417417645454407,0.14817729592323303,0.38491418957710266,0.8785063391923905,0.3949141800403595,0.0
X,20723,0.5243082046508789,0.46015864610671997,0.15679001808166504,0.394527405500412,0.703672218138648,0.398775190114975,0.59599369764328
S,20727,0.47260743379592896,0.5125223398208618,0.1375611126422882,0.3407682180404663,0.5920027988089805,0.40365833044052124,0.14669454097747803
N,20730,0.552038848400116,0.4838595688343048,0.16286428272724152,0.38395652174949646,0.65932847993412,0.41685500741004944,0.18398910760879517
T,20737,0.524368405342102,0.45554861426353455,0.1567799597978592,0.3949476480484009,0.7309242226270484,0.40108346939086914,0.5942909121513367
T,20755,0.5585553646087646,0.49514517188072205,0.17038482427597046,0.4024676978588104,0.6130060322864878,0.4148072600364685,0.3914116621017456
T,20770,0.5589981079101562,0.48098084330558777,0.16908998787403107,0.38992172479629517,0.6507101798148749,0.4235205054283142,0.15382012724876404
S,20775,0.4673386216163635,0.499015212059021,0.13797889649868011,0.3373948633670807,0.7160472039878368,0.41057974100112915,0.0657738596200943
T,20779,0.5646851658821106,0.4840388000011444,0.17186002433300018,0.3920767605304718,0.65725071399007,0.42488476634025574,0.17600443959236145
_,20784,0.5066521763801575,0.4417363703250885,0.14816522598266602,0.3848986029624939,0.8785642317930857,0.39489856362342834,0.0
X,20807,0.5712340474128723,0.4857597053050995,0.17008709907531738,0.3870447874069214,0.6340995192380312,0.4244396686553955,0.15267805755138397
S,20815,0.47225239872932434,0.4969285726547241,0.13977737724781036,0.33900436758995056,0.7053980420467755,0.4124182164669037,0.05500972643494606
N,20816,0.5658820867538452,0.488674521446228,0.16640408337116241,0.3820529878139496,0.6301130650808652,0.4211542010307312,0.16054405272006989
T,20818,0.6153729557991028,0.48430389165878296,0.18335330486297607,0.394870400428772,0.6351165961177322,0.4379417896270752,0.08041335642337799
T,20820,0.577306866645813,0.4847525656223297,0.1728525161743164,0.39589574933052063,0.6286095259262766,0.4218859374523163,0.23914089798927307
X,20832,0.5677485466003418,0.4854307174682617,0.16834422945976257,0.3824372887611389,0.6335533469337195,0.4253537654876709,0.11425147205591202
T,20834,0.5540063381195068,0.47962453961372375,0.16510163247585297,0.3880312740802765,0.6608717258545221,0.41624534130096436,0.19984020292758942
N,20841,0.5534176826477051,0.4819040596485138,0.1645870804786682,0.3812784254550934,0.6650508654849061,0.4224451780319214,0.10815810412168503
S,20845,0.5327139496803284,0.5002991557121277,0.15484397113323212,0.3633992671966553,0.6422785485323402,0.4179519712924957,0.1350776106119156
T,20853,0.531989574432373,0.48378363251686096,0.16088147461414337,0.3969919979572296,0.6423637359604861,0.40821588039398193,0.3930746912956238
N,20856,0.5329353213310242,0.48686474561691284,0.15780915319919586,0.37770628929138184,0.6561507591799213,0.4130236804485321,0.1845771074295044
T,20882,0.5448763370513916,0.4846513867378235,0.16590268909931183,0.39453965425491333,0.6107643530261219,0.41732752323150635,0.27255916595458984
_,20885,0.5065013766288757,0.4417042136192322,0.14809313416481018,0.38480499386787415,0.8785247490306696,0.394804984331131,0.0
S,20903,0.4588671028614044,0.5006401538848877,0.13424073159694672,0.3389747738838196,0.6832726130230974,0.40413376688957214,0.10319919884204865
X,20913,0.5259295105934143,0.4626040756702423,0.15759050846099854,0.39533305168151855,0.6771379080591639,0.39872297644615173,0.5970257520675659
S,20924,0.5119863748550415,0.5000192523002625,0.14997601509094238,0.35568925738334656,0.6166954000576516,0.4150494933128357,0.11588525027036667
N,20928,0.5451416373252869,0.4815712571144104,0.162039652466774,0.3778283894062042,0.6688562269000492,0.4201629161834717,0.10211822390556335
N,20930,0.541935920715332,0.49138733744621277,0.16202235221862793,0.3906123638153076,0.62708065482099,0.4113219380378723,0.30932578444480896
X,20933,0.5214700698852539,0.4910012483596802,0.15717674791812897,0.3825223743915558,0.6589836574097475,0.41177019476890564,0.2431759238243103
S,20944,0.46753519773483276,0.5001763701438904,0.1373816877603531,0.340378075838089,0.6770619844955703,0.40600618720054626,0.09837409108877182
T,20945,0.5280027389526367,0.4744761288166046,0.15916524827480316,0.3919236361980438,0.680089035127312,0.4098029136657715,0.2930724322795868
X,20959,0.6549123525619507,0.49018311500549316,0.19255508482456207,0.40669989585876465,0.6057384879159509,0.4507142901420593,0.09376288950443268
T,20971,0.567144513130188,0.4853658676147461,0.1773514300584793,0.41557466983795166,0.6172833822628794,0.42812561988830566,0.39168256521224976
_,20987,0.5298316478729248,0.44663530588150024,0.1593117117881775,0.3991031050682068,0.8624866929153602,0.4091030955314636,0.0
T,20988,0.6117969155311584,0.48038971424102783,0.18083684146404266,0.4026469588279724,0.6650197559141089,0.4370320439338684,0.11502101272344589
X,20999,0.5732315182685852,0.48515087366104126,0.17322790622711182,0.39604446291923523,0.6376556871330832,0.43081387877464294,0.16080373525619507
N,21001,0.5440734028816223,0.4990892708301544,0.1671457439661026,0.4037843942642212,0.6518368818343152,0.42127087712287903,0.353723406791687
X,21018,0.6129448413848877,0.4870785176753998,0.18232499063014984,0.40128153562545776,0.624706350814134,0.44023001194000244,0.12645260989665985
N,21024,0.5582125782966614,0.49004533886909485,0.17161300778388977,0.3973332643508911,0.6290794222033583,0.4306037724018097,0.20107604563236237
N,21026,0.5793430805206299,0.4878363013267517,0.17694538831710815,0.3945871591567993,0.6520174462521876,0.4403988718986511,0.09055206924676895
X,21027,0.5869831442832947,0.48940563201904297,0.17420418560504913,0.3917536735534668,0.6106643851972573,0.4321717917919159,0.14224392175674438
_,21035,0.5304864645004272,0.44677263498306274,0.15962840616703033,0.39949944615364075,0.8622656230131786,0.4094994068145752,0.0
T,21039,0.6462344527244568,0.4898666441440582,0.19386865198612213,0.411003977060318,0.6228684335654059,0.45029109716415405,0.12454763799905777
S,21046,0.5066492557525635,0.499830037355423,0.15428514778614044,0.3534766435623169,0.6750984193508824,0.4311290979385376,0.03477982431650162
S,21047,0.5037007927894592,0.4975341856479645,0.1529070883989334,0.3572385609149933,0.6684955034156641,0.42643818259239197,0.057764191180467606
N,21049,0.5620619058609009,0.5065252780914307,0.1752147525548935,0.4169269800186157,0.6274812624928079,0.41604456305503845,0.5164974331855774
N,21055,0.5756572484970093,0.4920467734336853,0.17272822558879852,0.39886629581451416,0.6250270815496819,0.42729732394218445,0.24665740132331848
S,21056,0.5743455290794373,0.5012315511703491,0.1652967929840088,0.3670506179332733,0.6281320776080247,0.4376034140586853,0.05914390832185745
T,21060,0.5490438342094421,0.46063804626464844,0.1687154471874237,0.4100728929042816,0.6625868566167508,0.41707757115364075,0.5668430328369141
N,21069,0.5856831073760986,0.4890911877155304,0.1767508089542389,0.3966197073459625,0.6550032031100516,0.43757662177085876,0.1332225799560547
T,21070,0.5473344922065735,0.4598487317562103,0.16788914799690247,0.40906044840812683,0.7200975699453193,0.41623252630233765,0.5637742877006531
_,21072,0.5296977162361145,0.4466072618961334,0.15924687683582306,0.3990224003791809,0.8626620842516423,0.40902236104011536,0.0
T,21081,0.5492427349090576,0.4603126645088196,0.1688157171010971,0.41006356477737427,0.7246893577554708,0.4168315827846527,0.5854557752609253
X,21085,0.5474475026130676,0.4644787311553955,0.16795621812343597,0.40895143151283264,0.668718414615784,0.4146656394004822,0.5659288763999939
X,21092,0.5535079836845398,0.4900560677051544,0.1688971370458603,0.3934187889099121,0.623001219475021,0.42731475830078125,0.19865450263023376
S,21095,0.5733285546302795,0.5018744468688965,0.1684877574443817,0.36944380402565,0.610222154660005,0.44195660948753357,0.051023248583078384
_,21096,0.5302256345748901,0.44671785831451416,0.15950237214565277,0.39934125542640686,0.8621053883433343,0.4093412160873413,0.0
_,21109,0.5295736789703369,0.4465812146663666,0.1591869443655014,0.3989470899105072,0.8626496127247811,0.40894708037376404,0.0
N,21114,0.600277841091156,0.48612678050994873,0.17602147161960602,0.3919299840927124,0.651154604363619,0.4359951615333557,0.09345488250255585
_,21115,0.5296362638473511,0.44659435749053955,0.1592172384262085,0.3989848792552948,0.862632773667574,0.40898486971855164,0.0
_,21123,0.5344842076301575,0.44760575890541077,0.1615694910287857,0.4018946886062622,0.8571553852657477,0.41189467906951904,0.0
T,21135,0.5510920882225037,0.4639761447906494,0.16973303258419037,0.411132276058197,0.6111425329514047,0.41727927327156067,0.5664274096488953
_,21149,0.5310519933700562,0.44689038395881653,0.15990318357944489,0.39983779191970825,0.860942947814862,0.4098377823829651,0.0
X,21160,0.5529510378837585,0.46692657470703125,0.17065733671188354,0.41197603940963745,0.6853619786691767,0.4169689416885376,0.5793610215187073
_,21163,0.5300613641738892,0.44668352603912354,0.15942268073558807,0.3992424011230469,0.8625326757629713,0.4092423617839813,0.0
T,21166,0.5643102526664734,0.4842395782470703,0.1748870611190796,0.4050120711326599,0.6657804956611654,0.4295274019241333,0.24758486449718475
X,21167,0.5495004653930664,0.46373429894447327,0.16895340383052826,0.4100174605846405,0.6921490846195715,0.4155837297439575,0.5872091054916382
T,21176,0.6183302998542786,0.4811549484729767,0.18346260488033295,0.40149375796318054,0.6482088476185649,0.4392527937889099,0.0868782103061676
S,21178,0.556624710559845,0.5003084540367126,0.16077226400375366,0.3672727048397064,0.6152330193534605,0.43059393763542175,0.0884697362780571
X,21187,0.5449041128158569,0.4618614912033081,0.16670450568199158,0.407553493976593,0.7013829328205127,0.413913756608963,0.5645237565040588
T,21194,0.5817070007324219,0.47970888018608093,0.1785709410905838,0.40663743019104004,0.6601884635079963,0.43415024876594543,0.18341028690338135
N,21198,0.628780722618103,0.4904368221759796,0.1848614364862442,0.3936992287635803,0.6455411629108131,0.4483068883419037,0.04284699633717537
_,21202,0.529609739780426,0.44658881425857544,0.159204363822937,0.39896905422210693,0.8626944975554943,0.4089690148830414,0.0
N,21203,0.6389515399932861,0.49319663643836975,0.18975533545017242,0.39964690804481506,0.6137257348353039,0.4518575370311737,0.06789807975292206
X,21211,0.5429854989051819,0.4623440206050873,0.16577781736850739,0.40627047419548035,0.7035836250631352,0.4120343327522278,0.5760127902030945
N,21212,0.5527319312095642,0.5031231641769409,0.17117942869663239,0.40835514664649963,0.608939746231772,0.422565221786499,0.3856881856918335
N,21228,0.5452476143836975,0.48214778304100037,0.16232846677303314,0.3823190927505493,0.6748169257550035,0.42064425349235535,0.13248462975025177
T,21229,0.5285622477531433,0.45432332158088684,0.1587749719619751,0.39774250984191895,0.7338473593062281,0.40485864877700806,0.5869947075843811
_,21232,0.5135683417320251,0.44320619106292725,0.15147702395915985,0.3891748785972595,0.8745757599174977,0.39917486906051636,0.0
T,21234,0.6129447817802429,0.4834544360637665,0.18658412992954254,0.40385857224464417,0.6158543332611832,0.4402736723423004,0.1164511889219284
N,21237,0.5806719064712524,0.4847036302089691,0.1728193759918213,0.3858058750629425,0.6795389451775312,0.4333541989326477,0.06988710165023804
T,21241,0.5305753946304321,0.4551537036895752,0.1597641408443451,0.39890050888061523,0.72496905224399,0.40590012073516846,0.5859198570251465
X,21245,0.6256678104400635,0.48704275488853455,0.18553993105888367,0.3958301544189453,0.6273901849492298,0.44307705760002136,0.06671422719955444
S,21247,0.47942212224006653,0.5026920437812805,0.14251898229122162,0.3509049415588379,0.6576741820542763,0.41070809960365295,0.12717826664447784
X,21255,0.5308672189712524,0.4631844162940979,0.15995635092258453,0.39856886863708496,0.6957964523973594,0.4026070237159729,0.5860474705696106
S,21265,0.5413527488708496,0.5009099841117859,0.15928232669830322,0.35998377203941345,0.6070135125402886,0.4283786416053772,0.07588034123182297
T,21266,0.5412416458129883,0.4820196032524109,0.1653251200914383,0.3944138288497925,0.667919755941257,0.4197603166103363,0.2374255359172821
_,21275,0.5137746930122375,0.4432499408721924,0.15157602727413177,0.3893018662929535,0.8744718934595586,0.39930182695388794,0.0
S,21276,0.4766141474246979,0.5026533603668213,0.14025388658046722,0.3450067341327667,0.6306139637002101,0.4106631875038147,0.10560610890388489
_,21278,0.5146193504333496,0.4434284567832947,0.1519821733236313,0.3898197114467621,0.8734229843815168,0.39981964230537415,0.0
N,21287,0.5628721714019775,0.48595914244651794,0.16565388441085815,0.3826436400413513,0.6611115996110797,0.42365774512290955,0.1325255036354065
X,21289,0.5733218193054199,0.48936209082603455,0.17325963079929352,0.39169052243232727,0.6547941393595345,0.4310115575790405,0.15391363203525543
N,21296,0.5382511615753174,0.49103444814682007,0.1634972095489502,0.3922538757324219,0.6423796356547004,0.4174659848213196,0.2725887894630432
N,21298,0.5337997674942017,0.4936116635799408,0.1618000566959381,0.399593323469162,0.6273803315024513,0.40710341930389404,0.4324246346950531
S,21299,0.4596923291683197,0.49963343143463135,0.1352410614490509,0.3387730121612549,0.7247296502192816,0.40880653262138367,0.08020966500043869
N,21340,0.6064922213554382,0.49454525113105774,0.179917573928833,0.3968330919742584,0.6332302919406179,0.43525511026382446,0.18069779872894287
X,21342,0.5366733074188232,0.48662492632865906,0.16200296580791473,0.3838214576244354,0.6796298790164292,0.419544517993927,0.17646777629852295
X,21347,0.5451729893684387,0.49090537428855896,0.16558332741260529,0.38620513677597046,0.6577209058760977,0.42349299788475037,0.18271785974502563
_,21373,0.51389080286026,0.4432745575904846,0.15163175761699677,0.38937342166900635,0.8744195493062338,0.3993734121322632,0.0
N,21374,0.555834174156189,0.49820247292518616,0.16966812312602997,0.40029585361480713,0.6271894354906787,0.4188013970851898,0.34205952286720276
X,21377,0.5286334156990051,0.4614468514919281,0.15887083113193512,0.3973163366317749,0.6791199592170355,0.4018559455871582,0.5838689208030701
S,21379,0.45885589718818665,0.5016170144081116,0.13518933951854706,0.3380766808986664,0.6984520767256618,0.4073024094104767,0.09123332053422928
_,21385,0.5140101313591003,0.4432997703552246,0.1516890525817871,0.38944676518440247,0.874293580899636,0.3994467556476593,0.0
N,21407,0.5649459958076477,0.49780330061912537,0.17093904316425323,0.3982079327106476,0.61739224451953,0.42201176285743713,0.30021315813064575
N,21410,0.5645368695259094,0.4831581711769104,0.1688326746225357,0.3794042766094208,0.6757825260581255,0.43075433373451233,0.04210231080651283
X,21413,0.5372849702835083,0.46328309178352356,0.1630599945783615,0.4024367928504944,0.7282959687309449,0.4069218635559082,0.590752124786377
S,21416,0.4790223240852356,0.49860242009162903,0.142299085855484,0.3481178283691406,0.6739188859363398,0.41039666533470154,0.10234668850898743
T,21420,0.5223665237426758,0.4530475437641144,0.15578356385231018,0.39387619495391846,0.7396746811863311,0.40071171522140503,0.6005731821060181
_,21421,0.514001190662384,0.4432978332042694,0.1516847461462021,0.3894411623477936,0.8743604851762454,0.3994411528110504,0.0
S,21428,0.4613231420516968,0.5088042616844177,0.13681605458259583,0.3337441086769104,0.6754176318272949,0.411857932806015,0.08493746817111969
S,21429,0.48145925998687744,0.5120083093643188,0.14054179191589355,0.340192973613739,0.6052737198120061,0.4121847152709961,0.11356451362371445
N,21430,0.5828510522842407,0.49063894152641296,0.17267835140228271,0.389909029006958,0.6515056640390625,0.4297979474067688,0.15788857638835907
X,21431,0.5346341133117676,0.46694448590278625,0.1617973893880844,0.4005398750305176,0.6267436045805729,0.4032686948776245,0.5929511785507202
_,21440,0.514108419418335,0.443320631980896,0.15173624455928802,0.38950708508491516,0.8743376165131729,0.399507075548172,0.0
T,21444,0.5273802876472473,0.4540766477584839,0.15820714831352234,0.39700591564178467,0.734066151114386,0.4040849208831787,0.588568389415741
N,21453,0.567720353603363,0.4868851900100708,0.16630905866622925,0.3825102746486664,0.6503279680285777,0.4231228530406952,0.1403876394033432
N,21461,0.5570028424263,0.48255884647369385,0.16425341367721558,0.3785393238067627,0.6725431564911075,0.42370468378067017,0.08545999228954315
N,21463,0.5296128392219543,0.48273077607154846,0.15665045380592346,0.3776760399341583,0.673545992684861,0.41330161690711975,0.16299602389335632
S,21474,0.5257102847099304,0.5021205544471741,0.15139862895011902,0.3547011613845825,0.6459912970331546,0.4204052686691284,0.09723600000143051
X,21476,0.5848296284675598,0.4866873323917389,0.17559033632278442,0.3903394043445587,0.6407818313115665,0.4341801106929779,0.10364895313978195
_,21479,0.5145775675773621,0.44341951608657837,0.1519623100757599,0.38979339599609375,0.8732906777163347,0.3997933864593506,0.0
_,21492,0.5255054831504822,0.4457266926765442,0.1572217345237732,0.3964787423610687,0.8661087727546692,0.4064787030220032,0.0
X,21496,0.5434960126876831,0.4666754901409149,0.1660582572221756,0.4061938524246216,0.5947162151251746,0.4102028012275696,0.58555006980896
T,21499,0.6412270665168762,0.48483964800834656,0.19086462259292603,0.4040428102016449,0.6424316678765657,0.4486018121242523,0.050002872943878174
X,21502,0.5666289329528809,0.48582011461257935,0.17286890745162964,0.3965514302253723,0.6270713010484663,0.42896345257759094,0.18561072647571564
_,21517,0.5244361758232117,0.4455018639564514,0.1567055583000183,0.39582890272140503,0.8668019543588162,0.4058288633823395,0.0
T,21523,0.5383242964744568,0.4575807750225067,0.16349631547927856,0.4037219285964966,0.730940976634156,0.4108450412750244,0.5677648782730103
N,21533,0.6026272773742676,0.48621055483818054,0.17923183739185333,0.3882870078086853,0.6469367212719711,0.44160327315330505,0.030234970152378082
T,21539,0.6317495703697205,0.4861328899860382,0.1915665864944458,0.4113609790802002,0.6048859153563778,0.4437147080898285,0.16222243010997772
S,21564,0.48779726028442383,0.49939653277397156,0.14742396771907806,0.3469654321670532,0.68484229033192,0.42389076948165894,0.04300917685031891
X,21565,0.6373599171638489,0.48911750316619873,0.1881105899810791,0.39824455976486206,0.6297057091363241,0.44863954186439514,0.053129859268665314
X,21571,0.5473875999450684,0.4644837975502014,0.1679442673921585,0.4087672531604767,0.7139936575350748,0.4142523407936096,0.5736017823219299
_,21581,0.525802731513977,0.4457886815071106,0.15736603736877441,0.3966571092605591,0.8652917530635993,0.4066570997238159,0.0
T,21583,0.6013995409011841,0.48610326647758484,0.18203118443489075,0.40498626232147217,0.6497968054285351,0.4371908903121948,0.1773758828639984
X,21585,0.5399569869041443,0.4616566002368927,0.1643124371767044,0.404537171125412,0.6983780337424833,0.4105796813964844,0.5637732148170471
_,21588,0.5243541598320007,0.44548457860946655,0.15666604042053223,0.39577892422676086,0.8668999044100444,0.4057789146900177,0.0
_,21595,0.525202214717865,0.4456629455089569,0.15707522630691528,0.3962947428226471,0.866428987334172,0.40629470348358154,0.0
N,21600,0.5416955351829529,0.49578502774238586,0.16615614295005798,0.4022229015827179,0.6648293405705651,0.4161720275878906,0.3779546618461609
T,21611,0.5456791520118713,0.46332648396492004,0.1671031415462494,0.4077789783477783,0.6776088521786733,0.41335150599479675,0.5793805122375488
S,21616,0.5039987564086914,0.5024548172950745,0.15315288305282593,0.35081854462623596,0.667210531073312,0.429752379655838,0.045517440885305405
T,21620,0.5467163920402527,0.4638843536376953,0.16762509942054749,0.4084514081478119,0.6248768453472509,0.41431140899658203,0.5648564696311951
X,21622,0.5923078656196594,0.4880008101463318,0.17638015747070312,0.3937864899635315,0.6194169856904288,0.4341771900653839,0.13300392031669617
X,21647,0.5823156237602234,0.4883354902267456,0.1737358123064041,0.3896433115005493,0.6570183590446445,0.4343186020851135,0.1090109646320343
_,21669,0.5243586897850037,0.44548553228378296,0.15666821599006653,0.3957816958427429,0.8668492033580939,0.40578165650367737,0.0
N,21670,0.5272372364997864,0.48645177483558655,0.15996016561985016,0.3838256895542145,0.6985935208791246,0.42282551527023315,0.15305940806865692
N,21678,0.5626953840255737,0.4838782846927643,0.17004205286502838,0.389692485332489,0.6734914102213225,0.4314159154891968,0.10433986783027649
T,21688,0.6846415400505066,0.4818013608455658,0.2034149169921875,0.4185304343700409,0.6423746947574546,0.4563371539115906,0.03452714532613754
S,21714,0.47654908895492554,0.5021042823791504,0.14259691536426544,0.3482218086719513,0.6743490023911,0.4154471457004547,0.09412308037281036
S,21719,0.4802154004573822,0.4997543394565582,0.14380739629268646,0.3483884334564209,0.6827113899340232,0.41634196043014526,0.08108105510473251
X,21721,0.5462760329246521,0.4634489417076111,0.16739536821842194,0.4081237316131592,0.7189660827629268,0.41370123624801636,0.5795443654060364
_,21724,0.5249848365783691,0.44561731815338135,0.15697024762630463,0.39616289734840393,0.8665941522518794,0.4061628580093384,0.0
N,21728,0.5448353290557861,0.49100738763809204,0.16560427844524384,0.39622408151626587,0.6334279256340233,0.4187789559364319,0.2942676842212677
N,21738,0.5772631764411926,0.48329076170921326,0.17208018898963928,0.388620525598526,0.666344355144053,0.432516872882843,0.08187108486890793
T,21746,0.5448926091194153,0.4622165560722351,0.16672000288963318,0.407524049282074,0.6292994252663144,0.41400861740112305,0.5546253323554993
N,21752,0.5447144508361816,0.4898011386394501,0.1676926165819168,0.39739641547203064,0.6371932546615912,0.4226960837841034,0.26710590720176697
X,21768,0.6186538934707642,0.48839429020881653,0.1841689795255661,0.39614030718803406,0.6333652472257382,0.4450918436050415,0.063829205930233
X,21779,0.5732802748680115,0.4874417185783386,0.17052419483661652,0.38938742876052856,0.6235253421104668,0.4270029664039612,0.15671959519386292
T,21785,0.5415506362915039,0.45656272768974304,0.16506150364875793,0.40573233366012573,0.7239570225945985,0.41350480914115906,0.5620015859603882
T,21789,0.6177394390106201,0.4848294258117676,0.18904300034046173,0.40902039408683777,0.6197956638572699,0.4448765814304352,0.12350714206695557
X,21796,0.5420421361923218,0.4621291160583496,0.1653258204460144,0.4057157337665558,0.6985231631334925,0.41155558824539185,0.5725922584533691
X,21802,0.5458012819290161,0.4632977545261383,0.16716817021369934,0.40793734788894653,0.6648761699586211,0.41383495926856995,0.5676738023757935
X,21813,0.6022180914878845,0.48474711179733276,0.17959727346897125,0.39558911323547363,0.6354043769116592,0.43833181262016296,0.08692978322505951
S,21816,0.5111514329910278,0.5020576119422913,0.155334010720253,0.3533501923084259,0.6682429203391076,0.4313039481639862,0.04512373358011246
_,21820,0.5251262784004211,0.4456470310688019,0.15703855454921722,0.3962486982345581,0.8665197948118052,0.40624868869781494,0.0
X,21822,0.5445087552070618,0.46301448345184326,0.16652877628803253,0.407228946685791,0.7012475219442664,0.41322991251945496,0.5631936192512512
N,21835,0.5689826607704163,0.493522047996521,0.17393085360527039,0.3969438672065735,0.5707979832633767,0.4313584268093109,0.2073056548833847
T,21842,0.6260675191879272,0.4847545921802521,0.18732354044914246,0.4008883833885193,0.6195465405541352,0.4407598376274109,0.09936225414276123
X,21844,0.5298710465431213,0.45919227600097656,0.15945489704608917,0.3982028067111969,0.7148351120659171,0.40367603302001953,0.5847461819648743
T,21850,0.6447583436965942,0.4793801009654999,0.19067874550819397,0.40570831298828125,0.6334673362711328,0.4417967200279236,0.07347214967012405
X,21851,0.5748496651649475,0.4918418526649475,0.1726638376712799,0.3943255543708801,0.6305614548948991,0.4252958297729492,0.2271498441696167
X,21860,0.5245686173439026,0.46018362045288086,0.15691369771957397,0.3948005735874176,0.7103344235524613,0.3993035852909088,0.5877732634544373
N,21861,0.5603213310241699,0.4834432005882263,0.16583354771137238,0.3816993236541748,0.6884890615050487,0.4242132902145386,0.10695327073335648
T,21862,0.5443574786186218,0.4827577769756317,0.16470077633857727,0.3960619568824768,0.6467683871985356,0.41278812289237976,0.32957762479782104
S,21877,0.5358989834785461,0.5003578066825867,0.15742675960063934,0.35817524790763855,0.6096014101813004,0.4257231652736664,0.07863868772983551
S,21878,0.46648499369621277,0.4982428550720215,0.1374189853668213,0.34207698702812195,0.6916915261124572,0.4062497317790985,0.0966162160038948
N,21879,0.546623706817627,0.4849298596382141,0.16182935237884521,0.3794720470905304,0.662723071245273,0.4191608428955078,0.14080876111984253
X,21880,0.6112936735153198,0.4863838255405426,0.18068967759609222,0.3908561170101166,0.6284929329781638,0.4376705288887024,0.07496030628681183
S,21890,0.46761298179626465,0.5005866885185242,0.13897892832756042,0.338101863861084,0.7052566922207674,0.4128282964229584,0.06577692925930023
N,21895,0.5174325704574585,0.48582908511161804,0.15521304309368134,0.38227978348731995,0.6879145895891513,0.4105972349643707,0.2333316206932068
S,21898,0.46529266238212585,0.5016197562217712,0.13780717551708221,0.33912184834480286,0.7083549205834667,0.4115375280380249,0.0786094143986702
X,21915,0.5320409536361694,0.461347758769989,0.16051729023456573,0.39931514859199524,0.722332445932343,0.4040006399154663,0.5915696024894714
X,21916,0.5331374406814575,0.4695746898651123,0.16110731661319733,0.3993411064147949,0.5155299966343106,0.4007565677165985,0.5951230525970459
S,21920,0.4640723764896393,0.49996063113212585,0.13650046288967133,0.34192827343940735,0.6827902696778377,0.4044978618621826,0.10956473648548126
T,21934,0.5938512682914734,0.483281672000885,0.1783442497253418,0.3982120752334595,0.6544649607724083,0.4312743842601776,0.15994790196418762
T,21940,0.5308278799057007,0.46111246943473816,0.1599312722682953,0.39851653575897217,0.5095264679520672,0.4030296802520752,0.5966830849647522
T,21945,0.5302584767341614,0.45720377564430237,0.15963684022426605,0.3984432518482208,0.661507424173445,0.40445205569267273,0.5960295796394348
N,21964,0.5549342036247253,0.4842652380466461,0.1636921912431717,0.38192451000213623,0.6829083804147619,0.42158597707748413,0.1345009058713913
N,21968,0.5527406930923462,0.48434603214263916,0.16344089806079865,0.3835955560207367,0.6519096811843823,0.41770902276039124,0.17657433450222015
X,21970,0.5554363131523132,0.4868391156196594,0.16865308582782745,0.38768020272254944,0.650985914071401,0.4255483150482178,0.15584929287433624
T,21981,0.5283530354499817,0.4572388827800751,0.15870924293994904,0.39725545048713684,0.699176529738082,0.403006911277771,0.599091649055481
T,21982,0.525626003742218,0.45496201515197754,0.1573784351348877,0.39581698179244995,0.7349656830145885,0.4023865759372711,0.5894989371299744
_,21987,0.5096591711044312,0.4423762559890747,0.14960363507270813,0.38676172494888306,0.876763155212005,0.3967616856098175,0.0
N,21992,0.5833788514137268,0.48626241087913513,0.17302866280078888,0.3878178894519806,0.6597886062829488,0.430905282497406,0.11070472747087479
_,21993,0.5097318887710571,0.44239166378974915,0.14963841438293457,0.3868066370487213,0.8767371797064941,0.39680662751197815,0.0
S,21994,0.46538931131362915,0.5037681460380554,0.136281356215477,0.342908650636673,0.6645465941323588,0.4033050239086151,0.13076531887054443
X,21995,0.5344438552856445,0.4707154333591461,0.1617426723241806,0.39997151494026184,0.5159957000782833,0.40085747838020325,0.5997084379196167
X,22019,0.5327717065811157,0.4890038073062897,0.16078299283981323,0.38253548741340637,0.6181999039153259,0.4158155620098114,0.20576980710029602
S,22020,0.47305533289909363,0.5015077590942383,0.14120033383369446,0.3402349352836609,0.6920947455863158,0.4148871600627899,0.0683264210820198
_,22021,0.5107049942016602,0.4425978660583496,0.15010544657707214,0.3874056041240692,0.8755027276774248,0.39740556478500366,0.0
N,22029,0.5549342036247253,0.4842652380466461,0.1636921912431717,0.38192451000213623,0.6829083804147619,0.42158597707748413,0.1345009058713913
N,22033,0.5559380054473877,0.4800529181957245,0.16724596917629242,0.37996456027030945,0.6836156077492828,0.42757344245910645,0.04508354887366295
X,22041,0.525449812412262,0.46162426471710205,0.15734894573688507,0.39525672793388367,0.6775591846959924,0.39930635690689087,0.5872125029563904
X,22047,0.5338261127471924,0.46301159262657166,0.16139008104801178,0.40020257234573364,0.6841356209209699,0.40419554710388184,0.5990180969238281
T,22051,0.5392829775810242,0.481658399105072,0.16269613802433014,0.3910374045372009,0.64651067888403,0.4125053286552429,0.27625250816345215
N,22059,0.5393140912055969,0.48504894971847534,0.16109691560268402,0.38090044260025024,0.668580539021641,0.41965049505233765,0.1479964405298233
T,22070,0.5550828576087952,0.48381510376930237,0.1671498417854309,0.39214444160461426,0.6469986803042896,0.41820791363716125,0.2380565106868744
S,22078,0.48551228642463684,0.4993189573287964,0.144797220826149,0.34747397899627686,0.6900661141735812,0.4166121780872345,0.07699558138847351
N,22081,0.5371408462524414,0.48568060994148254,0.16147983074188232,0.38171616196632385,0.6719285280117766,0.4188074469566345,0.16280867159366608
T,22083,0.5294974446296692,0.45829179883003235,0.15927523374557495,0.3979554772377014,0.7166734303158107,0.4035876393318176,0.5907794237136841
N,22086,0.5395183563232422,0.4833950996398926,0.1593804657459259,0.37624314427375793,0.651081140791066,0.4175249934196472,0.12421396374702454
S,22090,0.4795028865337372,0.5149990320205688,0.13874970376491547,0.3388146162033081,0.594101821713654,0.40870094299316406,0.13004779815673828
_,22091,0.5186352729797363,0.444278359413147,0.15391157567501068,0.39228594303131104,0.8716068316002687,0.40228593349456787,0.0
_,22108,0.5181789994239807,0.44418248534202576,0.15369117259979248,0.3920089900493622,0.8725939971705279,0.402008980512619,0.0
N,22122,0.614695131778717,0.49091026186943054,0.18271328508853912,0.3924768269062042,0.6200103872021282,0.44179436564445496,0.08692575246095657
N,22125,0.6327943205833435,0.4927288889884949,0.18584053218364716,0.39516356587409973,0.6301153269890589,0.44488072395324707,0.09155793488025665
N,22142,0.5752322673797607,0.48758912086486816,0.17110614478588104,0.38460004329681396,0.6716536736903558,0.4327433109283447,0.0885242447257042
S,22146,0.5215005874633789,0.5020813941955566,0.1543184220790863,0.3613952696323395,0.6062861137321549,0.42125269770622253,0.11884940415620804
S,22147,0.4912560284137726,0.5012567043304443,0.14643126726150513,0.35301122069358826,0.6549327984824777,0.41572439670562744,0.10855269432067871
_,22154,0.5174618363380432,0.44403088092803955,0.15334638953208923,0.39156922698020935,0.8729371237258117,0.4015692174434662,0.0
X,22167,0.5525466203689575,0.48861363530158997,0.16596297919750214,0.3878844380378723,0.6197541964892298,0.4199838638305664,0.20931851863861084
T,22171,0.5365315079689026,0.4597911834716797,0.16265693306922913,0.4022262692451477,0.7387772277379676,0.4078647196292877,0.59478759765625
T,22177,0.5361814498901367,0.4584524631500244,0.1624813675880432,0.4021085798740387,0.7370105339275984,0.408244252204895,0.5937319993972778
N,22193,0.5716493129730225,0.4834900498390198,0.16859562695026398,0.38398683071136475,0.6662788194600338,0.4270873963832855,0.09873230010271072
S,22194,0.4685446321964264,0.5000036358833313,0.13900494575500488,0.34332334995269775,0.6907358784181997,0.4126881957054138,0.08176681399345398
_,22197,0.5174711346626282,0.44403281807899475,0.15335090458393097,0.39157477021217346,0.8728832795222601,0.4015747606754303,0.0
N,22199,0.5487394332885742,0.48408281803131104,0.16484896838665009,0.38220489025115967,0.6918189503179747,0.42723092436790466,0.09337820112705231
S,22220,0.48289674520492554,0.5007129311561584,0.14526484906673431,0.34610894322395325,0.6948590341582894,0.42013052105903625,0.06410828232765198
S,22221,0.46857279539108276,0.505552351474762,0.1382092386484146,0.33646830916404724,0.694330205906105,0.41436538100242615,0.07372649759054184
N,22224,0.5457586646080017,0.49129486083984375,0.16461700201034546,0.38845881819725037,0.6563847844884731,0.42266252636909485,0.20581048727035522
S,22225,0.46564891934394836,0.5011398792266846,0.13746370375156403,0.3431975543498993,0.6921278845829268,0.40805864334106445,0.10430135577917099
_,22227,0.5175156593322754,0.44404226541519165,0.15337227284908295,0.39160218834877014,0.8728637956082822,0.4016021490097046,0.0
S,22230,0.4825039803981781,0.5135014653205872,0.1439904123544693,0.3426704406738281,0.6312037384634217,0.41696882247924805,0.10968255251646042
T,22234,0.547168493270874,0.4843149483203888,0.16777457296848297,0.3992593586444855,0.612511688223749,0.4197746217250824,0.29359129071235657
T,22237,0.6200265884399414,0.4884432554244995,0.18789203464984894,0.40737247467041016,0.5909668493346545,0.4388633370399475,0.19302622973918915
S,22255,0.5092405676841736,0.4965786933898926,0.1502099186182022,0.35549092292785645,0.6423022989109936,0.41999873518943787,0.07915345579385757
_,22279,0.5174100995063782,0.4440198242664337,0.15332156419754028,0.39153721928596497,0.8728991798559825,0.4015372097492218,0.0
N,22283,0.520155668258667,0.48195385932922363,0.15597453713417053,0.3796331286430359,0.6854534382497272,0.41560104489326477,0.15588484704494476
X,22295,0.573586106300354,0.4875495135784149,0.1728724241256714,0.3920794725418091,0.6168396100471728,0.42916008830070496,0.16053970158100128
T,22311,0.5363085269927979,0.4576144516468048,0.16253790259361267,0.40232136845588684,0.7173837496949516,0.40895795822143555,0.5844399333000183
_,22312,0.5183746218681335,0.4442237317562103,0.15378539264202118,0.3921283483505249,0.8724519380430381,0.40212833881378174,0.0
X,22321,0.5360984206199646,0.4608731269836426,0.16245333850383759,0.4021344482898712,0.7015264659665991,0.4079369008541107,0.5704213380813599
S,22328,0.48376399278640747,0.5062410235404968,0.1409798115491867,0.3399863839149475,0.661058903412486,0.4155338406562805,0.08266562968492508
X,22336,0.5361990928649902,0.4622003734111786,0.16251449286937714,0.4019731879234314,0.7054494086098809,0.40696215629577637,0.5838207006454468
X,22338,0.5343025326728821,0.460559606552124,0.1615862101316452,0.4008776545524597,0.7047746282019459,0.406202107667923,0.5871881246566772
X,22358,0.5305526852607727,0.4597795605659485,0.15977147221565247,0.3985974192619324,0.7085492359635222,0.40382248163223267,0.5886576175689697
_,22362,0.5180285573005676,0.4441507160663605,0.15361879765987396,0.39191678166389465,0.8726780977845192,0.4019167721271515,0.0
N,22363,0.598870038986206,0.48681968450546265,0.1775417923927307,0.3927581310272217,0.6636841611598777,0.4365326464176178,0.1013651043176651
N,22364,0.5698387026786804,0.4845213294029236,0.1684563010931015,0.386540025472641,0.6530565756185388,0.4244838058948517,0.14262238144874573
_,22365,0.5175127387046814,0.4440416097640991,0.15337082743644714,0.3916003406047821,0.8729056056837241,0.40160033106803894,0.0
T,22373,0.53671795129776,0.45720601081848145,0.16275209188461304,0.40265944600105286,0.7259894534311753,0.409839928150177,0.5636294484138489
X,22376,0.5535990595817566,0.4849248230457306,0.1661413162946701,0.38366758823394775,0.6353328078969692,0.42379438877105713,0.13189557194709778
N,22379,0.5389670729637146,0.48512718081474304,0.1593090146780014,0.37756282091140747,0.6783373611292337,0.4196254312992096,0.1276688277721405
X,22395,0.5368983745574951,0.46529752016067505,0.1628706455230713,0.40217113494873047,0.6922350449807346,0.4059831202030182,0.5870949625968933
_,22396,0.5174976587295532,0.444038450717926,0.15336357057094574,0.39159122109413147,0.8729268868764242,0.4015911817550659,0.0
N,22405,0.6141514182090759,0.49364227056503296,0.18324333429336548,0.4022271931171417,0.6264628484290128,0.43710780143737793,0.19808274507522583
N,22416,0.5610461831092834,0.4826718270778656,0.1686381995677948,0.3830616772174835,0.6763745281183704,0.4305064380168915,0.06192050129175186
_,22425,0.5196029543876648,0.44448304176330566,0.15437664091587067,0.39287981390953064,0.8706821973125141,0.4028797745704651,0.0
N,22427,0.5525214672088623,0.4841536581516266,0.16544583439826965,0.3847951292991638,0.6664359101175796,0.42577672004699707,0.12019266933202744
X,22430,0.6388651728630066,0.48993298411369324,0.18759185075759888,0.3966465890407562,0.6324893528552882,0.4470447301864624,0.06327886879444122
T,22438,0.5875555276870728,0.4826769530773163,0.1790015995502472,0.40046077966690063,0.6623258362540492,0.43388041853904724,0.1492081582546234
X,22445,0.5485675930976868,0.49059438705444336,0.16598466038703918,0.3878924548625946,0.6089839786989615,0.42168018221855164,0.20505796372890472
_,22466,0.5199699997901917,0.44456055760383606,0.15455321967601776,0.3931044638156891,0.8705712266763052,0.4031044542789459,0.0
X,22468,0.5712116360664368,0.4869979918003082,0.16997644305229187,0.38790398836135864,0.6181908700126224,0.42570024728775024,0.1550702005624771
T,22475,0.5402514934539795,0.4759696424007416,0.16412106156349182,0.3938348591327667,0.6708653003384826,0.4151684045791626,0.253254771232605
_,22476,0.5194888114929199,0.4444590210914612,0.1543215960264206,0.3928101658821106,0.8708515079319478,0.40281015634536743,0.0
X,22492,0.5720161199569702,0.4862698018550873,0.16975973546504974,0.3878977596759796,0.6253436128983352,0.4253162741661072,0.15402458608150482
T,22493,0.539939284324646,0.4608871042728424,0.164313405752182,0.4043552577495575,0.7240597737775777,0.4101558029651642,0.5839260816574097
T,22496,0.5613800287246704,0.48025697469711304,0.16837728023529053,0.39303722977638245,0.6623085631236124,0.42268577218055725,0.1841907650232315
T,22510,0.5389760732650757,0.4585852026939392,0.16384124755859375,0.4038759469985962,0.7200983404265026,0.410397469997406,0.5843185782432556
X,22518,0.5329236388206482,0.46111124753952026,0.160922572016716,0.39999380707740784,0.7046261000471229,0.4049800932407379,0.5872965455055237
T,22530,0.5826002359390259,0.48035046458244324,0.1756693571805954,0.4014008641242981,0.6582555335147966,0.4288541376590729,0.1960415244102478
N,22531,0.5540110468864441,0.5050712823867798,0.171333909034729,0.41185349225997925,0.6335356160210874,0.40905436873435974,0.5271998643875122
N,22535,0.5719223022460938,0.48221829533576965,0.17096807062625885,0.386971652507782,0.6898769945853079,0.4315739870071411,0.07194525748491287
X,22550,0.5394905209541321,0.461212158203125,0.16409391164779663,0.40408289432525635,0.7119709006083577,0.4097523093223572,0.5829737782478333
S,22557,0.4734165668487549,0.49913597106933594,0.14163678884506226,0.34585902094841003,0.6949369967232149,0.4150215685367584,0.07720968872308731
S,22558,0.4861006736755371,0.4991840720176697,0.14544673264026642,0.35141637921333313,0.6682633135343592,0.4148751199245453,0.09677354991436005
N,22563,0.583143949508667,0.48587825894355774,0.17055419087409973,0.38439783453941345,0.6623511252738172,0.4304583966732025,0.09097003936767578
T,22566,0.5371959209442139,0.4569651782512665,0.1629621684551239,0.40289995074272156,0.7258998968596037,0.40982046723365784,0.5857893824577332
N,22567,0.5488181710243225,0.49156811833381653,0.16565589606761932,0.38945862650871277,0.6546438158691551,0.4241773784160614,0.20238836109638214
S,22575,0.485819011926651,0.5013189911842346,0.14190341532230377,0.3441900610923767,0.6273264600571323,0.41536736488342285,0.07792873680591583
_,22577,0.519640326499939,0.4444909691810608,0.1543945074081421,0.3929029405117035,0.8708297928174338,0.4029029309749603,0.0
T,22581,0.5601354837417603,0.49935415387153625,0.17434199154376984,0.4145549237728119,0.48418743333062597,0.40909066796302795,0.5762714147567749
S,22586,0.5323671698570251,0.49937379360198975,0.15589778125286102,0.3589787185192108,0.6183443452594414,0.42513757944107056,0.07950427383184433
X,22587,0.5775031447410583,0.4887988269329071,0.1737096905708313,0.3878668546676636,0.6541324091857921,0.4358295202255249,0.09235192090272903
N,22590,0.5391165018081665,0.4955432116985321,0.16508135199546814,0.39614832401275635,0.6627196359067845,0.4190692603588104,0.302489310503006
_,22594,0.5194597244262695,0.44445282220840454,0.15430770814418793,0.3927922248840332,0.8707946480313937,0.40279221534729004,0.0
T,22598,0.5695216059684753,0.4807548224925995,0.17394815385341644,0.4049808979034424,0.6517891388630476,0.425291508436203,0.2797296941280365
S,22599,0.49905896186828613,0.5040122866630554,0.14496511220932007,0.35193008184432983,0.6023227807801839,0.4135614335536957,0.1228235736489296
S,22605,0.4806636571884155,0.5004833936691284,0.1434328556060791,0.348614901304245,0.6737331730686129,0.41411852836608887,0.09535367041826248
N,22607,0.5867704153060913,0.48810914158821106,0.17198114097118378,0.3885498046875,0.6459309467834343,0.4304245412349701,0.13017503917217255
N,22610,0.5483893752098083,0.5005232095718384,0.16942721605300903,0.4042900800704956,0.6138160765892826,0.41708266735076904,0.3918858766555786
_,22619,0.5204529166221619,0.4446624219417572,0.15478579699993134,0.3933994472026825,0.8702743513882161,0.40339940786361694,0.0
_,22623,0.5205089449882507,0.44467422366142273,0.15481288731098175,0.3934333920478821,0.8702633744478226,0.4034333825111389,0.0
X,22629,0.5400285720825195,0.46806082129478455,0.1643974632024765,0.403904527425766,0.5594763996194464,0.4069344401359558,0.5887618064880371
S,22632,0.4741451144218445,0.502587080001831,0.14017878472805023,0.34962397813796997,0.6680921494898697,0.4098576307296753,0.124930240213871
S,22633,0.4754115045070648,0.5045371055603027,0.14260751008987427,0.34605246782302856,0.6737600675287346,0.4164435863494873,0.09307391941547394
N,22639,0.5694039463996887,0.4843921959400177,0.16731387376785278,0.3813857138156891,0.6724315313512731,0.4285306930541992,0.0783296525478363
T,22647,0.5499590039253235,0.4730355441570282,0.16925577819347382,0.4096323847770691,0.38075984006245567,0.41193634271621704,0.5861859321594238
_,22649,0.5202246308326721,0.44461432099342346,0.15467573702335358,0.39326024055480957,0.8704316209753354,0.4032602310180664,0.0
S,22652,0.47696107625961304,0.5015282034873962,0.14162127673625946,0.3503551185131073,0.6672034228903553,0.4102540612220764,0.12231390923261642
X,22655,0.5821634531021118,0.48726335167884827,0.17369940876960754,0.3912383019924164,0.6224883249099852,0.43069520592689514,0.1403380185365677
S,22657,0.539214551448822,0.5000917911529541,0.15674389898777008,0.3601435422897339,0.6203423519176431,0.42810630798339844,0.07329269498586655
S,22665,0.48485514521598816,0.500612735748291,0.14626437425613403,0.35049155354499817,0.6668513613194228,0.41896843910217285,0.08133837580680847
N,22667,0.5452213883399963,0.4860481917858124,0.16597026586532593,0.3904002606868744,0.6543894878179224,0.4246668517589569,0.1789862960577011
S,22672,0.536349892616272,0.4991748631000519,0.15516452491283417,0.36052292585372925,0.6276195148305367,0.4249299168586731,0.08491811156272888
_,22678,0.5244857668876648,0.4455125033855438,0.15672917664051056,0.39586004614830017,0.8673442094524701,0.405860036611557,0.0
S,22682,0.562505304813385,0.5018216967582703,0.16225822269916534,0.36500537395477295,0.6276100294511343,0.4328378438949585,0.07730793952941895
S,22683,0.4968216121196747,0.5028467774391174,0.1451658308506012,0.34805649518966675,0.6160107171527731,0.4185524582862854,0.08328263461589813
N,22691,0.5945700407028198,0.49119213223457336,0.1772899180650711,0.3958476483821869,0.6138114423257017,0.43382978439331055,0.1675017923116684
X,22697,0.5706977248191833,0.49114054441452026,0.17681770026683807,0.3986720144748688,0.6461255515910065,0.4351659119129181,0.17855966091156006
_,22716,0.5250687599182129,0.4456351697444916,0.15701045095920563,0.39621466398239136,0.8671084917585056,0.4062146246433258,0.0
N,22719,0.5715112090110779,0.48327821493148804,0.17065103352069855,0.3890075385570526,0.6663479440113588,0.43107226490974426,0.0972800999879837
N,22730,0.5534784197807312,0.481658935546875,0.1642652153968811,0.3860790431499481,0.6824663266264058,0.4231112599372864,0.13427643477916718
T,22776,0.6411353945732117,0.4836943745613098,0.19116908311843872,0.4099275469779968,0.6265581980433005,0.44578155875205994,0.10934856534004211
X,22780,0.571965217590332,0.4885619282722473,0.17022942006587982,0.38863861560821533,0.6206479104959484,0.4272780120372772,0.15606769919395447
_,22783,0.5244503617286682,0.44550496339797974,0.15671215951442719,0.39583832025527954,0.8673137634495894,0.4058383107185364,0.0
T,22790,0.6367841958999634,0.48450589179992676,0.18923398852348328,0.40578362345695496,0.6462690117753421,0.44603481888771057,0.08331532776355743
_,22792,0.5250094532966614,0.44562268257141113,0.15698187053203583,0.396178662776947,0.8671414707601071,0.40617865324020386,0.0
_,22798,0.525560200214386,0.44573837518692017,0.15724779665470123,0.3965129554271698,0.8667709090809028,0.40651294589042664,0.0
T,22806,0.6421999335289001,0.4880114495754242,0.19329610466957092,0.40756654739379883,0.6343075656188012,0.4508548676967621,0.08191569149494171
N,22808,0.5697168707847595,0.5015949010848999,0.17495884001255035,0.40478038787841797,0.6047825412890719,0.42538556456565857,0.3331662714481354
_,22816,0.5244603753089905,0.4455070495605469,0.15671707689762115,0.39584413170814514,0.8672911247611046,0.4058440923690796,0.0
_,22819,0.5243993401527405,0.44549423456192017,0.15668754279613495,0.39580729603767395,0.8673428955177467,0.4058072566986084,0.0
_,22826,0.5245040059089661,0.4455163776874542,0.15673792362213135,0.39587122201919556,0.8674002822736899,0.4058712124824524,0.0
_,22830,0.524427592754364,0.4455002546310425,0.15670110285282135,0.3958246111869812,0.8674308043221634,0.4058246314525604,0.0
N,22832,0.5585414171218872,0.487914502620697,0.1703951358795166,0.39107242226600647,0.6622862168495582,0.4309331178665161,0.14369040727615356
S,22835,0.48490673303604126,0.501379668712616,0.14496953785419464,0.35370397567749023,0.6610422939838221,0.4146863520145416,0.11458083987236023
N,22840,0.5475457906723022,0.4880431294441223,0.16577482223510742,0.3878054916858673,0.675627938923038,0.42755651473999023,0.14995478093624115
T,22846,0.5709999799728394,0.5033933520317078,0.1796247363090515,0.42073798179626465,0.6319360014151365,0.41458451747894287,0.5831420421600342
_,22848,0.5258679389953613,0.44580262899398804,0.15739716589450836,0.3966977000236511,0.8658169388274353,0.40669769048690796,0.0
T,22853,0.5429207682609558,0.4581787586212158,0.16573567688465118,0.40628838539123535,0.7493869121907362,0.4131374657154083,0.5931884050369263
_,22862,0.5244691371917725,0.4455089569091797,0.15672126412391663,0.3958495259284973,0.8673137185970943,0.40584951639175415,0.0
T,22865,0.5433122515678406,0.4581402838230133,0.16593419015407562,0.40673625469207764,0.7193871070535351,0.41432106494903564,0.5523331761360168
X,22866,0.5410508513450623,0.46485820412635803,0.1648627519607544,0.40494197607040405,0.6946201777079114,0.40971431136131287,0.5747973322868347
_,22868,0.5245220065116882,0.4455201327800751,0.15674665570259094,0.39588212966918945,0.867355636805296,0.4058820903301239,0.0
T,22871,0.5443199872970581,0.4578879475593567,0.1664379984140396,0.4073309004306793,0.7240115889967152,0.4152194857597351,0.5419031381607056
S,22872,0.5849700570106506,0.5008231401443481,0.17271065711975098,0.3794260025024414,0.5836821091499103,0.4382034242153168,0.10231354832649231
S,22874,0.46864476799964905,0.5086930990219116,0.13625477254390717,0.33622539043426514,0.6722704631303593,0.4129454493522644,0.08736903965473175
N,22876,0.5500767827033997,0.4921254515647888,0.1686832457780838,0.3974619209766388,0.6382339953413855,0.4253179728984833,0.2538997530937195
X,22879,0.5484312772750854,0.4744049310684204,0.16849784553050995,0.40875160694122314,0.4690481800300283,0.41050028800964355,0.5842117667198181
N,22882,0.573844850063324,0.5048550367355347,0.1784990280866623,0.4121200740337372,0.6136131486826344,0.4272266924381256,0.38249707221984863
X,22898,0.5649163722991943,0.48941975831985474,0.16995196044445038,0.39178428053855896,0.6150342901291637,0.42520150542259216,0.19884543120861053
N,22900,0.5748617649078369,0.5039454102516174,0.18055202066898346,0.41382941603660583,0.6077598676967622,0.4291929304599762,0.3808002769947052
_,22902,0.5250575542449951,0.4456326961517334,0.1570052057504654,0.39620739221572876,0.8667900740603607,0.4062073826789856,0.0
S,22903,0.4787285029888153,0.5025671720504761,0.1427585333585739,0.35064342617988586,0.6615995308135947,0.41338181495666504,0.11287041008472443
T,22907,0.6110066771507263,0.480940043926239,0.18118411302566528,0.4024735987186432,0.6586911092696028,0.43646401166915894,0.12491495162248611
N,22921,0.6426004767417908,0.4918172359466553,0.18733640015125275,0.39557698369026184,0.6082323251542243,0.44357454776763916,0.09538150578737259
T,22946,0.5307180285453796,0.45688167214393616,0.15983951091766357,0.3988388776779175,0.717634018026923,0.4050942361354828,0.5923258662223816
_,22949,0.5119880437850952,0.44287094473838806,0.15071922540664673,0.3882005512714386,0.8754818351070087,0.39820051193237305,0.0
X,22956,0.5337153077125549,0.46205273270606995,0.16132870316505432,0.4005075693130493,0.6982644648765564,0.4055676758289337,0.5749350190162659
X,22962,0.5283424854278564,0.4597354233264923,0.1587132066488266,0.3971829414367676,0.7060318137615471,0.40216368436813354,0.590385377407074
N,22974,0.6413460373878479,0.49177706241607666,0.18704339861869812,0.39543458819389343,0.6084671036445313,0.44327297806739807,0.09653596580028534
S,22979,0.48683005571365356,0.5007354617118835,0.14637234807014465,0.34438756108283997,0.6867255423838894,0.42039963603019714,0.056813161820173264
T,22983,0.5347611308097839,0.48237869143486023,0.16270770132541656,0.3973173499107361,0.6454609660524875,0.4126909673213959,0.3448128402233124
T,23000,0.5312362909317017,0.4586228132247925,0.16010993719100952,0.39912149310112,0.7200046515222008,0.40504002571105957,0.5799582600593567
X,23002,0.5860027074813843,0.49082449078559875,0.17494460940361023,0.38695722818374634,0.6118511817212372,0.4344208538532257,0.10857096314430237
X,23014,0.5907726287841797,0.4847494661808014,0.1762896329164505,0.39094507694244385,0.6551570734408839,0.434003084897995,0.09475628286600113
X,23038,0.5325413942337036,0.4652608335018158,0.16077889502048492,0.39929667115211487,0.6380797307484287,0.40233561396598816,0.5965965390205383
S,23043,0.5487658977508545,0.4971833825111389,0.16215652227401733,0.36883437633514404,0.6181104586720418,0.42745181918144226,0.09775461256504059
N,23056,0.529034435749054,0.4805358946323395,0.1557409167289734,0.3765403926372528,0.6956516418159785,0.41318774223327637,0.14445821940898895
T,23058,0.5817469358444214,0.4799445569515228,0.17542791366577148,0.39763692021369934,0.6730596504750429,0.4292583763599396,0.15318745374679565
_,23072,0.5119701027870178,0.44286710023880005,0.15071062743663788,0.3881894648075104,0.8755223164459071,0.3981894552707672,0.0
_,23074,0.5120611786842346,0.44288647174835205,0.15075427293777466,0.3882458209991455,0.875515722334385,0.39824581146240234,0.0
S,23075,0.4639354646205902,0.500008225440979,0.13756075501441956,0.33689144253730774,0.7161406883597374,0.4117012023925781,0.06382955610752106
N,23081,0.5326720476150513,0.4898175597190857,0.16141998767852783,0.38986146450042725,0.6344836507466001,0.41647276282310486,0.2582695782184601
T,23083,0.5657115578651428,0.4790818393230438,0.169983372092247,0.3952217400074005,0.6549274445926616,0.42140331864356995,0.21033890545368195
X,23096,0.6231674551963806,0.48840415477752686,0.18346114456653595,0.394435852766037,0.6155452372547007,0.439767986536026,0.09409347921609879
N,23101,0.5444014668464661,0.4920674264431,0.16378171741962433,0.38785868883132935,0.6557545346236051,0.42090311646461487,0.21756978332996368
S,23106,0.4723213315010071,0.5024082064628601,0.13923142850399017,0.34361374378204346,0.6380797915773777,0.4098057448863983,0.103276327252388
N,23109,0.5712646245956421,0.4865263104438782,0.1693139374256134,0.3847690522670746,0.6642522668965588,0.4279584288597107,0.1167488843202591
S,23114,0.48027610778808594,0.5022971630096436,0.14238767325878143,0.3422679603099823,0.6780926030812164,0.4147057831287384,0.0784652978181839
N,23120,0.5369391441345215,0.4885440170764923,0.16203929483890533,0.38653621077537537,0.6529475102558111,0.4187135696411133,0.21080076694488525
_,23124,0.5123794674873352,0.44295400381088257,0.15090686082839966,0.3884420394897461,0.8753334392110508,0.39844200015068054,0.0
S,23144,0.5696601271629333,0.5003737211227417,0.16831977665424347,0.36910033226013184,0.6043151504280104,0.4352785050868988,0.07464035600423813
X,23146,0.5296947360038757,0.4591870605945587,0.15936167538166046,0.3980425000190735,0.686754505152882,0.40331774950027466,0.5923075079917908
X,23149,0.5573658347129822,0.4860510230064392,0.16557429730892181,0.38349002599716187,0.618946326711448,0.4197150468826294,0.16759496927261353
_,23153,0.5123973488807678,0.4429577887058258,0.1509154587984085,0.38845300674438477,0.8753554136057695,0.3984529674053192,0.0
X,23156,0.577532947063446,0.48433294892311096,0.17366619408130646,0.39128637313842773,0.6309260950392733,0.4298994839191437,0.1286967247724533
T,23162,0.6163702011108398,0.4875344932079315,0.18494059145450592,0.4014165699481964,0.5921151453046333,0.4387960433959961,0.1426324099302292
_,23163,0.5126962065696716,0.44302108883857727,0.1510588377714157,0.3886370062828064,0.875176279048125,0.39863699674606323,0.0
S,23181,0.4782332479953766,0.5028108358383179,0.14149567484855652,0.34175172448158264,0.6945710371869306,0.4141692817211151,0.08088959008455276
N,23182,0.5674170255661011,0.4837595224380493,0.16876772046089172,0.3809523582458496,0.6723774878253366,0.42977526783943176,0.062422119081020355
T,23200,0.5525661110877991,0.48210063576698303,0.16879011690616608,0.3972327411174774,0.6566727578925687,0.4204755425453186,0.25664666295051575
X,23203,0.5319516062736511,0.46512046456336975,0.16049495339393616,0.3989965319633484,0.5828980329321045,0.40215644240379333,0.593042254447937
T,23208,0.5235227346420288,0.45410940051078796,0.15635095536708832,0.39458727836608887,0.7319821901638232,0.4012717306613922,0.5907318592071533
N,23219,0.5533689260482788,0.48694682121276855,0.16705039143562317,0.3838542401790619,0.6708601291155598,0.42630165815353394,0.1266777515411377
X,23220,0.534744381904602,0.46230003237724304,0.16182777285575867,0.4010077118873596,0.7225028731767331,0.4058201313018799,0.583680272102356
S,23222,0.4948232173919678,0.5003520250320435,0.14903521537780762,0.3470832407474518,0.6840800643650194,0.42259925603866577,0.05470450967550278
N,23245,0.5236842036247253,0.4818054437637329,0.1545105278491974,0.37488430738449097,0.6847965489234775,0.4118826687335968,0.15053260326385498
_,23249,0.5119800567626953,0.44286927580833435,0.15071533620357513,0.38819584250450134,0.8755431047081947,0.3981958329677582,0.0
T,23251,0.5541117191314697,0.47551682591438293,0.16511747241020203,0.3903011679649353,0.664192658023676,0.41515910625457764,0.21022140979766846
_,23256,0.5151192545890808,0.44353482127189636,0.15222136676311493,0.3901292383670807,0.8735336553553741,0.4001292288303375,0.0
S,23257,0.5307241082191467,0.4990551769733429,0.15590007603168488,0.3574473261833191,0.6161013199551962,0.4253385066986084,0.07198035717010498
_,23268,0.515336811542511,0.44358089566230774,0.152325838804245,0.3902631103992462,0.8734951888024808,0.40026310086250305,0.0
T,23269,0.5532430410385132,0.4799264669418335,0.16828306019306183,0.3923127353191376,0.6718220402300358,0.42425963282585144,0.1605483442544937
S,23270,0.479735791683197,0.5132634043693542,0.1406451314687729,0.3438583314418793,0.5889608233309507,0.40924251079559326,0.139404758810997
X,23272,0.5831031203269958,0.4864579439163208,0.17472529411315918,0.3885014057159424,0.6403355537424795,0.43416231870651245,0.09121835976839066
T,23276,0.5654481649398804,0.4838922321796417,0.17279548943042755,0.3969469666481018,0.6104946559110249,0.4262860417366028,0.20313653349876404
N,23285,0.5578556656837463,0.4809582233428955,0.1661098748445511,0.38254502415657043,0.6758344046133182,0.42498448491096497,0.08897954970598221
N,23288,0.5455478429794312,0.4856644868850708,0.16091571748256683,0.38436371088027954,0.6601247064393829,0.41559845209121704,0.20663027465343475
S,23297,0.47313565015792847,0.516170084476471,0.137715682387352,0.3384750485420227,0.6025341310296988,0.40865084528923035,0.13193213939666748
T,23309,0.5304276943206787,0.4555451571941376,0.15968650579452515,0.39882105588912964,0.7324202278088585,0.40568843483924866,0.5846947431564331
_,23311,0.5150695443153381,0.4435243308544159,0.1521974802017212,0.39009889960289,0.8736316692332428,0.40009886026382446,0.0
N,23317,0.5417124032974243,0.48421230912208557,0.162904292345047,0.38155898451805115,0.6934956822209642,0.42416155338287354,0.11361809074878693
N,23318,0.5702502727508545,0.4821227192878723,0.17091920971870422,0.384190171957016,0.6747764662546494,0.4313531219959259,0.05607885867357254
X,23323,0.5344934463500977,0.4622836410999298,0.1616922914981842,0.40085187554359436,0.6552408483396297,0.4054965078830719,0.5891083478927612
S,23335,0.5419296622276306,0.5019814968109131,0.15733657777309418,0.3563081622123718,0.6348731133569284,0.4284777343273163,0.06761789321899414
T,23337,0.5347131490707397,0.45853903889656067,0.1617777794599533,0.40125927329063416,0.7192031143931672,0.4074003994464874,0.5855003595352173
N,23339,0.5721895694732666,0.4843389391899109,0.16900798678398132,0.3835213780403137,0.6538584248718083,0.4275793433189392,0.09706469625234604
S,23342,0.47321635484695435,0.5000152587890625,0.1403367668390274,0.34576693177223206,0.6805193494011958,0.4099804162979126,0.10109415650367737
T,23346,0.5435629487037659,0.4847959876060486,0.16617773473262787,0.40608730912208557,0.6385723586271828,0.4075208902359009,0.5270519852638245
X,23348,0.5389803647994995,0.4648822546005249,0.1638840287923813,0.40345531702041626,0.6887779394151827,0.4076496958732605,0.5862839818000793
N,23356,0.544726550579071,0.49302569031715393,0.16630882024765015,0.3918791711330414,0.6539700373914094,0.4234212040901184,0.23050729930400848
_,23361,0.5150808691978455,0.44352662563323975,0.1522030383348465,0.3901054859161377,0.8734725406765939,0.40010544657707214,0.0
_,23364,0.5160380601882935,0.4437292516231537,0.15266278386116028,0.3906935453414917,0.8730678294599057,0.40069350600242615,0.0
_,23367,0.5163126587867737,0.4437870383262634,0.15279541909694672,0.39086049795150757,0.8723363155623277,0.4008604884147644,0.0
S,23370,0.5447357296943665,0.499606728553772,0.15732638537883759,0.35887885093688965,0.6438446229253654,0.4270123839378357,0.0723564401268959
S,23374,0.5263051390647888,0.5022605061531067,0.15341003239154816,0.353236585855484,0.635533226749006,0.42505085468292236,0.07310523092746735
X,23388,0.5294016599655151,0.46075645089149475,0.15922747552394867,0.39791226387023926,0.6841359062710156,0.4029165506362915,0.5792354345321655
T,23394,0.6042811274528503,0.4840019941329956,0.18047937750816345,0.40237289667129517,0.639820379318068,0.43311384320259094,0.18169473111629486
T,23409,0.5748206973075867,0.4808540940284729,0.17651808261871338,0.4001389145851135,0.6582705689182816,0.43303775787353516,0.14368490874767303
_,23422,0.5160367488861084,0.4437290132045746,0.15266215801239014,0.3906927704811096,0.8730042509734631,0.40069276094436646,0.0
X,23431,0.549240231513977,0.48923859000205994,0.166282519698143,0.3904339075088501,0.6058872245421298,0.41952019929885864,0.23481258749961853
T,23432,0.5391010046005249,0.4809718430042267,0.16384582221508026,0.394527792930603,0.664894327071185,0.41691017150878906,0.26372548937797546
T,23448,0.5347504615783691,0.457703560590744,0.16180171072483063,0.4012851417064667,0.7195552341728398,0.4077013432979584,0.5868887305259705
N,23454,0.6402548551559448,0.49178600311279297,0.18694262206554413,0.3955802917480469,0.6305737882205722,0.44525226950645447,0.08414237201213837
S,23455,0.4693114459514618,0.5005910396575928,0.13983337581157684,0.3390123248100281,0.7153523464376729,0.41507482528686523,0.059737589210271835
N,23468,0.5596227049827576,0.4835306406021118,0.16402995586395264,0.3775203227996826,0.6752612010196511,0.42403513193130493,0.08376496285200119
N,23479,0.5363491177558899,0.49093955755233765,0.16320039331912994,0.40073221921920776,0.63000199819915,0.4101594090461731,0.41635167598724365
X,23484,0.5551049113273621,0.4909557104110718,0.16876882314682007,0.3896837532520294,0.6461492623974725,0.4256926476955414,0.18917064368724823
S,23491,0.5495595335960388,0.4997105002403259,0.16221848130226135,0.3686062693595886,0.60522321884467,0.427875816822052,0.10599453747272491
T,23494,0.5285140872001648,0.455593079328537,0.15875686705112457,0.39757081866264343,0.7032546414877531,0.4040656089782715,0.5952563881874084
T,23496,0.5504752397537231,0.48894914984703064,0.16865381598472595,0.40277349948883057,0.6121248590558147,0.4160487949848175,0.37861698865890503
T,23497,0.5260693430900574,0.4538085162639618,0.15756788849830627,0.3962152302265167,0.737416518584502,0.4032537043094635,0.5902969241142273
X,23516,0.5372847318649292,0.4628448486328125,0.16305020451545715,0.4025605618953705,0.680259857889799,0.4073825180530548,0.5849147439002991
S,23521,0.5115955471992493,0.4965318441390991,0.15341542661190033,0.35630711913108826,0.6638893549190834,0.4239078164100647,0.0633099302649498
T,23529,0.5357804298400879,0.4554268419742584,0.1622576266527176,0.4021315574645996,0.7351468025712954,0.409420907497406,0.5901287198066711
_,23534,0.521380603313446,0.44485825300216675,0.15523239970207214,0.39396679401397705,0.8695810507734617,0.4039668142795563,0.0
T,23542,0.5407121181488037,0.45850658416748047,0.1646854132413864,0.40496736764907837,0.7194640563936022,0.41177499294281006,0.5783321261405945
X,23547,0.5468617677688599,0.49163469672203064,0.16717445850372314,0.3900590240955353,0.6568409602918353,0.4261760413646698,0.19226916134357452
X,23556,0.5371105074882507,0.4619324207305908,0.16294698417186737,0.4026825428009033,0.7088943252989779,0.4081485867500305,0.5730193853378296
X,23558,0.6396778225898743,0.4910435974597931,0.18883545696735382,0.39898937940597534,0.6156192117114552,0.4478577673435211,0.0781731903553009
_,23562,0.5214466452598572,0.4448722004890442,0.15526410937309265,0.39400726556777954,0.8696974408129852,0.4040072560310364,0.0
S,23568,0.48303651809692383,0.5025467276573181,0.14614734053611755,0.34506410360336304,0.6915988294035197,0.42352670431137085,0.054056961089372635
T,23571,0.6421982049942017,0.4865387976169586,0.19403201341629028,0.4110638201236725,0.6234087219740225,0.4478648006916046,0.12091077864170074
T,23578,0.5707100629806519,0.48010143637657166,0.17593614757061005,0.40520814061164856,0.6383447984109323,0.42798617482185364,0.24539411067962646
_,23582,0.5220710635185242,0.44500377774238586,0.155565083026886,0.39438799023628235,0.8692516088982424,0.4043879806995392,0.0
_,23584,0.5214751362800598,0.4448781907558441,0.15527790784835815,0.394024521112442,0.8695335086683433,0.40402448177337646,0.0
_,23587,0.5215533375740051,0.4448947310447693,0.15531551837921143,0.3940724730491638,0.869628588706255,0.40407246351242065,0.0
S,23588,0.5273084044456482,0.49859726428985596,0.15462630987167358,0.35679805278778076,0.6314355365243197,0.42630016803741455,0.06272058933973312
X,23593,0.5382522940635681,0.4889853894710541,0.16380156576633453,0.3893945813179016,0.6220788051125904,0.4187450706958771,0.2329026758670807
T,23598,0.5430752635002136,0.4615485668182373,0.16583703458309174,0.4061993658542633,0.6334397744666058,0.41197606921195984,0.586732029914856
S,23601,0.49702805280685425,0.49923914670944214,0.1504448652267456,0.3513144552707672,0.679211274702102,0.4247625768184662,0.054167550057172775
N,23607,0.5409489274024963,0.4923225939273834,0.16577857732772827,0.39707815647125244,0.6690665566961738,0.42015448212623596,0.29360926151275635
T,23617,0.5450838208198547,0.46951645612716675,0.16685931384563446,0.4069298505783081,0.4671262923352485,0.41002851724624634,0.5862325429916382
_,23628,0.5226438641548157,0.44512397050857544,0.15584209561347961,0.39473477005958557,0.8680984706679981,0.4047347605228424,0.0
S,23632,0.48656657338142395,0.5144886374473572,0.14196012914180756,0.3401855528354645,0.6067795971987229,0.4176456034183502,0.10258737951517105
N,23633,0.6052917838096619,0.48728078603744507,0.1792054921388626,0.3893350064754486,0.6357272006670731,0.43957000970840454,0.05922888591885567
N,23638,0.5790616273880005,0.4887411594390869,0.17192505300045013,0.3836914598941803,0.648209605444378,0.434453547000885,0.0781254991889
X,23651,0.5375621914863586,0.46205252408981323,0.1631631702184677,0.40290212631225586,0.696984015984026,0.4082096219062805,0.5788449048995972
T,23658,0.5540250539779663,0.48766419291496277,0.1709146350622177,0.405337393283844,0.6306607359574021,0.41818174719810486,0.3837050497531891
N,23662,0.6310840249061584,0.49189653992652893,0.18640463054180145,0.39558061957359314,0.6148469700988547,0.4458867013454437,0.08018919825553894
N,23678,0.5985497832298279,0.4842431843280792,0.18015767633914948,0.39153698086738586,0.6592591898557051,0.4410427212715149,0.03679785877466202
N,23685,0.5521945953369141,0.500790536403656,0.1705072820186615,0.4064174294471741,0.6416117128294718,0.41948461532592773,0.3916007876396179
X,23687,0.5355153679847717,0.46203094720840454,0.16217757761478424,0.4016554653644562,0.7000499880039328,0.4068439304828644,0.5766610503196716
S,23689,0.4929373264312744,0.5020467638969421,0.14374743402004242,0.3465583920478821,0.6216766419420795,0.41654643416404724,0.08367974311113358
_,23690,0.5220347046852112,0.4449962079524994,0.15554746985435486,0.394366055727005,0.8692899596194427,0.40436604619026184,0.0
T,23701,0.5529954433441162,0.4864184558391571,0.1707857847213745,0.4112992584705353,0.6256004435165717,0.4107382595539093,0.5616097450256348
N,23720,0.5419178605079651,0.4980710446834564,0.16553692519664764,0.40463724732398987,0.6340825279608059,0.4108528196811676,0.4474762976169586
N,23732,0.5430909395217896,0.4829310178756714,0.1633598655462265,0.3851108253002167,0.6787429543514737,0.42371469736099243,0.13174422085285187
_,23738,0.522274374961853,0.445046603679657,0.1556631326675415,0.39451196789741516,0.8690905479590099,0.404511958360672,0.0
X,23748,0.6121718287467957,0.4902074337005615,0.1844688057899475,0.4010365307331085,0.6169876956456574,0.4413999915122986,0.13607484102249146
S,23751,0.4823746979236603,0.5013412833213806,0.14551031589508057,0.3445894122123718,0.6958089711641272,0.4222467839717865,0.05244437977671623
X,23757,0.6493104696273804,0.48971232771873474,0.19208376109600067,0.40329793095588684,0.6212179119340726,0.4491148293018341,0.08238548785448074
S,23768,0.49785614013671875,0.500491738319397,0.15099795162677765,0.3499029874801636,0.6888444016190867,0.42684537172317505,0.04636633023619652
T,23773,0.5515575408935547,0.4836314916610718,0.16800253093242645,0.3997292220592499,0.6426629578822759,0.41874974966049194,0.30715540051460266
N,23774,0.5965553522109985,0.4918743073940277,0.17685379087924957,0.3939947187900543,0.647095598274168,0.4355194568634033,0.14791648089885712
N,23779,0.5641934275627136,0.4843474328517914,0.16757281124591827,0.38446858525276184,0.6890746091119946,0.4287225008010864,0.09555619955062866
X,23787,0.5453035235404968,0.4653610289096832,0.1669396460056305,0.4073357880115509,0.7147458263868521,0.4119977653026581,0.5851214528083801
_,23794,0.5214208364486694,0.44486674666404724,0.15525180101394653,0.3939912021160126,0.8695466482142608,0.4039911925792694,0.0
N,23808,0.5486692190170288,0.4979304075241089,0.16875846683979034,0.40857625007629395,0.6119911043795583,0.41146987676620483,0.4837377965450287
T,23819,0.5365280508995056,0.460561066865921,0.16265961527824402,0.4023772180080414,0.716668565695721,0.40821951627731323,0.574526846408844
X,23822,0.5835365056991577,0.48590323328971863,0.17420929670333862,0.3904780149459839,0.632753255397159,0.43190738558769226,0.11718006432056427
X,23826,0.6010734438896179,0.48689210414886475,0.18054649233818054,0.3942560851573944,0.6392885326500982,0.4394262433052063,0.08753306418657303
_,23829,0.5173170566558838,0.444000244140625,0.15327668190002441,0.39148062467575073,0.873175509274006,0.4014805555343628,0.0
_,23838,0.5173787474632263,0.4440132677555084,0.15330645442008972,0.39151817560195923,0.8730845060944558,0.4015181362628937,0.0
_,23841,0.5173877477645874,0.4440152049064636,0.15331073105335236,0.3915238678455353,0.8731183908879757,0.4015238583087921,0.0
S,23844,0.5344817638397217,0.49646830558776855,0.15755534172058105,0.3621143102645874,0.6264474379639918,0.4253762364387512,0.07758530229330063
T,23845,0.5835510492324829,0.47887396812438965,0.17475874722003937,0.3932904899120331,0.6598919702255323,0.42936813831329346,0.10666672885417938
S,23846,0.4651468098163605,0.5036970376968384,0.13781283795833588,0.34278860688209534,0.6857411864710351,0.41022297739982605,0.10386718809604645
S,23848,0.46578076481819153,0.49766939878463745,0.13723215460777283,0.3449343740940094,0.708971822783351,0.40800485014915466,0.0981561616063118
N,23858,0.5473262071609497,0.49092739820480347,0.16669489443302155,0.3937568664550781,0.6658078911678846,0.4213204085826874,0.25271013379096985
S,23865,0.5201022028923035,0.5023630857467651,0.1501392424106598,0.35642898082733154,0.6186081435101611,0.41679486632347107,0.12006832659244537
S,23868,0.5152376294136047,0.4984998106956482,0.15160901844501495,0.3585129976272583,0.6237881378549113,0.41876232624053955,0.10460042953491211
X,23870,0.5359489321708679,0.46301570534706116,0.16239944100379944,0.401670902967453,0.6948386640485007,0.40611737966537476,0.5912342071533203
N,23877,0.5375203490257263,0.49449971318244934,0.1635553240776062,0.4019550681114197,0.6253057834529319,0.4093351364135742,0.43597859144210815
N,23878,0.555495023727417,0.48232823610305786,0.16667264699935913,0.38298237323760986,0.6727598831024565,0.4272681176662445,0.08431533724069595
T,23892,0.5995444655418396,0.4853755831718445,0.18033476173877716,0.4015536606311798,0.6192857495048277,0.4339044392108917,0.17599286139011383
T,23899,0.5330308675765991,0.4815085828304291,0.1616595834493637,0.39819464087486267,0.6355434237079074,0.40754371881484985,0.41631990671157837
S,23900,0.4694638252258301,0.5039443969726562,0.13970857858657837,0.34366118907928467,0.6767330004212757,0.4122767150402069,0.09957774728536606
T,23909,0.5532683730125427,0.48893025517463684,0.1704835295677185,0.40909337997436523,0.6387023792266459,0.41361701488494873,0.4827914535999298
S,23920,0.4975486993789673,0.5040609836578369,0.14657428860664368,0.3498004078865051,0.6202187882957515,0.41718369722366333,0.10089321434497833
_,23923,0.5173948407173157,0.4440167248249054,0.15331408381462097,0.39152827858924866,0.873172227392594,0.4015282094478607,0.0
_,23927,0.5173566341400146,0.4440087080001831,0.15329569578170776,0.3915049433708191,0.8732067213455836,0.4015049338340759,0.0
_,23931,0.5173248648643494,0.4440019726753235,0.15328043699264526,0.39148545265197754,0.8731504262487094,0.4014854431152344,0.0
X,23933,0.5412024259567261,0.46492284536361694,0.16495926678180695,0.4048180878162384,0.6804719693979738,0.40922811627388,0.5857532024383545
_,23935,0.5179836750030518,0.444141149520874,0.15359719097614288,0.3918892443180084,0.8728846353789171,0.40188923478126526,0.0
T,23936,0.5808735489845276,0.4875416159629822,0.1787138730287552,0.40759900212287903,0.621379377876486,0.42789357900619507,0.30311068892478943
_,23937,0.5179491639137268,0.4441339075565338,0.15358057618141174,0.3918682038784027,0.8729202517867088,0.40186819434165955,0.0
S,23942,0.4699593186378479,0.5010935664176941,0.13934855163097382,0.3454374372959137,0.6804444706315796,0.4091196358203888,0.10773560404777527
S,23947,0.46512290835380554,0.5051779747009277,0.13668355345726013,0.33296963572502136,0.6993508961051703,0.41456830501556396,0.06144687905907631
X,23948,0.5865228176116943,0.48786744475364685,0.17431233823299408,0.388400137424469,0.624405161732187,0.4326280653476715,0.11094991862773895
S,23951,0.5169849991798401,0.5027424097061157,0.149277001619339,0.3551025688648224,0.6199185851186121,0.4170653223991394,0.11560273170471191
X,23964,0.5395071506500244,0.4628972113132477,0.1641211211681366,0.4039343297481537,0.6923207394090666,0.40892738103866577,0.5856419801712036
_,23966,0.5174083113670349,0.4440195858478546,0.1533205658197403,0.39153656363487244,0.8731233696639539,0.4015365242958069,0.0
N,23967,0.5469921231269836,0.48387086391448975,0.16380521655082703,0.38359692692756653,0.6693712523697953,0.42364755272865295,0.1280256062746048
T,23974,0.536395251750946,0.45930543541908264,0.16259312629699707,0.4022601842880249,0.6399715043135151,0.40830644965171814,0.5840288996696472
N,23980,0.6313838362693787,0.4926952123641968,0.18561258912086487,0.3950352072715759,0.6305270958492202,0.44464123249053955,0.09240394085645676
N,23982,0.5477540493011475,0.48278218507766724,0.16512660682201385,0.38572314381599426,0.6796433447347955,0.4251520037651062,0.12323945760726929
S,23986,0.5174028873443604,0.5025455951690674,0.1494177281856537,0.3548780381679535,0.6210527410959913,0.41757240891456604,0.11186568439006805
S,23994,0.5203179121017456,0.4973527789115906,0.1529581993818283,0.3555786609649658,0.6376260094891768,0.42365217208862305,0.06574781239032745
T,24004,0.5286561846733093,0.4560054540634155,0.15882530808448792,0.3977634310722351,0.7388639327557758,0.40439996123313904,0.5798827409744263
_,24007,0.5179605484008789,0.44413626194000244,0.15358611941337585,0.3918750286102295,0.8728521166245143,0.40187501907348633,0.0
S,24023,0.48819369077682495,0.5049195289611816,0.1432962566614151,0.34837430715560913,0.5962768726206075,0.41140010952949524,0.12198701500892639
_,24024,0.5173839330673218,0.44401440024375916,0.1533089280128479,0.39152151346206665,0.8731464064617952,0.4015215039253235,0.0
T,24025,0.5641350150108337,0.4901707172393799,0.17204180359840393,0.4033093750476837,0.6577543502275998,0.42239147424697876,0.32331377267837524
T,24046,0.5524225234985352,0.4609092175960541,0.17036893963813782,0.412056565284729,0.6811235152673908,0.4192356765270233,0.5664113163948059
_,24047,0.5336973071098328,0.4474451243877411,0.1611824780702591,0.4014386534690857,0.8608180557688078,0.41143861413002014,0.0
_,24048,0.533565104007721,0.4474174976348877,0.16111835837364197,0.401358962059021,0.8608747757971287,0.41135895252227783,0.0
_,24049,0.5334541201591492,0.4473942220211029,0.16106463968753815,0.401292085647583,0.860855493148168,0.41129207611083984,0.0
_,24092,0.5324515104293823,0.44718456268310547,0.16057895123958588,0.4006878137588501,0.8614094804227352,0.41068780422210693,0.0
X,24093,0.6003941297531128,0.4922066330909729,0.18350337445735931,0.4025960862636566,0.6365690669869462,0.4441467821598053,0.13887813687324524
X,24095,0.5461723208427429,0.4646834433078766,0.16733402013778687,0.4080856740474701,0.6911565385767305,0.4133295714855194,0.5763952136039734
S,24105,0.5599114298820496,0.5007112622261047,0.1621401458978653,0.3686191439628601,0.6139940957248655,0.4326535761356354,0.08596955984830856
_,24108,0.5325609445571899,0.447207510471344,0.16063186526298523,0.40075409412384033,0.8614472115039826,0.4107540249824524,0.0
S,24113,0.49842509627342224,0.5150418281555176,0.14695926010608673,0.3510666489601135,0.5774648526697032,0.42017659544944763,0.12802931666374207
S,24114,0.49532315135002136,0.5045341849327087,0.14838986098766327,0.35304027795791626,0.6189004264217026,0.4237203001976013,0.08595894277095795
X,24120,0.5495513677597046,0.4628489315509796,0.16896846890449524,0.4102678894996643,0.696418771359604,0.4165453314781189,0.5705815553665161
N,24128,0.5759370923042297,0.4850624203681946,0.1733430027961731,0.39069342613220215,0.680616028495812,0.4367522597312927,0.07515770196914673
S,24137,0.5517483949661255,0.5027680397033691,0.16351205110549927,0.3690425157546997,0.6063675403308784,0.43603333830833435,0.08193203806877136
N,24145,0.5359786748886108,0.48755890130996704,0.16396696865558624,0.38760504126548767,0.6941417273754875,0.4285356104373932,0.14080891013145447
_,24152,0.5330616235733032,0.44731223583221436,0.1608743667602539,0.4010559320449829,0.86121874888738,0.41105592250823975,0.0
X,24155,0.5662403106689453,0.4895777404308319,0.1730521023273468,0.3941168189048767,0.6643628023883018,0.4347332715988159,0.14250779151916504
X,24165,0.5544713735580444,0.4663262963294983,0.17138254642486572,0.4131191670894623,0.6700423807856472,0.41895273327827454,0.5618013143539429
S,24171,0.5648462772369385,0.5039842128753662,0.1643640249967575,0.36469799280166626,0.6234842467771766,0.43901771306991577,0.05836059898138046
T,24178,0.548659086227417,0.4593254327774048,0.16851241886615753,0.40991267561912537,0.7157958159954676,0.41722261905670166,0.5709392428398132
T,24181,0.5864515900611877,0.47953706979751587,0.1774488091468811,0.40506425499916077,0.6380328212790968,0.4290865361690521,0.22535549104213715
_,24186,0.532435953617096,0.44718119502067566,0.16057151556015015,0.40067803859710693,0.8613805314898492,0.41067805886268616,0.0
N,24192,0.5977258682250977,0.4864179491996765,0.17912614345550537,0.3956790864467621,0.6486725108325967,0.441319078207016,0.07769975811243057
T,24197,0.5535833239555359,0.4636925756931305,0.1709447056055069,0.4125819504261017,0.6503197236355663,0.41880321502685547,0.5751631259918213
N,24212,0.6181805729866028,0.49151748418807983,0.18408553302288055,0.39680710434913635,0.6458241021219147,0.4486139118671417,0.06725969165563583
T,24228,0.5548442006111145,0.464373379945755,0.17156758904457092,0.41326868534088135,0.698224027052044,0.41932958364486694,0.576894223690033
T,24234,0.6387624144554138,0.48382458090782166,0.19270557165145874,0.4126240313053131,0.6252980875895204,0.44828104972839355,0.10626289993524551
N,24235,0.5618414282798767,0.48243242502212524,0.16878464818000793,0.38675910234451294,0.6858433588638825,0.4318954050540924,0.07005941867828369
N,24238,0.5845479369163513,0.484928697347641,0.1748296171426773,0.39264288544654846,0.6647508009668673,0.43719977140426636,0.08186773210763931
_,24242,0.5324000716209412,0.4471738338470459,0.16055400669574738,0.40065696835517883,0.8615527438620727,0.41065695881843567,0.0
N,24246,0.5599197745323181,0.48777878284454346,0.1674458533525467,0.3912554085254669,0.65447469556937,0.4263642728328705,0.17905540764331818
T,24261,0.5766274333000183,0.5020487308502197,0.1823432445526123,0.4242772161960602,0.6176972887140498,0.41943326592445374,0.5828525424003601
X,24266,0.5499117374420166,0.46589091420173645,0.16915397346019745,0.4102737009525299,0.711890714841411,0.4153735637664795,0.5787116289138794
_,24267,0.5330952405929565,0.44731923937797546,0.1608908325433731,0.4010757803916931,0.8610452876488368,0.41107574105262756,0.0
T,24269,0.5705482959747314,0.49745088815689087,0.17928476631641388,0.4198542833328247,0.6376453638440823,0.4268375039100647,0.4603568911552429
T,24275,0.5588531494140625,0.490993857383728,0.1737608015537262,0.41361135244369507,0.6131047312961891,0.42312127351760864,0.42906174063682556
_,24280,0.533164918422699,0.4473339021205902,0.16092438995838165,0.4011181592941284,0.8611667668819428,0.41111814975738525,0.0
S,24291,0.5069980621337891,0.5001316666603088,0.15452834963798523,0.35426849126815796,0.6775385801928739,0.431751549243927,0.036444902420043945
X,24294,0.57093346118927,0.4911867380142212,0.17256423830986023,0.3931942880153656,0.6635398695687764,0.4340657591819763,0.15064993500709534
X,24296,0.5534704327583313,0.47124168276786804,0.17091134190559387,0.4121203124523163,0.5926208120377123,0.41569551825523376,0.5797320604324341
T,24317,0.6094826459884644,0.4969140887260437,0.1907331347465515,0.4214029312133789,0.6274865406971246,0.4406687915325165,0.33865901827812195
N,24318,0.559973955154419,0.4832337498664856,0.1694076508283615,0.38880378007888794,0.6832224498184709,0.43325042724609375,0.07871633768081665
_,24319,0.5325416326522827,0.4472034275531769,0.16062253713607788,0.40074238181114197,0.8614691506822905,0.4107423424720764,0.0
_,24324,0.5334412455558777,0.4473915696144104,0.16105835139751434,0.40128448605537415,0.8609522273143133,0.411284476518631,0.0
S,24325,0.5568139553070068,0.504837155342102,0.16150882840156555,0.36459144949913025,0.6240124746046423,0.43510952591896057,0.07908795028924942
_,24330,0.5093504786491394,0.44231095910072327,0.14945515990257263,0.3865724205970764,0.87832291290164,0.39657241106033325,0.0
_,24333,0.5093603134155273,0.4423130452632904,0.14945988357067108,0.38657858967781067,0.8783418221275012,0.3965785503387451,0.0
N,24358,0.5524189472198486,0.4888496994972229,0.16480837762355804,0.38088685274124146,0.6423776132094403,0.4222349226474762,0.14765317738056183
S,24361,0.4678366184234619,0.5020586252212524,0.13827039301395416,0.3445546627044678,0.6707724818959833,0.4074539840221405,0.11492326110601425
S,24362,0.4711442291736603,0.5002452731132507,0.14024142920970917,0.3401718735694885,0.7119394913812479,0.4146919250488281,0.06435684859752655
X,24372,0.537501871585846,0.4879148006439209,0.15974481403827667,0.37829622626304626,0.6260347709742685,0.4142090380191803,0.18387281894683838
X,24380,0.5699005722999573,0.4838895797729492,0.17016765475273132,0.38643723726272583,0.635435681163799,0.4262787103652954,0.12280607223510742
S,24385,0.47873881459236145,0.49531689286231995,0.14225536584854126,0.348049521446228,0.6884947397808234,0.411216676235199,0.08570342510938644
T,24389,0.5689016580581665,0.48445791006088257,0.17005984485149384,0.3932842016220093,0.6149233507536944,0.4229581952095032,0.20636329054832458
X,24390,0.5848647356033325,0.48440131545066833,0.17370007932186127,0.38843604922294617,0.6246549085190054,0.42858293652534485,0.119383804500103
S,24396,0.4599427282810211,0.496997594833374,0.1341881901025772,0.34212422370910645,0.7086391574516893,0.4029290974140167,0.10697805881500244
N,24412,0.5725218653678894,0.4906770884990692,0.17033953964710236,0.38823816180229187,0.6528257890059468,0.4263785481452942,0.17247986793518066
_,24413,0.5094236135482788,0.44232651591300964,0.14949019253253937,0.38661763072013855,0.8782873693108559,0.3966176211833954,0.0
N,24432,0.536499559879303,0.48916199803352356,0.159915953874588,0.37838858366012573,0.6033678006648067,0.4177930951118469,0.1657542735338211
S,24434,0.5283093452453613,0.4954202473163605,0.15492746233940125,0.3601614832878113,0.6307917644675809,0.4205985963344574,0.08804607391357422
X,24441,0.544170081615448,0.48183533549308777,0.16287992894649506,0.3819696009159088,0.6533553190374126,0.41804036498069763,0.14834265410900116
N,24444,0.5769060254096985,0.4873524010181427,0.1724165827035904,0.38279882073402405,0.6619359142321143,0.43410173058509827,0.06696467846632004
_,24449,0.5100942254066467,0.4424690306186676,0.1498112976551056,0.38703227043151855,0.8780073409279188,0.3970322608947754,0.0
N,24463,0.5232921242713928,0.48823389410972595,0.15697573125362396,0.3917545676231384,0.6643879810813815,0.405975341796875,0.36193224787712097
S,24470,0.4752257466316223,0.4995989203453064,0.1413220465183258,0.3419768214225769,0.7132276789098978,0.4152151942253113,0.06550994515419006
_,24477,0.5104407072067261,0.44254231452941895,0.14997783303260803,0.38724496960639954,0.8773401381075383,0.397244930267334,0.0
X,24478,0.5240448713302612,0.45920491218566895,0.15665675699710846,0.39461490511894226,0.7176839856006897,0.3996424674987793,0.5804573893547058
S,24493,0.48351308703422546,0.5006349086761475,0.1436435878276825,0.3439689576625824,0.6958184421434999,0.41635623574256897,0.07135751843452454
N,24499,0.5405728816986084,0.4834528863430023,0.16029183566570282,0.37907809019088745,0.6725479034487944,0.418803870677948,0.13343627750873566
X,24505,0.5254507660865784,0.4599655866622925,0.15733273327350616,0.39533594250679016,0.7133122339187442,0.3999166786670685,0.5911842584609985
S,24508,0.4624498188495636,0.5063994526863098,0.13397975265979767,0.3349273204803467,0.6796013326970085,0.4060869812965393,0.1015576422214508
X,24516,0.523999035358429,0.45672908425331116,0.15660469233989716,0.3946596384048462,0.7170093553898763,0.4003315269947052,0.5926883816719055
S,24517,0.48393434286117554,0.5008946061134338,0.14503946900367737,0.3448578417301178,0.6932231052344044,0.4180909991264343,0.06841447949409485
_,24525,0.5099601149559021,0.4424405097961426,0.14974716305732727,0.3869492709636688,0.8779361370205879,0.39694926142692566,0.0
S,24528,0.4645721912384033,0.49793434143066406,0.13691826164722443,0.3422412872314453,0.7083353717873494,0.4079093933105469,0.089805968105793
T,24531,0.5238736271858215,0.4554145336151123,0.15653866529464722,0.3947521150112152,0.7365546376027123,0.40111932158470154,0.5827581882476807
_,24534,0.5093665719032288,0.442314475774765,0.14946284890174866,0.386582612991333,0.8783834618330002,0.39658260345458984,0.0
_,24541,0.5094456076622009,0.4423312544822693,0.14950063824653625,0.38663142919540405,0.8783826797207197,0.3966314196586609,0.0
X,24547,0.5308306217193604,0.46236395835876465,0.15993724763393402,0.3984919488430023,0.629377509041248,0.40261968970298767,0.593071699142456
_,24572,0.5093511343002319,0.44231116771698,0.1494554728269577,0.3865729868412018,0.8783586745957535,0.3965729773044586,0.0
_,24573,0.5101721882820129,0.4424855709075928,0.14984868466854095,0.3870804011821747,0.8778949868182342,0.3970803916454315,0.0
S,24577,0.48403477668762207,0.49977388978004456,0.1442871242761612,0.3481663167476654,0.6880480788151424,0.4157719910144806,0.0850214883685112
N,24586,0.5409526824951172,0.4872596263885498,0.16085205972194672,0.38047030568122864,0.6757508913650722,0.4191854000091553,0.1601017713546753
N,24606,0.5312970876693726,0.47995108366012573,0.15619207918643951,0.3727647364139557,0.697704642652534,0.41471797227859497,0.10297895967960358
N,24609,0.5336984395980835,0.483089804649353,0.15811973810195923,0.37608999013900757,0.6760827050932373,0.41609618067741394,0.13257284462451935
S,24610,0.47736725211143494,0.5121344327926636,0.1392766386270523,0.34018510580062866,0.6063996574717264,0.4092616140842438,0.12455549836158752
T,24613,0.5262445211410522,0.45131027698516846,0.15765616297721863,0.3964391052722931,0.7418632924734387,0.4044441282749176,0.5885938405990601
_,24614,0.5103631615638733,0.4425261616706848,0.14994019269943237,0.3871983289718628,0.8778299702207248,0.39719831943511963,0.0
S,24626,0.49243587255477905,0.49953263998031616,0.1460496485233307,0.352532297372818,0.6517673483118416,0.41322165727615356,0.110598623752594
S,24628,0.46915945410728455,0.4987962543964386,0.1389370560646057,0.3435155749320984,0.6838878951532146,0.40796422958374023,0.0968291163444519
S,24636,0.5488715767860413,0.5035516023635864,0.1616857945919037,0.3675968647003174,0.5983367640531408,0.43030235171318054,0.10600375384092331
_,24639,0.525176465511322,0.4456578195095062,0.15706248581409454,0.3962801396846771,0.8667612163722516,0.4062801003456116,0.0
T,24641,0.6465200781822205,0.48396867513656616,0.19092097878456116,0.40786948800086975,0.6573394411119322,0.4470630884170532,0.08368711173534393
_,24649,0.5252466797828674,0.4456726312637329,0.1570962816476822,0.39632293581962585,0.8668172073860964,0.4063229262828827,0.0
N,24651,0.5430340766906738,0.4976719319820404,0.1661807894706726,0.4049982726573944,0.6351449396911388,0.4138435423374176,0.4250181317329407
X,24652,0.5479395389556885,0.4641931354999542,0.16820737719535828,0.40914151072502136,0.6878149640061224,0.41474393010139465,0.5746557712554932
X,24664,0.5482920408248901,0.473929762840271,0.1684270203113556,0.40877243876457214,0.5235078779372756,0.41087380051612854,0.580129086971283
T,24666,0.5358642935752869,0.4584032893180847,0.16230979561805725,0.40194717049598694,0.7289495103696026,0.40803104639053345,0.59600430727005
_,24672,0.5251434445381165,0.4456508457660675,0.15704648196697235,0.3962601125240326,0.8668329477310182,0.4062601327896118,0.0
T,24679,0.6550678610801697,0.4851765036582947,0.19149944186210632,0.4059827923774719,0.6547687962000782,0.44818705320358276,0.0694160982966423
_,24692,0.5256595611572266,0.44575929641723633,0.15729576349258423,0.3965733051300049,0.8662658524513245,0.4065733253955841,0.0
T,24693,0.6435108780860901,0.48430269956588745,0.18893089890480042,0.40259528160095215,0.6269139832085057,0.4447610676288605,0.06880263984203339
N,24708,0.5719653367996216,0.48715806007385254,0.17208170890808105,0.3889864385128021,0.6720719960789817,0.43380045890808105,0.1025145947933197
N,24712,0.5965903401374817,0.49625834822654724,0.17764514684677124,0.39765235781669617,0.637067807921873,0.4350629448890686,0.19590677320957184
_,24716,0.5260968208312988,0.44585123658180237,0.1575067788362503,0.3968392014503479,0.8663213408986727,0.40683919191360474,0.0
T,24724,0.5891309976577759,0.48111602663993835,0.17784352600574493,0.4034515619277954,0.6567167759869093,0.4327184855937958,0.177652046084404
X,24727,0.5769277811050415,0.48949962854385376,0.17290419340133667,0.3892604410648346,0.6124140962246263,0.43129828572273254,0.1352391242980957
_,24743,0.5251541137695312,0.4456530809402466,0.157051682472229,0.3962665796279907,0.8668312486509483,0.40626657009124756,0.0
_,24748,0.5251733660697937,0.4456571638584137,0.15706098079681396,0.3962782621383667,0.8667839797337851,0.40627822279930115,0.0
S,24758,0.54513019323349,0.49810048937797546,0.15805520117282867,0.3637330234050751,0.6269710643084303,0.42804890871047974,0.07766299694776535
S,24766,0.484821081161499,0.5159399509429932,0.14183388650417328,0.3414987027645111,0.5960662769619376,0.41669613122940063,0.1130756363272667
N,24773,0.5527346134185791,0.5032511353492737,0.17068585753440857,0.4113609492778778,0.6291549048384453,0.41234833002090454,0.49684152007102966
_,24774,0.5251333713531494,0.4456486999988556,0.15704165399074554,0.3962538540363312,0.8668071155250073,0.406253844499588,0.0
N,24778,0.562161386013031,0.4892457127571106,0.17226622998714447,0.3968456983566284,0.6321213142030563,0.4281957149505615,0.21258781850337982
X,24780,0.5467256903648376,0.4879845678806305,0.16765791177749634,0.38977962732315063,0.6679817897671213,0.427814781665802,0.15946969389915466
T,24793,0.6328880190849304,0.4804593026638031,0.1893448382616043,0.4099384546279907,0.6458183356900797,0.44347497820854187,0.10499586164951324
T,24799,0.5432197451591492,0.4586602747440338,0.16587577760219574,0.4064866602420807,0.7193370501191142,0.4132383167743683,0.5904203057289124
N,24800,0.6394339203834534,0.4924268126487732,0.18823249638080597,0.3974401652812958,0.6139709917919876,0.4482809603214264,0.07611887156963348
S,24802,0.47554367780685425,0.5002283453941345,0.14230284094810486,0.34751221537590027,0.6902537120878697,0.4167756140232086,0.07887984812259674
X,24808,0.5399417877197266,0.45922979712486267,0.16428691148757935,0.404492050409317,0.7226612874596807,0.4108335077762604,0.5864428877830505
_,24812,0.5261772274971008,0.4458681344985962,0.15754558145999908,0.3968881368637085,0.8662558166682721,0.40688812732696533,0.0
T,24823,0.6226618885993958,0.4822957515716553,0.1864030957221985,0.40418320894241333,0.6488661101512844,0.4420303702354431,0.0906587541103363
N,24835,0.5548853278160095,0.48434001207351685,0.1650383323431015,0.382019966840744,0.6759626896141951,0.42695581912994385,0.09405170381069183
_,24844,0.5252286791801453,0.4456687569618225,0.15708765387535095,0.39631184935569763,0.8668253292143345,0.4063118100166321,0.0
_,24850,0.5256878733634949,0.4457651972770691,0.15730944275856018,0.3965904712677002,0.8662334013481935,0.40659046173095703,0.0
T,24854,0.5444511771202087,0.4601086676120758,0.16648593544960022,0.4072906970977783,0.7169068967457861,0.41405242681503296,0.5694893598556519
S,24863,0.5466923117637634,0.5030037760734558,0.15977638959884644,0.36024919152259827,0.6304224884334932,0.4332314431667328,0.06459388881921768
_,24865,0.5251790285110474,0.4456583857536316,0.15706363320350647,0.39628180861473083,0.8667961927751701,0.40628179907798767,0.0
N,24868,0.5507760047912598,0.48360130190849304,0.1661316156387329,0.38745588064193726,0.6745530004756681,0.42725566029548645,0.12223078310489655
N,24869,0.598425030708313,0.48791608214378357,0.17663678526878357,0.39141058921813965,0.6126678224999523,0.43631142377853394,0.10068804025650024
S,24870,0.47669699788093567,0.5039732456207275,0.1432460993528366,0.34590408205986023,0.6742633872106671,0.41822290420532227,0.08222974836826324
T,24878,0.5431810617446899,0.48397350311279297,0.16702663898468018,0.3997036814689636,0.6628728004638106,0.42189520597457886,0.27559664845466614
T,24880,0.5655555129051208,0.48550117015838623,0.17337679862976074,0.40589168667793274,0.635588997294326,0.4251231253147125,0.30973005294799805
T,24891,0.5912942886352539,0.48789358139038086,0.1825973242521286,0.41014564037323,0.6204707845634161,0.434032142162323,0.26569366455078125
X,24895,0.5725382566452026,0.4859408736228943,0.17210055887699127,0.3870186507701874,0.6756516986922362,0.4347873032093048,0.07496200501918793
N,24896,0.5410340428352356,0.48386648297309875,0.15947574377059937,0.37886321544647217,0.6620169407482415,0.4141772389411926,0.16920284926891327
S,24897,0.46997666358947754,0.5113497972488403,0.13595855236053467,0.3365083634853363,0.6106309228933484,0.403859406709671,0.12857423722743988
_,24899,0.504752516746521,0.4413296580314636,0.14726108312606812,0.3837098181247711,0.8787488373120627,0.39370980858802795,0.0
S,24902,0.5059525966644287,0.4967207908630371,0.14770089089870453,0.35203516483306885,0.6292815401373082,0.41335529088974,0.09591135382652283
X,24928,0.5250535011291504,0.49115636944770813,0.1589137464761734,0.3841092586517334,0.6515485017746687,0.41202154755592346,0.2528010606765747
T,24937,0.5512328743934631,0.47865185141563416,0.16492381691932678,0.3874545693397522,0.6589261108194479,0.41746121644973755,0.17738117277622223
_,24939,0.501801073551178,0.44070154428482056,0.14584940671920776,0.38188081979751587,0.8818851682543755,0.3918807804584503,0.0
T,24948,0.5388573408126831,0.4807066023349762,0.16013401746749878,0.3835435211658478,0.662139167956387,0.4110223650932312,0.21681270003318787
N,24954,0.543352484703064,0.4883142113685608,0.16042791306972504,0.377165287733078,0.603282924842503,0.4155675172805786,0.16859127581119537
_,24957,0.5019280910491943,0.44072866439819336,0.14590997993946075,0.3819600045681,0.881859860320886,0.3919599950313568,0.0
S,24958,0.5192681550979614,0.4980018734931946,0.14990738034248352,0.3536590337753296,0.6487044912265265,0.4161366820335388,0.09484478831291199
X,24971,0.5214269161224365,0.4599624276161194,0.15541785955429077,0.3927083909511566,0.7061904038411134,0.39674389362335205,0.5955603122711182
S,24973,0.49368441104888916,0.49476462602615356,0.14630262553691864,0.35015854239463806,0.6713589138320337,0.4137408435344696,0.0788513645529747
T,24975,0.5159969329833984,0.45252931118011475,0.15274851024150848,0.38985541462898254,0.746762950172127,0.39629319310188293,0.5998466610908508
T,24988,0.5777227878570557,0.48621612787246704,0.17394950985908508,0.3990682065486908,0.6675335322046098,0.4211728274822235,0.281504362821579
S,24997,0.4919992685317993,0.4970273971557617,0.1417027860879898,0.34727492928504944,0.643149090599618,0.4063507914543152,0.11041591316461563
X,25004,0.5159763693809509,0.4575660228729248,0.15279464423656464,0.38936465978622437,0.7169176755736892,0.3936476707458496,0.6015378832817078
T,25011,0.5575470924377441,0.48261308670043945,0.1675245761871338,0.39508625864982605,0.6496842376261096,0.4162690043449402,0.2807202935218811
N,25012,0.510258674621582,0.4816940426826477,0.1500396579504013,0.3686663508415222,0.6962529627652839,0.40836015343666077,0.13635535538196564
_,25013,0.5016559958457947,0.4406706392765045,0.14578016102313995,0.3817905783653259,0.8821238101025423,0.39179056882858276,0.0
N,25018,0.5372945070266724,0.4905109703540802,0.16060341894626617,0.3834906816482544,0.6376023953605909,0.4145284593105316,0.22752590477466583
S,25021,0.46304556727409363,0.5000160932540894,0.1370568573474884,0.33608928322792053,0.702421202895542,0.40965214371681213,0.06913664191961288
S,25023,0.5041778683662415,0.49623438715934753,0.14653995633125305,0.35184600949287415,0.6473235211964736,0.41268476843833923,0.09658904373645782
X,25029,0.5265156030654907,0.4702834188938141,0.1579580307006836,0.39499765634536743,0.5287815680915567,0.39517879486083984,0.59832763671875
_,25031,0.5012968182563782,0.4405938684940338,0.14560896158218384,0.38156649470329285,0.8822612716257573,0.3915664553642273,0.0
T,25044,0.5594859719276428,0.48522257804870605,0.16824251413345337,0.39311495423316956,0.6670222140926247,0.4181396961212158,0.2527296841144562
T,25045,0.5386898517608643,0.4921892285346985,0.16398821771144867,0.401868611574173,0.6121192901653316,0.39699864387512207,0.5669410824775696
S,25054,0.47997432947158813,0.5104660987854004,0.13882878422737122,0.33959975838661194,0.6157017209761372,0.4080406725406647,0.12179958075284958
S,25055,0.47078487277030945,0.49926748871803284,0.13849881291389465,0.339769572019577,0.6705927369479712,0.4077623784542084,0.08558008074760437
S,25062,0.4556311070919037,0.5048958659172058,0.1320890337228775,0.33127009868621826,0.6843473631492817,0.40335163474082947,0.09423191845417023
T,25066,0.5520534515380859,0.4768846333026886,0.1651303619146347,0.3889947533607483,0.6641038205711327,0.4166361093521118,0.18900515139102936
_,25067,0.5020216703414917,0.4407487213611603,0.14595457911491394,0.38201844692230225,0.8819149956603846,0.3920184373855591,0.0
_,25087,0.5012919306755066,0.44059285521507263,0.1456066071987152,0.3815634846687317,0.8822259765366713,0.39156341552734375,0.0
N,25089,0.556213915348053,0.487738698720932,0.16537852585315704,0.38420939445495605,0.626232612964371,0.4171704053878784,0.20021604001522064
N,25098,0.5269851088523865,0.47943055629730225,0.1544681042432785,0.3710155785083771,0.6894787221985947,0.41041240096092224,0.1212628185749054
T,25114,0.51922607421875,0.45531412959098816,0.15432299673557281,0.39163586497306824,0.6790137254960671,0.3972184658050537,0.6010990738868713
S,25119,0.47711893916130066,0.49806296825408936,0.14068233966827393,0.34124255180358887,0.7041761996690185,0.41092777252197266,0.0730867013335228
S,25124,0.47547319531440735,0.5002655982971191,0.14078079164028168,0.34386441111564636,0.6590296416853866,0.40841203927993774,0.10110127925872803
N,25141,0.5257200002670288,0.4800946116447449,0.15540723502635956,0.3734121024608612,0.7054379561985843,0.4132975935935974,0.11934201419353485
X,25147,0.5806472897529602,0.48446911573410034,0.17280012369155884,0.38393354415893555,0.6499161928422594,0.4301927387714386,0.07929715514183044
X,25148,0.5335096120834351,0.4855296015739441,0.1590239256620407,0.3778117001056671,0.6403980909838962,0.414673775434494,0.16671600937843323
S,25151,0.47659680247306824,0.49700307846069336,0.1409478783607483,0.34252986311912537,0.6829887611915668,0.409824401140213,0.07768213003873825
S,25153,0.4688973128795624,0.5105740427970886,0.13578857481479645,0.33644601702690125,0.6238713644512852,0.405592143535614,0.12055031210184097
N,25154,0.6050139665603638,0.48292985558509827,0.17968089878559113,0.3886756896972656,0.6597153627350538,0.4354593753814697,0.051629263907670975
N,25166,0.5148495435714722,0.48481884598731995,0.15116697549819946,0.3753405809402466,0.661450800767246,0.4026394784450531,0.23918524384498596
N,25171,0.5715723633766174,0.5100662112236023,0.1799292266368866,0.4204786717891693,0.5980027701243914,0.42305171489715576,0.4881051480770111
X,25180,0.5423672199249268,0.4908657968044281,0.16588559746742249,0.3908778429031372,0.6154019525926561,0.4235174059867859,0.2139887809753418
X,25182,0.5544179677963257,0.46973252296447754,0.17138811945915222,0.4127092957496643,0.6037660183233675,0.4169387221336365,0.5779769420623779
S,25195,0.5641336441040039,0.49907365441322327,0.16535517573356628,0.36916521191596985,0.6190680158592052,0.4362419843673706,0.06281419098377228
_,25202,0.5286310315132141,0.4463835656642914,0.15873093903064728,0.398377001285553,0.8642417990167937,0.4083769917488098,0.0
X,25229,0.6600029468536377,0.4925805926322937,0.19308507442474365,0.40285423398017883,0.610773757390319,0.4530779719352722,0.07082147896289825
T,25240,0.5465630292892456,0.48958447575569153,0.1680152416229248,0.40543290972709656,0.665831056572497,0.4187689423561096,0.380642294883728
S,25249,0.509590208530426,0.5184799432754517,0.1507493555545807,0.34999969601631165,0.5735397943815527,0.4264429211616516,0.11390907317399979
S,25253,0.4932568073272705,0.5071514844894409,0.14843600988388062,0.35294342041015625,0.6371632606536151,0.42052367329597473,0.10757330805063248
_,25260,0.5279169678688049,0.44623374938964844,0.15838593244552612,0.3979440927505493,0.8644484532872836,0.40794408321380615,0.0
S,25261,0.48127737641334534,0.5000539422035217,0.1454230099916458,0.3496924042701721,0.6859552544727922,0.4207555651664734,0.06890581548213959
N,25273,0.5382505655288696,0.48579835891723633,0.1608595848083496,0.38370272517204285,0.6676939161265425,0.42014846205711365,0.16612698137760162
T,25276,0.5436074733734131,0.45824941992759705,0.166065976023674,0.4068935811519623,0.7261218656859031,0.4142572283744812,0.5649046301841736
T,25284,0.602722704410553,0.4836520552635193,0.18201783299446106,0.4083501398563385,0.6347874653106556,0.43438011407852173,0.2216597944498062
N,25288,0.5602936148643494,0.4844824969768524,0.17046640813350677,0.39374858140945435,0.6628014380643921,0.430988073348999,0.14061346650123596
T,25290,0.5479199886322021,0.4897518455982208,0.1691133677959442,0.40665069222450256,0.63303999076578,0.4213100075721741,0.3680606186389923
T,25297,0.5849856734275818,0.48387613892555237,0.18062838912010193,0.40638938546180725,0.6458043705027862,0.43731898069381714,0.1756429523229599
S,25299,0.5413708090782166,0.49956560134887695,0.15634669363498688,0.3619668781757355,0.6257675548398887,0.42668741941452026,0.08340485394001007
S,25303,0.4804883897304535,0.503741443157196,0.1452341228723526,0.3463975489139557,0.666654975420485,0.4210834801197052,0.07086478173732758
N,25313,0.5416983962059021,0.4950405955314636,0.1659029871225357,0.40282684564590454,0.6308117242529989,0.419007271528244,0.35871028900146484
X,25327,0.5498084425926208,0.4646073579788208,0.169114351272583,0.41020113229751587,0.6945585551851643,0.41566523909568787,0.5806055068969727
_,25330,0.5286964774131775,0.4463973045349121,0.158762589097023,0.39841654896736145,0.8641845095654329,0.4084165096282959,0.0
N,25334,0.5589480996131897,0.5062254071235657,0.17370064556598663,0.4150550067424774,0.6103040659140485,0.41412878036499023,0.5142162442207336
N,25335,0.5858112573623657,0.4870697557926178,0.17343689501285553,0.3913538157939911,0.6763522650719824,0.4348539113998413,0.10812227427959442
X,25352,0.5443572402000427,0.4638751447200775,0.16645334661006927,0.40703192353248596,0.6920144495855312,0.41244685649871826,0.5742719173431396
_,25353,0.529245138168335,0.44651225209236145,0.1590280383825302,0.39874812960624695,0.8637004151443641,0.4087481200695038,0.0
T,25355,0.5818676948547363,0.4897858798503876,0.1793595403432846,0.40699413418769836,0.6492977329943097,0.43630674481391907,0.22562387585639954
X,25361,0.5502257943153381,0.46466782689094543,0.1693156212568283,0.4105058014392853,0.7180120359428354,0.4161473214626312,0.5746364593505859
S,25369,0.5008983612060547,0.504895031452179,0.14959481358528137,0.35473766922950745,0.643723478030103,0.4212990701198578,0.10252904146909714
_,25376,0.5279660820960999,0.4462440609931946,0.15840958058834076,0.39797401428222656,0.8645094771186511,0.407973974943161,0.0
X,25406,0.5421949625015259,0.4630459249019623,0.1653997153043747,0.4056675434112549,0.7045253908232917,0.4109189510345459,0.5835940837860107
N,25422,0.5702104568481445,0.4846181273460388,0.17095281183719635,0.39052528142929077,0.6634928689289761,0.43200868368148804,0.10917432606220245
_,25430,0.5284141302108765,0.4463379383087158,0.1586262732744217,0.3982450067996979,0.8639730312923591,0.40824493765830994,0.0
T,25447,0.5444552898406982,0.49113017320632935,0.16704554855823517,0.40528279542922974,0.5807165212277323,0.4179989695549011,0.3880960941314697
_,25477,0.5280634760856628,0.4462645649909973,0.15845654904842377,0.3980332911014557,0.864493376115958,0.40803325176239014,0.0
X,25483,0.5498536229133606,0.46418774127960205,0.16912995278835297,0.4102937877178192,0.7166724692276876,0.4159860908985138,0.5775226354598999
_,25485,0.5281246900558472,0.44627732038497925,0.15848617255687714,0.3980703055858612,0.8644503504534563,0.40807029604911804,0.0
S,25495,0.48025912046432495,0.5177090764045715,0.14110130071640015,0.34322190284729004,0.6006836690733811,0.41507336497306824,0.12822283804416656
_,25508,0.5279366970062256,0.44623786211013794,0.1583954095840454,0.39795610308647156,0.8644947864611944,0.4079560935497284,0.0
_,25509,0.5294458270072937,0.44655391573905945,0.15912587940692902,0.3988674283027649,0.8628970488409202,0.4088674485683441,0.0
N,25514,0.5427199602127075,0.48349571228027344,0.16298431158065796,0.3880822956562042,0.6763969852038039,0.42232179641723633,0.16852512955665588
N,25526,0.5923962593078613,0.4857379198074341,0.1735171377658844,0.3879605829715729,0.6584219281136151,0.43468186259269714,0.07773080468177795
T,25541,0.5495363473892212,0.46154072880744934,0.1689770519733429,0.41029947996139526,0.7070051622889939,0.41717520356178284,0.5613734126091003
S,25545,0.6053975820541382,0.49919039011001587,0.1766750067472458,0.37867599725723267,0.597125660803043,0.4458417296409607,0.050719454884529114
N,25546,0.5507261753082275,0.48672592639923096,0.16818305850028992,0.39255398511886597,0.6498614500971356,0.4274900257587433,0.1743943691253662
X,25550,0.5501672625541687,0.49298325181007385,0.16912272572517395,0.3916698396205902,0.6393118595533694,0.426487535238266,0.20573249459266663
S,25555,0.5124603509902954,0.4967118501663208,0.15126390755176544,0.35622072219848633,0.636637992283795,0.4213803708553314,0.07555678486824036
S,25558,0.49782928824424744,0.5001499056816101,0.15041519701480865,0.3493846356868744,0.6896783299495777,0.4255342483520508,0.049067020416259766
S,25562,0.5907272696495056,0.49845296144485474,0.17273710668087006,0.3725370466709137,0.6539770867337938,0.44136878848075867,0.04735640436410904
_,25569,0.5187888741493225,0.4443112313747406,0.15398471057415009,0.3923819661140442,0.8715378191073736,0.402381956577301,0.0
X,25571,0.563946008682251,0.48999959230422974,0.17055770754814148,0.38885530829429626,0.640740652877915,0.4310034513473511,0.1408015340566635
T,25572,0.5551943182945251,0.4975341856479645,0.17191055417060852,0.41232946515083313,0.6558897073537567,0.4092616140842438,0.5518199801445007
_,25573,0.5200156569480896,0.44456976652145386,0.1545758694410324,0.39313042163848877,0.8703259027997653,0.4031303822994232,0.0
N,25577,0.5309711694717407,0.4872896373271942,0.15842847526073456,0.38306736946105957,0.6573499745973823,0.4145740568637848,0.21272598206996918
T,25581,0.5574317574501038,0.4968198835849762,0.17300570011138916,0.41352805495262146,0.6210215957688282,0.41047030687332153,0.5569120645523071
X,25583,0.537993311882019,0.46331900358200073,0.1633903831243515,0.403205931186676,0.6719435166235296,0.4085467755794525,0.5638520121574402
_,25608,0.5196206569671631,0.4444868564605713,0.15438500046730042,0.3928908407688141,0.8711374412973723,0.4028908610343933,0.0
T,25617,0.5398579239845276,0.46212658286094666,0.16428649425506592,0.40420129895210266,0.6200900949877541,0.40952908992767334,0.5847355127334595
_,25618,0.5187966227531433,0.4443128705024719,0.15398848056793213,0.39238667488098145,0.8716081770757834,0.4023866653442383,0.0
N,25621,0.5772089958190918,0.48248007893562317,0.17396973073482513,0.386702299118042,0.6721654081364008,0.43513023853302,0.04327696934342384
_,25624,0.5197314620018005,0.44451019167900085,0.15443840622901917,0.39295852184295654,0.870990359634161,0.402958482503891,0.0
N,25636,0.5336933732032776,0.49527376890182495,0.16205325722694397,0.39871659874916077,0.6178389071917627,0.410122275352478,0.39662790298461914
T,25642,0.5398211479187012,0.46003398299217224,0.16425509750843048,0.4042797088623047,0.7090987837209105,0.41027548909187317,0.588240921497345
X,25652,0.5397207140922546,0.4883442223072052,0.16302615404129028,0.3836565613746643,0.6260206712099413,0.4206567108631134,0.17439308762550354
X,25659,0.6022675633430481,0.4902004599571228,0.18119750916957855,0.3998621702194214,0.6217269217055097,0.4372307062149048,0.1628980040550232
S,25663,0.5298117399215698,0.5027511715888977,0.15319862961769104,0.35628464818000793,0.6447850462700202,0.4238584339618683,0.09069667756557465
_,25665,0.5187998414039612,0.44431355595588684,0.1539900302886963,0.3923886716365814,0.8715759843091171,0.40238866209983826,0.0
S,25674,0.5386998057365417,0.5022958517074585,0.1572665125131607,0.35803309082984924,0.6355428829342903,0.42901673913002014,0.07298590242862701
X,25695,0.5373231768608093,0.4624243378639221,0.16305769979953766,0.4026893675327301,0.7045034350134848,0.4077867567539215,0.5808196663856506
X,25697,0.540499210357666,0.4622539281845093,0.16459666192531586,0.4046005606651306,0.7241476925558407,0.4099809527397156,0.5832157135009766
S,25704,0.557125985622406,0.4983759820461273,0.16578717529773712,0.36435380578041077,0.660887571615555,0.4372103810310364,0.03832012042403221
_,25713,0.5188376903533936,0.44432154297828674,0.154008150100708,0.3924119770526886,0.8716316764056683,0.40241196751594543,0.0
_,25718,0.5188520550727844,0.4443245530128479,0.15401509404182434,0.3924207091331482,0.8716104094187419,0.40242069959640503,0.0
_,25719,0.5187878012657166,0.4443110227584839,0.15398426353931427,0.3923811912536621,0.871600724409024,0.40238118171691895,0.0
S,25747,0.48697054386138916,0.5078176259994507,0.14568297564983368,0.3517448902130127,0.6330333993894359,0.414238840341568,0.13226871192455292
X,25751,0.5387694239616394,0.49256542325019836,0.1645272821187973,0.3897930383682251,0.6518660694779829,0.4216249883174896,0.2275630235671997
X,25754,0.5355081558227539,0.4607129991054535,0.16216576099395752,0.40184953808784485,0.7085507251558981,0.40787243843078613,0.5618224740028381
T,25769,0.5610148310661316,0.4887676239013672,0.17300280928611755,0.4042440354824066,0.6163582371916558,0.4207136332988739,0.3460640609264374
S,25775,0.4806511104106903,0.5032392740249634,0.14391759037971497,0.35138222575187683,0.6530590164164702,0.4135247468948364,0.11863689124584198
N,25778,0.5468225479125977,0.48355332016944885,0.16498461365699768,0.38556718826293945,0.6656398444254107,0.42472854256629944,0.1302758902311325
T,25786,0.5767020583152771,0.48024487495422363,0.17418846487998962,0.3963019549846649,0.6595172322246556,0.42953741550445557,0.14173643290996552
S,25787,0.4881573021411896,0.5152684450149536,0.1410139948129654,0.3413031995296478,0.602123096244565,0.41460689902305603,0.11908544600009918
S,25796,0.4691357910633087,0.5044419169425964,0.13958191871643066,0.3447818160057068,0.6759554632691046,0.4121988117694855,0.10527744144201279
T,25799,0.5889094471931458,0.48374325037002563,0.18007361888885498,0.39984196424484253,0.6440766383331115,0.4372304081916809,0.12085259705781937
N,25800,0.5935813784599304,0.4896073043346405,0.1776745319366455,0.3925725519657135,0.6463276077526341,0.43789079785346985,0.10905462503433228
N,25804,0.6474809646606445,0.49215811491012573,0.18973350524902344,0.3977387547492981,0.6176682302757066,0.44793012738227844,0.07834827899932861
S,25806,0.47136032581329346,0.5166974067687988,0.1378360241651535,0.3392085134983063,0.6035121784867564,0.4096446633338928,0.13231992721557617
T,25807,0.5360744595527649,0.45673125982284546,0.16241304576396942,0.4022531807422638,0.7274096284409556,0.40918755531311035,0.5843649506568909
T,25809,0.5352857112884521,0.4565889537334442,0.16203244030475616,0.40169230103492737,0.7316436023840773,0.40843281149864197,0.5946870446205139
_,25815,0.518781840801239,0.444309800863266,0.15398132801055908,0.3923777639865875,0.8716335814694565,0.40237778425216675,0.0
T,25819,0.5529483556747437,0.4923548102378845,0.17071759700775146,0.41189831495285034,0.617235935558565,0.4151364266872406,0.49547550082206726
_,25827,0.5293890237808228,0.44654276967048645,0.15909723937511444,0.39883652329444885,0.8642368815342586,0.4088365137577057,0.0
T,25830,0.54899001121521,0.46152356266975403,0.16870178282260895,0.4098106026649475,0.7380980400631749,0.41609638929367065,0.5875203609466553
X,25834,0.6083973050117493,0.49438294768333435,0.1832295060157776,0.40420475602149963,0.6191080446979687,0.4397578537464142,0.19517430663108826
_,25846,0.5283477902412415,0.44632425904273987,0.15859383344650269,0.39820602536201477,0.864732691993316,0.408206045627594,0.0
X,25866,0.5956324338912964,0.49449342489242554,0.18189696967601776,0.40192902088165283,0.6147106177241464,0.4406144320964813,0.1745949387550354
_,25886,0.5282846093177795,0.4463110566139221,0.15856333076953888,0.3981676995754242,0.8647063843905927,0.40816766023635864,0.0
N,25894,0.6713823676109314,0.4923277795314789,0.19703634083271027,0.40521013736724854,0.6094856569129722,0.4563160538673401,0.05664994567632675
X,25902,0.561892569065094,0.4917590916156769,0.17089572548866272,0.3928717374801636,0.6030604349588976,0.42827489972114563,0.19404950737953186
S,25907,0.522951602935791,0.5049021244049072,0.1537652313709259,0.35864436626434326,0.6355264369805325,0.4280427098274231,0.0900258719921112
S,25922,0.49539709091186523,0.5036898851394653,0.1503131091594696,0.34885770082473755,0.6756718634006879,0.4284042716026306,0.050240714102983475
X,25925,0.5462350845336914,0.4633752405643463,0.16736222803592682,0.40829724073410034,0.7013006179563581,0.4143570065498352,0.5621140003204346
T,25928,0.5432367920875549,0.4857516586780548,0.16665825247764587,0.4043421447277069,0.6461384239559994,0.4187536835670471,0.3641778528690338
N,25929,0.5677546262741089,0.48274940252304077,0.16705437004566193,0.3824619650840759,0.6863721612353887,0.42889404296875,0.06950608640909195
X,25930,0.5515841841697693,0.46707186102867126,0.16999362409114838,0.41111770272254944,0.6879920767910457,0.4158773124217987,0.5813629031181335
X,25941,0.6093884706497192,0.4901203513145447,0.18029841780662537,0.39362838864326477,0.6075512216923623,0.44021227955818176,0.09816327691078186
X,25943,0.5434432029724121,0.4615058898925781,0.1659950166940689,0.4067544639110565,0.7043214161593156,0.4133893847465515,0.5526329278945923
X,25948,0.5516824722290039,0.4682803452014923,0.170041024684906,0.41129669547080994,0.6236898629718781,0.4161299467086792,0.5673506259918213
T,25952,0.559475839138031,0.49549397826194763,0.17394953966140747,0.41529348492622375,0.6041789807472379,0.4173434376716614,0.5082010626792908
T,25956,0.6284168362617493,0.48561757802963257,0.18690794706344604,0.40218186378479004,0.6337420686129676,0.4439755082130432,0.08607418090105057
T,25962,0.5632917284965515,0.49266108870506287,0.17564304172992706,0.41544315218925476,0.6258253674986191,0.4242323040962219,0.438618540763855
T,25970,0.6330711841583252,0.48125627636909485,0.1907385140657425,0.41141217947006226,0.6377040585929838,0.4454967677593231,0.10216806083917618
_,25985,0.5283345580101013,0.4463215172290802,0.15858744084835052,0.3981980085372925,0.8647685929139456,0.4081979990005493,0.0
X,26000,0.5467600226402283,0.4898081123828888,0.16725023090839386,0.39252787828445435,0.6196387487091124,0.42387428879737854,0.21847538650035858
T,26004,0.6625255942344666,0.4855599105358124,0.19440944492816925,0.4084976315498352,0.6275986149254459,0.44977089762687683,0.07309294492006302
X,26031,0.5490951538085938,0.4639522433280945,0.16876012086868286,0.40999478101730347,0.6938660399555132,0.41616833209991455,0.5596584677696228
N,26041,0.6013677716255188,0.4918346405029297,0.1793181598186493,0.39792612195014954,0.6115097285673073,0.4365564286708832,0.16345034539699554
_,26051,0.5297316908836365,0.44661399722099304,0.15926393866539001,0.399041086435318,0.8631259317696095,0.40904107689857483,0.0
_,26052,0.5296921133995056,0.44660574197769165,0.15924471616744995,0.3990172743797302,0.8631289556622506,0.4090172350406647,0.0
_,26053,0.5298818349838257,0.4466455280780792,0.15933644771575928,0.39913201332092285,0.8631011767685414,0.4091320037841797,0.0
T,26060,0.5866328477859497,0.48522040247917175,0.1809210479259491,0.40563443303108215,0.6266880794027626,0.43859851360321045,0.16549484431743622
X,26061,0.5492081642150879,0.46363383531570435,0.16881012916564941,0.4099571704864502,0.7053436034544818,0.4158090353012085,0.5763826966285706
X,26063,0.5501180291175842,0.46508505940437317,0.1692599654197693,0.41041356325149536,0.696870460734984,0.41581782698631287,0.5780186653137207
N,26065,0.5468639135360718,0.4834356904029846,0.16261722147464752,0.3814318776130676,0.6858747590546652,0.42473822832107544,0.10174067318439484
S,26068,0.5986930727958679,0.5030069351196289,0.17246653139591217,0.37204670906066895,0.5995989984470604,0.4436490833759308,0.05771893635392189
_,26071,0.5289270877838135,0.4464458227157593,0.15887393057346344,0.3985567092895508,0.8642227957646053,0.40855672955513,0.0
_,26072,0.5291892886161804,0.4465009272098541,0.15900056064128876,0.39871588349342346,0.8643855384985606,0.4087158739566803,0.0
X,26082,0.5466286540031433,0.46393078565597534,0.1675630509853363,0.40836861729621887,0.6988323035654306,0.4139130711555481,0.575932502746582
X,26094,0.5493077635765076,0.4636285901069641,0.16886074841022491,0.4100571274757385,0.6953206124967831,0.41606438159942627,0.5706206560134888
S,26103,0.49044179916381836,0.5048099756240845,0.14772427082061768,0.3582974970340729,0.6498457637988031,0.41823434829711914,0.1295822709798813
T,26124,0.5613259077072144,0.4820108115673065,0.1727174073457718,0.40027257800102234,0.6644714990743281,0.4296934902667999,0.18943460285663605
_,26130,0.5297805070877075,0.4466243088245392,0.15928742289543152,0.39907094836235046,0.8632227858901025,0.4090709388256073,0.0
S,26139,0.5586667060852051,0.5003317594528198,0.16767674684524536,0.3672754466533661,0.6434359345573467,0.4397524893283844,0.04458790272474289
S,26153,0.48313477635383606,0.5027064085006714,0.14611271023750305,0.3453744351863861,0.67315978853032,0.42415526509284973,0.05182545259594917
S,26157,0.4980160593986511,0.500420868396759,0.15208719670772552,0.3534446656703949,0.6913986207668981,0.43015629053115845,0.044322866946458817
X,26158,0.5931249260902405,0.4930320382118225,0.1776343435049057,0.39524000883102417,0.6228094012621054,0.4318772256374359,0.18787211179733276
_,26159,0.5077970623970032,0.4419800341129303,0.14871276915073395,0.3856081962585449,0.8774508435527484,0.39560815691947937,0.0
N,26163,0.5289068818092346,0.48071423172950745,0.15739263594150543,0.37821224331855774,0.6845770935128288,0.41525211930274963,0.14022833108901978
N,26184,0.5538542866706848,0.483463853597641,0.16300269961357117,0.3808748126029968,0.6869427085881641,0.4206985831260681,0.1296682059764862
X,26191,0.5228996872901917,0.48556122183799744,0.15605349838733673,0.3763320744037628,0.6378228161949665,0.41128385066986084,0.1825387179851532
N,26195,0.5907424092292786,0.4912438690662384,0.17355874180793762,0.3905998468399048,0.6525082014404704,0.42729803919792175,0.18271511793136597
N,26198,0.5376105904579163,0.5008688569068909,0.16366040706634521,0.39992788434028625,0.6170436394181646,0.4059447944164276,0.44134989380836487
X,26210,0.5611679553985596,0.4876300096511841,0.16724225878715515,0.3849264979362488,0.6567142500109427,0.42390966415405273,0.154235377907753
X,26214,0.5544558763504028,0.4853070080280304,0.16389594972133636,0.37705010175704956,0.6416496475498813,0.42204323410987854,0.1061704084277153
X,26225,0.5652709007263184,0.485665500164032,0.16958260536193848,0.38995689153671265,0.6575982508305849,0.4239906966686249,0.1774112433195114
S,26226,0.45364055037498474,0.5043690204620361,0.1321096569299698,0.32742762565612793,0.7065175408404321,0.4079988896846771,0.06450874358415604
S,26227,0.48982149362564087,0.5023934245109558,0.1445772796869278,0.3407232165336609,0.6593690128733094,0.41738203167915344,0.0626969188451767
T,26229,0.5270258784294128,0.4551980197429657,0.15806877613067627,0.39675137400627136,0.7076212729062566,0.4036761224269867,0.5714170932769775
_,26237,0.5078532695770264,0.44199198484420776,0.14873965084552765,0.38564303517341614,0.8774773974716664,0.395643025636673,0.0
N,26254,0.5362369418144226,0.4859235882759094,0.15892894566059113,0.3818110227584839,0.6658615688509599,0.4147101938724518,0.19661477208137512
N,26262,0.5213925838470459,0.48616212606430054,0.15488237142562866,0.37471747398376465,0.6618475897462729,0.41323307156562805,0.16159819066524506
_,26266,0.5080928802490234,0.4420429468154907,0.1488543599843979,0.3857913315296173,0.8772822433213393,0.39579129219055176,0.0
T,26275,0.527705729007721,0.45751750469207764,0.15840081870555878,0.39684292674064636,0.6288807195312686,0.4024570882320404,0.597382664680481
S,26280,0.5060781240463257,0.5019916892051697,0.14519567787647247,0.34985971450805664,0.6214300525068636,0.4113704264163971,0.11693805456161499
_,26285,0.5090100169181824,0.4422375559806824,0.14929412305355072,0.3863568603992462,0.8761195565760136,0.39635685086250305,0.0
X,26288,0.5281527042388916,0.4617742598056793,0.15864956378936768,0.3969300091266632,0.6976970364288476,0.4011923670768738,0.5872767567634583
X,26302,0.5537961721420288,0.48653748631477356,0.16788482666015625,0.38676661252975464,0.6513918712642044,0.4244369566440582,0.15663975477218628
T,26303,0.5278363227844238,0.45789024233818054,0.15847483277320862,0.3970887362957001,0.7162735566801469,0.4030710756778717,0.5752573013305664
N,26314,0.528904139995575,0.49393758177757263,0.15946240723133087,0.39552196860313416,0.6374620018557956,0.40402278304100037,0.41864874958992004
T,26316,0.5235543847084045,0.4553905725479126,0.15638494491577148,0.39441046118736267,0.6855009171381639,0.4004347026348114,0.5992220044136047
X,26319,0.5851123332977295,0.48411765694618225,0.1744883954524994,0.3893723785877228,0.6327660217268083,0.43059977889060974,0.10750260949134827
T,26321,0.5892558097839355,0.4799457788467407,0.17633400857448578,0.39389732480049133,0.6668975958638476,0.4319804906845093,0.09460429102182388
X,26330,0.5335700511932373,0.4918573200702667,0.16271206736564636,0.38708725571632385,0.6468303396537279,0.4176962971687317,0.23450490832328796
S,26350,0.48044463992118835,0.500716507434845,0.1395862102508545,0.3418298363685608,0.6386909323969546,0.4081936478614807,0.09642842411994934
S,26353,0.46989819407463074,0.508341908454895,0.13700009882450104,0.3323171138763428,0.6855954669446995,0.41105762124061584,0.08179734647274017
T,26358,0.5431668758392334,0.48298269510269165,0.1653236448764801,0.39709991216659546,0.6416546467744048,0.41439294815063477,0.3241700530052185
N,26360,0.5520098209381104,0.4853411912918091,0.16301076114177704,0.3738071918487549,0.6564680192561355,0.4230891764163971,0.08147615939378738
T,26368,0.5474725961685181,0.4925779402256012,0.1682039052248001,0.4069555401802063,0.632686884640607,0.40185120701789856,0.5813079476356506
N,26378,0.5488985180854797,0.4880625009536743,0.16264209151268005,0.3857870101928711,0.6408821876713531,0.41596880555152893,0.22376121580600739
X,26383,0.5785757899284363,0.4885335862636566,0.17322175204753876,0.3879746198654175,0.6395643538201694,0.4299352765083313,0.1324199140071869
T,26394,0.5680107474327087,0.4812425971031189,0.17071202397346497,0.3889235556125641,0.6524243128299714,0.4245235025882721,0.13732309639453888
N,26396,0.5564624071121216,0.4849699139595032,0.16380943357944489,0.380859375,0.6485982222354506,0.4213925302028656,0.13281653821468353
S,26397,0.5174424648284912,0.5010701417922974,0.1509408801794052,0.3492719531059265,0.6379141089930151,0.4218442440032959,0.06761929392814636
T,26406,0.5393204092979431,0.4852534234523773,0.1642410308122635,0.40263086557388306,0.6405722186955973,0.40378084778785706,0.5217810869216919
S,26407,0.5157811641693115,0.49767425656318665,0.14970344305038452,0.35199764370918274,0.6318059613796262,0.41733837127685547,0.08165761828422546
X,26410,0.5721209645271301,0.48309439420700073,0.1699950397014618,0.3887738287448883,0.6396984558455491,0.4243318736553192,0.15049107372760773
N,26429,0.5432667136192322,0.49200135469436646,0.16312070190906525,0.3912965953350067,0.6223545048833088,0.41245409846305847,0.30702877044677734
T,26430,0.5390365123748779,0.4832586646080017,0.164039745926857,0.4030968248844147,0.6350247533030536,0.4032130241394043,0.5444098114967346
X,26434,0.5286725163459778,0.4593653380870819,0.15888318419456482,0.3974129855632782,0.6800675973348856,0.40265026688575745,0.5870134234428406
T,26444,0.6626272797584534,0.4814119040966034,0.19420982897281647,0.4062502980232239,0.6470482312093979,0.446381151676178,0.048925697803497314
T,26453,0.5117488503456116,0.451621413230896,0.15071724355220795,0.38723665475845337,0.7362182496352762,0.3936585783958435,0.5981195569038391
S,26457,0.49901923537254333,0.5011178255081177,0.14223669469356537,0.34727850556373596,0.6206648821292443,0.4037635028362274,0.1355808675289154
N,26466,0.570199191570282,0.48924964666366577,0.16899284720420837,0.3841512203216553,0.637800458945247,0.42288774251937866,0.16361066699028015
S,26471,0.48695293068885803,0.5018942356109619,0.14039096236228943,0.346296101808548,0.6494607011694461,0.4060482382774353,0.12575441598892212
N,26479,0.5294802188873291,0.4819636046886444,0.15745481848716736,0.3741144835948944,0.6788232168438845,0.4145996570587158,0.12426489591598511
T,26482,0.5476787686347961,0.4813385009765625,0.16502167284488678,0.3897193968296051,0.6276571985742097,0.4157516360282898,0.2289685308933258
N,26484,0.6012496948242188,0.4940425753593445,0.17797008156776428,0.3917694687843323,0.6137273285777337,0.42857030034065247,0.19209223985671997
N,26492,0.5283460021018982,0.49447306990623474,0.15866343677043915,0.39125484228134155,0.6531694140312417,0.40212658047676086,0.39401718974113464
T,26494,0.5223171710968018,0.4754607379436493,0.1550847887992859,0.38062217831611633,0.6818403457291424,0.40612438321113586,0.21434444189071655
X,26501,0.515280544757843,0.4590916037559509,0.15248382091522217,0.388788104057312,0.7061345658293067,0.39237216114997864,0.6004562377929688
S,26518,0.49409016966819763,0.5032201409339905,0.1421118676662445,0.34981533885002136,0.6432603128391202,0.40526366233825684,0.14678986370563507
S,26527,0.5168821215629578,0.4985947906970978,0.15092618763446808,0.3523111939430237,0.6187718107556187,0.4163122773170471,0.09067753702402115
X,26528,0.5815471410751343,0.48487794399261475,0.1724715679883957,0.38532882928848267,0.6283060366462451,0.42589884996414185,0.12272503972053528
S,26537,0.461518257856369,0.4966305196285248,0.13486440479755402,0.3392959237098694,0.6874601624533534,0.4020552337169647,0.09767428040504456
_,26544,0.4972647726535797,0.4397306442260742,0.14369018375873566,0.37904322147369385,0.8838852295279503,0.3890432119369507,0.0
N,26545,0.534949541091919,0.4807998836040497,0.15769656002521515,0.37387794256210327,0.6608446707521216,0.41415828466415405,0.1187400370836258
X,26552,0.5129005312919617,0.4835186004638672,0.1530768871307373,0.37498611211776733,0.6867497965569298,0.4070533812046051,0.19688910245895386
T,26556,0.6074134111404419,0.47913259267807007,0.18029040098190308,0.39406636357307434,0.6653055905364454,0.4328745901584625,0.07648390531539917
N,26559,0.6000728607177734,0.4820529818534851,0.1775715947151184,0.3861258924007416,0.6616733063653131,0.43256786465644836,0.05230371281504631
N,26565,0.5335149168968201,0.4817311763763428,0.1571228802204132,0.37244096398353577,0.6881273416590558,0.4152728319168091,0.10747365653514862
X,26575,0.5308728218078613,0.4799535274505615,0.15710057318210602,0.3768892288208008,0.642154136284565,0.40848082304000854,0.18120059370994568
T,26584,0.5840190052986145,0.4766669273376465,0.1731346845626831,0.388778954744339,0.667168601526646,0.4248824417591095,0.09515380859375
N,26595,0.5808223485946655,0.48135626316070557,0.17230357229709625,0.3844693601131439,0.6664384137553861,0.42736104130744934,0.08113263547420502
N,26596,0.523897111415863,0.4787355065345764,0.15305329859256744,0.37419819831848145,0.6831304517442671,0.40577834844589233,0.17861908674240112
S,26599,0.4604857861995697,0.49731549620628357,0.13451960682868958,0.33694472908973694,0.722884876653552,0.4042550027370453,0.08288887143135071
T,26600,0.5079934597015381,0.45083069801330566,0.14892029762268066,0.3848755955696106,0.7400477743831289,0.3911842703819275,0.6021155714988708
X,26601,0.5137854218482971,0.45625194907188416,0.15174195170402527,0.38810035586357117,0.7121155234680434,0.39275914430618286,0.5995140671730042
_,26603,0.49665701389312744,0.43960049748420715,0.1434011310338974,0.3786626160144806,0.8842655534545582,0.3886626064777374,0.0
S,26610,0.46874308586120605,0.4996369183063507,0.1339300125837326,0.3369784653186798,0.6311327863907598,0.4001537561416626,0.1074456200003624
S,26611,0.4549894332885742,0.49619606137275696,0.13123488426208496,0.3378241956233978,0.6955588491385182,0.39652392268180847,0.11420634388923645
N,26612,0.5202374458312988,0.49085623025894165,0.15614594519138336,0.3849482834339142,0.6396075784433924,0.4048035144805908,0.31383198499679565
N,26625,0.5596868991851807,0.48634248971939087,0.16584846377372742,0.38376474380493164,0.6458659888190111,0.4192138612270355,0.17490185797214508
S,26632,0.45175787806510925,0.49758270382881165,0.13113833963871002,0.33094319701194763,0.7214728978152077,0.4015982151031494,0.07373309880495071
N,26634,0.5203502774238586,0.49145886301994324,0.1562277227640152,0.38522282242774963,0.599034954495243,0.4044908881187439,0.3195926547050476
S,26640,0.46068909764289856,0.5084560513496399,0.13295555114746094,0.33191365003585815,0.6380658675155914,0.4011901617050171,0.11436820775270462
N,26644,0.5333171486854553,0.4795777499675751,0.15746039152145386,0.3757486045360565,0.6792510996539689,0.41313034296035767,0.13229165971279144
X,26650,0.5052952170372009,0.48289158940315247,0.149763822555542,0.37434762716293335,0.6901760381770631,0.4030998945236206,0.22162620723247528
T,26653,0.534010112285614,0.4909045398235321,0.16174167394638062,0.3987560570240021,0.6208245495990075,0.3929052948951721,0.5757981538772583
S,26659,0.4593891501426697,0.49486854672431946,0.1333782821893692,0.34012654423713684,0.6942330751940609,0.39848875999450684,0.10975886136293411
S,26664,0.4704352021217346,0.5027230978012085,0.1355971097946167,0.3404199779033661,0.602756661712192,0.39810386300086975,0.1380099207162857
X,26678,0.515682578086853,0.4575132429599762,0.15266382694244385,0.3890850841999054,0.7110173950017391,0.39321964979171753,0.6065076589584351
T,26679,0.5958737134933472,0.4796663522720337,0.17804411053657532,0.3932986259460449,0.6243533365358599,0.42760539054870605,0.1269027590751648
N,26683,0.5188172459602356,0.4883672297000885,0.1556621938943863,0.3856077194213867,0.6793467422942437,0.40319085121154785,0.3286023437976837
_,26684,0.4970737397670746,0.4396896958351135,0.14359940588474274,0.3789233863353729,0.8838436455031237,0.38892337679862976,0.0
X,26687,0.5404891967773438,0.479108601808548,0.15952447056770325,0.37634003162384033,0.6573913566628471,0.41239988803863525,0.13808535039424896
_,26690,0.5245096683502197,0.445517897605896,0.15674014389514923,0.3958761692047119,0.8685501787563166,0.40587615966796875,0.0
S,26692,0.4872066378593445,0.5142989754676819,0.14399175345897675,0.34767594933509827,0.5857838856582143,0.41513991355895996,0.13409218192100525
_,26697,0.525777280330658,0.44578394293785095,0.15735271573066711,0.39664456248283386,0.8672017755607765,0.4066444933414459,0.0
S,26706,0.5260064005851746,0.4977060556411743,0.155854269862175,0.3628731966018677,0.6293041716996232,0.42547836899757385,0.08627346158027649
T,26726,0.538107693195343,0.4562976658344269,0.1633847951889038,0.40361443161964417,0.7312381916744441,0.4110364317893982,0.5738571286201477
S,26733,0.5198150873184204,0.49971574544906616,0.15313662588596344,0.3595605194568634,0.6267728571851816,0.4233262240886688,0.09253235161304474
_,26744,0.5246116518974304,0.445539265871048,0.15678933262825012,0.3959381580352783,0.8685569599767526,0.40593814849853516,0.0
X,26750,0.5621821880340576,0.4888175427913666,0.169192835688591,0.38512903451919556,0.6221840544627049,0.42874130606651306,0.126460999250412
N,26753,0.5404216647148132,0.48416805267333984,0.1625780612230301,0.38905858993530273,0.6671575997117907,0.41961997747421265,0.20304317772388458
T,26764,0.5556939840316772,0.49078497290611267,0.17208947241306305,0.41316330432891846,0.6151379156768114,0.41346436738967896,0.5372804403305054
S,26781,0.4952470660209656,0.5055550336837769,0.14609721302986145,0.3511689603328705,0.5933819568620917,0.4161131978034973,0.1146361455321312
N,26789,0.5763536095619202,0.48701661825180054,0.16990576684474945,0.3849341869354248,0.6641450313367872,0.43139374256134033,0.0954795703291893
T,26791,0.5400403738021851,0.4588305354118347,0.16433481872081757,0.40456458926200867,0.704548741982444,0.41104528307914734,0.5870091915130615
_,26796,0.5245129466056824,0.4455186128616333,0.1567416787147522,0.39587831497192383,0.8686525622010232,0.40587830543518066,0.0
_,26799,0.5250295400619507,0.44562724232673645,0.15699085593223572,0.396192729473114,0.8684137471020222,0.40619271993637085,0.0
X,26816,0.5469605922698975,0.4724298119544983,0.1677711457014084,0.407959908246994,0.5106245791782082,0.41022542119026184,0.5853455066680908
N,26818,0.5553973317146301,0.48505428433418274,0.16481100022792816,0.38311484456062317,0.6775748541600479,0.42628055810928345,0.11111989617347717
N,26822,0.5642737746238708,0.4846481382846832,0.16664746403694153,0.3829277455806732,0.6795985609676185,0.4286728799343109,0.08890283107757568
X,26823,0.5720847845077515,0.4844428598880768,0.1722697615623474,0.3910949230194092,0.6407424753531814,0.4297467768192291,0.12950153648853302
N,26830,0.6080103516578674,0.49587658047676086,0.18216857314109802,0.3979893624782562,0.625189727687454,0.44013845920562744,0.15985651314258575
T,26834,0.554024875164032,0.4775562584400177,0.1695793867111206,0.39516302943229675,0.6643836224405095,0.4225444197654724,0.18775449693202972
N,26840,0.6621223092079163,0.4949541985988617,0.19273044168949127,0.4033319652080536,0.6099496055656362,0.44940248131752014,0.11738992482423782
_,26846,0.5246376991271973,0.4455448091030121,0.15680187940597534,0.3959541916847229,0.8685636495053769,0.40595418214797974,0.0
T,26857,0.541435182094574,0.45991289615631104,0.1650230884552002,0.40543732047080994,0.7314019433249208,0.4119345247745514,0.5735989809036255
S,26858,0.49291205406188965,0.5024558305740356,0.1470554769039154,0.3445504307746887,0.6558551669340038,0.4248836934566498,0.04630884900689125
T,26859,0.5440653562545776,0.45883673429489136,0.16629114747047424,0.40696558356285095,0.71622634658799,0.41369831562042236,0.5919107794761658
T,26864,0.5567227005958557,0.4952845275402069,0.1726045459508896,0.41383081674575806,0.6094900684682701,0.4143163859844208,0.523052453994751
S,26873,0.5107731819152832,0.5031770467758179,0.15555216372013092,0.3573107421398163,0.6540084549908837,0.42911970615386963,0.0738651230931282
N,26876,0.5585330128669739,0.49167802929878235,0.16765648126602173,0.3856939375400543,0.595074852638063,0.4287756383419037,0.14628452062606812
_,26877,0.5257664322853088,0.4457816779613495,0.15734745562076569,0.3966379761695862,0.8672231013079484,0.406637966632843,0.0
X,26893,0.5415188074111938,0.463731050491333,0.1650829315185547,0.40521475672721863,0.6945670528859501,0.41021502017974854,0.5816352963447571
N,26895,0.539208710193634,0.49451035261154175,0.1656695306301117,0.3980620205402374,0.6333651816293423,0.41948792338371277,0.3123699426651001
S,26906,0.4677354693412781,0.5030109286308289,0.13959160447120667,0.342946857213974,0.6939564420531193,0.41443192958831787,0.08489920943975449
_,26908,0.5256099104881287,0.44574928283691406,0.157271146774292,0.39654505252838135,0.867971803744634,0.4065450131893158,0.0
S,26920,0.48122042417526245,0.503910481929779,0.14496971666812897,0.3504013121128082,0.6425825656298548,0.41808316111564636,0.09929676353931427
X,26927,0.5415011644363403,0.4641421139240265,0.16507701575756073,0.4051898121833801,0.6754894401169925,0.4100710451602936,0.5806944370269775
T,26933,0.5441272854804993,0.4571163058280945,0.16632866859436035,0.4071629047393799,0.7182643626609327,0.41477689146995544,0.5738430023193359
S,26939,0.4982856810092926,0.5088499188423157,0.14597338438034058,0.3450366258621216,0.6463635070065115,0.4234342575073242,0.07926460355520248
X,26944,0.5570438504219055,0.48766130208969116,0.17052778601646423,0.3970288634300232,0.6218637826169531,0.4259805381298065,0.2264406681060791
X,26945,0.5503934621810913,0.4777775704860687,0.16946575045585632,0.40967100858688354,0.5025162867875497,0.41019266843795776,0.5879111886024475
S,26953,0.500500500202179,0.4985883831977844,0.1513189673423767,0.3544732332229614,0.6768446173146367,0.4249189496040344,0.062070582062006
_,26960,0.5251182913780212,0.445645809173584,0.15703390538692474,0.3962461054325104,0.868030358105898,0.4062460660934448,0.0
N,26961,0.5471748113632202,0.5051255822181702,0.1682090014219284,0.4075489938259125,0.5925243852768715,0.4116407632827759,0.4630167484283447
X,26963,0.5920090079307556,0.48897603154182434,0.1772758960723877,0.3928802013397217,0.6210357912622082,0.4371359646320343,0.11104122549295425
_,26965,0.5254436135292053,0.4457143247127533,0.15719087421894073,0.3964439928531647,0.8680270619193713,0.4064439535140991,0.0
_,26967,0.5165799856185913,0.443844199180603,0.1529228240251541,0.39102742075920105,0.8729557278255622,0.4010274112224579,0.0
X,26971,0.5353155136108398,0.463724285364151,0.16209673881530762,0.4012419879436493,0.6900289581808708,0.4053614139556885,0.5910622477531433
S,26977,0.5277653932571411,0.5024284720420837,0.15463238954544067,0.35409730672836304,0.6300939905213697,0.4270375669002533,0.0686337873339653
T,26996,0.6187680959701538,0.4806259274482727,0.1855933666229248,0.40506839752197266,0.6423751780655584,0.43915536999702454,0.11409663408994675
N,27000,0.5436301231384277,0.4824700951576233,0.160706028342247,0.3770825266838074,0.6815014308559088,0.4206003248691559,0.10045825690031052
S,27004,0.4703986346721649,0.5025240182876587,0.13938133418560028,0.3470897972583771,0.6670023366374275,0.4077451527118683,0.1240350753068924
T,27006,0.531298816204071,0.45742321014404297,0.1601126790046692,0.39921653270721436,0.7054312726392195,0.4053759276866913,0.5897247195243835
N,27012,0.5433323979377747,0.4825972616672516,0.161950945854187,0.38202083110809326,0.6812138387347417,0.42124295234680176,0.1286717802286148
T,27034,0.5574929714202881,0.497327983379364,0.17304545640945435,0.41304275393486023,0.584554299977702,0.4123819172382355,0.5286816954612732
X,27036,0.5391737222671509,0.4857978820800781,0.16372349858283997,0.38479292392730713,0.6689266004413367,0.42284679412841797,0.15334205329418182
X,27039,0.5574225783348083,0.4897603392601013,0.17184507846832275,0.39425089955329895,0.6534235547420879,0.4287987947463989,0.19123831391334534
N,27049,0.5742903351783752,0.4889843463897705,0.17015887796878815,0.3830363154411316,0.6332602365452719,0.42938634753227234,0.11051152646541595
T,27051,0.5566912889480591,0.4893166124820709,0.1723095029592514,0.40900203585624695,0.6062054144214684,0.4196312427520752,0.4120040237903595
_,27054,0.516417920589447,0.44380983710289,0.15284495055675507,0.390927791595459,0.8729841582973799,0.4009277820587158,0.0
_,27057,0.516578197479248,0.443843811750412,0.15292192995548248,0.3910262882709503,0.8730234955251217,0.40102624893188477,0.0
T,27058,0.5496287941932678,0.48042720556259155,0.16594767570495605,0.3916197121143341,0.6609419388974008,0.419292151927948,0.2071763277053833
_,27062,0.5172888040542603,0.4439939558506012,0.15326368808746338,0.39146170020103455,0.8724229207138221,0.4014616906642914,0.0
X,27069,0.5355400443077087,0.4637976288795471,0.16220316290855408,0.40129050612449646,0.7130766844952451,0.4052066206932068,0.5973289608955383
S,27090,0.5021925568580627,0.4989224374294281,0.1470320224761963,0.35135406255722046,0.616832472353514,0.4155784845352173,0.09271469712257385
N,27093,0.5296957492828369,0.48774129152297974,0.15852594375610352,0.3792758584022522,0.6572076648590155,0.4183138608932495,0.16181889176368713
T,27095,0.531587541103363,0.455784410238266,0.16023938357830048,0.3995721638202667,0.7267553788613683,0.4065174460411072,0.5810705423355103
T,27101,0.638583779335022,0.48249757289886475,0.18809305131435394,0.4023056924343109,0.6301555537116171,0.4417819380760193,0.07961691170930862
X,27104,0.5604850649833679,0.4900977611541748,0.16934354603290558,0.3888719379901886,0.6205655733158346,0.42631083726882935,0.1748894900083542
S,27111,0.5725110769271851,0.49711987376213074,0.16815678775310516,0.37411653995513916,0.5989832196398008,0.43214675784111023,0.09425554424524307
S,27121,0.5021233558654785,0.501836359500885,0.15018469095230103,0.3491107225418091,0.6889599731191993,0.42452898621559143,0.05995354801416397
_,27123,0.5169284343719482,0.44391781091690063,0.15309031307697296,0.39124101400375366,0.8728103528916836,0.4012410044670105,0.0
S,27131,0.4648340046405792,0.5013558864593506,0.1370122730731964,0.3435916602611542,0.6857564324513078,0.4073226749897003,0.10901623964309692
S,27134,0.47648173570632935,0.5016918778419495,0.14122506976127625,0.35004863142967224,0.6606315547289948,0.4087987542152405,0.1282707154750824
S,27141,0.5064964890480042,0.49775657057762146,0.15276092290878296,0.35237789154052734,0.6740333921896915,0.4252249598503113,0.04918038100004196
_,27148,0.5176218748092651,0.44406405091285706,0.15342441201210022,0.3916643261909485,0.8717775500317415,0.40166428685188293,0.0
N,27182,0.6166452169418335,0.48698705434799194,0.18341857194900513,0.3917020261287689,0.6545933290220274,0.4437963366508484,0.03926269710063934
T,27183,0.5352381467819214,0.45823386311531067,0.16202446818351746,0.4016116261482239,0.732099152035468,0.4079012870788574,0.5859967470169067
S,27184,0.48208582401275635,0.5108498930931091,0.1417483240365982,0.3392598032951355,0.6401102040428669,0.41615137457847595,0.09326544404029846
X,27191,0.5415343642234802,0.4865510165691376,0.1621260941028595,0.38077399134635925,0.6386511065748831,0.4200716018676758,0.15098285675048828
T,27193,0.5922858119010925,0.4837173521518707,0.17762283980846405,0.3982456922531128,0.6341582353593792,0.4325290024280548,0.1522284597158432
N,27194,0.5574740767478943,0.4826824963092804,0.16693145036697388,0.38340356945991516,0.6652017378009624,0.4266738295555115,0.09355991333723068
X,27203,0.5402953028678894,0.48579683899879456,0.16227589547634125,0.38268810510635376,0.6366580520073574,0.4190148413181305,0.16780373454093933
_,27210,0.5164998173713684,0.44382718205451965,0.1528843194246292,0.39097803831100464,0.8729505066573621,0.4009779989719391,0.0
N,27212,0.5430927872657776,0.4816807210445404,0.16344182193279266,0.3833857774734497,0.6898625974333845,0.42393824458122253,0.11026591062545776
_,27221,0.516423761844635,0.4438110589981079,0.1528477817773819,0.3909313678741455,0.8729853556553523,0.40093129873275757,0.0
T,27225,0.5383281707763672,0.46096038818359375,0.16354963183403015,0.4032996594905853,0.5596238548316705,0.4089059829711914,0.5846533179283142
_,27269,0.5172606110572815,0.44398799538612366,0.1532500684261322,0.39144444465637207,0.872493568857511,0.4014444351196289,0.0
X,27270,0.5337814688682556,0.4880920946598053,0.16175463795661926,0.38680922985076904,0.6251126957684756,0.4158746898174286,0.2328464686870575
N,27274,0.550970196723938,0.49369847774505615,0.16674603521823883,0.3923422396183014,0.6538329829531965,0.4216320812702179,0.2488868236541748
T,27287,0.5321201682090759,0.4579273462295532,0.16051805019378662,0.3998644948005676,0.7258857756262387,0.4064401388168335,0.5644859671592712
T,27290,0.5393925309181213,0.4544999897480011,0.16398778557777405,0.404477059841156,0.735116242717874,0.41246992349624634,0.5845088958740234
S,27294,0.49063441157341003,0.516376256942749,0.14368915557861328,0.3435113728046417,0.5939395178904913,0.4190600514411926,0.11322677135467529
X,27300,0.6027215719223022,0.48871734738349915,0.1813448816537857,0.3954908847808838,0.6331566858957134,0.44273850321769714,0.08226814866065979
T,27308,0.5629001259803772,0.49455973505973816,0.17562904953956604,0.4164960980415344,0.6208340157542261,0.41284671425819397,0.579981803894043
X,27309,0.5489224195480347,0.46523335576057434,0.1686830222606659,0.4097200930118561,0.623171644186726,0.4151027798652649,0.5734103322029114
X,27319,0.5931898355484009,0.4900287091732025,0.181393101811409,0.3982177972793579,0.6356480748846661,0.4413098692893982,0.1190044954419136
S,27320,0.47932693362236023,0.5014209151268005,0.14411115646362305,0.34445178508758545,0.7022603475178282,0.42170917987823486,0.05371332913637161
T,27329,0.5476713180541992,0.46250396966934204,0.16806209087371826,0.4089963734149933,0.7285573011822999,0.41489526629447937,0.584595263004303
_,27333,0.5276143550872803,0.4461706578731537,0.15823888778686523,0.39776280522346497,0.8663451065619787,0.4077627956867218,0.0
_,27352,0.5276072025299072,0.4461691379547119,0.15823544561862946,0.39775845408439636,0.8663822236160438,0.4077584445476532,0.0
_,27359,0.5276713371276855,0.4461826682090759,0.1582663655281067,0.397797554731369,0.8664610773324967,0.40779754519462585,0.0
T,27365,0.5469948649406433,0.4589724838733673,0.16772432625293732,0.40881726145744324,0.7137829548627512,0.4160389304161072,0.5747977495193481
N,27368,0.5542952418327332,0.49944254755973816,0.17111074924468994,0.4077913463115692,0.6007363850676484,0.4183412790298462,0.4131035804748535
S,27372,0.5461388230323792,0.5038331151008606,0.16061586141586304,0.35935258865356445,0.624733322391403,0.43544134497642517,0.05655236542224884
S,27379,0.4940263628959656,0.5047482252120972,0.14826209843158722,0.34882214665412903,0.686335330164681,0.42461469769477844,0.07006760686635971
_,27391,0.5288612246513367,0.4464317560195923,0.15884241461753845,0.3985157907009125,0.86488387743632,0.4085157513618469,0.0
X,27401,0.5643855929374695,0.4886128902435303,0.17357608675956726,0.3998655676841736,0.6158297314550146,0.4296688139438629,0.22111426293849945
T,27402,0.5416841506958008,0.4570634663105011,0.16511937975883484,0.40571853518486023,0.7259273482364491,0.4130479097366333,0.5817167162895203
S,27406,0.4984499216079712,0.5051181316375732,0.14908918738365173,0.35468146204948425,0.6456156961930295,0.42056843638420105,0.10741152614355087
X,27416,0.5678606033325195,0.4947448968887329,0.17428648471832275,0.395593523979187,0.6392448344399843,0.4338279664516449,0.18638232350349426
X,27436,0.5455559492111206,0.46418508887290955,0.1670345664024353,0.4075950086116791,0.6885240655003145,0.4126080572605133,0.5886184573173523
_,27438,0.527618944644928,0.4461715817451477,0.1582411676645279,0.3977653980255127,0.8662406141559283,0.40776538848876953,0.0
_,27442,0.5284848213195801,0.44635337591171265,0.15865954756736755,0.3982905149459839,0.8659158152341844,0.4082905054092407,0.0
_,27448,0.5275771617889404,0.4461628198623657,0.15822093188762665,0.39774030447006226,0.8663394424319267,0.4077402651309967,0.0
_,27450,0.5288706421852112,0.44643378257751465,0.15884697437286377,0.3985215127468109,0.8649036464591822,0.40852150321006775,0.0
S,27465,0.5264486074447632,0.5059602856636047,0.15398479998111725,0.36118969321250916,0.6364430486727604,0.42589929699897766,0.11284342408180237
T,27471,0.5461668968200684,0.4583721160888672,0.16731944680213928,0.40836939215660095,0.7178597062838495,0.4157850742340088,0.5708431005477905
T,27473,0.5449577569961548,0.46061792969703674,0.16673779487609863,0.40758129954338074,0.6627156490817349,0.41428470611572266,0.5664361119270325
N,27481,0.5363320112228394,0.4884631335735321,0.16376419365406036,0.3916673958301544,0.6775782771587062,0.4226762652397156,0.2176952362060547
N,27485,0.5515464544296265,0.4992712438106537,0.17034702003002167,0.40910375118255615,0.6230531447720327,0.41988009214401245,0.41242748498916626
T,27487,0.5913367867469788,0.4807157516479492,0.17804141342639923,0.40414664149284363,0.6565371779453321,0.43268558382987976,0.182075634598732
S,27489,0.4761909544467926,0.5114535689353943,0.14236916601657867,0.3413495123386383,0.6505732004639383,0.41962042450904846,0.08922131359577179
X,27495,0.5506676435470581,0.47483909130096436,0.16957968473434448,0.4101989269256592,0.5231142616950092,0.412271112203598,0.5791720151901245
S,27504,0.5143774747848511,0.500056803226471,0.15740962326526642,0.35841619968414307,0.6612713840541741,0.4320986866950989,0.050019972026348114
_,27507,0.5276973843574524,0.4461881220340729,0.15827897191047668,0.39781326055526733,0.8663718328873317,0.40781325101852417,0.0
_,27514,0.5279058814048767,0.4462318420410156,0.1583797037601471,0.39793968200683594,0.8661774821082752,0.4079396426677704,0.0
N,27519,0.5654993653297424,0.48462092876434326,0.17004898190498352,0.3901788890361786,0.6656159904532252,0.43097957968711853,0.11625024676322937
X,27535,0.5488056540489197,0.46514689922332764,0.1686249077320099,0.4097525179386139,0.6740566166206554,0.41550585627555847,0.5611053705215454
X,27547,0.5410215854644775,0.4627760350704193,0.16483116149902344,0.4050275981426239,0.7021279985364527,0.41043511033058167,0.5774326324462891
_,27548,0.5283468961715698,0.4463243782520294,0.15859301388263702,0.398206502199173,0.8657702123125395,0.4082064926624298,0.0
N,27552,0.5946758389472961,0.487366646528244,0.1785207837820053,0.3911999464035034,0.6586928426888821,0.4412635862827301,0.05976426601409912
S,27555,0.5400256514549255,0.5023238062858582,0.1604253053665161,0.3666808009147644,0.6121190563232328,0.4317312240600586,0.09219718724489212
N,27561,0.6166104078292847,0.4908349812030792,0.1841692328453064,0.3936547338962555,0.64178800359931,0.4485131502151489,0.04655906558036804
S,27565,0.5035775303840637,0.5091756582260132,0.14663508534431458,0.34785446524620056,0.6458462432215796,0.4227336645126343,0.09093228727579117
N,27572,0.5557973384857178,0.4826653003692627,0.1644531637430191,0.3815630078315735,0.6922115568832184,0.42619723081588745,0.08597785234451294
X,27577,0.5464244484901428,0.46807271242141724,0.16749748587608337,0.4079757630825043,0.6253767310125355,0.41205912828445435,0.5771729946136475
T,27581,0.5631794333457947,0.49279043078422546,0.1741611659526825,0.40457502007484436,0.6622156367959876,0.4269605875015259,0.2999289631843567
_,27585,0.5222795605659485,0.4450477063655853,0.15566563606262207,0.39451509714126587,0.8687843510011832,0.4045150876045227,0.0
S,27590,0.4995248019695282,0.5006131529808044,0.15161190927028656,0.3503965735435486,0.6865016089007259,0.4276139736175537,0.045103490352630615
T,27592,0.5555733442306519,0.48903706669807434,0.17033816874027252,0.40342727303504944,0.6335405231922293,0.41977429389953613,0.3479212522506714
_,27593,0.5221576690673828,0.4450220465660095,0.15560682117938995,0.39444082975387573,0.868858000189066,0.40444082021713257,0.0
T,27600,0.5786172151565552,0.48910605907440186,0.1798589825630188,0.40424779057502747,0.6349282483189989,0.4334513545036316,0.22360049188137054
T,27615,0.5377237200737,0.4595333933830261,0.163225457072258,0.4032263159751892,0.7210345628311621,0.4096730649471283,0.5675944089889526
_,27620,0.5222057700157166,0.4450322687625885,0.15562988817691803,0.39447054266929626,0.8689735632638137,0.4044705331325531,0.0
T,27623,0.5990275144577026,0.48643749952316284,0.17872901260852814,0.397463858127594,0.6636914470552195,0.43669888377189636,0.12774424254894257
N,27627,0.5330811738967896,0.48533082008361816,0.1602848470211029,0.384297639131546,0.6685531635206038,0.41841354966163635,0.18301816284656525
_,27629,0.5220696330070496,0.445003479719162,0.15556442737579346,0.3943871259689331,0.8689165358245373,0.40438711643218994,0.0
X,27638,0.5856840014457703,0.4937822222709656,0.17842943966388702,0.39841705560684204,0.6184733292869836,0.43598005175590515,0.1829858422279358
_,27648,0.5221102237701416,0.4450121223926544,0.15558390319347382,0.394412100315094,0.8689699540535609,0.40441209077835083,0.0
X,27658,0.5385061502456665,0.48944002389907837,0.16504794359207153,0.39126694202423096,0.6532486603533229,0.4233877658843994,0.2127131223678589
S,27667,0.4890144467353821,0.5146450400352478,0.1434449851512909,0.3478793501853943,0.5799789378782346,0.4133029878139496,0.141728475689888
T,27669,0.5358513593673706,0.45456522703170776,0.16228465735912323,0.4023374021053314,0.7350624430897491,0.4101976454257965,0.5706776976585388
N,27671,0.5564607977867126,0.49264299869537354,0.16788388788700104,0.3963203430175781,0.6267932101059827,0.4199364185333252,0.28922194242477417
N,27682,0.570170521736145,0.4840420186519623,0.16786260902881622,0.38134467601776123,0.6798580669392444,0.43013498187065125,0.06362389028072357
T,27686,0.5411600470542908,0.45770391821861267,0.16489768028259277,0.4053974449634552,0.7248914153635284,0.41285979747772217,0.557869553565979
_,27708,0.5221723318099976,0.44502514600753784,0.15561386942863464,0.3944498598575592,0.8688511225581169,0.40444982051849365,0.0
S,27715,0.4667890667915344,0.5059705972671509,0.1380351483821869,0.333687961101532,0.6949796121420029,0.4175214469432831,0.05461442098021507
N,27722,0.581729531288147,0.48531535267829895,0.1724460870027542,0.3885791599750519,0.6733116145327223,0.43255937099456787,0.09621310979127884
T,27730,0.5412099957466125,0.45777907967567444,0.1649188995361328,0.40531012415885925,0.7162823055005053,0.4123767018318176,0.579997181892395
_,27736,0.5230820775032043,0.44521674513816833,0.15605251491069794,0.39500412344932556,0.8682631713648638,0.4050041139125824,0.0
_,27743,0.5227932929992676,0.445156067609787,0.1559130847454071,0.39482876658439636,0.8686220834155878,0.4048287570476532,0.0
N,27753,0.6508270502090454,0.49255993962287903,0.19098706543445587,0.40004533529281616,0.6208616110929749,0.4498642683029175,0.07954660058021545
_,27762,0.5220929384231567,0.44500845670700073,0.15557563304901123,0.39440152049064636,0.8689861350258192,0.4044014811515808,0.0
T,27771,0.5366162061691284,0.4563997983932495,0.1626664102077484,0.40269914269447327,0.7256987087164696,0.4099908471107483,0.5724868178367615
T,27774,0.6497167944908142,0.48641929030418396,0.19435501098632812,0.40848663449287415,0.6317860780754806,0.4498577415943146,0.08162883669137955
T,27776,0.537885844707489,0.4571094810962677,0.1632884442806244,0.40335410833358765,0.7338147760038616,0.41031956672668457,0.5837200880050659
S,27784,0.4842827618122101,0.5093168616294861,0.1396988481283188,0.3398391306400299,0.6499428451083077,0.41565847396850586,0.091715008020401
T,27789,0.5654705762863159,0.48714202642440796,0.1752503216266632,0.4007128179073334,0.6546061722965291,0.4302230477333069,0.21541611850261688
N,27791,0.5838326811790466,0.4843685030937195,0.1716686338186264,0.38318589329719543,0.6665083236445207,0.4331313967704773,0.052959244698286057
X,27792,0.5764318108558655,0.48705512285232544,0.17323972284793854,0.3908274471759796,0.615914129925271,0.43019700050354004,0.13951875269412994
X,27795,0.6130827069282532,0.4868076741695404,0.18065163493156433,0.3976540267467499,0.6230815520027925,0.43629807233810425,0.13258284330368042
S,27806,0.4853057861328125,0.5029593110084534,0.14155596494674683,0.34599602222442627,0.6187877673122179,0.41328227519989014,0.09839833527803421
S,27807,0.5155127048492432,0.496782124042511,0.15151624381542206,0.35748669505119324,0.6391355324788796,0.421812504529953,0.07806884497404099
T,27815,0.5412354469299316,0.45989319682121277,0.16493426263332367,0.4052286446094513,0.6277437901640588,0.4115394055843353,0.5818089842796326
_,27823,0.5221751928329468,0.4450257420539856,0.15561525523662567,0.3944516181945801,0.8689049331347148,0.4044516086578369,0.0
X,27824,0.5778989791870117,0.48823437094688416,0.17375771701335907,0.39272868633270264,0.6585785390700525,0.43301334977149963,0.13826976716518402
T,27826,0.6095151305198669,0.4843035936355591,0.18274086713790894,0.4033653438091278,0.6549478505621664,0.43849611282348633,0.13875621557235718
_,27831,0.5233849287033081,0.4452800154685974,0.1561993956565857,0.3951863646507263,0.8674790763854981,0.4051862955093384,0.0
S,27834,0.498395711183548,0.5010640621185303,0.15130732953548431,0.35193440318107605,0.6835912041676542,0.4275367558002472,0.053576864302158356
N,27836,0.5495871901512146,0.48350897431373596,0.16521599888801575,0.38717782497406006,0.673787199339713,0.4249560534954071,0.13894329965114594
_,27838,0.5228344202041626,0.4451647102832794,0.1559329330921173,0.3948538899421692,0.8685006164511045,0.404853880405426,0.0
T,27845,0.5444105267524719,0.4889509081840515,0.16764673590660095,0.4029555320739746,0.6568615697890224,0.4211868941783905,0.32972732186317444
X,27847,0.5469528436660767,0.47533494234085083,0.16779091954231262,0.40782997012138367,0.48040996415925596,0.409204363822937,0.581716775894165
_,27852,0.52298504114151,0.4451965391635895,0.15600541234016418,0.39494597911834717,0.8685878146191438,0.404945969581604,0.0
T,27854,0.5483688712120056,0.4850653111934662,0.16892938315868378,0.39879053831100464,0.6485757450542102,0.42479783296585083,0.2418573498725891
X,27859,0.5502973794937134,0.49076539278030396,0.16759541630744934,0.3889068067073822,0.61320603386499,0.42577746510505676,0.18247008323669434
T,27861,0.6071311831474304,0.4806515574455261,0.18065811693668365,0.398171067237854,0.666352354817791,0.43833938241004944,0.06953347474336624
S,27887,0.4672679901123047,0.508617639541626,0.1356886774301529,0.3356955647468567,0.6727643321179009,0.41191139817237854,0.08929945528507233
S,27896,0.5566256642341614,0.49937042593955994,0.16605310142040253,0.36576706171035767,0.6480132855189732,0.43671172857284546,0.048928480595350266
N,27900,0.5800635814666748,0.48635804653167725,0.17568299174308777,0.39142364263534546,0.657941143543382,0.4377712905406952,0.08099982142448425
T,27904,0.5777254104614258,0.4818045198917389,0.17646673321723938,0.40106824040412903,0.6533405749220401,0.43251776695251465,0.16384437680244446
T,27910,0.537706196308136,0.45704615116119385,0.16319742798805237,0.40333062410354614,0.7223903589891658,0.4104900360107422,0.5728069543838501
N,27918,0.5722824335098267,0.4865332245826721,0.17251619696617126,0.3908451497554779,0.6515653562910545,0.4323192834854126,0.12138067185878754
S,27931,0.49914705753326416,0.5027539134025574,0.15098057687282562,0.3531363904476166,0.6471714252978563,0.4236595928668976,0.07964888960123062
_,27942,0.5228910446166992,0.4451766610145569,0.15596018731594086,0.39488840103149414,0.8684580638011297,0.4048883616924286,0.0
_,27945,0.5235136151313782,0.44530782103538513,0.15626034140586853,0.3952678442001343,0.8682385414342086,0.4052678346633911,0.0
_,27950,0.5229246020317078,0.44518378376960754,0.1559762954711914,0.39490917325019836,0.8685748232404391,0.4049091637134552,0.0
S,27954,0.5117762088775635,0.4970601499080658,0.15078294277191162,0.35661327838897705,0.6400216426595581,0.4216705858707428,0.07673655450344086
X,27968,0.5382952094078064,0.4605162739753723,0.1635039895772934,0.4034874141216278,0.7040097272432528,0.4095035195350647,0.5743526816368103
X,27985,0.5846564173698425,0.4886760711669922,0.17727798223495483,0.39496079087257385,0.6422216997885456,0.4362388849258423,0.12975209951400757
X,27989,0.636065661907196,0.48835766315460205,0.1889006793498993,0.3976818323135376,0.6352981948511055,0.4496963918209076,0.03622172772884369
S,27994,0.49982911348342896,0.5000072121620178,0.1472269594669342,0.3522163927555084,0.6150301191296118,0.41729798913002014,0.09186305850744247
X,28008,0.5482821464538574,0.4664335250854492,0.16838675737380981,0.40901124477386475,0.6364120699358561,0.41335317492485046,0.5920274257659912
T,28023,0.5432375073432922,0.4606674909591675,0.165914848446846,0.4064920246601105,0.656906306361634,0.41304218769073486,0.5663684606552124
_,28027,0.5240614414215088,0.44542303681373596,0.15652473270893097,0.39560094475746155,0.8678341829776764,0.405600905418396,0.0
T,28031,0.6214755177497864,0.4856910705566406,0.18817901611328125,0.4065498113632202,0.6309484550162839,0.4418993592262268,0.13761751353740692
X,28035,0.545876681804657,0.4634014070034027,0.16720177233219147,0.40778088569641113,0.6889685513027902,0.4130892753601074,0.5890231132507324
X,28049,0.5711859464645386,0.4911878705024719,0.17298556864261627,0.3924097418785095,0.616414234986684,0.43114525079727173,0.1669849008321762
X,28053,0.537290096282959,0.4628276824951172,0.16303642094135284,0.40269821882247925,0.7036335178571366,0.407737135887146,0.5778312683105469
X,28057,0.5778992772102356,0.4884074032306671,0.17423443496227264,0.39386841654777527,0.6153327778311601,0.4315527379512787,0.15798695385456085
X,28093,0.5435761213302612,0.4678485095500946,0.16610360145568848,0.4064008891582489,0.5590978121947653,0.41064953804016113,0.5675038695335388
_,28095,0.5229001045227051,0.4451785385608673,0.15596456825733185,0.39489397406578064,0.8684856077531974,0.4048939645290375,0.0
T,28097,0.5341828465461731,0.45594432950019836,0.1614827960729599,0.4011029005050659,0.7274100060237106,0.40800660848617554,0.5937830805778503
_,28101,0.5229581594467163,0.44519078731536865,0.1559925675392151,0.3949293792247772,0.8684757227698963,0.40492933988571167,0.0
N,28102,0.5664432048797607,0.49516561627388,0.17113903164863586,0.39636150002479553,0.6511635840198142,0.4282768666744232,0.23344895243644714
T,28104,0.5457648038864136,0.46335166692733765,0.16715246438980103,0.4077572822570801,0.604513272958308,0.41322436928749084,0.583208441734314
S,28122,0.48016154766082764,0.5074201822280884,0.1390264630317688,0.3372364938259125,0.6615555062326894,0.4160083532333374,0.07558248192071915
T,28124,0.543437659740448,0.4595094919204712,0.16600841283798218,0.4065506160259247,0.720195317119166,0.4131518006324768,0.5830904841423035
X,28131,0.6094927787780762,0.49353012442588806,0.18308177590370178,0.3994622230529785,0.6304575545567787,0.441962867975235,0.14324167370796204
S,28135,0.49821987748146057,0.5006675124168396,0.14947843551635742,0.35234951972961426,0.6565370518900454,0.4215072989463806,0.07723601162433624
S,28139,0.48814231157302856,0.5017148852348328,0.14548785984516144,0.35040283203125,0.6671014806473007,0.4187071621417999,0.08693922311067581
_,28148,0.5228796601295471,0.44517427682876587,0.1559547334909439,0.3948814570903778,0.8685271658996742,0.40488144755363464,0.0
T,28167,0.5416216254234314,0.48799389600753784,0.1659812480211258,0.40059226751327515,0.6509100941630702,0.4210996627807617,0.3054216504096985
S,28177,0.49490317702293396,0.5025473237037659,0.14873583614826202,0.3538379371166229,0.6411201901733876,0.4210473597049713,0.09235849976539612
N,28193,0.565234363079071,0.49917033314704895,0.17351728677749634,0.40421605110168457,0.6243373416184781,0.4254084527492523,0.324424147605896
_,28198,0.5270745754241943,0.4460568428039551,0.1579788625240326,0.39743319153785706,0.8653851721187433,0.4074331820011139,0.0
N,28203,0.640307605266571,0.49249330163002014,0.1882651001214981,0.3991653323173523,0.6240500882148251,0.4482196271419525,0.08660179376602173
_,28212,0.5273618698120117,0.44611725211143494,0.15811747312545776,0.3976079821586609,0.8653683621684711,0.4076079726219177,0.0
T,28215,0.5432559251785278,0.49033915996551514,0.1665978729724884,0.4038804769515991,0.5837584134850962,0.41819366812705994,0.37070852518081665
S,28240,0.4965638220310211,0.5002101063728333,0.15140557289123535,0.3527310788631439,0.6926763939112426,0.42914292216300964,0.045254580676555634
N,28267,0.5430396199226379,0.49858558177948,0.16662807762622833,0.4007526934146881,0.6373918028664776,0.4200153946876526,0.3376801013946533
X,28279,0.545072078704834,0.46697837114334106,0.16682034730911255,0.40723153948783875,0.6045929735848646,0.41148391366004944,0.5797067284584045
X,28281,0.550300121307373,0.4651273787021637,0.16935765743255615,0.4104517698287964,0.7134029682011687,0.4157676100730896,0.5810901522636414
S,28285,0.46997982263565063,0.5029118061065674,0.14077480137348175,0.34370487928390503,0.689983486942947,0.4163794219493866,0.07801135629415512
N,28291,0.5647908449172974,0.4904899299144745,0.16984823346138,0.39387908577919006,0.6397580499023874,0.42883530259132385,0.1925550252199173
N,28293,0.5560482144355774,0.48798614740371704,0.16954359412193298,0.39562317728996277,0.6466742479489768,0.42787784337997437,0.20115777850151062
_,28299,0.52713543176651,0.446069598197937,0.15800824761390686,0.39747023582458496,0.8654125889142354,0.4074701964855194,0.0
N,28316,0.5759691596031189,0.49017247557640076,0.17308251559734344,0.39264848828315735,0.647923398562222,0.43441349267959595,0.13952237367630005
N,28332,0.5753988027572632,0.4819234311580658,0.16978687047958374,0.3870686888694763,0.6814283469576428,0.4303814768791199,0.07956718653440475
S,28334,0.5566843152046204,0.5023112893104553,0.1639706939458847,0.3695821166038513,0.6088081134900374,0.4345768094062805,0.0887712836265564
X,28339,0.6439244747161865,0.48829540610313416,0.18672162294387817,0.40020594000816345,0.6110700530380079,0.44341713190078735,0.09810596704483032
S,28346,0.5127682089805603,0.5000450015068054,0.1498996466398239,0.3561190366744995,0.6128306970809839,0.42002567648887634,0.09400467574596405
T,28347,0.5774256587028503,0.48475906252861023,0.17728979885578156,0.40159955620765686,0.6466709934481575,0.4314134418964386,0.1972431093454361
S,28381,0.48204439878463745,0.5020396113395691,0.14549489319324493,0.344617635011673,0.6990740743776163,0.42336469888687134,0.04974596947431564
_,28382,0.5268966555595398,0.4460194408893585,0.15789291262626648,0.3973252773284912,0.8655044083793959,0.40732523798942566,0.0
X,28384,0.5464497208595276,0.4656020700931549,0.16748344898223877,0.40809786319732666,0.6579073638051705,0.41284966468811035,0.5830605030059814
_,28392,0.5277718305587769,0.44620323181152344,0.1583157777786255,0.39785605669021606,0.8650080922742686,0.4078560471534729,0.0
X,28394,0.5446473360061646,0.4652363657951355,0.16660210490226746,0.4070208966732025,0.7126623308713318,0.4116966724395752,0.5843722224235535
X,28396,0.5433359742164612,0.46201446652412415,0.165949746966362,0.4064399302005768,0.7004530635077876,0.4122171401977539,0.5811281800270081
X,28416,0.5747149586677551,0.4863428473472595,0.17235320806503296,0.39010098576545715,0.6271443680072359,0.4309815764427185,0.1239166110754013
N,28417,0.6222777366638184,0.489044189453125,0.18454568088054657,0.3965469002723694,0.6391225332722873,0.4451064467430115,0.07084597647190094
N,28425,0.5845521092414856,0.48588594794273376,0.17490780353546143,0.3898725211620331,0.6664557113704117,0.43764036893844604,0.06923481822013855
X,28426,0.5930034518241882,0.4901081323623657,0.17832428216934204,0.39218196272850037,0.6484384118319334,0.4416501522064209,0.08246112614870071
T,28429,0.5567403435707092,0.490548312664032,0.1726074069738388,0.41382747888565063,0.6124160370001726,0.4145144820213318,0.5346818566322327
N,28431,0.5784372091293335,0.4840242564678192,0.17379163205623627,0.3895106613636017,0.6602570607193048,0.4355663061141968,0.06840227544307709
N,28437,0.5600108504295349,0.5046606063842773,0.17423826456069946,0.41546696424484253,0.5923450398948141,0.4135741889476776,0.526838481426239
_,28452,0.5267957448959351,0.44599825143814087,0.15784421563148499,0.3972640633583069,0.8655210363864899,0.40726402401924133,0.0
_,28456,0.5268079042434692,0.446000874042511,0.15784995257854462,0.3972717821598053,0.8656730683644613,0.40727174282073975,0.0
X,28462,0.54398113489151,0.46298351883888245,0.16626963019371033,0.40677744150161743,0.7009121101958348,0.41228950023651123,0.5805855989456177
S,28468,0.4930834174156189,0.5146963596343994,0.14499545097351074,0.34915822744369507,0.5794701795132521,0.41657307744026184,0.13400359451770782
X,28473,0.573229193687439,0.4863050580024719,0.17217756807804108,0.3894323706626892,0.6268258140600907,0.43126383423805237,0.1170477643609047
T,28479,0.5381180644035339,0.48243847489356995,0.16472646594047546,0.39961686730384827,0.666988266663005,0.4203166663646698,0.28656908869743347
_,28480,0.5277646780014038,0.44620180130004883,0.15831224620342255,0.3978520333766937,0.8651556625962258,0.40785202383995056,0.0
_,28485,0.5269226431846619,0.44602489471435547,0.15790551900863647,0.3973410129547119,0.8654860550165177,0.40734100341796875,0.0
_,28492,0.5269258618354797,0.44602566957473755,0.1579069346189499,0.39734336733818054,0.8655301550527414,0.4073433578014374,0.0
X,28493,0.6612489223480225,0.49067404866218567,0.1948511153459549,0.4063003361225128,0.6180396575983226,0.4525766968727112,0.07923547923564911
_,28494,0.5278306007385254,0.4462156295776367,0.1583440750837326,0.3978918790817261,0.8650291422009468,0.4078918695449829,0.0
N,28515,0.5680863857269287,0.5075308084487915,0.17820264399051666,0.41986575722694397,0.5946482970964281,0.4179469048976898,0.5288198590278625
X,28518,0.5548406839370728,0.48468923568725586,0.16774000227451324,0.3913744390010834,0.6458811151616586,0.42497438192367554,0.1751096248626709
N,28528,0.5470901131629944,0.49021247029304504,0.16881273686885834,0.39867857098579407,0.6360808775542925,0.4243198335170746,0.2652556896209717
N,28530,0.5648691058158875,0.5037693381309509,0.17654044926166534,0.4189099967479706,0.6052796771858509,0.4195401668548584,0.5117023587226868
T,28544,0.6873674392700195,0.4860612154006958,0.2053518146276474,0.4203680753707886,0.6279070721707831,0.46150273084640503,0.04381217062473297
T,28545,0.5509041547775269,0.45895642042160034,0.16960395872592926,0.41126933693885803,0.7192068232620902,0.4188378155231476,0.5724047422409058
X,28550,0.5586750507354736,0.4659801423549652,0.17343035340309143,0.4155757427215576,0.7114088402162089,0.4216102361679077,0.5703164339065552
N,28551,0.5646544098854065,0.4861069917678833,0.172419011592865,0.3938083350658417,0.6572033663530602,0.43516382575035095,0.11609786003828049
X,28560,0.5659723877906799,0.49405524134635925,0.17654523253440857,0.4068877398967743,0.6074868609725188,0.43489721417427063,0.2562903165817261
T,28568,0.5583369135856628,0.46293553709983826,0.1732693761587143,0.41549408435821533,0.6274572244407076,0.4226059019565582,0.5612379908561707
X,28571,0.5532065033912659,0.4657357931137085,0.17074955999851227,0.4123000204563141,0.6150098620725718,0.4177629053592682,0.57789546251297
_,28596,0.5367929339408875,0.44809237122535706,0.16268260776996613,0.40330278873443604,0.859091271708409,0.41330280900001526,0.0
S,28601,0.5712107419967651,0.5035901665687561,0.1684335172176361,0.3740234076976776,0.6027229629086045,0.4409177899360657,0.08134303241968155
N,28604,0.5890987515449524,0.48548370599746704,0.17352546751499176,0.38661327958106995,0.6725279991090065,0.4377232491970062,0.0458403006196022
_,28606,0.535942018032074,0.44791463017463684,0.16227000951766968,0.40279126167297363,0.8594291221598784,0.41279125213623047,0.0
N,28614,0.61677485704422,0.4906297028064728,0.18031533062458038,0.39696383476257324,0.6369075593204192,0.4417628347873688,0.11085769534111023
_,28624,0.5359629392623901,0.4479190707206726,0.16228006780147552,0.40280407667160034,0.8595232227444649,0.4128040671348572,0.0
T,28627,0.5846744179725647,0.4789273142814636,0.1795627474784851,0.40519610047340393,0.6460272126862159,0.43285876512527466,0.1743634194135666
_,28629,0.5369670987129211,0.44812852144241333,0.162767231464386,0.4034067988395691,0.8588433371980986,0.4134067893028259,0.0
X,28644,0.5963727235794067,0.4929724633693695,0.1811935305595398,0.39865216612815857,0.627584542571373,0.4447609782218933,0.11580749601125717
_,28649,0.537379801273346,0.4482141137123108,0.16296827793121338,0.4036521911621094,0.8578630302349727,0.4136521518230438,0.0
T,28661,0.550839364528656,0.4589436948299408,0.1695716679096222,0.4112333655357361,0.7194936510315832,0.41880083084106445,0.5724354386329651
X,28667,0.5663398504257202,0.49289247393608093,0.17384177446365356,0.39563804864883423,0.6056606603460387,0.4343721568584442,0.17265231907367706
X,28681,0.557881772518158,0.46663951873779297,0.17304003238677979,0.4151341915130615,0.665501127854368,0.42102110385894775,0.5661873817443848
_,28685,0.5359125733375549,0.447908490896225,0.1622556895017624,0.4027736485004425,0.8594300861656666,0.41277360916137695,0.0
S,28696,0.489307165145874,0.5034505128860474,0.14940617978572845,0.3486455976963043,0.6859425518661738,0.4296264052391052,0.04356458783149719
_,28698,0.5373720526695251,0.4482123851776123,0.1629648059606552,0.40364670753479004,0.8576892859240374,0.4136466681957245,0.0
_,28709,0.5364771485328674,0.4480264484882355,0.16252943873405457,0.40311309695243835,0.8592949041724206,0.4131130874156952,0.0
T,28713,0.5560954213142395,0.46247774362564087,0.17216847836971283,0.41420963406562805,0.7096221339729285,0.42131128907203674,0.5604308843612671
X,28728,0.5551930069923401,0.4657219648361206,0.17172092199325562,0.41348975896835327,0.6892880687498595,0.4191414415836334,0.5772622227668762
T,28737,0.5560416579246521,0.46297022700309753,0.17213040590286255,0.4140741527080536,0.7215952383462627,0.4205928146839142,0.5812690258026123
N,28738,0.5996806025505066,0.48666056990623474,0.17749080061912537,0.39006108045578003,0.6614540125749288,0.44219446182250977,0.040173761546611786
S,28745,0.4963398277759552,0.5016350150108337,0.15073905885219574,0.3543722629547119,0.66649475870654,0.42664846777915955,0.06574326753616333
S,28751,0.494128942489624,0.5086119771003723,0.14421886205673218,0.3423822224140167,0.6522593283599902,0.42451319098472595,0.06439897418022156
T,28759,0.5701634883880615,0.4817267060279846,0.1758813112974167,0.40125566720962524,0.6656119204033166,0.4347735047340393,0.1435224562883377
_,28762,0.5366231799125671,0.4480568468570709,0.16260027885437012,0.40320074558258057,0.8591526897251607,0.4132007360458374,0.0
T,28777,0.5580504536628723,0.4848128855228424,0.1725088357925415,0.4055512845516205,0.6441641819818567,0.4269806742668152,0.28411340713500977
N,28778,0.5513315796852112,0.49902090430259705,0.1702658087015152,0.4098316729068756,0.6311256752721965,0.4208429157733917,0.4110565781593323
S,28780,0.5045449733734131,0.5099070072174072,0.15288758277893066,0.3589777648448944,0.6186476129914323,0.4258368909358978,0.11702370643615723
_,28781,0.5360453128814697,0.4479362666606903,0.16231998801231384,0.4028535783290863,0.8595052732030551,0.41285353899002075,0.0
S,28786,0.5621947646141052,0.4994826316833496,0.16333799064159393,0.36940860748291016,0.6186842367942882,0.43522027134895325,0.0709102600812912
T,28808,0.5551608800888062,0.46149566769599915,0.17169040441513062,0.41372543573379517,0.7146239067290542,0.42089757323265076,0.5684362649917603
_,28809,0.5374863743782043,0.44823628664016724,0.16302014887332916,0.40371572971343994,0.8577512329816819,0.4137157201766968,0.0
_,28811,0.5359800457954407,0.44792258739471436,0.1622883677482605,0.40281423926353455,0.8594500764707724,0.4128142297267914,0.0
X,28828,0.5579728484153748,0.46584635972976685,0.17308378219604492,0.4151737689971924,0.7120574474397791,0.42116180062294006,0.5716096758842468
N,28829,0.6186470985412598,0.4906294345855713,0.1835595667362213,0.3987559974193573,0.6442705047902686,0.4458828568458557,0.09078247100114822
X,28839,0.6440944671630859,0.48984232544898987,0.18812856078147888,0.40247073769569397,0.6132629099831683,0.44721126556396484,0.09321485459804535
N,28848,0.6139726042747498,0.49240872263908386,0.1839154064655304,0.40415793657302856,0.619212292531062,0.4433414041996002,0.15615423023700714
T,28852,0.5821635723114014,0.4958310127258301,0.18367820978164673,0.4161580801010132,0.6322988103906392,0.4371708333492279,0.3202211558818817
_,28863,0.5327830910682678,0.44725409150123596,0.16073936223983765,0.4008884131908417,0.8614918916920822,0.4108883738517761,0.0
N,28868,0.5924525856971741,0.487195760011673,0.1794518381357193,0.39656326174736023,0.6396529826813883,0.44175973534584045,0.08565279841423035
X,28869,0.5494620203971863,0.46493470668792725,0.16892947256565094,0.41011303663253784,0.6731728570106256,0.415658563375473,0.572873592376709
N,28881,0.6357237696647644,0.4910748302936554,0.18661333620548248,0.4019240438938141,0.6156474387483104,0.44541874527931213,0.11419007927179337
_,28886,0.5330268740653992,0.4473051130771637,0.16085734963417053,0.4010356068611145,0.8615406082570554,0.41103559732437134,0.0
_,28897,0.5334600210189819,0.4473957419395447,0.16106709837913513,0.40129679441452026,0.8612941709657511,0.4112967848777771,0.0
_,28898,0.5328672528266907,0.4472717344760895,0.16078002750873566,0.4009392261505127,0.8614893061419329,0.41093921661376953,0.0
X,28915,0.5506621599197388,0.46561869978904724,0.16951967775821686,0.41075071692466736,0.6632866428286798,0.41605234146118164,0.5771380066871643
N,28917,0.5784783959388733,0.4849616587162018,0.17016589641571045,0.3880068063735962,0.671570398791082,0.4312199056148529,0.10055973380804062
S,28918,0.5557405352592468,0.5050030946731567,0.16141824424266815,0.36485373973846436,0.6239227041296423,0.4349742829799652,0.08149083703756332
N,28923,0.5636647343635559,0.48874732851982117,0.17191320657730103,0.3924870491027832,0.6528803430493766,0.43437132239341736,0.1308032125234604
T,28941,0.5502817630767822,0.4579505920410156,0.16930176317691803,0.41098687052726746,0.7193333234542904,0.4190296530723572,0.557184100151062
_,28944,0.5342633128166199,0.44756314158439636,0.16145724058151245,0.4017779529094696,0.8600154912968477,0.41177794337272644,0.0
S,28954,0.6080781817436218,0.5041000247001648,0.17851151525974274,0.37867477536201477,0.589201272093087,0.44964832067489624,0.058414630591869354
X,28957,0.5777594447135925,0.4901427924633026,0.1731111854314804,0.39011693000793457,0.6194031134338972,0.4336412250995636,0.12702664732933044
X,28961,0.5657727122306824,0.4890214800834656,0.1704094409942627,0.3891707956790924,0.6305318713304587,0.4315379559993744,0.13088908791542053
X,28965,0.6455739140510559,0.4882054626941681,0.18767043948173523,0.40050268173217773,0.6172750646828596,0.4463365375995636,0.07509640604257584
S,28968,0.4998925030231476,0.502836287021637,0.15067115426063538,0.35174617171287537,0.6889319376430164,0.42790764570236206,0.057274527847766876
T,28970,0.5537924766540527,0.4612569212913513,0.17103475332260132,0.4127359986305237,0.7425724523527061,0.41952064633369446,0.5872787833213806
N,28974,0.6438269019126892,0.4896612763404846,0.18910853564739227,0.4035484790802002,0.649009795342948,0.44974786043167114,0.08064524084329605
N,28990,0.5585286617279053,0.49074646830558777,0.17206136882305145,0.3982916474342346,0.6291500145130946,0.4316365420818329,0.20335164666175842
X,28995,0.5515144467353821,0.4666343927383423,0.16993725299835205,0.41121724247932434,0.6714455661566899,0.4162539839744568,0.5772234201431274
_,29002,0.5328786969184875,0.4472740888595581,0.16078560054302216,0.4009462296962738,0.8615064253906409,0.410946249961853,0.0
X,29020,0.5521371960639954,0.467976450920105,0.17024821043014526,0.41160517930984497,0.6047823665323206,0.41651254892349243,0.5692917704582214
N,29035,0.5798837542533875,0.4855482578277588,0.17205019295215607,0.3866262435913086,0.6766715676753181,0.43685048818588257,0.05414735525846481
X,29037,0.6071382164955139,0.4889351427555084,0.1840691864490509,0.40362468361854553,0.61121962395031,0.4434555172920227,0.12891699373722076
X,29042,0.5549945831298828,0.4660465717315674,0.1716359704732895,0.4134039282798767,0.6642283798632465,0.4192024767398834,0.5674880743026733
S,29046,0.5016384124755859,0.504521369934082,0.14817331731319427,0.35172784328460693,0.6014651742869561,0.422191321849823,0.08674681931734085
_,29054,0.5329313278198242,0.44728517532348633,0.16081099212169647,0.4009782075881958,0.8615695537130038,0.41097813844680786,0.0
S,29060,0.5752608180046082,0.5009744763374329,0.16540929675102234,0.368144690990448,0.6395444453018596,0.43780964612960815,0.06122113764286041
T,29065,0.6851197481155396,0.48607495427131653,0.2015465795993805,0.4175209701061249,0.6144245286932104,0.4569350481033325,0.07170434296131134
X,29066,0.5536022782325745,0.4653019309043884,0.17095166444778442,0.4126843214035034,0.6711168144725768,0.41884326934814453,0.5585172176361084
N,29080,0.5595518350601196,0.5059596300125122,0.17401032149791718,0.4155150055885315,0.6220679196408795,0.4183633625507355,0.48337799310684204
N,29088,0.5714476704597473,0.48853492736816406,0.17287473380565643,0.39257359504699707,0.6599042535698391,0.4360523223876953,0.1173403263092041
_,29104,0.5335447788238525,0.44741350412368774,0.16110822558403015,0.4013477563858032,0.8612214035789172,0.41134774684906006,0.0
_,29106,0.5338658690452576,0.44748058915138245,0.1612638682126999,0.4015410542488098,0.8609681139389674,0.41154101490974426,0.0
_,29109,0.5328697562217712,0.44727209210395813,0.16078150272369385,0.4009402096271515,0.8613550441463789,0.4109402000904083,0.0
_,29117,0.5335617065429688,0.4474169909954071,0.16111637651920319,0.40135809779167175,0.8612233829994997,0.4113580882549286,0.0
T,29138,0.6334044337272644,0.4887153208255768,0.1919402927160263,0.4138655364513397,0.6323786322710302,0.4485595226287842,0.15610148012638092
N,29145,0.5735684037208557,0.48641160130500793,0.17286181449890137,0.3921512961387634,0.6556543373944199,0.4355546236038208,0.1036083772778511
T,29154,0.5501160025596619,0.46256470680236816,0.16924037039279938,0.41059449315071106,0.7122006684484647,0.41691043972969055,0.5747979283332825
_,29155,0.5330503582954407,0.4473100006580353,0.1608688235282898,0.4010494649410248,0.8613658767938615,0.411049485206604,0.0
N,29167,0.548140287399292,0.49970850348472595,0.16880695521831512,0.40743738412857056,0.6048659944674001,0.4186500906944275,0.4072805345058441
_,29184,0.5328730344772339,0.4472729563713074,0.16078287363052368,0.4009428322315216,0.8614500743150711,0.41094285249710083,0.0
N,29196,0.5499821901321411,0.5044378042221069,0.16941671073436737,0.4091641902923584,0.635633332380506,0.40479493141174316,0.5374338030815125
T,29206,0.5320232510566711,0.4584100544452667,0.1604820191860199,0.39954426884651184,0.723215850902731,0.4053652882575989,0.5910972952842712
S,29212,0.46684974431991577,0.500363826751709,0.1379982829093933,0.3423934578895569,0.6836476146429777,0.40835142135620117,0.09716525673866272
T,29215,0.5359785556793213,0.4852651059627533,0.16389071941375732,0.39290496706962585,0.6689587079795699,0.4204208552837372,0.23275063931941986
N,29219,0.5319108963012695,0.49708324670791626,0.16122157871723175,0.3949671685695648,0.6424481723550708,0.41074079275131226,0.3594195246696472
S,29224,0.47091779112815857,0.49810120463371277,0.1396360844373703,0.3433925211429596,0.6991555502265692,0.411445677280426,0.07948924601078033
S,29228,0.4825122058391571,0.4991113543510437,0.14325842261314392,0.352413147687912,0.6567586292140186,0.40927839279174805,0.12605582177639008
T,29237,0.5266678929328918,0.4543212056159973,0.15786458551883698,0.3966203033924103,0.7349943764212852,0.40371987223625183,0.5777455568313599
T,29248,0.5823350548744202,0.4827228784561157,0.17452263832092285,0.3918912410736084,0.6513911404877823,0.43005651235580444,0.11979082226753235
S,29251,0.47120463848114014,0.49942532181739807,0.1401531994342804,0.33953142166137695,0.7154894698783756,0.4144185483455658,0.05873673036694527
T,29260,0.523949921131134,0.4812183678150177,0.15703712403774261,0.3859714865684509,0.6561489291892698,0.40719640254974365,0.2789109945297241
S,29261,0.47528213262557983,0.5001906752586365,0.14039376378059387,0.3489149808883667,0.6664194641138117,0.40713757276535034,0.12552084028720856
N,29264,0.5366537570953369,0.49345409870147705,0.16394327580928802,0.39280983805656433,0.6238780766788113,0.4168422520160675,0.28830093145370483
S,29278,0.5445576906204224,0.5009145140647888,0.15668454766273499,0.35966095328330994,0.6404058889720909,0.42413172125816345,0.09369001537561417
_,29279,0.5130540132522583,0.4430970251560211,0.15123046934604645,0.38885754346847534,0.8745919862389565,0.3988575339317322,0.0
X,29286,0.564070463180542,0.4824279248714447,0.16787391901016235,0.38459137082099915,0.6449807791780525,0.4239124655723572,0.12040260434150696
_,29288,0.5129873156547546,0.4430828392505646,0.15119850635528564,0.38881638646125793,0.8745932722091675,0.39881637692451477,0.0
N,29291,0.5678691267967224,0.4829332232475281,0.16702347993850708,0.3828357458114624,0.6640495164077341,0.42432141304016113,0.10912718623876572
S,29293,0.4841838777065277,0.5004240870475769,0.14415526390075684,0.3444734811782837,0.6665092406685775,0.4163591265678406,0.07106729596853256
_,29302,0.513474702835083,0.4431862533092499,0.15143226087093353,0.3891167938709259,0.8744153238832951,0.39911675453186035,0.0
N,29310,0.5678691267967224,0.4829332232475281,0.16702347993850708,0.3828357458114624,0.6640495164077341,0.42432141304016113,0.10912718623876572
X,29322,0.52930748462677,0.459928959608078,0.15918104350566864,0.3978036940097809,0.7079124273362929,0.40287837386131287,0.58757483959198
N,29325,0.5453100204467773,0.49934133887290955,0.16710208356380463,0.4026086926460266,0.6459031545881104,0.41380202770233154,0.4028704762458801
T,29335,0.6418901681900024,0.48155850172042847,0.1909542828798294,0.4071882665157318,0.6466224009498062,0.44424596428871155,0.08304326981306076
T,29337,0.5364635586738586,0.4840056002140045,0.16265417635440826,0.39607271552085876,0.6412791172595947,0.41137129068374634,0.3477877676486969
T,29339,0.5421085953712463,0.4795275628566742,0.16363200545310974,0.3914297819137573,0.6646136226029679,0.41640546917915344,0.23113855719566345
T,29341,0.6296343803405762,0.4798164367675781,0.18327024579048157,0.4014125466346741,0.6543374865091331,0.4351496994495392,0.11770913749933243
_,29349,0.5134477615356445,0.44318056106567383,0.15141935646533966,0.3891001343727112,0.874460635483265,0.399100124835968,0.0
S,29353,0.49322572350502014,0.5072500109672546,0.1419288069009781,0.3427755534648895,0.6511318362151602,0.414054274559021,0.10024433583021164
_,29360,0.512969970703125,0.44307923316955566,0.1511901617050171,0.3888057768344879,0.8746465689440569,0.39880573749542236,0.0
_,29406,0.5130037665367126,0.4430863559246063,0.1512063890695572,0.38882654905319214,0.8746046055853367,0.398826539516449,0.0
X,29407,0.5257238149642944,0.488874614238739,0.15878009796142578,0.38385409116744995,0.621905881036073,0.4129118025302887,0.23699460923671722
X,29418,0.5315030217170715,0.462093323469162,0.16025207936763763,0.3989375829696655,0.6560368792515753,0.40321287512779236,0.5940360426902771
S,29420,0.4881831407546997,0.4998057782649994,0.14688217639923096,0.3474840819835663,0.6918972321599722,0.4211648106575012,0.060316234827041626
N,29428,0.5869908332824707,0.48897045850753784,0.17474953830242157,0.3923214375972748,0.639980577718258,0.43141916394233704,0.15194445848464966
N,29436,0.5408725142478943,0.48746350407600403,0.16246213018894196,0.3845463693141937,0.6483961242373698,0.4175965487957001,0.1997772604227066
_,29445,0.512997567653656,0.44308504462242126,0.15120342373847961,0.3888227045536041,0.8746405970553558,0.39882269501686096,0.0
N,29448,0.5715282559394836,0.4844692051410675,0.16795390844345093,0.3838508129119873,0.6502882604108163,0.42372986674308777,0.12964856624603271
N,29449,0.5476101636886597,0.49315425753593445,0.16754989326000214,0.401279091835022,0.6132038975398367,0.41254281997680664,0.39946943521499634
X,29453,0.6166802048683167,0.4875335693359375,0.18208423256874084,0.39224597811698914,0.6243571782822256,0.43968871235847473,0.07566230744123459
X,29457,0.5530837178230286,0.48368704319000244,0.16475941240787506,0.38399040699005127,0.6449409153172747,0.4204614758491516,0.1531752198934555
N,29464,0.5358989834785461,0.4824509918689728,0.16089653968811035,0.38148993253707886,0.6949305426096544,0.42015689611434937,0.13327226042747498
N,29465,0.5491594076156616,0.4930574595928192,0.1656111627817154,0.390575110912323,0.6545549329304383,0.41992828249931335,0.24661602079868317
S,29469,0.4770146906375885,0.5022211074829102,0.13803869485855103,0.34251144528388977,0.6219743291082948,0.40716028213500977,0.10874813050031662
_,29471,0.5142841935157776,0.4433572590351105,0.15182168781757355,0.3896125257015228,0.8732080731789271,0.39961254596710205,0.0
_,29472,0.5405676960945129,0.4488788843154907,0.16451571881771088,0.4055640399456024,0.8548011808594068,0.41556403040885925,0.0
N,29474,0.5748594999313354,0.4886097311973572,0.17238236963748932,0.3963703513145447,0.6507568397622526,0.43321555852890015,0.1645805686712265
N,29478,0.5960329174995422,0.49070069193840027,0.17683720588684082,0.3991389572620392,0.634993822360757,0.4357377588748932,0.17288638651371002
T,29484,0.5626448392868042,0.4633112847805023,0.17537567019462585,0.4181271493434906,0.7042345334591179,0.42589396238327026,0.5375537276268005
_,29487,0.5408520698547363,0.4489381015300751,0.1646539568901062,0.4057339131832123,0.8546254305541516,0.4157339036464691,0.0
N,29498,0.6190552115440369,0.4901789426803589,0.1870335042476654,0.4019678235054016,0.6414199578538077,0.45135560631752014,0.06451261043548584
_,29501,0.5407993793487549,0.448927104473114,0.16462832689285278,0.4057024121284485,0.854600497931242,0.4157024025917053,0.0
X,29509,0.7108616232872009,0.492092102766037,0.20494377613067627,0.41557690501213074,0.6048823782477848,0.46426212787628174,0.048053331673145294
X,29519,0.5556202530860901,0.46608033776283264,0.1719287931919098,0.41396036744117737,0.6931204984637831,0.42036914825439453,0.5471177101135254
X,29522,0.5944210886955261,0.4915013313293457,0.18075770139694214,0.3993835151195526,0.6178089451409566,0.4434584379196167,0.11920373886823654
X,29544,0.5576055645942688,0.4649485945701599,0.17288681864738464,0.41504180431365967,0.7032273691725398,0.421265184879303,0.5723289251327515
X,29552,0.5617016553878784,0.4720875024795532,0.17491573095321655,0.4171185791492462,0.6089118175473535,0.42133429646492004,0.5755818486213684
X,29560,0.7108616232872009,0.492092102766037,0.20494377613067627,0.41557690501213074,0.6048823782477848,0.46426212787628174,0.048053331673145294
T,29562,0.5624304413795471,0.46342647075653076,0.1752484142780304,0.41792380809783936,0.6942812136909243,0.42493048310279846,0.5745976567268372
T,29575,0.6027707457542419,0.4874528646469116,0.18367993831634521,0.40765032172203064,0.6307876146827281,0.4409998059272766,0.1704469919204712
T,29576,0.6426030993461609,0.48822587728500366,0.19159281253814697,0.4087999165058136,0.6270749113768883,0.4508262574672699,0.09131787717342377
X,29578,0.5629560351371765,0.4677083492279053,0.17551462352275848,0.4181118309497833,0.6755796996392353,0.42397648096084595,0.569930374622345
N,29582,0.5746031999588013,0.4854927062988281,0.17495101690292358,0.39484351873397827,0.6651651771626591,0.4392399489879608,0.08366245031356812
_,29586,0.541799008846283,0.4491351544857025,0.1651141345500946,0.40630006790161133,0.8541753771404426,0.41630005836486816,0.0
N,29590,0.5955630540847778,0.4915568232536316,0.1777753382921219,0.39587128162384033,0.6606170120179499,0.44273364543914795,0.10566489398479462
_,29596,0.5414379835128784,0.4490600824356079,0.1649385690689087,0.4060845971107483,0.8544108080863954,0.41608455777168274,0.0
X,29597,0.5645580887794495,0.46670883893966675,0.17630928754806519,0.41909921169281006,0.7015134889886501,0.42567625641822815,0.558177649974823
T,29609,0.5577329397201538,0.46287426352500916,0.17294473946094513,0.4152056872844696,0.6642616465936347,0.42210495471954346,0.5709381103515625
_,29611,0.5407447814941406,0.44891586899757385,0.1646016240119934,0.4056703448295593,0.8548781208197276,0.41567036509513855,0.0
T,29616,0.6203154921531677,0.48395392298698425,0.18303078413009644,0.4015131890773773,0.6515948089614783,0.44212716817855835,0.08537635952234268
N,29620,0.6092691421508789,0.48920950293540955,0.18261240422725677,0.39957913756370544,0.6391096606276309,0.4460846483707428,0.08391222357749939
_,29627,0.5406454801559448,0.44889506697654724,0.16455349326133728,0.405610591173172,0.8547853716711203,0.41561058163642883,0.0
_,29630,0.5406084060668945,0.44888734817504883,0.16453561186790466,0.4055881202220917,0.8546613457798958,0.4155881106853485,0.0
X,29641,0.5607649087905884,0.46966421604156494,0.17445221543312073,0.41688570380210876,0.6145485496204857,0.422566682100296,0.5521358251571655
N,29644,0.6153246164321899,0.4896411895751953,0.17938333749771118,0.3938637375831604,0.6505862879191531,0.4435172379016876,0.07287184149026871
T,29647,0.5621441006660461,0.46337565779685974,0.17511428892612457,0.4176999628543854,0.7062536283575931,0.4246121048927307,0.5790017247200012
_,29652,0.5405606031417847,0.4488774836063385,0.1645122617483139,0.40555986762046814,0.8547703148424626,0.4155597984790802,0.0
_,29658,0.5404791235923767,0.4488604962825775,0.16447265446186066,0.40551114082336426,0.8548111721873284,0.4155111312866211,0.0
X,29659,0.6222939491271973,0.4925712049007416,0.18656913936138153,0.4001161754131317,0.6376845281020118,0.45203396677970886,0.06712573021650314
_,29668,0.5421594977378845,0.44920939207077026,0.16529043018817902,0.4065121114253998,0.8529668605327607,0.4165121018886566,0.0
_,29671,0.5407229065895081,0.4489113390445709,0.1645910143852234,0.40565720200538635,0.8548748185733954,0.4156571924686432,0.0
_,29675,0.5416046977043152,0.44909465312957764,0.16501978039741516,0.4061835706233978,0.8541349843641123,0.4161835312843323,0.0
_,29679,0.5406014919281006,0.4488859176635742,0.16453216969966888,0.40558406710624695,0.8547484620412191,0.4155840575695038,0.0
_,29687,0.5411204099655151,0.4489939510822296,0.1647842675447464,0.40589451789855957,0.8546173169712226,0.4158945083618164,0.0
T,29688,0.6025997996330261,0.4848499298095703,0.18303853273391724,0.40761759877204895,0.649956019234669,0.4419010281562805,0.1453823745250702
N,29690,0.6209250092506409,0.4866943359375,0.1868898868560791,0.40037310123443604,0.6506038322350651,0.45039132237434387,0.03176064044237137
N,29691,0.677221417427063,0.49817129969596863,0.197615846991539,0.40893253684043884,0.595438636442456,0.4597141742706299,0.09565591812133789
N,29698,0.6102892160415649,0.486184298992157,0.18179310858249664,0.3985137641429901,0.6521062486798231,0.444268137216568,0.06759133189916611
S,29702,0.5260081887245178,0.5035114288330078,0.1607523262500763,0.36284539103507996,0.6587362804543228,0.4393627941608429,0.04873359575867653
T,29719,0.5704927444458008,0.48025545477867126,0.17840248346328735,0.4109894037246704,0.6618215680650126,0.435995489358902,0.21368181705474854
N,29724,0.5714203715324402,0.4881269335746765,0.17170731723308563,0.3916665315628052,0.6323120608304938,0.4284292757511139,0.1667202264070511
T,29729,0.5538724064826965,0.4826878011226654,0.17074479162693024,0.40927764773368835,0.6383451912417756,0.41926535964012146,0.4194446802139282
X,29738,0.5452702045440674,0.4890856146812439,0.16605494916439056,0.3915737271308899,0.6226722056977452,0.4208807647228241,0.2325180172920227
S,29746,0.4935765564441681,0.5018317699432373,0.14526842534542084,0.3482223451137543,0.635359689303829,0.41728857159614563,0.08607974648475647
N,29755,0.5836089849472046,0.48998862504959106,0.17544986307621002,0.38862502574920654,0.6575319093108799,0.4367135167121887,0.09730996936559677
T,29762,0.5415510535240173,0.45997488498687744,0.16508305072784424,0.40539348125457764,0.7151297635311948,0.4116138815879822,0.5860574245452881
S,29766,0.4861244857311249,0.4998311400413513,0.14562088251113892,0.3521294593811035,0.6700049129469942,0.415569007396698,0.09941158443689346
_,29772,0.5220209956169128,0.4449934959411621,0.15554054081439972,0.39435875415802,0.8698683626453082,0.40435874462127686,0.0
T,29773,0.5361233353614807,0.4559154808521271,0.16242332756519318,0.4023370146751404,0.7307689785247931,0.4095161259174347,0.5876758694648743
X,29775,0.6236890554428101,0.4874604344367981,0.18285222351551056,0.3965451419353485,0.615393586728654,0.4392350912094116,0.10469413548707962
S,29779,0.5063365697860718,0.5111590623855591,0.14749659597873688,0.3485158681869507,0.6125252688552428,0.4215850830078125,0.10452369600534439
T,29785,0.5479366779327393,0.486442893743515,0.16840535402297974,0.3969954252243042,0.6453315475466661,0.4213942587375641,0.26287466287612915
_,29787,0.5220484137535095,0.4449993073940277,0.1555536836385727,0.39437562227249146,0.8698859806358815,0.4043755829334259,0.0
S,29791,0.4907086193561554,0.4986284077167511,0.14824961125850677,0.34855180978775024,0.7006228141362468,0.4234728217124939,0.04765046387910843
N,29797,0.5344659686088562,0.4833137094974518,0.15900090336799622,0.37981170415878296,0.6816575998991418,0.4184454679489136,0.1406262218952179
_,29803,0.5225537419319153,0.4451058506965637,0.15579719841480255,0.394683837890625,0.8697032234569391,0.40468379855155945,0.0
S,29804,0.5106509923934937,0.5085039138793945,0.15224675834178925,0.35868898034095764,0.5802603076937765,0.4200681746006012,0.1361871361732483
S,29812,0.47698095440864563,0.5013116598129272,0.14286194741725922,0.34240084886550903,0.7004329500781994,0.4192034602165222,0.0571083202958107
X,29816,0.5374137759208679,0.4877875745296478,0.16235031187534332,0.3834255635738373,0.6314668150478975,0.4204796552658081,0.17173345386981964
T,29821,0.6008303761482239,0.4851103723049164,0.17989863455295563,0.40193474292755127,0.6384585202950257,0.4337663948535919,0.1784483939409256
_,29822,0.5233156681060791,0.4452657103538513,0.1561654508113861,0.39514556527137756,0.8684928514063359,0.405145525932312,0.0
T,29836,0.5455316305160522,0.466569721698761,0.16705986857414246,0.4076063632965088,0.5478012360575425,0.4124678671360016,0.5666226744651794
_,29837,0.5220685005187988,0.44500356912612915,0.1555633842945099,0.39438778162002563,0.869895441432794,0.40438777208328247,0.0
T,29842,0.5371049046516418,0.457376629114151,0.16290973126888275,0.40284088253974915,0.7260942645105691,0.4095832407474518,0.5872697830200195
X,29857,0.5440388321876526,0.46551641821861267,0.16632553935050964,0.40657979249954224,0.6953835637581506,0.41109853982925415,0.5841895937919617
_,29860,0.5226280093193054,0.4451214671134949,0.15583296120166779,0.39472925662994385,0.8696130485335987,0.40472927689552307,0.0
S,29864,0.4881455600261688,0.5121671557426453,0.14382733404636383,0.34354257583618164,0.6179513711488107,0.41967812180519104,0.09937076270580292
N,29879,0.5755161046981812,0.48706910014152527,0.17258621752262115,0.3891003727912903,0.6572845966742413,0.4333035349845886,0.10675066709518433
N,29887,0.6112175583839417,0.48761090636253357,0.1811765432357788,0.39616772532463074,0.659085847954295,0.4406264126300812,0.09507066756486893
_,29889,0.5230198502540588,0.44520387053489685,0.1560220569372177,0.3949674665927887,0.869265404889981,0.40496739745140076,0.0
S,29893,0.5564793348312378,0.49953553080558777,0.16153442859649658,0.3651832044124603,0.6440430606191998,0.4312897026538849,0.0755944773554802
S,29909,0.49687206745147705,0.5027791261672974,0.15022440254688263,0.3527206480503082,0.649632007299612,0.422688752412796,0.08325646072626114
S,29912,0.4957217574119568,0.5139277577400208,0.14511151611804962,0.3496036231517792,0.5806525787230931,0.4148421287536621,0.14064154028892517
N,29914,0.6080700159072876,0.4896034300327301,0.18010862171649933,0.39572417736053467,0.6225600456138394,0.4371718764305115,0.13185212016105652
_,29917,0.5220021605491638,0.44498953223228455,0.15553145110607147,0.39434728026390076,0.8698936007420223,0.4043472707271576,0.0
T,29918,0.5408807396888733,0.4589898884296417,0.16475076973438263,0.40507036447525024,0.7220074272307102,0.41163331270217896,0.5834832191467285
T,29920,0.5624107718467712,0.48260432481765747,0.17278340458869934,0.4000649154186249,0.6507689135118078,0.4283791780471802,0.20412246882915497
X,29929,0.5396093130111694,0.4637669026851654,0.16416031122207642,0.40398702025413513,0.6963705736349949,0.4086779057979584,0.585647702217102
X,29937,0.5456273555755615,0.46500733494758606,0.16709308326244354,0.4075726270675659,0.6881491806029931,0.41241565346717834,0.5843144655227661
X,29940,0.6177326440811157,0.4864619970321655,0.18435269594192505,0.39875203371047974,0.6280893646427043,0.4424952268600464,0.08588284254074097
N,29941,0.5293749570846558,0.4871774911880493,0.1606035977602005,0.38647380471229553,0.6603286062188273,0.41867056488990784,0.20558109879493713
X,29942,0.5390070676803589,0.4631774127483368,0.1638658195734024,0.4037684500217438,0.697183997501076,0.40891557931900024,0.5752992630004883
_,29951,0.5227807760238647,0.4451536238193512,0.15590666234493256,0.39482221007347107,0.8695685507357122,0.4048221707344055,0.0
_,29953,0.522113025188446,0.44501298666000366,0.15558479726314545,0.39441514015197754,0.8699586466451487,0.4044151306152344,0.0
T,29962,0.5391464233398438,0.4552293121814728,0.16389302909374237,0.40431487560272217,0.7334404097193571,0.4123029410839081,0.5631953477859497
T,29971,0.5351532101631165,0.4598182737827301,0.1620028018951416,0.40159204602241516,0.6897006368060162,0.40773963928222656,0.5671476125717163
X,29972,0.5303800702095032,0.46141526103019714,0.159704327583313,0.3983753025531769,0.7012171339326354,0.40298381447792053,0.5878340601921082
N,29977,0.5255123376846313,0.49050411581993103,0.15844325721263885,0.3907095491886139,0.6630924025271089,0.41361740231513977,0.2906853258609772
S,29982,0.547069251537323,0.5001125931739807,0.16045252978801727,0.3639177680015564,0.6095694305219999,0.4290829002857208,0.08414196223020554
S,29983,0.5011166930198669,0.4991529583930969,0.14691060781478882,0.3515971899032593,0.6164798456663266,0.41519567370414734,0.09662311524152756
X,29998,0.5362817645072937,0.4643365442752838,0.162568598985672,0.40182262659072876,0.5896600859537042,0.40587231516838074,0.5889577865600586
T,30002,0.5915823578834534,0.4817800521850586,0.17833860218524933,0.40009433031082153,0.6497581248194911,0.4333273768424988,0.145872563123703
S,30007,0.4873482882976532,0.5043058395385742,0.14285141229629517,0.3471733629703522,0.6001080372840322,0.4112705886363983,0.11610227078199387
S,30014,0.5565785765647888,0.4979265034198761,0.16577212512493134,0.36445578932762146,0.6621838294185,0.4363444447517395,0.040885549038648605
N,30040,0.5442792773246765,0.4843308627605438,0.16549508273601532,0.3875860869884491,0.6565180454585546,0.42430374026298523,0.15259850025177002
S,30043,0.48821499943733215,0.5012907385826111,0.1461913138628006,0.34691622853279114,0.6982095932215453,0.41953015327453613,0.07075169682502747
X,30044,0.5363351702690125,0.46137186884880066,0.16257736086845398,0.402148574590683,0.6984682315531882,0.4075687527656555,0.5793102383613586
S,30050,0.5149936079978943,0.5010609030723572,0.15031126141548157,0.3568198084831238,0.6603529934362936,0.420579731464386,0.10119951516389847
X,30055,0.5321969389915466,0.4617748558521271,0.16058093309402466,0.39955079555511475,0.6994652463348272,0.40436476469039917,0.5821709632873535
S,30056,0.5414402484893799,0.5021863579750061,0.16137416660785675,0.3620660603046417,0.6466463873085256,0.4300517439842224,0.08106634020805359
T,30057,0.5341485738754272,0.45714497566223145,0.1615000069141388,0.4010275900363922,0.725693659264022,0.40772494673728943,0.5800344347953796
S,30058,0.5050210952758789,0.49975791573524475,0.15039226412773132,0.35118114948272705,0.6802001969795675,0.4226110577583313,0.0655781552195549
X,30060,0.5742482542991638,0.48799028992652893,0.1707191914319992,0.384705126285553,0.6242304358631373,0.42899686098098755,0.11673864722251892
X,30073,0.567086398601532,0.48627370595932007,0.17177730798721313,0.39022311568260193,0.6451642417119972,0.4301958680152893,0.1329035758972168
T,30074,0.5293616056442261,0.47743532061576843,0.16024266183376312,0.39459529519081116,0.6589925604007052,0.40831443667411804,0.35518336296081543
_,30088,0.5170173645019531,0.44393667578697205,0.15313299000263214,0.39129573106765747,0.8732544134557247,0.4012957215309143,0.0
_,30093,0.5160250067710876,0.44372686743736267,0.1526559293270111,0.3906872272491455,0.8738544785976411,0.40068721771240234,0.0
T,30108,0.533707320690155,0.4562115967273712,0.16127337515354156,0.40085673332214355,0.7301053130747217,0.40790310502052307,0.5766817927360535
N,30115,0.5363646745681763,0.4807492792606354,0.1600765436887741,0.38057389855384827,0.6936082007229561,0.42009666562080383,0.11729352921247482
X,30117,0.5672180652618408,0.48312491178512573,0.17100106179714203,0.3915156126022339,0.642776129830163,0.42731425166130066,0.14587020874023438
T,30123,0.553743302822113,0.49756327271461487,0.171205535531044,0.4116320013999939,0.579730149556126,0.40895116329193115,0.5460413098335266
S,30124,0.5064520239830017,0.4992207884788513,0.14725853502750397,0.3525863289833069,0.6134444434279188,0.41556084156036377,0.09915874898433685
S,30125,0.500994086265564,0.498703271150589,0.14638715982437134,0.3516286313533783,0.6434365196501798,0.4152928292751312,0.09484527260065079
_,30130,0.5165573954582214,0.443839430809021,0.15291188657283783,0.39101365208625793,0.8733302167057991,0.4010136127471924,0.0
_,30136,0.5161471366882324,0.4437527656555176,0.15271449089050293,0.3907623887062073,0.8738911274572214,0.4007623791694641,0.0
_,30142,0.5160614252090454,0.4437345564365387,0.1526733934879303,0.39070960879325867,0.8738977214197319,0.4007095992565155,0.0
S,30149,0.526019811630249,0.5005386471748352,0.1522085964679718,0.35609155893325806,0.6507726771612943,0.42248034477233887,0.08742107450962067
_,30165,0.5161488652229309,0.44375306367874146,0.15271538496017456,0.3907633423805237,0.8738382805387179,0.4007633328437805,0.0
T,30173,0.5583084225654602,0.5019832253456116,0.17347389459609985,0.41310742497444153,0.6473731691404343,0.4058161675930023,0.5816593766212463
S,30174,0.4703076183795929,0.498452365398407,0.13986116647720337,0.3444993495941162,0.7086218898991744,0.41262194514274597,0.08043369650840759
X,30178,0.5375767946243286,0.46371760964393616,0.16319407522678375,0.402784138917923,0.6947848306407347,0.40752705931663513,0.5780258178710938
T,30186,0.5486401319503784,0.47998130321502686,0.1650131493806839,0.39315083622932434,0.6642428087986385,0.4171752333641052,0.24186964333057404
_,30196,0.516019344329834,0.4437255859375,0.15265324711799622,0.3906835615634918,0.8737762936453025,0.40068355202674866,0.0
N,30199,0.5415445566177368,0.4810309410095215,0.16162094473838806,0.3805403709411621,0.6880725858913502,0.4213525056838989,0.10795413702726364
N,30202,0.5372154712677002,0.4805818200111389,0.15824973583221436,0.37640076875686646,0.7005578425429607,0.4175972640514374,0.10816934704780579
N,30205,0.5518643260002136,0.48470011353492737,0.16582611203193665,0.3840004503726959,0.6586711791918303,0.4254480004310608,0.12099078297615051
S,30217,0.4851299226284027,0.5101610422134399,0.14024558663368225,0.33813074231147766,0.6288864209174547,0.41456902027130127,0.0938931256532669
N,30219,0.5855875015258789,0.49304789304733276,0.17496424913406372,0.39225876331329346,0.5824645476184015,0.43262964487075806,0.16464018821716309
T,30233,0.5309553146362305,0.4556577801704407,0.15993352234363556,0.3991754949092865,0.7280891948674011,0.4060744643211365,0.5832754969596863
T,30238,0.536935031414032,0.46067801117897034,0.16287419199943542,0.40244296193122864,0.5555270820625295,0.4079712927341461,0.5868377685546875
T,30245,0.5599055886268616,0.49421826004981995,0.17418669164180756,0.414055198431015,0.6122167165447294,0.4134233295917511,0.5397424101829529
T,30249,0.5436288714408875,0.48240357637405396,0.16474305093288422,0.3934434652328491,0.6447720265112973,0.4155973494052887,0.2711949050426483
N,30253,0.5927920937538147,0.5004040598869324,0.18037299811840057,0.4027133285999298,0.5313016716843898,0.4309917390346527,0.27319249510765076
_,30263,0.5144733786582947,0.44339802861213684,0.151911199092865,0.38973233103752136,0.8741767291227978,0.3997323215007782,0.0
T,30269,0.5277715921401978,0.4545572102069855,0.15839526057243347,0.3972873389720917,0.7340332309810523,0.40437689423561096,0.5790016055107117
T,30277,0.6297014951705933,0.4877418577671051,0.18838636577129364,0.4029565155506134,0.612185714514344,0.44114968180656433,0.1322687268257141
N,30278,0.5615507364273071,0.4808984398841858,0.16942134499549866,0.3824557662010193,0.681043271040738,0.43046897649765015,0.04363784193992615
X,30290,0.5334721207618713,0.46417948603630066,0.16121438145637512,0.4000436067581177,0.6654318186466147,0.40376824140548706,0.5920281410217285
X,30293,0.5549336075782776,0.4902157187461853,0.16790197789669037,0.391696035861969,0.6410393893656632,0.4241701066493988,0.2118072509765625
S,30304,0.48066407442092896,0.5031312108039856,0.1425676792860031,0.3428684175014496,0.6936483899131418,0.4158560633659363,0.079249806702137
N,30308,0.6000370383262634,0.4923599362373352,0.1767793893814087,0.3940761089324951,0.6497495108255256,0.43182528018951416,0.17749758064746857
_,30311,0.5145408511161804,0.44341227412223816,0.151943638920784,0.38977372646331787,0.8740973809361459,0.3997737169265747,0.0
N,30318,0.5600867867469788,0.48514676094055176,0.16600964963436127,0.38617271184921265,0.6494958551419162,0.4212697446346283,0.17028264701366425
_,30319,0.5152420997619629,0.4435606896877289,0.1522805243730545,0.3902043402194977,0.8735685651004315,0.4002043604850769,0.0
N,30333,0.5725592374801636,0.484331876039505,0.16910108923912048,0.3834495544433594,0.6537325764784571,0.427567720413208,0.09676191955804825
_,30334,0.5154880881309509,0.44361287355422974,0.15239855647087097,0.3903558552265167,0.8735519649088384,0.40035581588745117,0.0
N,30342,0.5423465967178345,0.4815860986709595,0.1605471521615982,0.38403406739234924,0.6724089716532036,0.4154313802719116,0.1861265003681183
_,30343,0.5154995322227478,0.44361522793769836,0.15240418910980225,0.3903625011444092,0.8734409603476525,0.40036246180534363,0.0
_,30349,0.5145928859710693,0.4434233605861664,0.1519685983657837,0.38980579376220703,0.8741232344508172,0.3998057544231415,0.0
X,30350,0.5314335823059082,0.4608030319213867,0.16020801663398743,0.39905139803886414,0.708962141526575,0.4039528965950012,0.5893531441688538
N,30356,0.5490447282791138,0.49499163031578064,0.16606728732585907,0.39321550726890564,0.6377137692959028,0.41908934712409973,0.27798813581466675
X,30359,0.5335859060287476,0.4602617025375366,0.16124975681304932,0.400702565908432,0.7047491300924836,0.406920462846756,0.5533234477043152
S,30364,0.4875462055206299,0.5055095553398132,0.1451873630285263,0.3522321283817291,0.6371229644026608,0.41328564286231995,0.13083641231060028
S,30366,0.5274200439453125,0.5024265050888062,0.15296146273612976,0.3566162884235382,0.6387323869426715,0.422549307346344,0.09644530713558197
X,30368,0.5800264477729797,0.48684123158454895,0.1724819839000702,0.3868288993835449,0.6294508225573615,0.4308750629425049,0.10805853456258774
S,30379,0.49793386459350586,0.5002380609512329,0.14901743829250336,0.34919098019599915,0.6882163035279761,0.4225158989429474,0.0619259774684906
T,30381,0.532305896282196,0.4579867720603943,0.16061243414878845,0.3999263644218445,0.7253618209358198,0.4063665568828583,0.5706644058227539
_,30388,0.514807403087616,0.44346877932548523,0.15207159519195557,0.38993769884109497,0.8739675822357337,0.3999376893043518,0.0
N,30392,0.5266403555870056,0.48672065138816833,0.15661484003067017,0.3811032176017761,0.6584062104126497,0.41176337003707886,0.2180003672838211
X,30396,0.6026566624641418,0.4931996762752533,0.17933347821235657,0.3920631408691406,0.6137695381405986,0.43754133582115173,0.12891072034835815
T,30405,0.5360486507415771,0.45835644006729126,0.16244323551654816,0.402087926864624,0.7125250711720461,0.40858274698257446,0.5768306851387024
S,30406,0.4821474850177765,0.5140464305877686,0.14076989889144897,0.3450375497341156,0.5829411987166775,0.4085211455821991,0.14836466312408447
T,30420,0.5296844840049744,0.4553922116756439,0.15932177007198334,0.3983907103538513,0.7280487384344103,0.40525656938552856,0.5843504071235657
S,30423,0.46129727363586426,0.5092482566833496,0.1329626441001892,0.33469316363334656,0.6698632968267582,0.4057256579399109,0.11062800884246826
X,30424,0.5280956625938416,0.46007832884788513,0.1585966944694519,0.39709383249282837,0.7154267683471214,0.4021112024784088,0.5832968354225159
S,30427,0.48087403178215027,0.5019981861114502,0.14373141527175903,0.34786778688430786,0.6718818952391545,0.4152398407459259,0.09483280777931213
X,30433,0.5508825778961182,0.49005162715911865,0.1639566272497177,0.3833528459072113,0.6147671529623525,0.4181409478187561,0.19746670126914978
X,30438,0.5703251957893372,0.4860636591911316,0.1694030612707138,0.38307252526283264,0.634467238651899,0.4279727041721344,0.10275683552026749
S,30440,0.506549596786499,0.49718907475471497,0.1489906907081604,0.3543998897075653,0.6203865182332812,0.41747167706489563,0.08896344155073166
N,30443,0.5679574608802795,0.4900212585926056,0.1685430407524109,0.3910893201828003,0.6315122336122052,0.4222281873226166,0.22079560160636902
S,30455,0.5090524554252625,0.4979495406150818,0.1485094428062439,0.3520280718803406,0.6383641791825357,0.41727542877197266,0.08381566405296326
N,30460,0.5349198579788208,0.4846729040145874,0.1606632024049759,0.38291963934898376,0.6837031575187575,0.4203011393547058,0.15524230897426605
N,30463,0.6015238165855408,0.4923144578933716,0.17913666367530823,0.3938896954059601,0.6271080046050035,0.4365309178829193,0.14180991053581238
X,30466,0.5943307280540466,0.48519450426101685,0.1775219887495041,0.39229950308799744,0.6539332426331628,0.43564051389694214,0.09323372691869736
_,30467,0.5150210857391357,0.44351404905319214,0.1521742343902588,0.39006897807121277,0.8738849594195685,0.4000689685344696,0.0
N,30474,0.5419126749038696,0.4843229651451111,0.1617959886789322,0.3795207142829895,0.6871703180558204,0.4202285408973694,0.13007576763629913
S,30478,0.48979970812797546,0.5018342137336731,0.14470183849334717,0.34887054562568665,0.6457567146606744,0.4113999009132385,0.11265473812818527
T,30507,0.5322240591049194,0.462240606546402,0.16062571108341217,0.39924171566963196,0.5507826859174202,0.4034135043621063,0.5976875424385071
X,30525,0.5219356417655945,0.45627036690711975,0.1556157022714615,0.39346015453338623,0.7224275843323752,0.39926958084106445,0.5855172872543335
S,30528,0.5209715366363525,0.49971336126327515,0.15226233005523682,0.36089977622032166,0.612738935353967,0.41518858075141907,0.13546960055828094
X,30538,0.6086705327033997,0.4866972863674164,0.1816897988319397,0.39409369230270386,0.632949612812954,0.4369994103908539,0.10236463695764542
_,30546,0.5082491040229797,0.4420764148235321,0.14892858266830444,0.38588929176330566,0.8784149722754956,0.3958892822265625,0.0
X,30551,0.5444201827049255,0.487687349319458,0.16392023861408234,0.3849615454673767,0.6433655749998677,0.4201064109802246,0.18437352776527405
T,30553,0.5260348916053772,0.4566613733768463,0.15760201215744019,0.3960593640804291,0.7234525277754681,0.40239086747169495,0.5717045068740845
T,30555,0.6102471947669983,0.47920888662338257,0.18452851474285126,0.4004057049751282,0.6564173607458361,0.43820077180862427,0.07167209684848785
_,30568,0.5073843598365784,0.44189250469207764,0.14851483702659607,0.38535377383232117,0.8789177203675111,0.395353764295578,0.0
X,30571,0.5246009826660156,0.45897045731544495,0.15692076086997986,0.3947695195674896,0.7085029946748789,0.39945074915885925,0.5989038348197937
S,30574,0.4547950327396393,0.507787823677063,0.13032688200473785,0.3307401239871979,0.6757190209297308,0.40203654766082764,0.10663140565156937
X,30576,0.5247323513031006,0.458975225687027,0.15698659420013428,0.39492419362068176,0.7130352270584991,0.39978650212287903,0.5924500226974487
N,30596,0.5354471206665039,0.48585715889930725,0.15982253849506378,0.38251161575317383,0.6757785053134042,0.4153076112270355,0.1964656561613083
N,30597,0.5396518111228943,0.48488739132881165,0.1606495976448059,0.37919166684150696,0.6491359461452036,0.4162730872631073,0.1603856086730957
_,30606,0.5084517002105713,0.44211921095848083,0.14902618527412415,0.38601306080818176,0.877761961966753,0.3960130512714386,0.0
S,30608,0.5199275612831116,0.4977410137653351,0.150466650724411,0.3540460169315338,0.6290898892158293,0.416776180267334,0.0922829732298851
N,30611,0.55414217710495,0.483163058757782,0.16390495002269745,0.3803728222846985,0.6825550049132048,0.4214510917663574,0.11824852973222733
S,30626,0.47366589307785034,0.5028240084648132,0.13952933251857758,0.34139007329940796,0.67570334199816,0.4102131128311157,0.09508966654539108
S,30644,0.5395302176475525,0.49781322479248047,0.15929818153381348,0.3665059506893158,0.6112222884535247,0.42292681336402893,0.1134541854262352
_,30647,0.5079414248466492,0.4420110285282135,0.14878134429454803,0.3856988549232483,0.8785303789377213,0.3956988453865051,0.0
S,30656,0.5049141645431519,0.5005422830581665,0.14648227393627167,0.3533880114555359,0.6633637899797274,0.41443097591400146,0.1126990020275116
S,30664,0.5134026408195496,0.49981918931007385,0.1509225219488144,0.3576597571372986,0.6247991964079362,0.4175277054309845,0.11221358180046082
S,30665,0.47236043214797974,0.5017396211624146,0.13940295577049255,0.34016481041908264,0.6822404679345588,0.4105831980705261,0.08546172082424164
N,30667,0.5349223017692566,0.4965679943561554,0.16224892437458038,0.3994735777378082,0.6319177150367856,0.4060125946998596,0.4392381012439728
X,30673,0.5614405274391174,0.4883694648742676,0.16945388913154602,0.3884114623069763,0.6597221223994469,0.42604124546051025,0.16497239470481873
_,30680,0.507424533367157,0.4419010579586029,0.14853405952453613,0.38537871837615967,0.8788412772119046,0.3953787088394165,0.0
S,30681,0.48294633626937866,0.4972279965877533,0.14343488216400146,0.34657740592956543,0.6720229278691113,0.4123739004135132,0.08254238963127136
_,30693,0.5085158348083496,0.442132830619812,0.14905691146850586,0.3860527276992798,0.8777615400155386,0.3960527181625366,0.0
S,30700,0.4768955707550049,0.49740907549858093,0.14253830909729004,0.3435786962509155,0.703880124638478,0.41520997881889343,0.061346035450696945
X,30705,0.5247998237609863,0.4598425328731537,0.1570216566324234,0.3948723375797272,0.699794798475244,0.39931026101112366,0.5956180691719055
X,30709,0.5700868368148804,0.4859565198421478,0.1702514886856079,0.38755741715431213,0.6343904151305712,0.42480435967445374,0.15458640456199646
X,30710,0.5290173292160034,0.4866015613079071,0.1584680825471878,0.3844909965991974,0.6322904497695466,0.41028356552124023,0.25494691729545593
N,30714,0.5294376015663147,0.4878900349140167,0.15957249701023102,0.38592076301574707,0.6841857211695364,0.41357579827308655,0.24408696591854095
S,30719,0.4739706516265869,0.5108429193496704,0.13795697689056396,0.3374873697757721,0.6239803475886584,0.41023969650268555,0.10902828723192215
X,30726,0.5350190997123718,0.48507794737815857,0.16149204969406128,0.388229638338089,0.6295338706858457,0.41306447982788086,0.25690793991088867
T,30727,0.529804527759552,0.4604218602180481,0.1594535857439041,0.39800670742988586,0.5874900910119505,0.4029974341392517,0.585151195526123
S,30745,0.4622937738895416,0.49804073572158813,0.13599833846092224,0.34114548563957214,0.6995031401515007,0.40607625246047974,0.0936736986041069
_,30753,0.5084614157676697,0.4421212375164032,0.1490309238433838,0.3860189616680145,0.8777640766402086,0.39601895213127136,0.0
_,30756,0.5078137516975403,0.4419838488101959,0.14872026443481445,0.38561978936195374,0.878583177626133,0.39561977982521057,0.0
S,30759,0.47062286734580994,0.5011894106864929,0.13970226049423218,0.33915096521377563,0.6981924038132032,0.4129754304885864,0.07105640321969986
X,30767,0.577027440071106,0.4839210510253906,0.17287850379943848,0.3886542022228241,0.6356248659008028,0.42901307344436646,0.11495572328567505
X,30789,0.5323294401168823,0.4719071686267853,0.1607455611228943,0.3986836373806,0.5076213855732568,0.3991510570049286,0.5930332541465759
S,30797,0.5034169554710388,0.4984833896160126,0.14711953699588776,0.35423922538757324,0.6251299250927211,0.4116455614566803,0.11991424858570099
N,30803,0.5760977864265442,0.4855901300907135,0.17292512953281403,0.3886316418647766,0.6523582916019951,0.4336322844028473,0.09070049226284027
X,30813,0.546256959438324,0.4655645787715912,0.1673995703458786,0.40791741013526917,0.7022474576649923,0.41258710622787476,0.5854607820510864
_,30833,0.5224484205245972,0.44508352875709534,0.15574662387371063,0.39461931586265564,0.8693258619805178,0.4046192765235901,0.0
S,30834,0.49690765142440796,0.5159177780151367,0.14414149522781372,0.34483060240745544,0.5919429217451034,0.41765886545181274,0.12108040601015091
T,30837,0.5518139004707336,0.48747366666793823,0.1701900213956833,0.41104865074157715,0.6231534494203516,0.412108451128006,0.5340200066566467
X,30839,0.5395293235778809,0.4620625972747803,0.16411466896533966,0.40405887365341187,0.6970560784741126,0.409416139125824,0.5835179686546326
N,30858,0.5751796960830688,0.48574626445770264,0.169709712266922,0.3851814270019531,0.6417489544270939,0.4304526746273041,0.09527815878391266
X,30860,0.5753653645515442,0.4938713610172272,0.17490121722221375,0.396697998046875,0.6273063312676338,0.43346378207206726,0.19196778535842896
_,30862,0.5230776071548462,0.4452160894870758,0.15604987740516663,0.3950028717517853,0.869080554842949,0.4050028622150421,0.0
_,30864,0.523393988609314,0.44528260827064514,0.15620258450508118,0.3951950967311859,0.8686703370014827,0.40519505739212036,0.0
T,30870,0.5418283343315125,0.45946797728538513,0.16522765159606934,0.40578392148017883,0.7194758183188757,0.41298121213912964,0.5475115776062012
S,30875,0.47058534622192383,0.5017529726028442,0.13953737914562225,0.34799376130104065,0.6814931119730075,0.40951818227767944,0.11706958711147308
_,30886,0.5236300230026245,0.4453319013118744,0.15631714463233948,0.39533692598342896,0.8680036095778147,0.4053368866443634,0.0
_,30888,0.522350549697876,0.44506287574768066,0.15569959580898285,0.3945590853691101,0.8692764912545682,0.40455907583236694,0.0
S,30892,0.4749075472354889,0.5021902918815613,0.14176766574382782,0.34764939546585083,0.676030616760254,0.413945734500885,0.09968166053295135
T,30910,0.6519136428833008,0.4856846332550049,0.19589941203594208,0.41547709703445435,0.5933399675627394,0.44660720229148865,0.16349494457244873
N,30918,0.5726483464241028,0.4888952672481537,0.17274066805839539,0.390218049287796,0.6574559202458478,0.4346506893634796,0.11547011882066727
_,30923,0.5233174562454224,0.4452665448188782,0.15616562962532043,0.39514872431755066,0.8688770556946596,0.4051486849784851,0.0
T,30925,0.547527551651001,0.4802553057670593,0.16728658974170685,0.39560768008232117,0.6775369767736024,0.4243314862251282,0.1926964968442917
_,30934,0.5225131511688232,0.4450971484184265,0.1557777374982834,0.39465880393981934,0.8693897853791714,0.4046587646007538,0.0
X,30937,0.5419284105300903,0.4645472764968872,0.16529645025730133,0.4055827558040619,0.6450443003465383,0.4109395146369934,0.5615305304527283
_,30942,0.522422194480896,0.445078045129776,0.15573395788669586,0.39460334181785583,0.8693012860417366,0.40460333228111267,0.0
S,30944,0.49015718698501587,0.5046798586845398,0.14482910931110382,0.3498173654079437,0.6225252200346828,0.416389137506485,0.10604562610387802
S,30945,0.4775090515613556,0.5026692748069763,0.14334382116794586,0.3437421917915344,0.7099001393963894,0.4201302230358124,0.0638660117983818
X,30965,0.5632963180541992,0.4903424084186554,0.17121662199497223,0.39239808917045593,0.6361649354360998,0.43045273423194885,0.16874265670776367
S,30968,0.5422295928001404,0.4996127486228943,0.15752720832824707,0.36413025856018066,0.620246991608874,0.42583659291267395,0.09739075601100922
N,30969,0.5805951356887817,0.48793843388557434,0.1739065945148468,0.3897867500782013,0.6588113834227262,0.4350891709327698,0.1028214544057846
X,30983,0.619131863117218,0.48945146799087524,0.1842985302209854,0.3956030309200287,0.6393805008961742,0.4451778829097748,0.06961780786514282
X,30989,0.5462916493415833,0.46475693583488464,0.1674109399318695,0.407917857170105,0.7061097311087361,0.4127059578895569,0.5913991928100586
S,30999,0.4739491939544678,0.5034500360488892,0.14225491881370544,0.3442380726337433,0.6761819774967929,0.41679924726486206,0.08100251853466034
T,31006,0.5338696837425232,0.45586687326431274,0.16133321821689606,0.4009479284286499,0.7278919415002263,0.407935231924057,0.5886951684951782
X,31014,0.546833872795105,0.4652550220489502,0.16768454015254974,0.40826496481895447,0.7171465005618298,0.413114994764328,0.5847804546356201
X,31015,0.6079213619232178,0.49083614349365234,0.18303774297237396,0.4018206298351288,0.6195640760049962,0.4396408796310425,0.16029110550880432
T,31023,0.6250248551368713,0.4862769544124603,0.18923161923885345,0.4059886336326599,0.6201348254809272,0.44605788588523865,0.10124589502811432
X,31025,0.5394554138183594,0.46205517649650574,0.16407601535320282,0.404008150100708,0.7039275991399776,0.40932250022888184,0.585034191608429
T,31044,0.6058472990989685,0.48287370800971985,0.17955553531646729,0.3998967111110687,0.6560063322873126,0.435516893863678,0.12994956970214844
_,31046,0.5236034989356995,0.4453263580799103,0.1563042551279068,0.39532095193862915,0.8680396461983523,0.4053208827972412,0.0
_,31054,0.5224504470825195,0.4450840353965759,0.15574756264686584,0.39462053775787354,0.8693160364528497,0.40462052822113037,0.0
T,31062,0.593449056148529,0.4867556393146515,0.1814480423927307,0.4068419337272644,0.607121548037685,0.4311469793319702,0.257395476102829
S,31063,0.5161147117614746,0.5032631158828735,0.14979711174964905,0.3568146228790283,0.5960715257301733,0.41844433546066284,0.11761116981506348
_,31068,0.522381067276001,0.4450693428516388,0.155714213848114,0.3945780396461487,0.8693176362911861,0.40457800030708313,0.0
N,31069,0.5541716814041138,0.48735058307647705,0.16717688739299774,0.3869944214820862,0.6714140951729497,0.42792579531669617,0.1373557299375534
S,31072,0.47036290168762207,0.5003591775894165,0.13946104049682617,0.3477342426776886,0.6913446229944626,0.40993762016296387,0.10940669476985931
S,31074,0.4926665425300598,0.5142234563827515,0.14461073279380798,0.34736353158950806,0.578241568079878,0.4149642884731293,0.1329634189605713
_,31079,0.5234180688858032,0.44528770446777344,0.15621419250965118,0.3952099084854126,0.8687968799471856,0.40520989894866943,0.0
X,31103,0.5403351187705994,0.4622501730918884,0.1645064800977707,0.4044782519340515,0.695703749418802,0.4096975028514862,0.5889743566513062
N,31118,0.5831748843193054,0.486274778842926,0.17732281982898712,0.3922843635082245,0.6550326371464569,0.4392712116241455,0.07367666065692902
_,31132,0.5224073529243469,0.4450748860836029,0.15572676062583923,0.3945941925048828,0.8695563228428365,0.40459418296813965,0.0
N,31137,0.5615871548652649,0.4830598533153534,0.16561897099018097,0.3787057101726532,0.6856907172584519,0.4277503788471222,0.06022761017084122
T,31138,0.5406152009963989,0.458906352519989,0.1646345555782318,0.40491968393325806,0.6749167070926039,0.4116117060184479,0.5770101547241211
S,31140,0.48381319642066956,0.499393105506897,0.1460725963115692,0.3486061990261078,0.7032984557747841,0.4211287796497345,0.06236341595649719
N,31141,0.5550770163536072,0.4906785190105438,0.16690754890441895,0.3857327401638031,0.6546978994413318,0.4277403950691223,0.14897777140140533
S,31142,0.5115131735801697,0.5009147524833679,0.1528760939836502,0.3538973033428192,0.670674686646089,0.4260924458503723,0.06430649757385254
T,31144,0.5354560613632202,0.455766499042511,0.16210050880908966,0.40196114778518677,0.7308920472275714,0.40920117497444153,0.5835137367248535
N,31151,0.6474622488021851,0.4920956492424011,0.189878448843956,0.39804574847221375,0.6148722874636466,0.44890689849853516,0.07281120866537094
X,31163,0.5911968350410461,0.4882039427757263,0.17863407731056213,0.3940082788467407,0.6367625406683268,0.4387819170951843,0.1008690744638443
S,31167,0.4789097309112549,0.503279447555542,0.1436116248369217,0.34756144881248474,0.6802935902029277,0.41731998324394226,0.09011846780776978
X,31177,0.5918077826499939,0.4875037372112274,0.17755229771137238,0.3944389820098877,0.6181136522649711,0.4351959228515625,0.12641987204551697
T,31178,0.5408069491386414,0.4593903720378876,0.164725199341774,0.404972642660141,0.7149470499819048,0.4113752841949463,0.5840466022491455
X,31180,0.5428049564361572,0.4690397381782532,0.16574354469776154,0.40562644600868225,0.6517449060706106,0.40874233841896057,0.5845063924789429
S,31181,0.4975188374519348,0.5130136013031006,0.14632655680179596,0.34611353278160095,0.6045138397343545,0.42141982913017273,0.10387809574604034
T,31190,0.6435126662254333,0.4799143970012665,0.19093354046344757,0.40863606333732605,0.6444438703891017,0.4440494179725647,0.07987621426582336
_,31206,0.5219327807426453,0.4449748992919922,0.15549805760383606,0.3943048417568207,0.8699634560942651,0.4043048024177551,0.0
_,31208,0.5218252539634705,0.4449523091316223,0.15544621646404266,0.39423930644989014,0.8700084496537845,0.404239296913147,0.0
N,31209,0.5353724956512451,0.48338034749031067,0.16218289732933044,0.3858753740787506,0.681374369195352,0.4229302704334259,0.14757496118545532
X,31210,0.5389282703399658,0.4606713354587555,0.1638130396604538,0.4038110375404358,0.7002680450719284,0.40968015789985657,0.5806129574775696
N,31211,0.565348744392395,0.48952099680900574,0.1700051724910736,0.39052289724349976,0.6613497739701416,0.4312061667442322,0.14763805270195007
_,31227,0.5230594277381897,0.445211797952652,0.15604187548160553,0.3949894905090332,0.8686523697773616,0.40498948097229004,0.0
_,31232,0.5218255519866943,0.4449523091316223,0.155446395277977,0.3942393958568573,0.8699937602380912,0.40423935651779175,0.0
S,31244,0.4830096960067749,0.4993893504142761,0.14553393423557281,0.3452674150466919,0.6947646743617952,0.42170897126197815,0.04790089279413223
X,31245,0.5398136377334595,0.4613010883331299,0.1642473042011261,0.404227614402771,0.6962301872613413,0.40975674986839294,0.5885903835296631
_,31251,0.5230580568313599,0.4452114403247833,0.15604141354560852,0.39498835802078247,0.8685890410840512,0.40498828887939453,0.0
N,31252,0.6042251586914062,0.48735108971595764,0.17947641015052795,0.38955286145210266,0.636613279600521,0.44007954001426697,0.05778711289167404
S,31256,0.48640280961990356,0.5014052391052246,0.1448480784893036,0.3501113951206207,0.6730855935346336,0.4177282750606537,0.08951158076524734
X,31278,0.540907084941864,0.4622572064399719,0.16479624807834625,0.4050220847129822,0.6759035094763113,0.4109463095664978,0.5637871623039246
_,31298,0.5227342844009399,0.44514375925064087,0.15588438510894775,0.39479345083236694,0.8695343131323656,0.4047934412956238,0.0
X,31300,0.5477626919746399,0.48809531331062317,0.16531915962696075,0.38559287786483765,0.6809263019186135,0.4257110357284546,0.14920389652252197
_,31311,0.5228589177131653,0.44516998529434204,0.15594449639320374,0.3948693573474884,0.8694071310261886,0.40486931800842285,0.0
T,31316,0.6515693068504333,0.48239609599113464,0.19250720739364624,0.40941768884658813,0.6366204159243111,0.44609370827674866,0.08899059146642685
S,31321,0.496822327375412,0.5025081634521484,0.14802449941635132,0.3524915277957916,0.6542138806140672,0.41839298605918884,0.09917230904102325
X,31328,0.5411224365234375,0.4666132628917694,0.16491183638572693,0.4046902060508728,0.655674695078986,0.40838032960891724,0.5886616706848145
N,31330,0.5915302634239197,0.4959476888179779,0.17759644985198975,0.40081411600112915,0.6189140400553395,0.4329143762588501,0.23187530040740967
_,31343,0.5220273733139038,0.44499486684799194,0.15554358065128326,0.39436259865760803,0.8699381169180076,0.40436258912086487,0.0
X,31353,0.5785680413246155,0.48917990922927856,0.17444461584091187,0.38891980051994324,0.6537168165909437,0.4369255006313324,0.09323954582214355
S,31355,0.49187591671943665,0.5102694034576416,0.1426720917224884,0.34045979380607605,0.6267806993734849,0.41855987906455994,0.08686184138059616
_,31356,0.521776556968689,0.4449419379234314,0.15542274713516235,0.39420947432518005,0.8699910998344422,0.4042094647884369,0.0
N,31364,0.5639920830726624,0.49918127059936523,0.17308878898620605,0.4039253890514374,0.6246527845037296,0.42445793747901917,0.32942745089530945
N,31365,0.5342222452163696,0.49051856994628906,0.16331656277179718,0.39247381687164307,0.6028886771794836,0.41844430565834045,0.2651272118091583
_,31372,0.521793782711029,0.4449455440044403,0.1554311364889145,0.3942198157310486,0.8699330538511277,0.4042198061943054,0.0
_,31377,0.5217912793159485,0.4449450671672821,0.1554298996925354,0.39421844482421875,0.8699576375881831,0.4042184352874756,0.0
_,31384,0.5135999917984009,0.44321295619010925,0.15149210393428802,0.38919463753700256,0.8748261223236721,0.3991946280002594,0.0
S,31391,0.5062112212181091,0.497236043214798,0.1526247262954712,0.3529023826122284,0.6638635027036072,0.423430860042572,0.056365277618169785
N,31393,0.5472347140312195,0.4803766906261444,0.16020183265209198,0.3754761219024658,0.6953835356408188,0.41929295659065247,0.08658645302057266
T,31400,0.5331680774688721,0.4586320221424103,0.16103413701057434,0.4003019332885742,0.6489438405369098,0.406283974647522,0.5848584175109863
T,31402,0.5303248167037964,0.4546683728694916,0.15963153541088104,0.3988536298274994,0.7328665353850617,0.40613842010498047,0.5776255130767822
S,31404,0.5729502439498901,0.4975810945034027,0.16955243051052094,0.3722023069858551,0.6035765492593055,0.4358787536621094,0.06972606480121613
S,31408,0.4592573046684265,0.5016916990280151,0.1353878229856491,0.3382907211780548,0.6980100449050467,0.4076251983642578,0.09107464551925659
X,31425,0.5705711245536804,0.48302847146987915,0.17243115603923798,0.39160752296447754,0.6360235075186939,0.4287208616733551,0.13292279839515686
T,31426,0.5826789736747742,0.48599204421043396,0.17907243967056274,0.4072410762310028,0.6207037709870686,0.4271838665008545,0.3015905022621155
S,31448,0.46755650639533997,0.5005924701690674,0.1396373063325882,0.3382705748081207,0.715653622969985,0.4154587388038635,0.0565299391746521
N,31453,0.5584919452667236,0.4842565655708313,0.16855080425739288,0.38494497537612915,0.6717273595250057,0.4292176365852356,0.09437747299671173
S,31454,0.5059494972229004,0.4990086853504181,0.14778204262256622,0.35342586040496826,0.6299438189791787,0.41507163643836975,0.1034163311123848
_,31459,0.5136892795562744,0.44323188066482544,0.15153497457504272,0.3892495334148407,0.8747386227051418,0.39924952387809753,0.0
T,31460,0.5421836376190186,0.4826655685901642,0.1655866503715515,0.4048592150211334,0.6374037887666297,0.4104730486869812,0.47313228249549866
X,31473,0.5772320032119751,0.4867558777332306,0.1714535504579544,0.38516882061958313,0.6257005766049649,0.42885228991508484,0.11239781975746155
_,31482,0.5136265158653259,0.44321849942207336,0.15150496363639832,0.38921058177948,0.8746266642709574,0.3992105722427368,0.0
T,31484,0.5290193557739258,0.4577721655368805,0.15902045369148254,0.3977946639060974,0.72734360161523,0.4036765694618225,0.5867018699645996
T,31504,0.6299650073051453,0.48492351174354553,0.18891939520835876,0.4014236330986023,0.5797303059997891,0.4438289403915405,0.07692628353834152
N,31507,0.5346325635910034,0.48804882168769836,0.16103620827198029,0.3823094964027405,0.6715377401956357,0.421649307012558,0.15889443457126617
_,31512,0.5147695541381836,0.44346025586128235,0.15205435454845428,0.38991186022758484,0.8734457544982434,0.3999118506908417,0.0
N,31522,0.5495263934135437,0.503497838973999,0.16910958290100098,0.4064936935901642,0.6133363626267723,0.41181883215904236,0.4533727467060089
N,31524,0.5396983027458191,0.4973294734954834,0.1645747423171997,0.4023180603981018,0.6294093747445731,0.4102425277233124,0.43016740679740906
_,31534,0.5141974091529846,0.44333943724632263,0.1517789214849472,0.3895619809627533,0.8742784661054612,0.39956197142601013,0.0
_,31536,0.5140432119369507,0.44330689311027527,0.15170474350452423,0.3894675672054291,0.8746048371990522,0.3994675576686859,0.0
_,31538,0.5141497850418091,0.44332948327064514,0.1517559289932251,0.38953304290771484,0.8744966525832812,0.3995330333709717,0.0
N,31539,0.5571121573448181,0.4908653795719147,0.16642707586288452,0.3874243199825287,0.6619396793919926,0.4251197874546051,0.17893776297569275
S,31550,0.482548326253891,0.49934127926826477,0.14336150884628296,0.35284844040870667,0.6568039640101294,0.40939193964004517,0.1284218728542328
_,31560,0.5147458910942078,0.4434552490711212,0.152042955160141,0.3898974657058716,0.8734628500044347,0.39989742636680603,0.0
X,31565,0.5903261303901672,0.4854019284248352,0.17577804625034332,0.39273330569267273,0.6251301748396751,0.4312293529510498,0.13382363319396973
_,31570,0.5141562819480896,0.443330854177475,0.151759073138237,0.38953709602355957,0.8745307604471843,0.399537056684494,0.0
S,31576,0.5310258865356445,0.4994524121284485,0.1526220440864563,0.3552657663822174,0.656563795740173,0.4221770763397217,0.08058271557092667
T,31583,0.531622052192688,0.45495662093162537,0.1602705419063568,0.3995351195335388,0.7278493508291225,0.4066599905490875,0.5882459878921509
N,31584,0.5531522631645203,0.4907277524471283,0.16723135113716125,0.39024803042411804,0.630139373332689,0.421779990196228,0.2214827686548233
N,31591,0.5854084491729736,0.4917736351490021,0.1752059906721115,0.3908478915691376,0.6445476147611287,0.433597594499588,0.1424577534198761
N,31593,0.6272755861282349,0.48997437953948975,0.18440210819244385,0.39282140135765076,0.6236102008014617,0.4423332214355469,0.07745020091533661
X,31595,0.5754298567771912,0.49013590812683105,0.172112837433815,0.3914422392845154,0.6454911396702907,0.42807069420814514,0.1783524751663208
T,31596,0.5324904322624207,0.4581013023853302,0.16070400178432465,0.3998109698295593,0.7381385219535939,0.40569284558296204,0.595761239528656
S,31610,0.4945920407772064,0.5008970499038696,0.14793336391448975,0.3499656617641449,0.6886471810471267,0.4206015169620514,0.07555324584245682
N,31614,0.5573922991752625,0.48436203598976135,0.1637132316827774,0.3791770339012146,0.6704904203389985,0.4221131205558777,0.11320607364177704
S,31618,0.49399617314338684,0.5002015829086304,0.14537249505519867,0.3509232699871063,0.6310235144510322,0.4132610559463501,0.10675646364688873
S,31623,0.5302817821502686,0.4989055395126343,0.15654098987579346,0.3585994839668274,0.6255672174455443,0.42558613419532776,0.07469005882740021
T,31627,0.5392337441444397,0.48650047183036804,0.1639852374792099,0.4001613259315491,0.6174741025007583,0.40822291374206543,0.4317183196544647
T,31628,0.5284852981567383,0.454289972782135,0.15874390304088593,0.39771318435668945,0.7314099644375021,0.4049213230609894,0.5812486410140991
X,31630,0.5340834259986877,0.4613054394721985,0.16149279475212097,0.40078288316726685,0.6758042381487758,0.4060947000980377,0.5765730738639832
S,31635,0.4814055562019348,0.4984074532985687,0.1445734202861786,0.3459959626197815,0.7128710455571612,0.41929173469543457,0.05745764076709747
_,31641,0.5106754302978516,0.44259223341941833,0.15009015798568726,0.38739025592803955,0.8768118834495545,0.3973902463912964,0.0
N,31642,0.5506190061569214,0.4785814583301544,0.1621437668800354,0.37711432576179504,0.6907280808599899,0.41973617672920227,0.0793338268995285
_,31651,0.509846031665802,0.44241613149642944,0.14969278872013092,0.3868781626224518,0.8772784713904064,0.39687812328338623,0.0
X,31652,0.5456211566925049,0.4831390380859375,0.164030060172081,0.3821983337402344,0.6549091737049942,0.4221690595149994,0.12493869662284851
_,31660,0.5098777413368225,0.44242286682128906,0.14970797300338745,0.3868976831436157,0.8773032476007939,0.39689767360687256,0.0
N,31664,0.536857008934021,0.4842425584793091,0.16054758429527283,0.3789674639701843,0.6820179923338583,0.42045488953590393,0.1252603679895401
N,31677,0.5253042578697205,0.48919206857681274,0.15852126479148865,0.3910267651081085,0.6374515678418297,0.409676194190979,0.32318198680877686
T,31684,0.5560624599456787,0.47634440660476685,0.1655164211988449,0.38639625906944275,0.6884271163446829,0.4205123484134674,0.12216845154762268
T,31687,0.5281327962875366,0.45677492022514343,0.158597931265831,0.3971543312072754,0.7411211280584636,0.40305742621421814,0.5997074246406555
S,31718,0.47440704703330994,0.496281236410141,0.1408955156803131,0.34663453698158264,0.6847754611447454,0.40990787744522095,0.09025844931602478
S,31732,0.4701663851737976,0.5006328225135803,0.1386515349149704,0.34186238050460815,0.6764454749909541,0.4081605076789856,0.09682650864124298
N,31735,0.5330689549446106,0.48304250836372375,0.15950745344161987,0.37891438603401184,0.6922818450078679,0.4198756217956543,0.12264775484800339
T,31744,0.5259059071540833,0.4537673592567444,0.15750320255756378,0.3960702121257782,0.7312875334586716,0.40309271216392517,0.5911452770233154
N,31745,0.5607096552848816,0.49733760952949524,0.16939328610897064,0.3965608477592468,0.6190336357788572,0.4195393919944763,0.3050227463245392
S,31747,0.4977303147315979,0.5045371651649475,0.1430879682302475,0.3455360531806946,0.6560621112966328,0.4140593111515045,0.10052935034036636
X,31754,0.5400135517120361,0.48540544509887695,0.16336458921432495,0.38961097598075867,0.6281036751732851,0.4156940281391144,0.24639879167079926
S,31761,0.47832927107810974,0.5035503506660461,0.1398029923439026,0.3450372815132141,0.6288467183608252,0.4079582989215851,0.11929602175951004
S,31775,0.5359465479850769,0.49519339203834534,0.15695621073246002,0.3620016574859619,0.6358471240196862,0.4234711825847626,0.08033807575702667
_,31776,0.5098050236701965,0.44240742921829224,0.14967310428619385,0.38685277104377747,0.8773207322259745,0.3968527615070343,0.0
_,31782,0.5103780031204224,0.4425291419029236,0.14994749426841736,0.3872070014476776,0.8770357296864192,0.39720699191093445,0.0
_,31796,0.5097797513008118,0.44240203499794006,0.1496611088514328,0.38683703541755676,0.8772870329519113,0.3968369960784912,0.0
T,31798,0.5723485946655273,0.48079997301101685,0.1715991199016571,0.3921772241592407,0.6620545169016502,0.4254028797149658,0.15215963125228882
_,31799,0.5110185742378235,0.44266486167907715,0.1502549797296524,0.3876010775566101,0.8763019162416459,0.39760106801986694,0.0
X,31800,0.5305211544036865,0.4652433395385742,0.15981248021125793,0.3980587124824524,0.5791668015950685,0.40096360445022583,0.5944662094116211
T,31804,0.5509046316146851,0.4814479649066925,0.1647367924451828,0.38872769474983215,0.658585504386477,0.4164375066757202,0.21403920650482178
N,31834,0.541614294052124,0.48414328694343567,0.16279271245002747,0.38435620069503784,0.6572407913549493,0.4199822247028351,0.16372159123420715
S,31841,0.4843961298465729,0.4951654076576233,0.14448201656341553,0.34840404987335205,0.6851450670013826,0.4141295850276947,0.07295134663581848
S,31844,0.47862184047698975,0.5005013942718506,0.14228899776935577,0.3475305140018463,0.6731376158880691,0.41134870052337646,0.10381587594747543
S,31850,0.5268898010253906,0.5015614032745361,0.15312395989894867,0.3527429401874542,0.6409689547488233,0.4233952760696411,0.07514573633670807
S,31854,0.5317007303237915,0.4989752173423767,0.15403279662132263,0.3571857511997223,0.6434029831591761,0.4223462641239166,0.08462432771921158
X,31867,0.52631676197052,0.45889812707901,0.1577385812997818,0.3959325850009918,0.7105119041978711,0.40095794200897217,0.5935239195823669
S,31869,0.47098085284233093,0.4994645416736603,0.13966363668441772,0.34591585397720337,0.677123888557156,0.4090360105037689,0.10403969883918762
_,31877,0.5099136233329773,0.4424304962158203,0.14972519874572754,0.3869197964668274,0.8772614698608717,0.39691975712776184,0.0
T,31879,0.5685020089149475,0.4744013547897339,0.17307230830192566,0.39708441495895386,0.6809179472154938,0.4269498586654663,0.12896767258644104
N,31882,0.5213674306869507,0.4811820983886719,0.15455226600170135,0.37978169322013855,0.6811235153512099,0.4097892642021179,0.201014906167984
X,31892,0.524297297000885,0.45973318815231323,0.15677785873413086,0.3945886492729187,0.7030493598821704,0.39905643463134766,0.5943105220794678
N,31893,0.5788245797157288,0.48100170493125916,0.17052730917930603,0.3846612870693207,0.6637460089483648,0.42667219042778015,0.08673319965600967
N,31903,0.5795707702636719,0.48597392439842224,0.1720484495162964,0.3849579393863678,0.6598068221771488,0.430630624294281,0.09356560558080673
_,31904,0.5098845362663269,0.44242432713508606,0.14971116185188293,0.38690197467803955,0.8772803690532844,0.3969019651412964,0.0
N,31906,0.5573165416717529,0.4863942563533783,0.16519150137901306,0.3773927390575409,0.6607581906971367,0.4258174002170563,0.08925085514783859
S,31914,0.47096213698387146,0.5032686591148376,0.139223113656044,0.34597834944725037,0.6589995580539108,0.4074440002441406,0.12414675205945969
T,31916,0.5619290471076965,0.4791419506072998,0.16698230803012848,0.38604655861854553,0.6687109401205089,0.42204931378364563,0.12486620992422104
S,31929,0.4801473617553711,0.4966539740562439,0.1436857432126999,0.3472026288509369,0.6893505626916886,0.4149487316608429,0.07189527899026871
S,31936,0.48505473136901855,0.5010364651679993,0.14156082272529602,0.34574276208877563,0.6356092954362006,0.4096836745738983,0.10578829050064087
_,31942,0.5097464323043823,0.4423949420452118,0.149645134806633,0.3868163228034973,0.8772616989413897,0.39681634306907654,0.0
N,31953,0.605356752872467,0.48503074049949646,0.181681826710701,0.3927576243877411,0.6529129924837132,0.44253039360046387,0.03758946433663368
X,31978,0.5403773784637451,0.4639197885990143,0.16453169286251068,0.40447038412094116,0.6932533574488965,0.4092300236225128,0.5839076042175293
N,31988,0.5804451704025269,0.48696812987327576,0.1765936315059662,0.3908105194568634,0.6504539119903348,0.43931910395622253,0.06959918141365051
T,31998,0.5640082955360413,0.4965684115886688,0.17618897557258606,0.41668829321861267,0.6142502171532215,0.41157233715057373,0.5894070267677307
X,32002,0.5469056963920593,0.4669227600097656,0.16772407293319702,0.40832048654556274,0.6537266323062553,0.4128066599369049,0.578222393989563
S,32023,0.4832272529602051,0.49991539120674133,0.14549769461154938,0.3488709330558777,0.6720762014420083,0.41785094141960144,0.07700349390506744
S,32024,0.479214072227478,0.5011550188064575,0.14366298913955688,0.34268245100975037,0.6949650886592766,0.42020946741104126,0.052116382867097855
X,32025,0.5460737347602844,0.46425679326057434,0.16730573773384094,0.4078979194164276,0.7223985380370459,0.4130730628967285,0.5833600759506226
X,32034,0.5367448329925537,0.462276428937912,0.16276627779006958,0.40245747566223145,0.6801145149798443,0.40778040885925293,0.5728539824485779
T,32037,0.5586622357368469,0.4937567114830017,0.17358829081058502,0.41448652744293213,0.5456710511170726,0.4143831133842468,0.5356237292289734
T,32041,0.5431818962097168,0.4606660008430481,0.16588279604911804,0.40645840764045715,0.7147640090177811,0.412962943315506,0.5683169364929199
N,32044,0.5978076457977295,0.48867350816726685,0.1777767688035965,0.3893786668777466,0.6597433511526227,0.4417083263397217,0.05725833401083946
S,32047,0.4929597079753876,0.5041506290435791,0.14729981124401093,0.3475789427757263,0.6661412546690554,0.4218723177909851,0.07357819378376007
_,32051,0.523991584777832,0.4454077184200287,0.15649202466011047,0.39555564522743225,0.8666814550260703,0.4055556356906891,0.0
T,32064,0.5431385040283203,0.45810315012931824,0.16586942970752716,0.4065362513065338,0.71936701426787,0.41402921080589294,0.5572859644889832
N,32068,0.5579124689102173,0.4868127107620239,0.16874834895133972,0.39560526609420776,0.6406035317165758,0.4220428168773651,0.2455146759748459
_,32071,0.523169994354248,0.4452352523803711,0.15609489381313324,0.3950577676296234,0.8678589234252772,0.40505775809288025,0.0
T,32081,0.6005716919898987,0.4836568236351013,0.17981097102165222,0.399292528629303,0.6419011797836478,0.43600496649742126,0.12605687975883484
X,32084,0.5366865396499634,0.4614216685295105,0.16273805499076843,0.4024569094181061,0.7095939712537317,0.40808308124542236,0.5721015930175781
S,32096,0.5020235776901245,0.501181423664093,0.15116412937641144,0.3509080111980438,0.6736430732998997,0.42542389035224915,0.05732547491788864
S,32100,0.5782861113548279,0.4999699890613556,0.1709630936384201,0.3746839463710785,0.5936670079268273,0.4393833875656128,0.07307163625955582
S,32110,0.5115920901298523,0.4990693926811218,0.1496252417564392,0.35419514775276184,0.638492518185667,0.42030611634254456,0.08192457258701324
T,32118,0.5499217510223389,0.47429561614990234,0.1692335605621338,0.4095878601074219,0.4255156745413342,0.41144928336143494,0.5858474373817444
X,32121,0.5849950313568115,0.49021390080451965,0.1746925562620163,0.39376842975616455,0.6123355371471553,0.43242567777633667,0.1608039289712906
T,32122,0.5424278974533081,0.45849815011024475,0.16549894213676453,0.40595972537994385,0.7145009676823574,0.4126379191875458,0.5938270092010498
S,32129,0.5561811327934265,0.5004885196685791,0.1603797823190689,0.36277130246162415,0.6414373298549617,0.43087899684906006,0.07174719125032425
N,32135,0.5385087728500366,0.48830902576446533,0.16249987483024597,0.38793396949768066,0.6495452270420113,0.4195791780948639,0.21320287883281708
X,32136,0.5528445839881897,0.4940866231918335,0.17096863687038422,0.39532163739204407,0.6363430100042994,0.4289695620536804,0.21719670295715332
X,32142,0.5455071330070496,0.46413666009902954,0.1670268476009369,0.40757402777671814,0.7135046155412056,0.41276341676712036,0.5825498104095459
X,32146,0.6035013198852539,0.48700523376464844,0.1802489459514618,0.3964369595050812,0.6469986106344732,0.4394932985305786,0.10058876872062683
X,32147,0.5929678678512573,0.4916967749595642,0.1808912307024002,0.40036067366600037,0.6290088939166163,0.43852201104164124,0.1650923192501068
_,32153,0.5226799249649048,0.4451320469379425,0.15585871040821075,0.3947589099407196,0.8680657237768173,0.40475890040397644,0.0
T,32159,0.6091235280036926,0.48548996448516846,0.18408991396427155,0.40302151441574097,0.6190277226374019,0.44008830189704895,0.12881766259670258
_,32169,0.5226853489875793,0.44513317942619324,0.15586136281490326,0.39476218819618225,0.8680478558937709,0.4047621786594391,0.0
T,32170,0.5406786203384399,0.4581168293952942,0.16465121507644653,0.4049595594406128,0.7391540507436003,0.41173988580703735,0.5873579978942871
T,32176,0.5379412174224854,0.4588182270526886,0.1633213758468628,0.40324488282203674,0.6969133613545819,0.4094889760017395,0.5897724628448486
N,32179,0.571050226688385,0.49495407938957214,0.17256200313568115,0.3980277478694916,0.6247269811040315,0.4283980131149292,0.24321319162845612
N,32180,0.5431506633758545,0.49525055289268494,0.16694967448711395,0.39730173349380493,0.6608476822450757,0.42227259278297424,0.2861737310886383
N,32189,0.6170759201049805,0.48778706789016724,0.18169954419136047,0.3960949182510376,0.6579796040752263,0.44145727157592773,0.08848972618579865
X,32192,0.5404974818229675,0.4622521698474884,0.16458748281002045,0.40465718507766724,0.7028543545105762,0.41010260581970215,0.5808975696563721
N,32194,0.556774914264679,0.4885536730289459,0.1660013496875763,0.38811370730400085,0.6498024600346011,0.4240921437740326,0.17907175421714783
N,32195,0.5534546375274658,0.48860108852386475,0.16514573991298676,0.3852933347225189,0.6518678704839841,0.4240928292274475,0.16034400463104248
X,32197,0.5978171825408936,0.48927706480026245,0.1767747849225998,0.38999098539352417,0.6112819898793047,0.4359261691570282,0.10337608307600021
N,32200,0.549660325050354,0.5009388327598572,0.16913776099681854,0.4099087119102478,0.6013695221145948,0.41164711117744446,0.4915980100631714
_,32203,0.5239781141281128,0.4454047679901123,0.15648570656776428,0.39554697275161743,0.8665727432072163,0.40554696321487427,0.0
N,32219,0.5601924061775208,0.48733842372894287,0.16803331673145294,0.3868564963340759,0.6514045731840209,0.4280397593975067,0.1346668303012848
N,32256,0.6155146360397339,0.4874109625816345,0.1817052662372589,0.39648422598838806,0.6582231076102472,0.4406569004058838,0.09473630040884018
_,32257,0.5218163132667542,0.44495007395744324,0.15544238686561584,0.39423245191574097,0.8694474705557029,0.4042324423789978,0.0
N,32289,0.5784287452697754,0.488050639629364,0.16965945065021515,0.3862258195877075,0.6466877853286376,0.4277738928794861,0.1352219581604004
X,32300,0.5707187056541443,0.48635998368263245,0.1699378490447998,0.3895414173603058,0.627603271274129,0.42515310645103455,0.16754046082496643
X,32343,0.5380775332450867,0.4613375961780548,0.16340820491313934,0.40321996808052063,0.705810880691586,0.40872371196746826,0.5827699303627014
T,32364,0.5868605971336365,0.5002585053443909,0.18285991251468658,0.4178534150123596,0.5301470342254713,0.4293955862522125,0.4137125313282013
S,32374,0.5014417767524719,0.5025400519371033,0.15236595273017883,0.3502708971500397,0.6658870030070345,0.4284989535808563,0.05039506405591965
S,32377,0.48747530579566956,0.5000690817832947,0.14516869187355042,0.3536469638347626,0.6523272552837929,0.41384685039520264,0.113507479429245
_,32378,0.5209050178527832,0.4447579085826874,0.1550033539533615,0.39367616176605225,0.8699714969098569,0.40367621183395386,0.0
N,32380,0.5670523643493652,0.4921300411224365,0.16951115429401398,0.39014390110969543,0.6236077647758794,0.42522910237312317,0.19991590082645416
S,32387,0.48962271213531494,0.5140148997306824,0.1431702971458435,0.3421917259693146,0.606643867396715,0.4180135726928711,0.10597371309995651
T,32389,0.5318320989608765,0.4788202941417694,0.16051320731639862,0.3900536894798279,0.6647278462164105,0.4131202697753906,0.2497876137495041
X,32396,0.5413209199905396,0.4620097875595093,0.16498364508152008,0.4051690399646759,0.7107494000248213,0.41074642539024353,0.5819447040557861
X,32403,0.5441810488700867,0.472705602645874,0.16643328964710236,0.4061565101146698,0.521384010094295,0.40787026286125183,0.588661253452301
X,32410,0.5434613227844238,0.4636804163455963,0.16603831946849823,0.4063859283924103,0.7174933946156065,0.4117085337638855,0.5767911076545715
_,32420,0.5209367275238037,0.4447646141052246,0.15501858294010162,0.39369574189186096,0.8699793353676797,0.4036957323551178,0.0
X,32426,0.5991443991661072,0.49343863129615784,0.18122538924217224,0.4008042812347412,0.6086189331399025,0.4372844398021698,0.1866757869720459
X,32431,0.560799777507782,0.48883056640625,0.16926302015781403,0.38753458857536316,0.6222565850693113,0.4286263883113861,0.14198905229568481
X,32432,0.5429176092147827,0.46316972374916077,0.1657698154449463,0.40606412291526794,0.7175565213109925,0.41140955686569214,0.5806661248207092
T,32433,0.5316942930221558,0.45500317215919495,0.1602802574634552,0.3996054530143738,0.7310750337048194,0.4066177010536194,0.595316469669342
N,32435,0.5554457902908325,0.5053801536560059,0.17202909290790558,0.4127265214920044,0.6325947926778888,0.41000309586524963,0.5274500250816345
X,32446,0.6474720239639282,0.4883252680301666,0.1917446404695511,0.4015849530696869,0.6290722475234362,0.4495568871498108,0.05749920755624771
S,32459,0.500530481338501,0.5016189217567444,0.1503218561410904,0.34930741786956787,0.6842211399630954,0.4256367087364197,0.05474944785237312
S,32466,0.49483367800712585,0.500690221786499,0.14503705501556396,0.3506833612918854,0.6157574576032736,0.4150460660457611,0.09933651238679886
_,32469,0.5209356546401978,0.4447644054889679,0.15501806139945984,0.39369502663612366,0.8700014910101891,0.4036950170993805,0.0
T,32472,0.5640637874603271,0.48430314660072327,0.17381738126277924,0.4063827097415924,0.6378656220018941,0.4265047609806061,0.29589715600013733
S,32474,0.4679687023162842,0.5036759376525879,0.13937535881996155,0.34376537799835205,0.6856921213120223,0.4130130410194397,0.09547893702983856
N,32477,0.5411179661750793,0.4979543089866638,0.16535085439682007,0.40365147590637207,0.615094592065434,0.41261669993400574,0.42247167229652405
T,32478,0.6283926367759705,0.48489293456077576,0.18812960386276245,0.4022148847579956,0.6408416362733503,0.44501909613609314,0.0721617341041565
S,32487,0.5306580066680908,0.5022696852684021,0.1565769910812378,0.36346104741096497,0.6036003252363783,0.4241560101509094,0.11362803727388382
N,32489,0.580362856388092,0.48640769720077515,0.17362026870250702,0.38800132274627686,0.656561013411847,0.43406742811203003,0.08832454681396484
_,32495,0.5214914083480835,0.44488149881362915,0.15528590977191925,0.39403393864631653,0.8693772110839685,0.40403392910957336,0.0
T,32504,0.5472263693809509,0.4913998544216156,0.16795772314071655,0.4083353579044342,0.6194934248924255,0.4100435674190521,0.5085598826408386
X,32508,0.6102768182754517,0.49015554785728455,0.1839302033185959,0.4007343053817749,0.617331591474067,0.44069069623947144,0.13956807553768158
S,32509,0.4794139862060547,0.5080745816230774,0.13955983519554138,0.3413581848144531,0.6611405558573703,0.41383570432662964,0.0986611396074295
N,32514,0.5817627906799316,0.4875152111053467,0.17345675826072693,0.3891790211200714,0.655605435518349,0.4336569905281067,0.10679982602596283
_,32519,0.5209227800369263,0.444761723279953,0.15501178801059723,0.39368733763694763,0.86996571307381,0.40368732810020447,0.0
T,32541,0.540955662727356,0.46028459072113037,0.16480165719985962,0.40493595600128174,0.7254097932179988,0.4108608365058899,0.591976523399353
_,32546,0.5209348201751709,0.4447641968727112,0.1550177037715912,0.3936944305896759,0.869947377294302,0.40369442105293274,0.0
_,32555,0.5215632319450378,0.4448966681957245,0.15532054007053375,0.39407777786254883,0.869368336548408,0.4040777385234833,0.0
T,32557,0.5357661247253418,0.45580485463142395,0.1622556746006012,0.4021908640861511,0.7313693082154108,0.4095918834209442,0.5737354755401611
T,32561,0.6425172090530396,0.4821406602859497,0.1889549344778061,0.40367791056632996,0.6389028066387012,0.4430360198020935,0.07315226644277573
N,32565,0.5529999136924744,0.48854219913482666,0.1667468547821045,0.38841310143470764,0.6436467787068493,0.4236822724342346,0.18449333310127258
T,32575,0.5388225317001343,0.4576532542705536,0.16375097632408142,0.4040156602859497,0.723999116092,0.4112754762172699,0.5607402324676514
N,32593,0.5481102466583252,0.4852384924888611,0.16487927734851837,0.38477641344070435,0.6727202569871831,0.4242323935031891,0.13917437195777893
_,32594,0.5111399292945862,0.4426910877227783,0.15031234920024872,0.38767823576927185,0.8768218380212784,0.3976781666278839,0.0
X,32618,0.5898497700691223,0.48771968483924866,0.1769353598356247,0.38943201303482056,0.6371629427115356,0.43545570969581604,0.09507414698600769
N,32627,0.5392153263092041,0.48352479934692383,0.16179703176021576,0.38041362166404724,0.6795340868077863,0.42231854796409607,0.11603140085935593
X,32632,0.5306339859962463,0.4639996886253357,0.1598534733057022,0.39826998114585876,0.7197078130833567,0.40176424384117126,0.5921755433082581
N,32636,0.5865839719772339,0.4978422522544861,0.17817479372024536,0.40091755986213684,0.6187216658338245,0.4283975660800934,0.2718600332736969
S,32637,0.47462043166160583,0.5033724904060364,0.14072294533252716,0.34248265624046326,0.6926133171779415,0.41286495327949524,0.0908261090517044
S,32638,0.49244630336761475,0.49992692470550537,0.14697159826755524,0.34782251715660095,0.6912673108962676,0.4196617007255554,0.06796348094940186
S,32640,0.4649275243282318,0.505075216293335,0.13495120406150818,0.33447718620300293,0.6825093465857208,0.41033288836479187,0.08104390650987625
X,32647,0.5562395453453064,0.484775185585022,0.1649058312177658,0.3818426728248596,0.6324600095759767,0.41975370049476624,0.14964331686496735
S,32660,0.5636016130447388,0.49955078959465027,0.16610001027584076,0.36706897616386414,0.6134387262476473,0.4331529438495636,0.07325566560029984
_,32666,0.5115317702293396,0.4427742660045624,0.15050016343593597,0.38791996240615845,0.8766677920023601,0.3979199528694153,0.0
S,32667,0.4956434369087219,0.4981811046600342,0.14432694017887115,0.3497251570224762,0.6457872352413445,0.41203275322914124,0.099748395383358
S,32672,0.4623805284500122,0.4994802474975586,0.1353176236152649,0.34367799758911133,0.6910024079432091,0.40281134843826294,0.12204644083976746
T,32710,0.529707133769989,0.4571114182472229,0.15935632586479187,0.39809364080429077,0.7564939858782237,0.40397441387176514,0.6016952395439148
X,32715,0.5303952097892761,0.4621819257736206,0.15972910821437836,0.39847102761268616,0.6439575772757234,0.4032406508922577,0.572874903678894
T,32718,0.6316084861755371,0.4784362018108368,0.18792565166950226,0.40437525510787964,0.6453852172892464,0.4398510158061981,0.07591117918491364
_,32729,0.5117011666297913,0.4428102672100067,0.15058130025863647,0.38802456855773926,0.8765509851276875,0.3980245590209961,0.0
S,32740,0.4627082943916321,0.5004964470863342,0.13719704747200012,0.3370901942253113,0.7202758957321446,0.4117697477340698,0.06676029413938522
T,32744,0.5254601240158081,0.4540644884109497,0.1572817862033844,0.3958902955055237,0.7363596824534762,0.4029931128025055,0.5768221020698547
_,32755,0.5111507773399353,0.4426933825016022,0.15031756460666656,0.38768479228019714,0.8768147217730682,0.397684782743454,0.0
S,32759,0.4785763621330261,0.5007458925247192,0.13911481201648712,0.3419768810272217,0.6290243715404844,0.410110205411911,0.09010598063468933
X,32770,0.5335588455200195,0.4962388277053833,0.16225461661815643,0.39092427492141724,0.6039329753893738,0.4150084853172302,0.29428648948669434
X,32772,0.5322476029396057,0.4617370665073395,0.16061635315418243,0.39962905645370483,0.683167533772236,0.40470489859580994,0.5735325217247009
S,32773,0.4785057604312897,0.50065016746521,0.1420593559741974,0.34331169724464417,0.6692420990020037,0.4136900305747986,0.07976075261831284
T,32775,0.5298211574554443,0.4558732211589813,0.15940043330192566,0.398274689912796,0.724322839209611,0.40467074513435364,0.601249635219574
_,32783,0.5111491680145264,0.4426930844783783,0.1503167301416397,0.3876838982105255,0.8768157961467903,0.39768388867378235,0.0
X,32799,0.5938457250595093,0.4876019358634949,0.1776491403579712,0.38872215151786804,0.6411831676176128,0.43659138679504395,0.0815669372677803
X,32809,0.529295027256012,0.46287211775779724,0.15919937193393707,0.3975447714328766,0.6283807714011831,0.40139898657798767,0.5904987454414368
S,32812,0.5256991386413574,0.4993484616279602,0.1513308733701706,0.35455039143562317,0.6584496248805348,0.42023059725761414,0.08614488691091537
N,32818,0.5386238694190979,0.4905800521373749,0.164524108171463,0.39089435338974,0.656432211666203,0.4170311689376831,0.2633470892906189
S,32820,0.4991482198238373,0.5014417767524719,0.14577090740203857,0.3499174118041992,0.6228030267368498,0.414621502161026,0.10202667862176895
N,32827,0.5407310128211975,0.4923418164253235,0.16237325966358185,0.38768133521080017,0.657866790430738,0.4166392683982849,0.24812421202659607
_,32829,0.5111519694328308,0.44269365072250366,0.15031811594963074,0.38768550753593445,0.8768001359204451,0.3976854681968689,0.0
N,32831,0.5311059355735779,0.4808708727359772,0.15629567205905914,0.3718613386154175,0.6953321611460221,0.4156849682331085,0.09609166532754898
N,32836,0.5407606363296509,0.4907115399837494,0.16418521106243134,0.39355114102363586,0.623750804256221,0.4133153557777405,0.31647995114326477
S,32840,0.4924637973308563,0.49950531125068665,0.14701998233795166,0.3478257358074188,0.6935100836462031,0.4198454022407532,0.06544121354818344
N,32855,0.5229847431182861,0.48106512427330017,0.15412409603595734,0.3730749189853668,0.6936354941028792,0.41276830434799194,0.12771166861057281
X,32882,0.528651773929596,0.4614666998386383,0.15887831151485443,0.3972821533679962,0.6448204616880412,0.4017043113708496,0.5876308083534241
N,32887,0.5473576188087463,0.5042929649353027,0.16815075278282166,0.4075106084346771,0.617255323783902,0.4027884900569916,0.5376473665237427
_,32889,0.5111767649650574,0.4426988959312439,0.15033003687858582,0.38770073652267456,0.8767861872911454,0.3977007269859314,0.0
X,32897,0.5288094282150269,0.45941975712776184,0.15893706679344177,0.3974789083003998,0.6857213417782502,0.4025866389274597,0.5919644832611084
N,32904,0.5822228193283081,0.48537567257881165,0.17307405173778534,0.38337039947509766,0.6454398875917348,0.432149738073349,0.06858408451080322
S,32905,0.5157541632652283,0.49790772795677185,0.1490783989429474,0.35501688718795776,0.6355984481686028,0.41558215022087097,0.10280134528875351
T,32906,0.535470724105835,0.4654325544834137,0.16219793260097504,0.40114718675613403,0.5564589114561993,0.4045669436454773,0.5925735235214233
X,32923,0.5684293508529663,0.4868432879447937,0.1702103614807129,0.3836870491504669,0.6515729826995327,0.42997533082962036,0.09754025191068649
X,32957,0.5491566061973572,0.48230159282684326,0.16351421177387238,0.38132092356681824,0.6349862501211465,0.4183257222175598,0.14351822435855865
X,32982,0.5471019744873047,0.48151153326034546,0.16343086957931519,0.3827238082885742,0.644496962884441,0.4179435670375824,0.15244629979133606
T,32993,0.5265169739723206,0.4551123082637787,0.1578224003314972,0.3963964283466339,0.7288451173194336,0.4031776487827301,0.5787469744682312
T,33010,0.5309010148048401,0.46027079224586487,0.15996789932250977,0.39865022897720337,0.6047497703001864,0.4035981595516205,0.5930507183074951
S,33018,0.5121923089027405,0.4959646165370941,0.14940252900123596,0.35136735439300537,0.6415248345475023,0.41827747225761414,0.0678301677107811
_,33032,0.5087208151817322,0.4421766698360443,0.14915449917316437,0.3861808776855469,0.8772533159454664,0.3961808681488037,0.0
S,33035,0.4745815694332123,0.5001534223556519,0.13949190080165863,0.34425121545791626,0.6711960910322766,0.40905848145484924,0.10002897679805756
S,33046,0.48577678203582764,0.4971403181552887,0.14445553719997406,0.3467217981815338,0.6712883774066966,0.41373786330223083,0.07662388682365417
S,33059,0.5073355436325073,0.4971579611301422,0.14811435341835022,0.35438406467437744,0.6272845291424892,0.4133290946483612,0.10740674287080765
S,33060,0.46664318442344666,0.4991796910762787,0.13750040531158447,0.34367746114730835,0.6804191618661086,0.4055714011192322,0.10896294564008713
T,33074,0.5881938934326172,0.4828399121761322,0.17673948407173157,0.39707908034324646,0.6508917784054575,0.4298851788043976,0.16157793998718262
X,33080,0.5319914817810059,0.48493659496307373,0.16044571995735168,0.3809049725532532,0.6693793501953285,0.41802170872688293,0.1597602814435959
N,33081,0.52837735414505,0.48755744099617004,0.16011589765548706,0.38962358236312866,0.6458242239570245,0.41128242015838623,0.292717844247818
N,33083,0.5564883947372437,0.4821721911430359,0.16584935784339905,0.37641459703445435,0.6807144130789675,0.4270205795764923,0.04605182260274887
S,33084,0.48172101378440857,0.4999140501022339,0.14315856993198395,0.34336456656455994,0.665518613421979,0.41412442922592163,0.07467268407344818
T,33089,0.5280619263648987,0.4856799840927124,0.15914255380630493,0.39016193151474,0.6398402553302004,0.408095121383667,0.3223307728767395
_,33093,0.5086548328399658,0.4421626329421997,0.14912298321723938,0.38613998889923096,0.8772165556252003,0.3961399793624878,0.0
N,33096,0.5200403928756714,0.4852401316165924,0.15571808815002441,0.38544076681137085,0.6789410413273921,0.40824341773986816,0.2769336998462677
_,33102,0.5084906816482544,0.44212770462036133,0.149044468998909,0.386038213968277,0.8772921311358611,0.3960382044315338,0.0
_,33104,0.5085052847862244,0.4421307444572449,0.1490515172481537,0.3860470950603485,0.8771960719923179,0.39604708552360535,0.0
N,33128,0.5575578212738037,0.4804166257381439,0.16692787408828735,0.3803353011608124,0.6834201654312589,0.4265793263912201,0.05797244608402252
_,33131,0.5085222721099854,0.44213441014289856,0.14905957877635956,0.38605785369873047,0.8772725157936415,0.3960578441619873,0.0
X,33136,0.5669006109237671,0.4885295629501343,0.17078234255313873,0.3891344368457794,0.6572485430484327,0.42767786979675293,0.15796838700771332
N,33169,0.5201319456100464,0.48535796999931335,0.15576837956905365,0.3856339156627655,0.6784586362230282,0.40816935896873474,0.27960070967674255
N,33175,0.5384963750839233,0.48252004384994507,0.16055038571357727,0.37748175859451294,0.6960127053408846,0.42137017846107483,0.0985439270734787
N,33176,0.5414873957633972,0.48797720670700073,0.16110123693943024,0.3851642906665802,0.6468134180377092,0.4158913791179657,0.22004476189613342
_,33183,0.5088059902191162,0.4421946704387665,0.14919553697109222,0.38623306155204773,0.8770545692741871,0.3962330222129822,0.0
S,33195,0.4999530017375946,0.49780112504959106,0.14801402390003204,0.34842148423194885,0.6963098772863547,0.41843974590301514,0.06478273123502731
X,33206,0.5682607889175415,0.4890885055065155,0.1724425107240677,0.3922117352485657,0.6406276916495214,0.42759227752685547,0.1819731742143631
X,33222,0.5231351852416992,0.4594537317752838,0.15622328221797943,0.3939668536186218,0.7061670245692464,0.39865702390670776,0.5860618352890015
_,33224,0.5085445046424866,0.4421391487121582,0.14907029271125793,0.38607144355773926,0.8772293861707052,0.3960714340209961,0.0
N,33248,0.5435266494750977,0.49720266461372375,0.1661577820777893,0.40366053581237793,0.6057113854947966,0.4076022803783417,0.46768417954444885
T,33256,0.5956014394760132,0.4809038043022156,0.17613539099693298,0.3930995464324951,0.6799022501950579,0.43118345737457275,0.10397250205278397
S,33269,0.4559977948665619,0.501600980758667,0.13357213139533997,0.3371143043041229,0.6953781248877446,0.40408527851104736,0.10022835433483124
N,33279,0.5209983587265015,0.48321330547332764,0.15329983830451965,0.3755505084991455,0.6722143918791942,0.4080781638622284,0.19177871942520142
T,33288,0.5570746660232544,0.4784707725048065,0.16872240602970123,0.3927466571331024,0.6682955492661374,0.42323002219200134,0.1644921898841858
S,33292,0.5215303301811218,0.5022194385528564,0.1507992297410965,0.3543509542942047,0.6367954546359397,0.4187859892845154,0.10319074988365173
N,33296,0.525812566280365,0.4864099323749542,0.15530307590961456,0.3792532980442047,0.6536323656298919,0.40828096866607666,0.2298852801322937
X,33310,0.5497046113014221,0.4858412742614746,0.16318532824516296,0.37993311882019043,0.6304916921040664,0.41854825615882874,0.15227030217647552
_,33316,0.5095852613449097,0.4423603415489197,0.14956864714622498,0.38671496510505676,0.8765934642155966,0.3967149555683136,0.0
X,33321,0.5314508676528931,0.4608208239078522,0.16023272275924683,0.39892086386680603,0.6982723419770295,0.40361613035202026,0.596513032913208
X,33323,0.6103564500808716,0.4861971139907837,0.18025189638137817,0.39031246304512024,0.6288243745727232,0.4370553195476532,0.0750482901930809
X,33330,0.6050097942352295,0.4845343232154846,0.17929741740226746,0.3919837474822998,0.6323373756577106,0.4353623688220978,0.08686880022287369
T,33331,0.5801545977592468,0.4934559166431427,0.17851580679416656,0.4050675630569458,0.6431855768704372,0.42741507291793823,0.3007733225822449
_,33334,0.5143849849700928,0.44337937235832214,0.15186870098114014,0.38967815041542053,0.8743945069114367,0.39967814087867737,0.0
N,33344,0.5566686987876892,0.4862567186355591,0.16454395651817322,0.38423776626586914,0.6509149634299441,0.41997388005256653,0.1728418618440628
_,33347,0.5143993496894836,0.4433824121952057,0.1518755704164505,0.3896870017051697,0.8744044732054075,0.3996869921684265,0.0
S,33350,0.5356171131134033,0.5007714629173279,0.15758229792118073,0.3635997176170349,0.6173756133156227,0.4253051280975342,0.1035858616232872
T,33352,0.6376692652702332,0.4854489266872406,0.19039253890514374,0.40707412362098694,0.5992664344133422,0.44050392508506775,0.15317368507385254
T,33366,0.5583000779151917,0.4788483679294586,0.17128148674964905,0.40104326605796814,0.6454881201389556,0.421970933675766,0.265861451625824
_,33368,0.5143212080001831,0.44336578249931335,0.15183809399604797,0.389638751745224,0.874360431432724,0.3996387720108032,0.0
S,33372,0.4763195514678955,0.5005112886428833,0.14088644087314606,0.3497007191181183,0.6658670777610193,0.4078758955001831,0.1267964392900467
X,33381,0.5297645926475525,0.49099966883659363,0.16083253920078278,0.3897300958633423,0.6484690086978178,0.4176103174686432,0.25256210565567017
N,33384,0.5992720723152161,0.4922321140766144,0.17850112915039062,0.39354997873306274,0.6286291876954844,0.43580320477485657,0.14465750753879547
S,33388,0.470491498708725,0.5119947195053101,0.13811549544334412,0.3416290581226349,0.6223474798413615,0.40669411420822144,0.1376391351222992
N,33389,0.53070068359375,0.4871813952922821,0.16030217707157135,0.393032044172287,0.6457004227885046,0.4118806719779968,0.3179122805595398
_,33393,0.5143212080001831,0.44336578249931335,0.15183809399604797,0.389638751745224,0.874360431432724,0.3996387720108032,0.0
X,33394,0.6267261505126953,0.48810243606567383,0.18644167482852936,0.39832937717437744,0.6277260474412469,0.44267261028289795,0.09315051138401031
S,33401,0.4666292369365692,0.49912750720977783,0.13713285326957703,0.34366273880004883,0.6929641803602378,0.4072659909725189,0.10175811499357224
_,33408,0.5147788524627686,0.4434627890586853,0.15205785632133484,0.38992026448249817,0.874152248253425,0.399920254945755,0.0
X,33415,0.5343765616416931,0.4630706310272217,0.1616436243057251,0.40079569816589355,0.6950614396217983,0.4053170680999756,0.5830010175704956
S,33420,0.5336271524429321,0.4997592866420746,0.15731120109558105,0.3609454035758972,0.6202292640941354,0.4255956709384918,0.08730009198188782
T,33421,0.6090303659439087,0.476968914270401,0.18016259372234344,0.3984684348106384,0.6637490982313952,0.4327973425388336,0.09314653277397156
X,33425,0.5830853581428528,0.48573121428489685,0.17446430027484894,0.3910893499851227,0.65363040873354,0.43244555592536926,0.11599760502576828
_,33427,0.5143140554428101,0.4433642625808716,0.15183483064174652,0.38963404297828674,0.8743200394511224,0.3996340036392212,0.0
X,33429,0.5304328799247742,0.4618077576160431,0.159732386469841,0.39849305152893066,0.7116060672831372,0.40322795510292053,0.5787315368652344
_,33432,0.5150360465049744,0.44351714849472046,0.1521814465522766,0.39007803797721863,0.873859612941742,0.40007802844047546,0.0
X,33450,0.5362755656242371,0.46223339438438416,0.1625581681728363,0.4019332528114319,0.7233153452372456,0.406761109828949,0.5893073081970215
S,33460,0.47893646359443665,0.5028199553489685,0.14295609295368195,0.3445545732975006,0.6812630908067028,0.4161545932292938,0.08296118676662445
T,33466,0.5843749046325684,0.48018068075180054,0.17575104534626007,0.3952450752258301,0.6544661566785848,0.4301370680332184,0.1252516508102417
S,33475,0.4920946955680847,0.5024250149726868,0.1423533856868744,0.3466178774833679,0.6102713637404183,0.411165326833725,0.10796080529689789
X,33479,0.5817117691040039,0.484327495098114,0.17363207042217255,0.3925539255142212,0.6361198949930259,0.4291751980781555,0.1439015120267868
X,33485,0.6366080641746521,0.48709097504615784,0.18887242674827576,0.398602157831192,0.6331812517310027,0.44559353590011597,0.06262576580047607
T,33491,0.6363624930381775,0.48048946261405945,0.18743471801280975,0.4029371738433838,0.6420321868633619,0.4395315945148468,0.08824200928211212
S,33493,0.506154477596283,0.49584320187568665,0.14850015938282013,0.35406047105789185,0.6275246901391075,0.4172486960887909,0.08297567814588547
S,33494,0.4657280147075653,0.5040755271911621,0.13782131671905518,0.3431355357170105,0.6761076186659436,0.4091634452342987,0.11027827858924866
T,33497,0.5349559783935547,0.45985209941864014,0.16190491616725922,0.4013065695762634,0.6758126682614208,0.4069552421569824,0.5870083570480347
X,33507,0.5383828282356262,0.46641790866851807,0.1636074334383011,0.4030371308326721,0.6303596870670785,0.40672504901885986,0.5828752517700195
T,33508,0.5397941470146179,0.48498186469078064,0.16449770331382751,0.4033169746398926,0.6382724188066399,0.410077303647995,0.4523334503173828
_,33509,0.5143567323684692,0.44337332248687744,0.1518552303314209,0.3896605670452118,0.8743324966728688,0.39966055750846863,0.0
S,33512,0.5221763253211975,0.4987179636955261,0.1523919403553009,0.3551626205444336,0.6285949496119186,0.4213869571685791,0.08010375499725342
X,33516,0.5312346816062927,0.46117809414863586,0.16011273860931396,0.3989194929599762,0.7000257145318575,0.4036874771118164,0.588344931602478
T,33520,0.5550566911697388,0.483966588973999,0.16808703541755676,0.39531683921813965,0.6434927049764277,0.41980087757110596,0.2526771128177643
_,33524,0.5151960253715515,0.44355109333992004,0.1522582471370697,0.3901764154434204,0.8738272073864938,0.40017640590667725,0.0
X,33527,0.5280757546424866,0.4592628479003906,0.15857982635498047,0.3970591425895691,0.7122332940732546,0.402193158864975,0.5905521512031555
N,33555,0.5645557045936584,0.4984307885169983,0.17109906673431396,0.39876294136047363,0.616882863244003,0.4222830832004547,0.3038582503795624
N,33579,0.5988890528678894,0.49220237135887146,0.17845560610294342,0.39350730180740356,0.628516305341249,0.43581822514533997,0.1441534161567688
S,33587,0.4861077070236206,0.5045709609985352,0.1422717571258545,0.3471660315990448,0.5962453307184236,0.40951430797576904,0.1237572431564331
X,33597,0.5525805950164795,0.4835708737373352,0.16652466356754303,0.3835192620754242,0.6613401503077088,0.4263075590133667,0.10365629941225052
N,33605,0.5457180142402649,0.4800262451171875,0.16349482536315918,0.38127201795578003,0.6741387406697807,0.4214514195919037,0.10376192629337311
T,33606,0.5445147752761841,0.4904972314834595,0.16675972938537598,0.40557530522346497,0.6113885749526526,0.4021162688732147,0.566920280456543
T,33630,0.5755999088287354,0.48214656114578247,0.17503207921981812,0.3940293490886688,0.6359760546257409,0.42884713411331177,0.14248816668987274
N,33648,0.5205105543136597,0.4884038269519806,0.15671755373477936,0.38531267642974854,0.6089032003648269,0.4082873463630676,0.28373008966445923
S,33656,0.4678565561771393,0.5002098083496094,0.13756275177001953,0.3405725061893463,0.6775294886529446,0.4064309298992157,0.09753105044364929
N,33664,0.6447909474372864,0.48915985226631165,0.18850387632846832,0.39447253942489624,0.6327413673059589,0.4448190927505493,0.060557954013347626
S,33669,0.515555739402771,0.5013791918754578,0.14988593757152557,0.35006070137023926,0.6405325418669964,0.4196796715259552,0.08061254769563675
X,33673,0.5344366431236267,0.48858919739723206,0.16054083406925201,0.38228535652160645,0.6134655696712434,0.41342079639434814,0.21981380879878998
X,33674,0.5637372136116028,0.48657360672950745,0.1689228117465973,0.38276445865631104,0.653129175688761,0.4284094274044037,0.10189050436019897
X,33685,0.5224071145057678,0.45636990666389465,0.1558452546596527,0.3937344253063202,0.7168329445754839,0.39953625202178955,0.5861203670501709
N,33698,0.5666758418083191,0.4974812865257263,0.17291198670864105,0.3987542986869812,0.5925879801199578,0.4222056567668915,0.30174583196640015
_,33699,0.5074012279510498,0.4418959617614746,0.14852313697338104,0.3853636384010315,0.8784875201682251,0.39536359906196594,0.0
N,33705,0.5957643389701843,0.48653072118759155,0.1760479062795639,0.38344112038612366,0.6575869557822202,0.4359021484851837,0.049892865121364594
_,33730,0.5080869793891907,0.44204139709472656,0.14885206520557404,0.3857862055301666,0.8774100095530352,0.39578619599342346,0.0
_,33777,0.5070152878761292,0.44181376695632935,0.14833860099315643,0.3851243257522583,0.8786156916121642,0.39512431621551514,0.0
_,33796,0.5070112943649292,0.4418129622936249,0.14833670854568481,0.38512182235717773,0.8785733530918758,0.3951217830181122,0.0
_,33801,0.5080881118774414,0.44204163551330566,0.14885258674621582,0.3857870399951935,0.8774710287153722,0.3957870304584503,0.0
_,33802,0.5070459246635437,0.44182029366493225,0.14835327863693237,0.3851432204246521,0.8786075565218926,0.39514318108558655,0.0
T,33809,0.5253386497497559,0.4553331732749939,0.15724630653858185,0.3955603241920471,0.7254099286996644,0.4018619656562805,0.5948198437690735
N,33814,0.5288110375404358,0.4888187646865845,0.15955547988414764,0.38770240545272827,0.6369818356540055,0.41334086656570435,0.2632114887237549
S,33820,0.4677981734275818,0.5168601870536804,0.13525322079658508,0.3377574384212494,0.5992952506259706,0.4022301435470581,0.15272872149944305
T,33824,0.5258708596229553,0.4570246636867523,0.15752530097961426,0.3959816098213196,0.7284034448184927,0.4022965431213379,0.5660760998725891
T,33830,0.583275556564331,0.48258399963378906,0.17415453493595123,0.3937833607196808,0.6399240471062998,0.42763128876686096,0.15508361160755157
S,33832,0.4878747761249542,0.5003994107246399,0.14587216079235077,0.34453752636909485,0.6882461516062419,0.418302446603775,0.06401818245649338
N,33834,0.5332802534103394,0.48124656081199646,0.15929542481899261,0.3821762204170227,0.688292664072554,0.415664941072464,0.1684151142835617
S,33842,0.49687695503234863,0.49767303466796875,0.14698992669582367,0.34775787591934204,0.6984111872532716,0.41705313324928284,0.06815946102142334
N,33844,0.5490142107009888,0.49184277653694153,0.1658620834350586,0.38712066411972046,0.6567859274509343,0.4195978343486786,0.21980051696300507
S,33846,0.5053952932357788,0.5072808861732483,0.1462629735469818,0.3465403914451599,0.6350185411378819,0.4164889454841614,0.10370948165655136
T,33849,0.5678093433380127,0.48083633184432983,0.1716960221529007,0.3964226245880127,0.630870631406627,0.4241275191307068,0.20281650125980377
N,33853,0.547120213508606,0.4856618344783783,0.16397273540496826,0.38484683632850647,0.6627714182812876,0.42017385363578796,0.17308081686496735
N,33854,0.5773120522499084,0.4845593273639679,0.17103327810764313,0.38101837038993835,0.6478213857208418,0.429433673620224,0.0692833960056305
X,33875,0.5467032194137573,0.48202210664749146,0.16289162635803223,0.38004329800605774,0.6440673334461948,0.4182085394859314,0.1341889500617981
T,33876,0.5491778254508972,0.4772671163082123,0.1665208786725998,0.39532381296157837,0.6678880335014159,0.4191277027130127,0.22872836887836456
X,33883,0.529202938079834,0.4595073461532593,0.1591392159461975,0.39763328433036804,0.7353812765991158,0.4026402533054352,0.5959184765815735
S,33897,0.46604451537132263,0.5016090273857117,0.13715605437755585,0.3373423218727112,0.6801621712169921,0.40873274207115173,0.08273367583751678
_,33898,0.5081111788749695,0.442046582698822,0.14886358380317688,0.3858013451099396,0.8774545837938786,0.395801305770874,0.0
S,33908,0.48585161566734314,0.4997008442878723,0.14203231036663055,0.3478488624095917,0.6355445209910007,0.408216267824173,0.1148139163851738
_,33911,0.5070796608924866,0.4418275058269501,0.14836940169334412,0.38516420125961304,0.8785998436311881,0.3951641917228699,0.0
N,33914,0.5587945580482483,0.4834565222263336,0.16481412947177887,0.3793303370475769,0.6339614206287661,0.42184093594551086,0.10973915457725525
N,33917,0.5311042666435242,0.4950006306171417,0.16060489416122437,0.39701956510543823,0.6078964765381534,0.4049505889415741,0.4249727427959442
N,33923,0.5574045777320862,0.4860352575778961,0.1652563214302063,0.38193920254707336,0.635288370911585,0.41977396607398987,0.15676765143871307
_,33924,0.5080750584602356,0.442038893699646,0.1488463431596756,0.38577893376350403,0.877452376484871,0.39577892422676086,0.0
N,33929,0.5531994700431824,0.47988027334213257,0.16434243321418762,0.38051050901412964,0.6991015489030785,0.42264991998672485,0.08728218078613281
S,33931,0.5036279559135437,0.5022464394569397,0.14475764334201813,0.3500913679599762,0.6213517726544706,0.41044607758522034,0.12270478904247284
S,33936,0.4760226607322693,0.5006109476089478,0.1415938287973404,0.3425493538379669,0.6900074140354991,0.4136859178543091,0.07715436071157455
N,33938,0.5517199635505676,0.48265641927719116,0.16164739429950714,0.37728047370910645,0.6595460756736187,0.4155420958995819,0.13981841504573822
S,33944,0.5545234084129333,0.49472880363464355,0.16274218261241913,0.3645721971988678,0.6213310844255708,0.4275806248188019,0.06615950167179108
X,33951,0.5199763178825378,0.4587814509868622,0.1547096073627472,0.3920246660709381,0.668389643651899,0.3966735005378723,0.5855387449264526
S,33954,0.49080973863601685,0.49751609563827515,0.14589466154575348,0.34506821632385254,0.6805109746412685,0.41644299030303955,0.06064702570438385
N,33968,0.5518312454223633,0.4845430552959442,0.1640535593032837,0.3764660656452179,0.6814007612137357,0.4243476390838623,0.08255882561206818
S,33970,0.4617723822593689,0.5011751651763916,0.13532069325447083,0.3396530747413635,0.6833753373535971,0.40380582213401794,0.10842719674110413
S,33975,0.5135595202445984,0.500398576259613,0.14883041381835938,0.35032206773757935,0.6476387405663263,0.41677480936050415,0.08951246738433838
N,33976,0.5169569849967957,0.48102378845214844,0.1526247262954712,0.37833577394485474,0.6723142362805083,0.40445220470428467,0.23480549454689026
N,33977,0.5692858099937439,0.48609814047813416,0.1702597588300705,0.38637661933898926,0.6594397110203863,0.42507219314575195,0.14511524140834808
N,33984,0.5088649392127991,0.4817658066749573,0.15122593939304352,0.37796467542648315,0.7009789950586856,0.40478143095970154,0.2323014736175537
T,33990,0.5213456749916077,0.4565006196498871,0.15535874664783478,0.39312419295310974,0.7267426230975832,0.39910244941711426,0.5714618563652039
X,34002,0.5193250775337219,0.4570103585720062,0.15438216924667358,0.39159566164016724,0.7147384276642091,0.39654862880706787,0.5984311699867249
S,34003,0.5058022737503052,0.4967244565486908,0.14523369073867798,0.351031094789505,0.6394975498896869,0.4094680845737457,0.1098577231168747
T,34007,0.5745261907577515,0.4803508520126343,0.17159655690193176,0.3938157260417938,0.6465503653312529,0.42224836349487305,0.1942153424024582
N,34014,0.5413221120834351,0.4789452850818634,0.16040614247322083,0.37673982977867126,0.7046031263505574,0.4180655777454376,0.09400591999292374
S,34022,0.47076335549354553,0.5054521560668945,0.13491281867027283,0.33555421233177185,0.6653926948526351,0.40511977672576904,0.10352199524641037
N,34034,0.5165036916732788,0.48155540227890015,0.152377188205719,0.37182167172431946,0.680090769120725,0.40850359201431274,0.15438984334468842
T,34035,0.5408994555473328,0.4793485701084137,0.16364294290542603,0.38839343190193176,0.6549135122494772,0.41399437189102173,0.22489212453365326
N,34045,0.5313320755958557,0.4861915111541748,0.16019633412361145,0.38177576661109924,0.6670480970545517,0.4140959084033966,0.2015228420495987
X,34046,0.5190023183822632,0.45861920714378357,0.15424425899982452,0.3912573456764221,0.6908895948173783,0.3955201208591461,0.5980092287063599
X,34047,0.5254408717155457,0.4616568088531494,0.1573621779680252,0.3950328230857849,0.7287030678033656,0.3987044394016266,0.5985473990440369
N,34048,0.5906245708465576,0.48911529779434204,0.17313361167907715,0.38328272104263306,0.648956878855576,0.42927616834640503,0.11168701946735382
N,34058,0.5313588976860046,0.4802371859550476,0.15493075549602509,0.37242764234542847,0.6865989629070586,0.41017186641693115,0.13727785646915436
N,34059,0.5368018746376038,0.4828113913536072,0.16025859117507935,0.37684983015060425,0.6767585128937693,0.41845759749412537,0.11743129789829254
S,34092,0.4711335301399231,0.5132251977920532,0.13543614745140076,0.3345434367656708,0.6136163517108556,0.40491029620170593,0.12413406372070312
N,34102,0.5684322714805603,0.48367413878440857,0.16825291514396667,0.3783099949359894,0.6512009591589838,0.4258153438568115,0.07420232892036438
N,34106,0.5480793118476868,0.4804404675960541,0.16052991151809692,0.37576597929000854,0.6762223568827419,0.41626808047294617,0.11124660819768906
X,34111,0.5566316246986389,0.48782044649124146,0.1668379306793213,0.3888959288597107,0.6514073281241387,0.4192304313182831,0.21921886503696442
N,34125,0.5631248950958252,0.4998546540737152,0.17129412293434143,0.40163010358810425,0.6148759452845055,0.4151114225387573,0.38370099663734436
N,34126,0.536069929599762,0.49816468358039856,0.16266629099845886,0.40075069665908813,0.6008414014763306,0.4018344581127167,0.487430214881897
N,34132,0.5375363230705261,0.49123185873031616,0.1629422903060913,0.3959824740886688,0.6181362540888949,0.4051007330417633,0.41430118680000305
S,34133,0.47076889872550964,0.5111755728721619,0.1362255960702896,0.3363213539123535,0.6104525765297392,0.4044511020183563,0.1254282146692276
_,34138,0.5018796324729919,0.4407183527946472,0.14588691294193268,0.38192978501319885,0.8816487424075604,0.3919297456741333,0.0
S,34140,0.46043065190315247,0.4988035261631012,0.1347973346710205,0.3343842327594757,0.7110723279230297,0.406229704618454,0.07192978262901306
T,34169,0.6145871877670288,0.47819316387176514,0.18221065402030945,0.39802053570747375,0.6406391122743177,0.43274080753326416,0.09943331778049469
X,34181,0.5366038084030151,0.48197898268699646,0.1590210646390915,0.3783377408981323,0.650298858275637,0.41244977712631226,0.16930299997329712
T,34186,0.5158663988113403,0.45333120226860046,0.15269207954406738,0.3897564709186554,0.7113119725774353,0.3959456980228424,0.594767153263092
S,34195,0.4782131016254425,0.5101357102394104,0.1369508057832718,0.3357912302017212,0.6211947694463016,0.4069119393825531,0.11235424131155014
X,34197,0.5193378925323486,0.4582887291908264,0.1543993353843689,0.39143189787864685,0.7237348222800939,0.3957238793373108,0.6032876968383789
S,34216,0.49808138608932495,0.501741349697113,0.1428019255399704,0.3482034504413605,0.6230782378466393,0.4071442186832428,0.12748275697231293
T,34219,0.5200361013412476,0.45421671867370605,0.15470771491527557,0.39223650097846985,0.7319611589846409,0.3983820676803589,0.5994827747344971
T,34239,0.5434717535972595,0.4980688691139221,0.166330486536026,0.40459394454956055,0.642347352286876,0.3988039493560791,0.5607526898384094
X,34244,0.5589813590049744,0.4854911267757416,0.16508466005325317,0.37897706031799316,0.6330309688901374,0.4208501875400543,0.1266368180513382
_,34278,0.5026759505271912,0.4408881366252899,0.14626719057559967,0.38242480158805847,0.8808743058145047,0.3924247622489929,0.0
T,34282,0.5369389653205872,0.4884980320930481,0.16312019526958466,0.40071895718574524,0.6437092027532829,0.40355339646339417,0.4886881709098816
X,34289,0.556247889995575,0.4884475767612457,0.1666308045387268,0.3840525448322296,0.6264350753471566,0.42480555176734924,0.1462281346321106
T,34307,0.5352442264556885,0.45570608973503113,0.16200003027915955,0.40186581015586853,0.7324956449542455,0.40920600295066833,0.5771939754486084
T,34313,0.6258537769317627,0.4849087595939636,0.1907883584499359,0.4081811308860779,0.6115020775205146,0.4454149603843689,0.11066001653671265
X,34316,0.5386092662811279,0.4610529839992523,0.1636631041765213,0.40349695086479187,0.702065044519483,0.4089862108230591,0.5894152522087097
_,34327,0.5206081867218018,0.44469544291496277,0.1548602133989334,0.3934953808784485,0.8704927278558414,0.40349534153938293,0.0
_,34337,0.5207015872001648,0.44471514225006104,0.15490521490573883,0.39355242252349854,0.8704054084420205,0.403552383184433,0.0
S,34342,0.5021935105323792,0.5014157295227051,0.1512569934129715,0.35325878858566284,0.6855078615651777,0.4255755543708801,0.06793195009231567
X,34353,0.5629788637161255,0.4853307604789734,0.16926774382591248,0.3898567855358124,0.621384299278725,0.4248679578304291,0.16709622740745544
T,34358,0.5412538051605225,0.460356205701828,0.16494807600975037,0.40506604313850403,0.7446224425130429,0.4109035134315491,0.5959032773971558
T,34365,0.5853397250175476,0.4836922287940979,0.1772790104150772,0.3961986303329468,0.6440092675946654,0.4330560266971588,0.13081403076648712
_,34366,0.5206488370895386,0.44470399618148804,0.15487980842590332,0.3935200870037079,0.8704945784807205,0.40352004766464233,0.0
S,34367,0.5177726149559021,0.5035809874534607,0.1519070863723755,0.3538952171802521,0.6373385630396904,0.42478933930397034,0.08228551596403122
S,34370,0.47679755091667175,0.5025548338890076,0.14373314380645752,0.3435073792934418,0.6993757592886687,0.42053961753845215,0.061231911182403564
S,34372,0.5302924513816833,0.49949371814727783,0.15513578057289124,0.35802239179611206,0.6254297004078399,0.42553552985191345,0.07492455840110779
S,34376,0.5567948222160339,0.5005189180374146,0.1647496521472931,0.3712935149669647,0.6023371771549865,0.431571900844574,0.10230027139186859
T,34377,0.5341601967811584,0.45582348108291626,0.1614823192358017,0.40128231048583984,0.7322472207418954,0.4088791012763977,0.5530723333358765
S,34380,0.4740232527256012,0.5003838539123535,0.14177754521369934,0.3458114266395569,0.6853629461675883,0.41459351778030396,0.08359453082084656
_,34384,0.5211716890335083,0.4448142647743225,0.1551317423582077,0.39383918046951294,0.8700209570924442,0.4038391709327698,0.0
T,34391,0.5341857075691223,0.45624852180480957,0.16149483621120453,0.4012839198112488,0.72889688339698,0.40874168276786804,0.5540117621421814
S,34392,0.4925153851509094,0.49645060300827026,0.14842528104782104,0.35283321142196655,0.6817335410540303,0.420280784368515,0.06701274961233139
T,34400,0.539413571357727,0.45822662115097046,0.1640477329492569,0.40424710512161255,0.7205943957552275,0.4111367166042328,0.573417067527771
X,34404,0.5345253944396973,0.46140891313552856,0.1616966277360916,0.4010714888572693,0.7013033622648194,0.4063641428947449,0.5775388479232788
_,34410,0.5206172466278076,0.4446972906589508,0.15486468374729156,0.39350056648254395,0.8703793507317703,0.4035005569458008,0.0
S,34442,0.4981400668621063,0.5118858218193054,0.14441773295402527,0.3428329527378082,0.6102372871432454,0.41950464248657227,0.09626727551221848
N,34443,0.5635237693786621,0.4830029308795929,0.16913443803787231,0.385137677192688,0.6680760015591902,0.4301769435405731,0.07870998233556747
X,34444,0.5729526281356812,0.48379045724868774,0.17131170630455017,0.388011634349823,0.6420353581857247,0.42893004417419434,0.11099801957607269
_,34446,0.5207279324531555,0.44472068548202515,0.15491780638694763,0.3935687243938446,0.8705142696201802,0.40356871485710144,0.0
T,34451,0.5399625897407532,0.485615611076355,0.16496658325195312,0.39557990431785583,0.6492301019451892,0.41833987832069397,0.27656233310699463
S,34463,0.5019762516021729,0.5024542808532715,0.14754842221736908,0.3519816994667053,0.6272899647902038,0.4190048575401306,0.09479712694883347
S,34468,0.4893791973590851,0.501687228679657,0.14720429480075836,0.35206496715545654,0.6683902795861165,0.4189525246620178,0.09251505881547928
N,34477,0.5808818936347961,0.48635393381118774,0.17354919016361237,0.38678544759750366,0.6643981826157203,0.43525025248527527,0.07288943976163864
_,34483,0.521479070186615,0.4448789954185486,0.155279740691185,0.3940269649028778,0.8699077094594638,0.40402695536613464,0.0
N,34488,0.5456458926200867,0.4863396883010864,0.16294564306735992,0.3876398205757141,0.6548802784185137,0.41924387216567993,0.20492808520793915
_,34491,0.5206599235534668,0.4447063207626343,0.15488511323928833,0.39352691173553467,0.8704455046355725,0.4035269021987915,0.0
T,34497,0.5381354093551636,0.4571603536605835,0.16341610252857208,0.40347254276275635,0.7217971573502201,0.41041526198387146,0.5851147770881653
T,34499,0.6072199940681458,0.4864747226238251,0.18301276862621307,0.40337905287742615,0.6467327675562896,0.43792250752449036,0.15955603122711182
T,34504,0.5415142774581909,0.46112164855003357,0.16508568823337555,0.405460000038147,0.7113618302919228,0.4118543267250061,0.5610527396202087
S,34511,0.5521272420883179,0.5006334781646729,0.1597030609846115,0.3612379729747772,0.6403711498258297,0.43066462874412537,0.06903762370347977
_,34513,0.5206249356269836,0.4446989595890045,0.15486827492713928,0.39350560307502747,0.8704676234225432,0.4035055935382843,0.0
_,34514,0.5219095349311829,0.4449693262577057,0.15548798441886902,0.39428749680519104,0.8690284126996994,0.4042874872684479,0.0
N,34516,0.5560815334320068,0.4938168525695801,0.168545201420784,0.39737555384635925,0.6184985239492381,0.4209018349647522,0.29309433698654175
X,34517,0.5416252017021179,0.4679861068725586,0.16516530513763428,0.4048682153224945,0.6215754616489721,0.4080166816711426,0.5907230973243713
X,34520,0.5542553663253784,0.4944305419921875,0.17065000534057617,0.39694133400917053,0.6253734058265885,0.4272722005844116,0.24244576692581177
T,34528,0.5665067434310913,0.4816487729549408,0.17152877151966095,0.396938681602478,0.658840560753209,0.42682865262031555,0.18573588132858276
X,34530,0.5510669350624084,0.4884401559829712,0.16946350038051605,0.39387691020965576,0.6479157176986338,0.4272879958152771,0.19511167705059052
T,34541,0.6000126004219055,0.4836803376674652,0.1803431212902069,0.3984470069408417,0.5955695672561221,0.43761101365089417,0.10446665436029434
S,34545,0.5262811183929443,0.4970210790634155,0.155472993850708,0.3618491590023041,0.6363097578121718,0.4256212115287781,0.07756379246711731
X,34556,0.5474073886871338,0.4611802399158478,0.16792716085910797,0.4089341461658478,0.7344085055832633,0.41532984375953674,0.5816818475723267
T,34558,0.541966438293457,0.4583885669708252,0.16526272892951965,0.4057960510253906,0.7279497476962843,0.41264018416404724,0.5847763419151306
_,34559,0.5283198952674866,0.4463181793689728,0.15858086943626404,0.39818766713142395,0.865090839813153,0.4081876575946808,0.0
_,34564,0.5271881818771362,0.44608110189437866,0.15803304314613342,0.39750421047210693,0.8665217243631681,0.4075041711330414,0.0
_,34589,0.5271236300468445,0.4460675120353699,0.15800189971923828,0.39746490120887756,0.8664955485363802,0.4074648916721344,0.0
T,34590,0.5466009378433228,0.4597565829753876,0.16753438115119934,0.40849125385284424,0.7181165178792193,0.41526317596435547,0.5836820006370544
_,34595,0.527090847492218,0.4460605978965759,0.15798614919185638,0.3974447250366211,0.866415876497825,0.40744468569755554,0.0
_,34606,0.5270310640335083,0.4460480809211731,0.15795724093914032,0.3974086046218872,0.8665346367657185,0.40740859508514404,0.0
_,34608,0.5270708799362183,0.44605642557144165,0.15797647833824158,0.39743277430534363,0.8665180878341199,0.4074327349662781,0.0
S,34627,0.5475643873214722,0.5036543011665344,0.16051244735717773,0.3595843017101288,0.6274192959899665,0.43485841155052185,0.05878181755542755
N,34638,0.5548983812332153,0.485207736492157,0.16717813909053802,0.39088818430900574,0.6633567803625435,0.42673802375793457,0.16095730662345886
_,34653,0.5271888375282288,0.4460811913013458,0.15803344547748566,0.3975043296813965,0.8664690432945887,0.4075043201446533,0.0
X,34657,0.5450147390365601,0.4627838134765625,0.16676676273345947,0.4074231684207916,0.6993110538405745,0.4130813479423523,0.5811505913734436
N,34665,0.6141506433486938,0.5002691149711609,0.1867205649614334,0.4090152382850647,0.6086262938807098,0.44033801555633545,0.24907775223255157
N,34668,0.5921807885169983,0.4865608811378479,0.17715799808502197,0.3895506262779236,0.6599408767394925,0.4403860867023468,0.05125628784298897
T,34671,0.5484933257102966,0.4879426062107086,0.16904465854167938,0.40748971700668335,0.6285534057222928,0.420688271522522,0.381917268037796
S,34677,0.48276907205581665,0.5017473697662354,0.1446622759103775,0.35522645711898804,0.6649624488689005,0.41454648971557617,0.12288689613342285
X,34679,0.544844388961792,0.4648415148258209,0.16669563949108124,0.4072059690952301,0.6921949990222735,0.4121500849723816,0.5806787014007568
_,34691,0.5271461009979248,0.4460722506046295,0.1580127626657486,0.39747849106788635,0.8665089674790701,0.4074784815311432,0.0
S,34720,0.5239783525466919,0.500186562538147,0.15723414719104767,0.3621629476547241,0.6527758944880528,0.4291575253009796,0.07714219391345978
T,34727,0.5416703820228577,0.4866245687007904,0.1652011275291443,0.39853593707084656,0.628853818467663,0.4152239263057709,0.3387893736362457
X,34738,0.5612725019454956,0.48990103602409363,0.16946813464164734,0.391151487827301,0.6176116455493805,0.4266747236251831,0.18576224148273468
T,34744,0.5448032021522522,0.4580657184123993,0.166645810008049,0.4076502323150635,0.7209608133068075,0.4152434170246124,0.5596497654914856
T,34749,0.5457123517990112,0.4600091576576233,0.16709153354167938,0.4079570472240448,0.7164435837608957,0.4145161807537079,0.5865585207939148
N,34756,0.5559362173080444,0.48418092727661133,0.1653069108724594,0.38243669271469116,0.6760658220845895,0.42698219418525696,0.0951882153749466
S,34767,0.4931342601776123,0.5047297477722168,0.147957444190979,0.34864434599876404,0.6636938951785366,0.42404603958129883,0.07151024788618088
S,34769,0.49408477544784546,0.5008405447006226,0.1487758308649063,0.3585827350616455,0.6504793644696475,0.4181582033634186,0.11641430854797363
S,34770,0.49628713726997375,0.5033711791038513,0.15134337544441223,0.3504255712032318,0.6779872717211645,0.429485946893692,0.05080413073301315
N,34776,0.6072818040847778,0.4891090989112854,0.180620476603508,0.39338475465774536,0.6285769721012427,0.4411081373691559,0.0841425359249115
_,34780,0.5278673768043518,0.4462237060070038,0.15836124122142792,0.3979160189628601,0.8661066670715809,0.40791597962379456,0.0
X,34802,0.553717851638794,0.47970306873321533,0.17108534276485443,0.41167426109313965,0.4167128682862798,0.41205868124961853,0.5842779278755188
_,34804,0.5280233025550842,0.4462564289569855,0.15843665599822998,0.39801025390625,0.8659814174473286,0.40801024436950684,0.0
T,34805,0.5871608853340149,0.4925592243671417,0.18551377952098846,0.4235794246196747,0.5872677625442642,0.43034452199935913,0.47300228476524353
T,34824,0.5431265830993652,0.4590117037296295,0.16583335399627686,0.4065295457839966,0.7275040249125353,0.413470059633255,0.5730947256088257
S,34825,0.54938143491745,0.5001546144485474,0.1596110761165619,0.36291825771331787,0.6175392709259176,0.4302612245082855,0.07340084761381149
N,34845,0.5627818703651428,0.4875423312187195,0.1722857803106308,0.39331260323524475,0.6741761691623833,0.4332135021686554,0.13800698518753052
N,34848,0.5980178713798523,0.4909113049507141,0.17959748208522797,0.3924983739852905,0.6507053252264935,0.4413771629333496,0.09082849323749542
S,34849,0.5631104111671448,0.5017929077148438,0.1667756587266922,0.36819392442703247,0.6074025548083835,0.4394649565219879,0.05908140167593956
X,34853,0.539097011089325,0.48792028427124023,0.16503648459911346,0.3882944881916046,0.6206013426743449,0.42336228489875793,0.18353062868118286
_,34855,0.5271170139312744,0.44606608152389526,0.15799875557422638,0.3974606990814209,0.866458747436603,0.40746068954467773,0.0
_,34869,0.5271410346031189,0.44607117772102356,0.158010333776474,0.3974754810333252,0.8665033833682537,0.40747544169425964,0.0
X,34874,0.5803499817848206,0.48983755707740784,0.1780809611082077,0.3970939517021179,0.6400728201532426,0.43803223967552185,0.13746844232082367
N,34889,0.6055551767349243,0.4879547357559204,0.1798604428768158,0.3913780152797699,0.6412768571652123,0.44130274653434753,0.06316015124320984
N,34895,0.5593321919441223,0.4871484637260437,0.1663963347673416,0.3801139295101166,0.6717904094068218,0.42739132046699524,0.09847301244735718
_,34912,0.5074170827865601,0.4418993294239044,0.14853067696094513,0.3853735327720642,0.8785053817431132,0.39537352323532104,0.0
N,34925,0.5538584589958191,0.48184967041015625,0.16498145461082458,0.37548014521598816,0.6800502647962033,0.4259696900844574,0.046374768018722534
_,34950,0.5069656372070312,0.4418031871318817,0.1483149230480194,0.3850933909416199,0.8786808826029301,0.3950933814048767,0.0
T,34952,0.5515042543411255,0.4807479977607727,0.16772814095020294,0.39403554797172546,0.6565930936889103,0.42063677310943604,0.2173563539981842
N,34965,0.535498321056366,0.4881207346916199,0.15936526656150818,0.37783652544021606,0.6648005681486878,0.41741591691970825,0.1602037400007248
X,34968,0.5247020125389099,0.4606536030769348,0.15698260068893433,0.3947722911834717,0.6586201682701192,0.39893168210983276,0.5936183929443359
N,34970,0.5313659906387329,0.4902336895465851,0.16043521463871002,0.3892504572868347,0.6448539715306834,0.41264504194259644,0.28507736325263977
T,34978,0.5217304825782776,0.45542898774147034,0.1555100530385971,0.39325034618377686,0.7070415922879056,0.3990565538406372,0.6003569960594177
_,34979,0.5080128312110901,0.44202566146850586,0.14881651103496552,0.3857404589653015,0.8775338754057885,0.39574041962623596,0.0
T,34988,0.5712834596633911,0.4810114800930023,0.1719319373369217,0.3901849091053009,0.6408737913930479,0.4255090653896332,0.1360836625099182
_,34989,0.5072776675224304,0.4418696165084839,0.14846400916576385,0.3852870762348175,0.8785518594582876,0.39528706669807434,0.0
N,34999,0.5587201714515686,0.4874899387359619,0.16521582007408142,0.3781982958316803,0.63886941872217,0.42260366678237915,0.12124309688806534
N,35004,0.5239396691322327,0.4923328161239624,0.15807051956653595,0.3901379108428955,0.6404866008348715,0.40730899572372437,0.340079665184021
X,35021,0.5279566049575806,0.4866971969604492,0.1583806872367859,0.3823162019252777,0.6339580010498563,0.41201743483543396,0.224386528134346
S,35023,0.46509191393852234,0.5016984939575195,0.13558204472064972,0.345224529504776,0.6673025013816853,0.40152135491371155,0.14069132506847382
S,35037,0.46279603242874146,0.5009499192237854,0.13642828166484833,0.3372397720813751,0.7183185329288244,0.409405916929245,0.07785305380821228
S,35038,0.530076801776886,0.5000338554382324,0.15572310984134674,0.35697034001350403,0.6126027903040813,0.42340338230133057,0.08310367912054062
N,35040,0.5271061062812805,0.4909326434135437,0.15854400396347046,0.38886186480522156,0.627825427078642,0.4093148410320282,0.31054624915122986
_,35048,0.5069164037704468,0.441792756319046,0.14829134941101074,0.3850630223751068,0.8787284036974112,0.39506301283836365,0.0
_,35056,0.5074756741523743,0.44191184639930725,0.14855878055095673,0.38540977239608765,0.8784544125696024,0.3954097628593445,0.0
N,35071,0.5441425442695618,0.5027005076408386,0.16656069457530975,0.4034636914730072,0.6157813658787442,0.40716737508773804,0.46313491463661194
X,35083,0.5265058279037476,0.4619111120700836,0.15785789489746094,0.3956560790538788,0.7180820288201206,0.3991861045360565,0.6035016775131226
N,35086,0.5691259503364563,0.48432648181915283,0.16865964233875275,0.3800675868988037,0.6554273282371772,0.427035927772522,0.08044955134391785
S,35100,0.47010132670402527,0.4993060529232025,0.1397111862897873,0.33880698680877686,0.7135140017792583,0.41373348236083984,0.059578411281108856
N,35101,0.5662022829055786,0.48538127541542053,0.16670572757720947,0.3831738829612732,0.6304443473129262,0.42276349663734436,0.13870324194431305
S,35106,0.4774288535118103,0.507217288017273,0.14125417172908783,0.347505658864975,0.6303210808274647,0.4063197374343872,0.14597779512405396
N,35120,0.5181185007095337,0.48314225673675537,0.15241475403308868,0.37497690320014954,0.6721244732597067,0.4066254794597626,0.19879940152168274
_,35121,0.507698655128479,0.4419592022895813,0.14866550266742706,0.3855476677417755,0.8782903145750364,0.39554762840270996,0.0
_,35140,0.5069007277488708,0.4417893588542938,0.148283913731575,0.3850530982017517,0.8786687808732192,0.39505308866500854,0.0
S,35147,0.48893892765045166,0.49512046575546265,0.1460340917110443,0.348563551902771,0.684419063727061,0.4156443178653717,0.06616811454296112
T,35149,0.522296130657196,0.45591145753860474,0.155792236328125,0.3937184512615204,0.7304960747922027,0.39977186918258667,0.581919252872467
X,35155,0.5933971405029297,0.4846365451812744,0.17419710755348206,0.3877972960472107,0.6243071946693818,0.42813751101493835,0.1195821464061737
N,35156,0.5178322792053223,0.4852197468280792,0.15415166318416595,0.37794914841651917,0.6665414059266914,0.4101446270942688,0.20206184685230255
S,35162,0.47298818826675415,0.5009870529174805,0.14111681282520294,0.34066149592399597,0.6977323459709684,0.41467514634132385,0.0686553567647934
S,35164,0.482753723859787,0.5001348257064819,0.1441892832517624,0.3442971408367157,0.6820189721758168,0.4160795211791992,0.07124660164117813
N,35177,0.5410782098770142,0.4817858934402466,0.15834766626358032,0.3738767206668854,0.688212480150396,0.4171810746192932,0.10248097777366638
X,35178,0.5513443946838379,0.485649436712265,0.16354520618915558,0.38292673230171204,0.6230176725354978,0.4156690537929535,0.19379281997680664
S,35180,0.4665463864803314,0.5026573538780212,0.13696718215942383,0.34062278270721436,0.6723240633898726,0.4056316912174225,0.10961955040693283
X,35181,0.545549213886261,0.48474448919296265,0.1625186651945114,0.38391560316085815,0.6327238422608935,0.41432875394821167,0.20848172903060913
S,35194,0.4674719274044037,0.5113450288772583,0.13651499152183533,0.3399117588996887,0.619960008445584,0.4028935134410858,0.1433888077735901
T,35200,0.5312826633453369,0.48328879475593567,0.160869762301445,0.3955603241920471,0.6466298819985241,0.4107315242290497,0.34804996848106384
S,35206,0.46886321902275085,0.5137763619422913,0.1355339139699936,0.33470839262008667,0.6153144171722155,0.4065847098827362,0.12098502367734909
X,35239,0.5216395258903503,0.48473018407821655,0.1558963507413864,0.376792311668396,0.6388103109536072,0.410724401473999,0.18636026978492737
T,35249,0.5378279685974121,0.4817170798778534,0.16220644116401672,0.38819193840026855,0.6539029356030127,0.4126698970794678,0.24720734357833862
_,35269,0.5372219681739807,0.44818201661109924,0.1628905087709427,0.40356114506721497,0.8591359516481559,0.4135611355304718,0.0
_,35276,0.5365256667137146,0.4480366110801697,0.1625528484582901,0.40314269065856934,0.8594210904836656,0.4131426513195038,0.0
T,35301,0.5778842568397522,0.4995217025279999,0.1829734891653061,0.42538174986839294,0.560382072633253,0.4247605800628662,0.547312319278717
T,35302,0.6676860451698303,0.487723708152771,0.19822607934474945,0.4119093418121338,0.6314687353933308,0.4567474126815796,0.0532035157084465
S,35314,0.5113146305084229,0.5015919804573059,0.15703071653842926,0.3600482642650604,0.6522394263620178,0.43293529748916626,0.058238331228494644
_,35332,0.5367043018341064,0.4480740427970886,0.1626393347978592,0.40325042605400085,0.859402444511652,0.4132503569126129,0.0
T,35342,0.5561241507530212,0.46082693338394165,0.17216134071350098,0.4143618941307068,0.7146619612364149,0.42196276783943176,0.559053897857666
T,35348,0.5569025874137878,0.46085894107818604,0.17255887389183044,0.4148434102535248,0.7127580970832302,0.4230192303657532,0.5272568464279175
S,35366,0.5289153456687927,0.5062606930732727,0.15451888740062714,0.362356036901474,0.6405195873049767,0.428377628326416,0.10664861649274826
T,35368,0.5677049160003662,0.4938635230064392,0.17794030904769897,0.4204320013523102,0.6253957609805366,0.42236942052841187,0.5231513381004333
S,35376,0.5051020383834839,0.5050248503684998,0.1495949774980545,0.3533701002597809,0.5993594026598537,0.4243806302547455,0.08547359704971313
S,35377,0.5455564260482788,0.49876531958580017,0.16202297806739807,0.36866235733032227,0.624885051493208,0.43429237604141235,0.06937182694673538
N,35379,0.5727154612541199,0.4849661886692047,0.17159244418144226,0.3909343183040619,0.6665336495017498,0.4331483244895935,0.10408255457878113
_,35381,0.537620484828949,0.4482649862766266,0.1630840301513672,0.40379974246025085,0.8588297417759896,0.4137997329235077,0.0
_,35384,0.5365914702415466,0.4480504095554352,0.16258469223976135,0.40318232774734497,0.8594013663629692,0.4131822884082794,0.0
_,35401,0.5376065373420715,0.44826212525367737,0.1630772352218628,0.4037914574146271,0.8588391696413359,0.4137914180755615,0.0
X,35402,0.5529977679252625,0.4664665758609772,0.17065677046775818,0.4122460186481476,0.6913466369610008,0.41782423853874207,0.5652165412902832
N,35408,0.638850748538971,0.4902334213256836,0.18819840252399445,0.39838337898254395,0.6224186616624017,0.45046094059944153,0.04850594699382782
S,35416,0.525184154510498,0.4990924298763275,0.16119597852230072,0.36375871300697327,0.6574266434274614,0.43727031350135803,0.03950117528438568
_,35425,0.5366060733795166,0.4480535089969635,0.16259178519248962,0.4031912088394165,0.859434337715308,0.41319116950035095,0.0
_,35437,0.5375684499740601,0.44825413823127747,0.16305892169475555,0.4037683606147766,0.8587311910092831,0.41376832127571106,0.0
S,35449,0.5717136859893799,0.4993501305580139,0.16801583766937256,0.3720446825027466,0.622635821896644,0.4408794939517975,0.05251490697264671
T,35451,0.55818772315979,0.46465688943862915,0.17318810522556305,0.4152871370315552,0.7183917657739222,0.42150232195854187,0.5781144499778748
T,35452,0.5961626768112183,0.48267456889152527,0.18330350518226624,0.40900853276252747,0.6492933292749028,0.4407214820384979,0.15234683454036713
_,35456,0.5367250442504883,0.44807830452919006,0.16264940798282623,0.4032629132270813,0.8594714132944743,0.41326287388801575,0.0
N,35463,0.5491127371788025,0.49777472019195557,0.16958560049533844,0.40631383657455444,0.6217564408419033,0.4235958755016327,0.3547890782356262
S,35465,0.49923428893089294,0.5034279227256775,0.15049967169761658,0.35572293400764465,0.660125366623203,0.42694011330604553,0.07741417735815048
_,35467,0.5366114377975464,0.4480545222759247,0.16259440779685974,0.40319424867630005,0.8594078976412615,0.4131942093372345,0.0
X,35478,0.5528104305267334,0.4643135666847229,0.17055313289165497,0.4122748374938965,0.7005639543941327,0.4186520278453827,0.5588890910148621
_,35485,0.5371143817901611,0.4481596052646637,0.16283833980560303,0.40349650382995605,0.859133881777525,0.4134964942932129,0.0
S,35487,0.5098142623901367,0.5132764577865601,0.15095770359039307,0.3500596582889557,0.607168321148929,0.43062853813171387,0.0830758586525917
_,35494,0.5371970534324646,0.4481768012046814,0.16287845373153687,0.40354594588279724,0.8591081846257052,0.4135459363460541,0.0
N,35495,0.5634437203407288,0.4911501109600067,0.17435313761234283,0.40063217282295227,0.6265931916995517,0.4344979226589203,0.1990766078233719
T,35498,0.5572588443756104,0.4636276364326477,0.17272815108299255,0.4147951900959015,0.7051237270586475,0.4212762713432312,0.5776712894439697
X,35522,0.6089531779289246,0.491115927696228,0.185099259018898,0.4026276767253876,0.6324041104246862,0.44617974758148193,0.11525043845176697
T,35526,0.5592575073242188,0.4640434980392456,0.1737041026353836,0.4159652292728424,0.7199998876998659,0.42244985699653625,0.5786885619163513
T,35527,0.5583760142326355,0.4650011360645294,0.1732909381389618,0.4155236482620239,0.6335589833507099,0.4222473204135895,0.5532999038696289
X,35532,0.5528076887130737,0.49374157190322876,0.17162619531154633,0.3997718393802643,0.6396157663812241,0.4337928593158722,0.21206031739711761
_,35534,0.5365103483200073,0.4480334520339966,0.16254544258117676,0.4031333923339844,0.8592742890616258,0.4131333827972412,0.0
_,35544,0.5365903377532959,0.4480500817298889,0.16258426010608673,0.4031813442707062,0.8592351455489795,0.413181334733963,0.0
X,35560,0.6084999442100525,0.48619192838668823,0.18142659962177277,0.39859244227409363,0.6325830945638397,0.44093313813209534,0.0950789675116539
X,35569,0.5535683035850525,0.4662040174007416,0.1709309220314026,0.41253870725631714,0.6864682299264496,0.41802966594696045,0.5726256370544434
X,35571,0.56134033203125,0.47194916009902954,0.1747533529996872,0.41696375608444214,0.616642009061956,0.42151302099227905,0.5668664574623108
S,35574,0.572862982749939,0.5044519305229187,0.16633738577365875,0.37450459599494934,0.632449845883845,0.4370707869529724,0.10551471263170242
T,35582,0.5903013348579407,0.4821326732635498,0.18129608035087585,0.40478751063346863,0.6695701213584593,0.44147181510925293,0.10528775304555893
T,35587,0.6044620871543884,0.4818050265312195,0.18174214661121368,0.4033331871032715,0.6482650470382457,0.4381418228149414,0.12175776809453964
X,35588,0.5485870242118835,0.46775904297828674,0.16852454841136932,0.4092057943344116,0.6478997546525261,0.41318196058273315,0.5894885063171387
T,35593,0.5480716824531555,0.45918357372283936,0.1682414561510086,0.4095263183116913,0.7176796898239506,0.4168805480003357,0.56806880235672
T,35602,0.5451596975326538,0.48456045985221863,0.16830644011497498,0.4019884467124939,0.5854636074286524,0.42325645685195923,0.2866738736629486
S,35603,0.48454856872558594,0.5053083300590515,0.1469193994998932,0.34987717866897583,0.6647705140337349,0.42312002182006836,0.08113336563110352
N,35607,0.5552172064781189,0.49075013399124146,0.170624241232872,0.39613306522369385,0.6690532698167954,0.42963558435440063,0.2038460522890091
T,35611,0.5499526858329773,0.46043524146080017,0.16916948556900024,0.41050010919570923,0.7305339406394887,0.41739821434020996,0.5792331099510193
S,35615,0.4860469698905945,0.5034526586532593,0.14718253910541534,0.3517870306968689,0.6598103861821195,0.4216860234737396,0.08583322912454605
N,35623,0.5957484245300293,0.4841569662094116,0.17783017456531525,0.3931087255477905,0.6777890087330404,0.4395938515663147,0.05728267878293991
N,35624,0.5947057008743286,0.4871182441711426,0.17738159000873566,0.38874608278274536,0.6594946334142393,0.44103705883026123,0.045218437910079956
_,35630,0.5284351706504822,0.44634243845939636,0.15863639116287231,0.3982580006122589,0.8638442716499171,0.40825799107551575,0.0
N,35633,0.5886079668998718,0.48437511920928955,0.17671969532966614,0.391194611787796,0.6677359410826467,0.43912050127983093,0.05203353241086006
_,35640,0.5289016962051392,0.44644033908843994,0.15886187553405762,0.3985407054424286,0.863620594739914,0.4085406959056854,0.0
T,35642,0.5709488987922668,0.4829188287258148,0.17301444709300995,0.39712992310523987,0.6507900482862412,0.4290543794631958,0.17165745794773102
_,35662,0.5284703969955444,0.4463497996330261,0.1586533933877945,0.3982793390750885,0.8638433008392652,0.40827932953834534,0.0
N,35667,0.5538967251777649,0.49672070145606995,0.17048057913780212,0.40378639101982117,0.6078711618275339,0.42318472266197205,0.33438122272491455
N,35672,0.6001715064048767,0.48687419295310974,0.1758895218372345,0.3918873071670532,0.6416894440478306,0.4343434274196625,0.11098402738571167
S,35677,0.6371713280677795,0.5028967261314392,0.1821926385164261,0.382428914308548,0.6167532055710521,0.44886696338653564,0.06717248260974884
N,35681,0.6012489795684814,0.4887602925300598,0.1809518188238144,0.3948511481285095,0.6285381043865346,0.4423084855079651,0.08107225596904755
T,35687,0.5981086492538452,0.4887140989303589,0.18457835912704468,0.41175082325935364,0.6176803101133556,0.4367079734802246,0.25701552629470825
_,35689,0.528434157371521,0.4463421702384949,0.15863589942455292,0.39825740456581116,0.8637832486629486,0.408257395029068,0.0
X,35691,0.5860475897789001,0.49265703558921814,0.1774366796016693,0.39108121395111084,0.5690203487791587,0.4412700831890106,0.09539182484149933
T,35695,0.5749616622924805,0.48778626322746277,0.17807717621326447,0.4063052535057068,0.606117024300329,0.4341922700405121,0.22976908087730408
T,35711,0.5515795946121216,0.4675024449825287,0.16999270021915436,0.4110552668571472,0.506621573409963,0.41557908058166504,0.5840767621994019
N,35717,0.5932321548461914,0.4868418872356415,0.17581312358379364,0.3910978138446808,0.682200856993295,0.4380936324596405,0.07896792143583298
X,35718,0.5460180044174194,0.4642433822154999,0.16726280748844147,0.4079616367816925,0.6901666941394191,0.4132425785064697,0.5797961950302124
_,35719,0.5289832949638367,0.4464574158191681,0.15890128910541534,0.3985900580883026,0.8636453387141229,0.40859004855155945,0.0
X,35723,0.5539310574531555,0.4692135751247406,0.1711426079273224,0.4124908447265625,0.6618739278048815,0.41689711809158325,0.5767173767089844
_,35731,0.5284537076950073,0.4463462829589844,0.1586454063653946,0.39826905727386475,0.8637503979106744,0.4082690477371216,0.0
X,35736,0.5819522738456726,0.49314892292022705,0.17783744633197784,0.4012296497821808,0.608437776582626,0.43565765023231506,0.20156702399253845
_,35738,0.5283706784248352,0.4463287889957428,0.1586054116487503,0.3982185125350952,0.8637235542635123,0.40821847319602966,0.0
_,35741,0.5284234881401062,0.4463399350643158,0.15863081812858582,0.39825063943862915,0.8637956788639228,0.4082505702972412,0.0
X,35751,0.5470933318138123,0.4652441442012787,0.16779106855392456,0.40867871046066284,0.6868019353926593,0.4140813648700714,0.5673236846923828
_,35785,0.5284108519554138,0.44633734226226807,0.15862467885017395,0.3982432782649994,0.8638641520837943,0.40824320912361145,0.0
X,35786,0.6597449779510498,0.49017003178596497,0.19258974492549896,0.4025637209415436,0.6130015943538456,0.45193353295326233,0.05795961618423462
N,35803,0.5867116451263428,0.4851410984992981,0.1728956699371338,0.38701581954956055,0.6609619272695273,0.43473801016807556,0.06733926385641098
X,35811,0.5504552125930786,0.46552562713623047,0.16942808032035828,0.4106813371181488,0.628924272054616,0.4162534177303314,0.568067193031311
X,35813,0.5663262009620667,0.4872007369995117,0.17171481251716614,0.3947288393974304,0.6245738063395645,0.4285687804222107,0.182403564453125
_,35826,0.5284011363983154,0.4463353157043457,0.1586199700832367,0.3982373774051666,0.8638598718742531,0.4082373380661011,0.0
X,35829,0.5518697500228882,0.4649776220321655,0.1701219230890274,0.4114910364151001,0.7100876051333399,0.4173019826412201,0.5696287155151367
_,35838,0.5285704731941223,0.4463708698749542,0.15870170295238495,0.39834025502204895,0.8638516298433145,0.4083402156829834,0.0
N,35841,0.5678455233573914,0.49375560879707336,0.17183199524879456,0.4006253182888031,0.6201909234570838,0.42675021290779114,0.2719443440437317
X,35856,0.5840412378311157,0.4861755967140198,0.17697469890117645,0.39778512716293335,0.6296815483351627,0.43567922711372375,0.13730497658252716
S,35861,0.5806369185447693,0.5005890130996704,0.17073816061019897,0.37679722905158997,0.5960777146901092,0.43887269496917725,0.08652988076210022
S,35878,0.4835139214992523,0.5009823441505432,0.1450277715921402,0.3550886809825897,0.6670545478040973,0.4156140089035034,0.11383742094039917
T,35879,0.5356760621070862,0.48169201612472534,0.16349747776985168,0.3892374336719513,0.6500246835220606,0.41579627990722656,0.22655202448368073
T,35880,0.5278902053833008,0.45414817333221436,0.15847766399383545,0.39729294180870056,0.7272366806278782,0.4045114517211914,0.5801840424537659
X,35889,0.5588135123252869,0.4869758188724518,0.16752269864082336,0.3820323050022125,0.6613634454691784,0.4277438223361969,0.10553199052810669
X,35895,0.5603994727134705,0.48810696601867676,0.16707652807235718,0.38669124245643616,0.6201251463278702,0.4220443367958069,0.1824873983860016
N,35900,0.5476517081260681,0.4859570562839508,0.1633942425251007,0.37952402234077454,0.6820786812047785,0.4244377017021179,0.10942665487527847
S,35902,0.49803030490875244,0.5157718062400818,0.1461130976676941,0.34915417432785034,0.5706521551933839,0.41157257556915283,0.1558724343776703
N,35926,0.5364150404930115,0.48253750801086426,0.15765440464019775,0.37514233589172363,0.684695045259056,0.41621360182762146,0.12257038056850433
S,35939,0.4910709857940674,0.5058864951133728,0.14269261062145233,0.34185341000556946,0.6490525523126902,0.41557547450065613,0.08735443651676178
_,35940,0.5089128017425537,0.442217618227005,0.1492462158203125,0.38630014657974243,0.877586615184943,0.39630013704299927,0.0
_,35947,0.5090406537055969,0.4422447681427002,0.14930739998817444,0.3863793611526489,0.8775130513310433,0.39637935161590576,0.0
T,35952,0.5337710380554199,0.46379584074020386,0.16138078272342682,0.4002133905887604,0.5804704117730459,0.4041851758956909,0.5896666049957275
T,35957,0.5357820391654968,0.4828927218914032,0.1631576120853424,0.38924363255500793,0.6513553500369502,0.41550514101982117,0.2348214089870453
X,35971,0.5868446230888367,0.4845559895038605,0.17431992292404175,0.39107757806777954,0.6273486913306018,0.4287818670272827,0.13715776801109314
S,35981,0.47057411074638367,0.5010482668876648,0.13833412528038025,0.347258985042572,0.661565510785828,0.4036785662174225,0.13714593648910522
_,35988,0.5089516043663025,0.4422258734703064,0.1492648422718048,0.3863241970539093,0.8775070754190286,0.39632418751716614,0.0
_,35994,0.5098918676376343,0.4424256384372711,0.1497151106595993,0.38690534234046936,0.8769494707882405,0.3969053030014038,0.0
S,35997,0.47098228335380554,0.4994182586669922,0.13896718621253967,0.3443453311920166,0.6771863165559868,0.4069294333457947,0.10643661022186279
X,36004,0.5650932788848877,0.4927424192428589,0.17044638097286224,0.390326589345932,0.6091811809857609,0.42530468106269836,0.20327703654766083
S,36012,0.511134684085846,0.4970759153366089,0.14845329523086548,0.35171300172805786,0.6354404374498215,0.41512179374694824,0.08812802284955978
X,36019,0.5308006405830383,0.46151602268218994,0.15992671251296997,0.39849159121513367,0.7071019430624681,0.4029122292995453,0.5942044854164124
X,36023,0.5481306314468384,0.48306310176849365,0.1653974950313568,0.38658082485198975,0.6406606229736159,0.42062103748321533,0.1675662398338318
T,36028,0.5296869277954102,0.4574299156665802,0.1593731939792633,0.3982160687446594,0.6656727841666725,0.4045301377773285,0.5746486186981201
S,36038,0.46451041102409363,0.5002788305282593,0.13645005226135254,0.3380230665206909,0.7080450738593936,0.4088205397129059,0.08009112626314163
S,36042,0.490125447511673,0.49742555618286133,0.1473640501499176,0.3484727442264557,0.6786143984024724,0.4183509349822998,0.06439115107059479
N,36056,0.5527684688568115,0.4837457537651062,0.1631516069173813,0.3815251290798187,0.6862933004484755,0.42097628116607666,0.13364769518375397
_,36063,0.5093792080879211,0.44231680035591125,0.14946945011615753,0.3865889310836792,0.8774148332079252,0.39658892154693604,0.0
S,36073,0.4674869775772095,0.5018908977508545,0.13813528418540955,0.34229493141174316,0.6835207478453716,0.40847429633140564,0.1020413339138031
T,36079,0.5265198349952698,0.45430049300193787,0.15781435370445251,0.3964043855667114,0.7272856731524371,0.4033341109752655,0.5875492691993713
S,36089,0.47217997908592224,0.5085128545761108,0.13746961951255798,0.33878836035728455,0.651769588184543,0.4091653823852539,0.1097344160079956
N,36094,0.5583919286727905,0.48729726672172546,0.1656753569841385,0.38069432973861694,0.6700577314166367,0.42581695318222046,0.1136154755949974
N,36100,0.5319874882698059,0.4878288805484772,0.1606699675321579,0.3863288164138794,0.683651807042382,0.41538307070732117,0.23246225714683533
T,36101,0.5275972485542297,0.4574998617172241,0.15834668278694153,0.39677301049232483,0.7444497293973958,0.40235891938209534,0.5985395908355713
T,36103,0.5742847919464111,0.48175737261772156,0.17309662699699402,0.3956536054611206,0.6534312226852247,0.4260933995246887,0.1808156967163086
_,36104,0.5093939304351807,0.4423198997974396,0.14947649836540222,0.3865979015827179,0.8773839796086152,0.39659789204597473,0.0
S,36131,0.4687100350856781,0.5007895231246948,0.1393568217754364,0.33858171105384827,0.7043262749786179,0.4133462607860565,0.06634462624788284
S,36137,0.4652431309223175,0.5048392415046692,0.13620011508464813,0.34319770336151123,0.6595732786009709,0.402545690536499,0.1381673663854599
_,36139,0.5089037418365479,0.4422156810760498,0.1492418646812439,0.3862946331501007,0.8775685755411784,0.39629462361335754,0.0
T,36140,0.5308406949043274,0.4827026426792145,0.16062618792057037,0.3969155550003052,0.6532906957389787,0.4075293242931366,0.3996937572956085
T,36143,0.5332068204879761,0.48695650696754456,0.16127021610736847,0.39956843852996826,0.6447744322445943,0.4051767885684967,0.45787644386291504
S,36147,0.46234509348869324,0.5060194134712219,0.1337585300207138,0.33409780263900757,0.6796929539396661,0.40574556589126587,0.09867888689041138
N,36152,0.5948188900947571,0.4871973693370819,0.1771407574415207,0.3840378522872925,0.6522784696394229,0.43843981623649597,0.040802933275699615
T,36166,0.5405380725860596,0.4837508201599121,0.16476547718048096,0.40383341908454895,0.6341645155354249,0.4030357897281647,0.557287335395813
X,36170,0.5258678197860718,0.4596552550792694,0.15752868354320526,0.3955496847629547,0.686564489529845,0.40013381838798523,0.5970735549926758
X,36173,0.5320950150489807,0.4897008240222931,0.16007253527641296,0.3843308985233307,0.6137948705935075,0.41270017623901367,0.24443182349205017
N,36186,0.5487778186798096,0.4808323383331299,0.16407696902751923,0.38035497069358826,0.6843914173407636,0.4231815040111542,0.08935239911079407
T,36210,0.6155706644058228,0.4817615747451782,0.18353676795959473,0.3965330719947815,0.6564396689152151,0.43893468379974365,0.06143968552350998
N,36211,0.5525734424591064,0.49350374937057495,0.16607172787189484,0.3921141028404236,0.6294840386593479,0.41801565885543823,0.27345582842826843
T,36219,0.5427826642990112,0.4878442585468292,0.1658857762813568,0.4050639867782593,0.6417176319900318,0.40368643403053284,0.5504932403564453
X,36228,0.5719032287597656,0.48383158445358276,0.17198026180267334,0.38972148299217224,0.6327660115885859,0.42774850130081177,0.13272683322429657
N,36236,0.5613569021224976,0.48781144618988037,0.16626223921775818,0.3792589604854584,0.6377542559913127,0.42412519454956055,0.11872751265764236
_,36237,0.508925199508667,0.4422202706336975,0.1492520421743393,0.3863081634044647,0.8777709313233694,0.39630815386772156,0.0
S,36238,0.47770488262176514,0.4990801513195038,0.1410023272037506,0.34730011224746704,0.6718743684391181,0.40933170914649963,0.10623500496149063
X,36239,0.5361661911010742,0.48910975456237793,0.16221177577972412,0.38640937209129333,0.629600468200321,0.4177192747592926,0.21948713064193726
T,36255,0.5963389873504639,0.4831254184246063,0.18196578323841095,0.40045925974845886,0.6333103664463852,0.435353547334671,0.1366215944290161
S,36257,0.4854155480861664,0.5001722574234009,0.14427989721298218,0.34387582540512085,0.6947010859070967,0.41686540842056274,0.06691928207874298
T,36269,0.5468493700027466,0.4949728548526764,0.1679120659828186,0.40641647577285767,0.6324162261533396,0.40020260214805603,0.5820403099060059
S,36276,0.5259167551994324,0.5031882524490356,0.15596845746040344,0.3639034926891327,0.5676536989089073,0.4191150963306427,0.14230923354625702
_,36277,0.5089365243911743,0.4422227442264557,0.14925739169120789,0.38631534576416016,0.8778845612704754,0.3963153064250946,0.0
_,36290,0.5089734792709351,0.44223055243492126,0.14927524328231812,0.3863379657268524,0.8777272141973178,0.39633795619010925,0.0
_,36296,0.508894145488739,0.4422137439250946,0.14923711121082306,0.3862890601158142,0.8778139940897625,0.39628905057907104,0.0
_,36301,0.5092563033103943,0.4422907531261444,0.1494104266166687,0.38651329278945923,0.8777021028101445,0.39651328325271606,0.0
_,36306,0.5096389055252075,0.44237205386161804,0.14959372580051422,0.38674962520599365,0.877453648597002,0.3967495858669281,0.0
S,36308,0.4645772874355316,0.49756893515586853,0.1370273381471634,0.34156590700149536,0.7101730202510953,0.4081331491470337,0.08489154279232025
T,36309,0.5661632418632507,0.4775075316429138,0.17037615180015564,0.39748144149780273,0.6635426282945749,0.42136698961257935,0.2253352403640747
X,36311,0.5925851464271545,0.4847645163536072,0.17700693011283875,0.3913697898387909,0.6490342199247486,0.43352264165878296,0.1009066179394722
X,36317,0.5303979516029358,0.4804827868938446,0.15846309065818787,0.37947267293930054,0.668935684170574,0.4143996238708496,0.15429186820983887
S,36324,0.47879719734191895,0.5091331005096436,0.13773924112319946,0.33563920855522156,0.6329971641272035,0.4101789593696594,0.09786304831504822
_,36327,0.5094707608222961,0.4423363208770752,0.14951317012310028,0.38664576411247253,0.8775652896861236,0.396645724773407,0.0
S,36341,0.47157400846481323,0.5015677213668823,0.14055851101875305,0.34012600779533386,0.6931758230924607,0.41400885581970215,0.07175616919994354
S,36344,0.4665966331958771,0.5001814961433411,0.13717633485794067,0.345267653465271,0.6756879766223332,0.4043354094028473,0.12394694983959198
N,36349,0.5510930418968201,0.48276999592781067,0.16167612373828888,0.3759147822856903,0.6786008786276216,0.4209229052066803,0.09271926432847977
_,36350,0.5100806355476379,0.44246551394462585,0.14980590343475342,0.38702109456062317,0.8766979086895784,0.3970210552215576,0.0
S,36355,0.48190248012542725,0.49911683797836304,0.1436379849910736,0.3439166843891144,0.7009899747620026,0.41596269607543945,0.0663490891456604
N,36357,0.5158424973487854,0.48504018783569336,0.15435375273227692,0.37969788908958435,0.6671584071524558,0.409679651260376,0.21785463392734528
N,36360,0.5407183766365051,0.48805487155914307,0.16109101474285126,0.385343998670578,0.6472470242163643,0.41593632102012634,0.22136303782463074
S,36362,0.48440974950790405,0.4986758530139923,0.14129367470741272,0.3465860188007355,0.6224441725434736,0.40783441066741943,0.10784171521663666
S,36364,0.4633018672466278,0.5001378059387207,0.13606391847133636,0.3420299291610718,0.6820706290192903,0.40366676449775696,0.11411449313163757
T,36367,0.5796267986297607,0.48344939947128296,0.17613141238689423,0.4010436534881592,0.615794634539537,0.4232962131500244,0.26852738857269287
_,36369,0.5089147090911865,0.4422181248664856,0.1492469757795334,0.38630184531211853,0.8778236265480519,0.39630183577537537,0.0
S,36392,0.513148844242096,0.500468909740448,0.1507246196269989,0.35691437125205994,0.6162342991821546,0.41626083850860596,0.11718867719173431
X,36399,0.5286601185798645,0.4618805944919586,0.1588907390832901,0.39725828170776367,0.6741323341021538,0.40155214071273804,0.5866154432296753
T,36403,0.5308935046195984,0.48100659251213074,0.1603926569223404,0.39720943570137024,0.6541791490092874,0.4086550176143646,0.38938021659851074
_,36410,0.5089082717895508,0.442216694355011,0.14924387633800507,0.3862978219985962,0.8778314934670925,0.396297812461853,0.0
S,36414,0.4654960334300995,0.5001339912414551,0.13723605871200562,0.3422074615955353,0.6831342585136494,0.40676596760749817,0.10225328803062439
_,36416,0.5089100003242493,0.4422171115875244,0.1492447555065155,0.38629886507987976,0.8778186928729217,0.396298885345459,0.0
N,36418,0.525988757610321,0.4940112829208374,0.15827609598636627,0.3941861093044281,0.621164399740131,0.4035710394382477,0.4094756245613098
X,36438,0.565583348274231,0.48687806725502014,0.17027299106121063,0.3848804831504822,0.6572280678385869,0.4289368987083435,0.11213207989931107
T,36446,0.5265044569969177,0.4844909906387329,0.15839935839176178,0.3941715955734253,0.6493750371276868,0.40619948506355286,0.3823416531085968
S,36452,0.5133907198905945,0.5004481673240662,0.15081219375133514,0.3569207787513733,0.6162871116759683,0.4164300262928009,0.11637140810489655
S,36458,0.4699329733848572,0.4989733397960663,0.13922488689422607,0.3438882529735565,0.6769839832683404,0.40817001461982727,0.09798840433359146
N,36459,0.5930858254432678,0.48669201135635376,0.178686261177063,0.3945333659648895,0.6227235929033487,0.43608278036117554,0.11386887729167938
T,36465,0.5615261197090149,0.4845508933067322,0.17189492285251617,0.39608946442604065,0.6650905397045427,0.42977622151374817,0.1689608097076416
S,36472,0.4934464693069458,0.511442244052887,0.14421221613883972,0.3441395163536072,0.6250816259950323,0.4186967611312866,0.1013876274228096
_,36474,0.5197773575782776,0.4445195496082306,0.154461070895195,0.3929849863052368,0.8700642738242944,0.40298494696617126,0.0
_,36478,0.5186302065849304,0.44427746534347534,0.1539088785648346,0.3922833502292633,0.8706941281259061,0.40228337049484253,0.0
_,36481,0.518638551235199,0.44427919387817383,0.15391294658184052,0.39228853583335876,0.870672912200292,0.4022885262966156,0.0
T,36493,0.5833522081375122,0.4821859896183014,0.1772988885641098,0.40316784381866455,0.6390994974938319,0.4288806617259979,0.22339734435081482
S,36494,0.5226407051086426,0.49840354919433594,0.15399514138698578,0.35779520869255066,0.6206619587063325,0.4237244427204132,0.07707768678665161
X,36503,0.5341802835464478,0.4609171748161316,0.16152596473693848,0.40089717507362366,0.7086592835475071,0.40634623169898987,0.5770055055618286
X,36511,0.6581980586051941,0.4892103672027588,0.19162948429584503,0.4007345139980316,0.6203177697093634,0.44869861006736755,0.06522389501333237
S,36528,0.5454550981521606,0.49640581011772156,0.15962721407413483,0.363538533449173,0.6218662770274872,0.42750006914138794,0.07077890634536743
N,36530,0.5528827905654907,0.4919973313808441,0.1663428544998169,0.3944465219974518,0.6282039116598511,0.41780346632003784,0.28957653045654297
T,36534,0.5588458180427551,0.4964049458503723,0.1737012416124344,0.4141788184642792,0.6039379774362745,0.41065022349357605,0.565263032913208
T,36564,0.5379651784896851,0.4575410485267639,0.16334541141986847,0.4033050537109375,0.7200280092936616,0.41007235646247864,0.5864011645317078
N,36566,0.6232089400291443,0.4944811165332794,0.1842452585697174,0.40167927742004395,0.627873355489622,0.4378286302089691,0.19172552227973938
S,36571,0.526057779788971,0.5030473470687866,0.15076574683189392,0.3554472029209137,0.6137515182709559,0.41826358437538147,0.11104888468980789
T,36572,0.6377027630805969,0.48671266436576843,0.19159309566020966,0.404937207698822,0.6359880094964562,0.4482802450656891,0.07605935633182526
S,36573,0.4663326144218445,0.5018108487129211,0.13854354619979858,0.3404892086982727,0.6887843883906802,0.41137996315956116,0.0827643871307373
N,36578,0.5616415739059448,0.48657187819480896,0.1664465367794037,0.386552095413208,0.6476701915208832,0.42286744713783264,0.16748754680156708
S,36590,0.5009117126464844,0.4984700679779053,0.14645767211914062,0.34947606921195984,0.6437409305322217,0.41775810718536377,0.07363641262054443
T,36594,0.5339178442955017,0.4810875654220581,0.16273115575313568,0.3953937292098999,0.6715999042491119,0.41770973801612854,0.2653464674949646
N,36606,0.5473802089691162,0.48246756196022034,0.16186462342739105,0.3781287372112274,0.6798854977061274,0.42165708541870117,0.09814877808094025
_,36611,0.5186343789100647,0.4442782700061798,0.15391090512275696,0.39228594303131104,0.8706544867157937,0.40228593349456787,0.0
_,36612,0.5192650556564331,0.44441142678260803,0.1542145013809204,0.39267173409461975,0.8701676374673843,0.4026716649532318,0.0
T,36644,0.5376471877098083,0.4574679136276245,0.16319532692432404,0.40310975909233093,0.6804585142940172,0.4098990261554718,0.5850290656089783
N,36645,0.5605323314666748,0.49202826619148254,0.16913358867168427,0.3909893035888672,0.6363236908294009,0.4275478422641754,0.18962031602859497
_,36649,0.5191506147384644,0.44438737630844116,0.15415921807289124,0.39260220527648926,0.8704547403256099,0.4026021659374237,0.0
T,36651,0.5300344228744507,0.4546322822570801,0.1594829559326172,0.3986518085002899,0.7322527110324397,0.4057994484901428,0.5859485268592834
_,36655,0.5186039209365845,0.44427186250686646,0.1538962870836258,0.3922671973705292,0.8706994818150998,0.402267187833786,0.0
T,36670,0.5504928827285767,0.4867781698703766,0.16969139873981476,0.3979393243789673,0.6435386970701318,0.42444613575935364,0.24437129497528076
T,36676,0.5445878505706787,0.49196717143058777,0.16680298745632172,0.40593597292900085,0.5729850265555252,0.4102872908115387,0.4742344617843628
S,36678,0.4821415841579437,0.49998992681503296,0.14541880786418915,0.34701240062713623,0.7026523439710339,0.42125099897384644,0.058644749224185944
T,36681,0.5375200510025024,0.45823365449905396,0.16313637793064117,0.40309780836105347,0.7246881959991637,0.409904420375824,0.5695726871490479
N,36684,0.5507341027259827,0.4853895306587219,0.1654481738805771,0.38317176699638367,0.676571284820675,0.42722898721694946,0.10708022117614746
X,36689,0.6531463861465454,0.48949509859085083,0.19189512729644775,0.4008133113384247,0.6163804748208107,0.44963333010673523,0.06127164512872696
S,36691,0.5341154336929321,0.5004509687423706,0.1538332849740982,0.35684826970100403,0.6483643261846253,0.4249298870563507,0.0778774544596672
X,36706,0.5655533671379089,0.4873950183391571,0.168335422873497,0.3851107954978943,0.6248152328511545,0.4256218373775482,0.1400872766971588
T,36708,0.5302278995513916,0.4555111825466156,0.15957924723625183,0.3987273871898651,0.7277927767153233,0.4055842161178589,0.5851926803588867
N,36711,0.5531445741653442,0.5040118098258972,0.17093266546726227,0.4109481871128082,0.6344748653879682,0.4116342067718506,0.49760913848876953
T,36725,0.5359587669372559,0.45584365725517273,0.16235336661338806,0.40228161215782166,0.7281736249981138,0.4096655547618866,0.5748873353004456
N,36728,0.5393925905227661,0.4856570065021515,0.16241410374641418,0.38552945852279663,0.6773124211504667,0.42265239357948303,0.1600569635629654
_,36732,0.5193563103675842,0.44443076848983765,0.15425828099250793,0.3927278220653534,0.8703064635396004,0.40272781252861023,0.0
T,36733,0.5354395508766174,0.48128241300582886,0.16288594901561737,0.3924962878227234,0.6933004338480533,0.4192754030227661,0.22187349200248718
T,36744,0.6122269630432129,0.47763779759407043,0.18126195669174194,0.39998701214790344,0.6639111120050075,0.4351838529109955,0.08551845699548721
N,36745,0.5302790403366089,0.48667266964912415,0.16098694503307343,0.3902747333049774,0.6545368465191375,0.417248010635376,0.2446378916501999
N,36755,0.6001019477844238,0.4840715527534485,0.17669159173965454,0.39117103815078735,0.6222450589459428,0.43246251344680786,0.10299814492464066
X,36760,0.5954277515411377,0.4848780333995819,0.17663350701332092,0.3927661180496216,0.6272629993159596,0.43234050273895264,0.12090439349412918
T,36762,0.5320700407028198,0.4553767144680023,0.1604926735162735,0.3999553322792053,0.729646003835563,0.40750932693481445,0.5542668104171753
N,36795,0.5632455348968506,0.48483994603157043,0.16721059381961823,0.38275641202926636,0.6749283151562122,0.42807891964912415,0.09391598403453827
X,36796,0.5591273307800293,0.4874374568462372,0.16651573777198792,0.3849150240421295,0.6127228064528512,0.42068228125572205,0.17677262425422668
X,36803,0.607079029083252,0.48566946387290955,0.18075162172317505,0.39590850472450256,0.6181074171552124,0.43624624609947205,0.11400217562913895
S,36820,0.48199668526649475,0.5032111406326294,0.14353308081626892,0.3432701826095581,0.6904747809562832,0.4171319603919983,0.07606333494186401
N,36829,0.6175243258476257,0.48951050639152527,0.1834583431482315,0.3898864984512329,0.6330064948821625,0.4445166289806366,0.04446247220039368
N,36835,0.5581970810890198,0.48525184392929077,0.16638463735580444,0.3853547275066376,0.6567911197064921,0.4245179295539856,0.1399610936641693
X,36837,0.5322361588478088,0.46094217896461487,0.16059590876102448,0.399624228477478,0.6747204801225356,0.40475699305534363,0.5817463994026184
X,36840,0.5354751348495483,0.4620286226272583,0.16217291355133057,0.4015443027019501,0.6782134076981553,0.40661847591400146,0.5804715752601624
S,36842,0.4727630615234375,0.5004587173461914,0.13966329395771027,0.34997209906578064,0.6672949361801148,0.40610769391059875,0.13550908863544464
_,36843,0.5142053365707397,0.44334128499031067,0.1517825424671173,0.38956743478775024,0.8744626116752625,0.3995674252510071,0.0
X,36845,0.5501025319099426,0.48631390929222107,0.1646733582019806,0.382978618144989,0.6376293777705481,0.4223337769508362,0.1471218317747116
X,36862,0.5495797991752625,0.48750877380371094,0.16398216784000397,0.38213640451431274,0.6225917566598704,0.41987723112106323,0.1654135137796402
T,36868,0.639392077922821,0.4811016023159027,0.18922428786754608,0.4047205448150635,0.6355878097266153,0.44168898463249207,0.08553338050842285
X,36872,0.5942987203598022,0.4931270480155945,0.17721153795719147,0.3901146948337555,0.6160341185168363,0.43590882420539856,0.129019632935524
T,36890,0.5437591671943665,0.4709191918373108,0.1662476360797882,0.40589532256126404,0.3983033406647428,0.4081956148147583,0.5893649458885193
X,36895,0.5349461436271667,0.46195220947265625,0.16191723942756653,0.4011290371417999,0.7041015021360636,0.4059446156024933,0.5889235734939575
T,36905,0.5278341770172119,0.4541836678981781,0.15842165052890778,0.3972652852535248,0.7348363001284391,0.4042806029319763,0.5927862524986267
S,36918,0.5218047499656677,0.49864599108695984,0.152261421084404,0.35499307513237,0.6290560486226362,0.4212597608566284,0.079740010201931
X,36920,0.5323947668075562,0.463936984539032,0.16069410741329193,0.3994399607181549,0.6457143210487811,0.40326574444770813,0.5884919762611389
_,36924,0.514931857585907,0.44349509477615356,0.15213142335414886,0.39001405239105225,0.874037443647782,0.4000140428543091,0.0
S,36926,0.47098496556282043,0.5048220753669739,0.1374405473470688,0.3362996578216553,0.6785399795034512,0.4136212468147278,0.07386095076799393
N,36934,0.5333200097084045,0.48967552185058594,0.15940508246421814,0.3868913948535919,0.6419166592840339,0.41109707951545715,0.2768700420856476
X,36938,0.5312995910644531,0.4636737108230591,0.1601652354001999,0.398876428604126,0.6827784928966867,0.40293118357658386,0.5812880396842957
T,36950,0.5359933376312256,0.46259579062461853,0.16242457926273346,0.4017276465892792,0.5620488133237683,0.40637773275375366,0.5898033380508423
_,36957,0.5152304172515869,0.44355788826942444,0.15227557718753815,0.39019548892974854,0.8731630509098371,0.40019547939300537,0.0
S,36969,0.48498445749282837,0.5135673880577087,0.14157848060131073,0.3442854881286621,0.5815147866674427,0.4095362424850464,0.14072035253047943
N,36970,0.5644826292991638,0.4900912642478943,0.1699715256690979,0.38634151220321655,0.6615524246778417,0.4281826615333557,0.14509770274162292
X,36973,0.5480185151100159,0.4914434552192688,0.1655416339635849,0.3834596872329712,0.5737332754035015,0.42562225461006165,0.1538257598876953
S,36978,0.495066374540329,0.49559012055397034,0.14907072484493256,0.35176652669906616,0.6854928920355936,0.4209253787994385,0.05674641951918602
N,36984,0.5337810516357422,0.4900044798851013,0.1610301285982132,0.39195337891578674,0.6355618049732099,0.4112164080142975,0.31935155391693115
S,36986,0.48970916867256165,0.5078682899475098,0.14137783646583557,0.3424472212791443,0.6522794932705923,0.41388648748397827,0.10224185883998871
T,36989,0.5386835932731628,0.48070797324180603,0.1636257767677307,0.3939254879951477,0.6658715022758892,0.41664040088653564,0.2593424320220947
_,36996,0.5147048830986023,0.4434471130371094,0.1520223319530487,0.3898746967315674,0.8742018908262253,0.3998746871948242,0.0
_,36998,0.5146223902702332,0.4434296786785126,0.15198272466659546,0.3898240327835083,0.8742529285450777,0.39982402324676514,0.0
N,37002,0.542565107345581,0.48265692591667175,0.16019392013549805,0.3790425956249237,0.6810541311212971,0.41868337988853455,0.12928277254104614
N,37018,0.5334128737449646,0.49259278178215027,0.161481574177742,0.39528727531433105,0.624806244962092,0.41073405742645264,0.3575946092605591
T,37028,0.6048938035964966,0.4782215356826782,0.18174871802330017,0.40202000737190247,0.647376992325541,0.4341334402561188,0.12189541757106781
T,37057,0.6081434488296509,0.47955334186553955,0.18109042942523956,0.4000656008720398,0.6480642920297881,0.43408191204071045,0.11722138524055481
S,37059,0.5176961421966553,0.5018306374549866,0.14892855286598206,0.3548687696456909,0.6198285984617784,0.4148719012737274,0.12022338062524796
_,37070,0.514055609703064,0.4433095455169678,0.151710644364357,0.38947534561157227,0.8745393926401933,0.3994753062725067,0.0
_,37073,0.515245795249939,0.4435611069202423,0.1522829681634903,0.39020484685897827,0.8731471972167493,0.4002048373222351,0.0
X,37079,0.5783767104148865,0.4863307774066925,0.17114795744419098,0.3899792432785034,0.6126537819253282,0.42358434200286865,0.18310023844242096
X,37081,0.5525974631309509,0.4664326012134552,0.1704600602388382,0.411912202835083,0.6870692024094964,0.4171704053878784,0.5752274990081787
X,37084,0.5511036515235901,0.46526896953582764,0.1697293072938919,0.41110411286354065,0.6877182045582898,0.41672104597091675,0.5714170932769775
_,37090,0.5346570014953613,0.44764620065689087,0.16164693236351013,0.4020184576511383,0.8605666708449523,0.41201844811439514,0.0
S,37097,0.5271949172019958,0.5184508562088013,0.15604519844055176,0.35916459560394287,0.5595910645182206,0.42876291275024414,0.13403365015983582
T,37100,0.5777014493942261,0.4858744442462921,0.18146176636219025,0.40963226556777954,0.6258835498057306,0.4395396411418915,0.19577603042125702
S,37101,0.4829539656639099,0.5038584470748901,0.14599348604679108,0.35057783126831055,0.6677403556074326,0.42317986488342285,0.07734598964452744
T,37112,0.5500631928443909,0.4592161178588867,0.16919362545013428,0.41072866320610046,0.6951140185015295,0.41806894540786743,0.5776493549346924
T,37116,0.5800368785858154,0.50273597240448,0.1840091049671173,0.42632725834846497,0.6139168441672761,0.42180636525154114,0.5816687941551208
X,37130,0.5507276058197021,0.46519532799720764,0.16954435408115387,0.4108775854110718,0.66358639993278,0.4164654314517975,0.5721883773803711
_,37132,0.5352796316146851,0.44777634739875793,0.16194865107536316,0.40239325165748596,0.8603705467780431,0.4123932421207428,0.0
N,37133,0.5641006827354431,0.4993133544921875,0.1746312528848648,0.4080962836742401,0.637204381613313,0.4287654161453247,0.3302808403968811
_,37135,0.5347390174865723,0.4476633667945862,0.16168661415576935,0.40206798911094666,0.8606384695072969,0.4120680093765259,0.0
_,37144,0.5354623198509216,0.4478144943714142,0.1620372235774994,0.4025031626224518,0.8602749954660734,0.41250309348106384,0.0
T,37151,0.5543187856674194,0.46256521344184875,0.17128495872020721,0.41318920254707336,0.6844333630944555,0.42003172636032104,0.5657604336738586
S,37155,0.5951479077339172,0.4997846186161041,0.17523455619812012,0.3795994520187378,0.5972339636217051,0.4458918273448944,0.0578535757958889
T,37159,0.5482184886932373,0.45842552185058594,0.16828680038452148,0.40966174006462097,0.7237803758304654,0.41708070039749146,0.5800945162773132
T,37171,0.5595846772193909,0.49412161111831665,0.17400874197483063,0.4156922996044159,0.636842681143246,0.4226558804512024,0.4576912522315979
S,37179,0.4929814636707306,0.5045355558395386,0.14868402481079102,0.3520611524581909,0.6459574758405021,0.42515936493873596,0.07678327709436417
T,37184,0.5652016401290894,0.4927603304386139,0.17676302790641785,0.41869980096817017,0.6068479748909689,0.4263244867324829,0.4554097056388855
_,37186,0.5348554849624634,0.44768768548965454,0.16174310445785522,0.4021379053592682,0.8604111296435197,0.412137895822525,0.0
_,37188,0.5355303287506104,0.4478286802768707,0.16207022964954376,0.40254393219947815,0.8602396818995476,0.4125439524650574,0.0
X,37195,0.5565903782844543,0.4739494025707245,0.17244179546833038,0.4139496088027954,0.5283689483724144,0.4171372354030609,0.574345052242279
_,37217,0.5347396731376648,0.44766348600387573,0.1616869568824768,0.4020683765411377,0.8605788310368856,0.41206836700439453,0.0
T,37225,0.5535883903503418,0.4603383541107178,0.1709209680557251,0.41281524300575256,0.7250791848626492,0.4201899468898773,0.570206880569458
N,37237,0.5664724111557007,0.5067897439002991,0.1773558408021927,0.4196546673774719,0.5995706512004351,0.4186122417449951,0.5221347808837891
_,37241,0.5355067253112793,0.44782379269599915,0.1620587408542633,0.4025298058986664,0.8602609344820182,0.4125297963619232,0.0
S,37242,0.49655863642692566,0.505647599697113,0.15124838054180145,0.35241106152534485,0.6732339943324527,0.429699569940567,0.06473065167665482
X,37247,0.613788902759552,0.4886675179004669,0.18116047978401184,0.39982619881629944,0.607790168665233,0.437955766916275,0.14528775215148926
N,37262,0.5499247908592224,0.499561071395874,0.1699400246143341,0.40430593490600586,0.6344088351759517,0.4254603087902069,0.32631009817123413
S,37273,0.5000905394554138,0.5153265595436096,0.1460307091474533,0.3464500606060028,0.6015753889025413,0.4242941737174988,0.10090693831443787
N,37280,0.57224440574646,0.4894624948501587,0.1719949096441269,0.3864995539188385,0.6703103979009515,0.43877309560775757,0.0695117712020874
S,37283,0.5499279499053955,0.5005114674568176,0.16133469343185425,0.3678683638572693,0.6186625796158721,0.4331643879413605,0.08008700609207153
T,37286,0.5698407888412476,0.4942471385002136,0.1790091097354889,0.4213463366031647,0.5978195915208714,0.4249876141548157,0.5036518573760986
N,37316,0.580776572227478,0.4890018701553345,0.1746135801076889,0.393018513917923,0.6337451787640264,0.43554022908210754,0.12444135546684265
T,37318,0.606757640838623,0.49386006593704224,0.1890580803155899,0.4125032424926758,0.5513409818052121,0.44601836800575256,0.20177996158599854
_,37325,0.5356957912445068,0.44786328077316284,0.16215045750141144,0.4026435911655426,0.8601629212498665,0.4126436114311218,0.0
S,37338,0.5264860391616821,0.5041971206665039,0.160971999168396,0.35899683833122253,0.6477294498526802,0.4388929009437561,0.04135505482554436
_,37345,0.5348301529884338,0.4476824104785919,0.16173075139522552,0.4021228551864624,0.8606084810694059,0.41212284564971924,0.0
S,37348,0.5269631147384644,0.5059934258460999,0.15384532511234283,0.3615434467792511,0.6419615879104338,0.4274410009384155,0.10672768950462341
_,37351,0.5356246829032898,0.4478483200073242,0.16211606562137604,0.4026004672050476,0.8599476873377959,0.41260045766830444,0.0
N,37355,0.5626590251922607,0.48594340682029724,0.17177274823188782,0.3932291269302368,0.657980026016788,0.43432047963142395,0.11822839081287384
S,37373,0.48272013664245605,0.5059378147125244,0.146343395113945,0.3513597846031189,0.6664170413526397,0.4231785833835602,0.08852782845497131
_,37382,0.5347660183906555,0.44766902923583984,0.16169974207878113,0.40208426117897034,0.8605534262458484,0.41208428144454956,0.0
_,37390,0.5347992777824402,0.4476759433746338,0.16171586513519287,0.40210407972335815,0.8605385292073091,0.4121040999889374,0.0
X,37409,0.5543064475059509,0.49366629123687744,0.17143213748931885,0.3939359486103058,0.6418704117213687,0.4329533874988556,0.17672353982925415
_,37417,0.5180416703224182,0.44415283203125,0.15362609922885895,0.3919220566749573,0.8710094935198626,0.4019220173358917,0.0
_,37427,0.5179985761642456,0.44414380192756653,0.15360526740550995,0.39189592003822327,0.871109135101239,0.4018958806991577,0.0
N,37428,0.55328768491745,0.4850398004055023,0.1668260246515274,0.38776734471321106,0.6543097746593413,0.4256856143474579,0.14602918922901154
S,37433,0.47674715518951416,0.5004262328147888,0.14209726452827454,0.34092554450035095,0.6987073693641772,0.4172969460487366,0.05534392595291138
X,37439,0.5401518940925598,0.4630309045314789,0.1644338220357895,0.4043031632900238,0.716687553512414,0.40929102897644043,0.5861881971359253
T,37444,0.5553929209709167,0.4873272776603699,0.17000198364257812,0.4041660726070404,0.629962979359334,0.41661006212234497,0.3869856297969818
S,37449,0.49475687742233276,0.5024620890617371,0.14299024641513824,0.3467485010623932,0.6108713165669664,0.41292163729667664,0.10050879418849945
T,37453,0.5442543625831604,0.48643413186073303,0.16677045822143555,0.403886079788208,0.6356539651867934,0.4147580564022064,0.40397030115127563
_,37483,0.5185122489929199,0.4442518353462219,0.15385323762893677,0.39220815896987915,0.8701589868962766,0.4022081196308136,0.0
S,37489,0.5197774171829224,0.5029675364494324,0.1515611708164215,0.35310226678848267,0.6370741133886623,0.4235583245754242,0.08153086155653
T,37499,0.5332464575767517,0.45610669255256653,0.16105356812477112,0.4005765914916992,0.7256231851631068,0.40765246748924255,0.5747444033622742
T,37518,0.5356910228729248,0.45748963952064514,0.16224363446235657,0.40191367268562317,0.7189571286101879,0.4084891080856323,0.5871610045433044
N,37536,0.5615050196647644,0.4812885522842407,0.1671367883682251,0.3836415410041809,0.6739233456996347,0.4262983500957489,0.08708039671182632
X,37540,0.5412041544914246,0.4632605016231537,0.1649509221315384,0.40487605333328247,0.7279281612297591,0.4097786247730255,0.5896867513656616
N,37543,0.5666854977607727,0.48405468463897705,0.16926299035549164,0.3860456645488739,0.657028157937845,0.42927196621894836,0.09860330075025558
_,37546,0.5176663398742676,0.44407370686531067,0.15344533324241638,0.3916928768157959,0.8714242848257224,0.40169283747673035,0.0
T,37554,0.5390119552612305,0.46070945262908936,0.16386909782886505,0.40371400117874146,0.7071126768943092,0.40934523940086365,0.5901223421096802
N,37557,0.5407215356826782,0.501952588558197,0.16598094999790192,0.40144485235214233,0.6139203983384505,0.41291001439094543,0.4002605676651001
X,37559,0.5820499658584595,0.4899963438510895,0.17585034668445587,0.3938792645931244,0.6509662056345649,0.43440061807632446,0.14557334780693054
N,37612,0.541682243347168,0.4836382269859314,0.1607363373041153,0.3786965608596802,0.6760174765018747,0.42065051198005676,0.11751746386289597
X,37628,0.5586804151535034,0.485723078250885,0.16691729426383972,0.3844367563724518,0.62881286551555,0.42383065819740295,0.14013390243053436
N,37635,0.5551629662513733,0.48656201362609863,0.1657491773366928,0.3809446692466736,0.6888463703261611,0.42961689829826355,0.08501431345939636
N,37649,0.5354255437850952,0.48744097352027893,0.15898458659648895,0.38306382298469543,0.6518956501571423,0.41411077976226807,0.2162938416004181
X,37652,0.5827427506446838,0.4865543842315674,0.17456945776939392,0.3911612629890442,0.625003993990055,0.43227195739746094,0.12241213768720627
N,37654,0.5546082258224487,0.49245473742485046,0.16691690683364868,0.3957425057888031,0.6238057922713052,0.4189530313014984,0.29213201999664307
_,37673,0.5185459852218628,0.4442589282989502,0.15386950969696045,0.3922288119792938,0.8701335088908673,0.40222880244255066,0.0
S,37677,0.4868699908256531,0.5079067945480347,0.14538954198360443,0.3510518968105316,0.6286723164686313,0.41352564096450806,0.13221201300621033
_,37686,0.5180085301399231,0.4441458284854889,0.1536102145910263,0.3919016122817993,0.8710278534392516,0.40190160274505615,0.0
T,37687,0.5588458180427551,0.48687440156936646,0.17302539944648743,0.40597519278526306,0.65132133665531,0.4242396652698517,0.3240641951560974
S,37695,0.49669501185417175,0.49804362654685974,0.14521700143814087,0.3492291271686554,0.624877739661024,0.4150545597076416,0.0830211266875267
N,37698,0.5273866653442383,0.48636049032211304,0.15898561477661133,0.3917763829231262,0.6538729679084888,0.4120692312717438,0.3027646243572235
N,37719,0.6267253160476685,0.4917008578777313,0.18209680914878845,0.39155369997024536,0.6381017232637881,0.44080162048339844,0.09288446605205536
S,37721,0.48686978220939636,0.5013591647148132,0.1470232754945755,0.34534740447998047,0.6878493091960749,0.422982782125473,0.05164480581879616
N,37728,0.5851210951805115,0.4891648590564728,0.1748361736536026,0.3872019350528717,0.6562441947939807,0.4350009858608246,0.09526301175355911
T,37735,0.5374304056167603,0.45913881063461304,0.1630944460630417,0.40277913212776184,0.7475733139580097,0.4086984395980835,0.5970375537872314
T,37738,0.5374466180801392,0.45616579055786133,0.16309349238872528,0.40305304527282715,0.7187220568165018,0.4102814793586731,0.5853268504142761
X,37745,0.5697290897369385,0.4876132309436798,0.17471756041049957,0.3953196704387665,0.6503543788318833,0.43173128366470337,0.1628648191690445
S,37746,0.48152217268943787,0.49910300970077515,0.14407041668891907,0.3481251895427704,0.6784519082990785,0.41625073552131653,0.07927154749631882
N,37748,0.5351634621620178,0.4857407212257385,0.1613587737083435,0.38532254099845886,0.6808418605131252,0.4212440550327301,0.1703903079032898
T,37749,0.5298647284507751,0.4558791220188141,0.15940751135349274,0.3983905017375946,0.7274382841648428,0.4048903286457062,0.5958065390586853
S,37767,0.4945964813232422,0.5027936697006226,0.149210125207901,0.35324162244796753,0.6362506330323716,0.41924962401390076,0.09881134331226349
_,37773,0.5172216892242432,0.4439796507358551,0.1532316952943802,0.3914198875427246,0.8716152625282606,0.40141987800598145,0.0
T,37779,0.5620086789131165,0.484000563621521,0.17326843738555908,0.396944135427475,0.6294739845891794,0.42774930596351624,0.1896180808544159
S,37787,0.4933432638645172,0.5027931928634644,0.1487703025341034,0.3531154990196228,0.637185982229809,0.418686181306839,0.1007511243224144
_,37788,0.5172575116157532,0.4439871907234192,0.15324893593788147,0.3914417028427124,0.8715867133935293,0.40144169330596924,0.0
T,37793,0.5460346341133118,0.489908367395401,0.16757315397262573,0.40509405732154846,0.6242894783072794,0.41106653213500977,0.4584493935108185
X,37796,0.5457273721694946,0.48322683572769165,0.16338026523590088,0.3834378123283386,0.6557012807698145,0.42045289278030396,0.14718866348266602
X,37806,0.556401789188385,0.48750269412994385,0.16630356013774872,0.3813346326351166,0.6251667311073592,0.42457833886146545,0.12571750581264496
X,37817,0.5445202589035034,0.48445963859558105,0.1645106077194214,0.3817843198776245,0.6790517741131287,0.4260066747665405,0.10166900604963303
_,37820,0.5178890824317932,0.44412070512771606,0.1535525619983673,0.3918289244174957,0.8715178504089515,0.40182891488075256,0.0
T,37821,0.5352913737297058,0.4574069380760193,0.16205021739006042,0.4016689658164978,0.7193754953273219,0.40823182463645935,0.5875604748725891
N,37832,0.5775608420372009,0.48674967885017395,0.1709987074136734,0.38891831040382385,0.631746796219862,0.42629989981651306,0.156232550740242
_,37843,0.5169711709022522,0.4439266622066498,0.1531112641096115,0.39126619696617126,0.871996298879385,0.4012661576271057,0.0
T,37856,0.5640823245048523,0.48830607533454895,0.17386972904205322,0.4066663086414337,0.6420381256238762,0.4233303666114807,0.3441535234451294
X,37859,0.5503338575363159,0.4849262237548828,0.16586904227733612,0.38870909810066223,0.6345013217728895,0.4206984043121338,0.19290348887443542
X,37864,0.555537223815918,0.49167248606681824,0.16788072884082794,0.38546764850616455,0.5888210609958818,0.4285796284675598,0.14651304483413696
_,37866,0.5170254707336426,0.4439381957054138,0.1531372368335724,0.3912998139858246,0.8719154591361682,0.40129977464675903,0.0
N,37883,0.5471147298812866,0.4809035360813141,0.1607305258512497,0.3763521909713745,0.6922633990055571,0.42068910598754883,0.08449512720108032
X,37884,0.5519679188728333,0.48875749111175537,0.16386091709136963,0.38170430064201355,0.621943024910676,0.4200366139411926,0.166815385222435
S,37888,0.5922284126281738,0.4975399971008301,0.17231018841266632,0.37250152230262756,0.6060288252547131,0.43966910243034363,0.05015144869685173
S,37894,0.4710552990436554,0.4997701048851013,0.14035487174987793,0.34402236342430115,0.6868066567182541,0.4123629927635193,0.08378033339977264
X,37905,0.5384551882743835,0.462649941444397,0.16361188888549805,0.4033738672733307,0.6707570834028472,0.40854349732398987,0.5790258049964905
N,37910,0.5627208948135376,0.4966271221637726,0.17038802802562714,0.3981395959854126,0.642887535495344,0.42335978150367737,0.2870597839355469
S,37913,0.4711276888847351,0.4997628927230835,0.14039675891399384,0.3440276086330414,0.686754616945982,0.41243693232536316,0.08346957713365555
_,37933,0.5169684886932373,0.4439261853694916,0.15310987830162048,0.3912648856639862,0.8719897900025051,0.40126487612724304,0.0
S,37940,0.4809471666812897,0.49603405594825745,0.14224310219287872,0.34946098923683167,0.6907713856299719,0.4121575653553009,0.08893384039402008
N,37954,0.5285212397575378,0.4864856004714966,0.16017016768455505,0.38952240347862244,0.6551491408608854,0.4159606099128723,0.24879227578639984
_,37961,0.517102837562561,0.44395458698272705,0.15317435562610626,0.3913474380970001,0.8720413242280484,0.40134739875793457,0.0
N,37962,0.5580168962478638,0.48900309205055237,0.16710452735424042,0.3938276469707489,0.6337670364086808,0.41797173023223877,0.2740893065929413
S,37972,0.4864145517349243,0.5065052509307861,0.1409745067358017,0.34076040983200073,0.6576935996200337,0.41560497879981995,0.08522938191890717
N,37973,0.5835278034210205,0.4901285469532013,0.17375433444976807,0.392191082239151,0.6169074841444369,0.4287446141242981,0.1770717054605484
X,37984,0.5376714468002319,0.4607628583908081,0.16322186589241028,0.4031054377555847,0.7036738591958905,0.4091683626174927,0.5666490793228149
_,37992,0.518271803855896,0.44420120120048523,0.15373730659484863,0.39206165075302124,0.8707285201052826,0.40206167101860046,0.0
S,37998,0.47192317247390747,0.502000629901886,0.13918174803256989,0.34813448786735535,0.6711257472075522,0.40854668617248535,0.12269257009029388
S,38004,0.4777587950229645,0.5113500356674194,0.14208924770355225,0.34391650557518005,0.6242756987176836,0.41336455941200256,0.11877995729446411
N,38009,0.5536587238311768,0.4926232397556305,0.16655874252319336,0.3952394127845764,0.6240392316197723,0.4186396598815918,0.29101815819740295
S,38025,0.4860076904296875,0.5135676264762878,0.1416204571723938,0.34053948521614075,0.6084773494755792,0.415378600358963,0.10843892395496368
X,38030,0.5615496039390564,0.48652300238609314,0.16678118705749512,0.38528206944465637,0.6272756116468615,0.4220472574234009,0.16373831033706665
T,38037,0.5575202703475952,0.4796248972415924,0.1715521514415741,0.40337708592414856,0.6454589642879243,0.4220521152019501,0.29662948846817017
_,38046,0.5211825966835022,0.4448133409023285,0.1551421731710434,0.3938310444355011,0.8674125748872757,0.40383103489875793,0.0
X,38052,0.532620370388031,0.4597575068473816,0.16076713800430298,0.399983674287796,0.7054626446939074,0.4056660830974579,0.578369140625
X,38054,0.5336102247238159,0.4628966748714447,0.16126777231693268,0.4003947079181671,0.6992515292503716,0.4050236642360687,0.5792182683944702
X,38064,0.5324817299842834,0.4922609031200409,0.16219905018806458,0.38723984360694885,0.6538768950849771,0.41953104734420776,0.22427944839000702
X,38068,0.608649730682373,0.49454498291015625,0.18255679309368134,0.40004220604896545,0.6176102314760836,0.4385439157485962,0.17736971378326416
X,38070,0.5388389229774475,0.4618963599205017,0.1637948453426361,0.40361645817756653,0.7228211700380538,0.40903201699256897,0.5809497833251953
N,38077,0.5497177839279175,0.4848580062389374,0.16290979087352753,0.385364294052124,0.6626156032471044,0.4190376102924347,0.182139590382576
N,38086,0.5463913083076477,0.5013168454170227,0.1676497459411621,0.407455712556839,0.619118352176156,0.40889835357666016,0.48975518345832825
T,38096,0.5878751277923584,0.4823896288871765,0.17971883714199066,0.40517714619636536,0.6349224945988196,0.4302128851413727,0.22945810854434967
S,38100,0.47164008021354675,0.500754177570343,0.1408289521932602,0.33988189697265625,0.7121030437449615,0.4164912700653076,0.05707826092839241
_,38113,0.5181652307510376,0.44417858123779297,0.1536862552165985,0.391995906829834,0.870584277510643,0.40199583768844604,0.0
X,38118,0.5716700553894043,0.487569123506546,0.1715518981218338,0.39322251081466675,0.624542287523315,0.4270033836364746,0.18558886647224426
N,38125,0.5635837912559509,0.4855658710002899,0.16895818710327148,0.3911532759666443,0.6340286000436269,0.4265555441379547,0.16479985415935516
N,38126,0.5640688538551331,0.48378682136535645,0.16648772358894348,0.38006913661956787,0.684176509588433,0.42938005924224854,0.06051760911941528
X,38127,0.5472157001495361,0.4644482433795929,0.16785681247711182,0.4087165892124176,0.6707908895635167,0.4142528772354126,0.5717953443527222
S,38129,0.49736472964286804,0.5028546452522278,0.149807870388031,0.35493478178977966,0.6397041674129045,0.42268210649490356,0.09052734822034836
N,38132,0.5598036646842957,0.4830789864063263,0.16635824739933014,0.38846567273139954,0.6732836249826748,0.4249784052371979,0.14432856440544128
_,38136,0.5253985524177551,0.4457046091556549,0.15716949105262756,0.3964156210422516,0.866959650317828,0.4064156115055084,0.0
_,38143,0.5253484845161438,0.44569411873817444,0.15714521706104279,0.39638546109199524,0.8670927566289902,0.4063854515552521,0.0
_,38144,0.5252986550331116,0.4456835985183716,0.15712124109268188,0.3963550627231598,0.8670393163462481,0.4063550531864166,0.0
N,38154,0.5377345681190491,0.4884208142757416,0.16328860819339752,0.3868345320224762,0.6594266588365039,0.4241489768028259,0.17155766487121582
_,38156,0.5252810716629028,0.4456799328327179,0.157112717628479,0.3963444232940674,0.8671257452170055,0.4063444137573242,0.0
N,38164,0.5919665694236755,0.49093374609947205,0.17717736959457397,0.3974165618419647,0.6495794700258588,0.4350966215133667,0.1683415323495865
_,38165,0.5256475210189819,0.4457569420337677,0.15728963911533356,0.39656707644462585,0.8669256451725961,0.4065670371055603,0.0
T,38172,0.5607308149337769,0.4884622395038605,0.17377598583698273,0.40794408321380615,0.62611147599775,0.4219096004962921,0.3738425374031067
_,38177,0.5266198515892029,0.4459607005119324,0.15776008367538452,0.39715468883514404,0.8654997087518375,0.4071546792984009,0.0
X,38194,0.5475626587867737,0.46411794424057007,0.16802379488945007,0.4088948667049408,0.7176166358853273,0.4144536852836609,0.5759507417678833
_,38198,0.5253021121025085,0.4456843137741089,0.15712302923202515,0.39635688066482544,0.8669690736134847,0.4063568413257599,0.0
S,38203,0.4814636707305908,0.5032042860984802,0.1445704698562622,0.34547045826911926,0.6793504813034088,0.42142239212989807,0.06520793586969376
X,38212,0.5833479166030884,0.4878658652305603,0.1770830601453781,0.3954158127307892,0.6387479621882085,0.4370724856853485,0.12097127735614777
T,38221,0.5409238338470459,0.45858150720596313,0.16476334631443024,0.40514904260635376,0.7230937161496349,0.4118780493736267,0.5825381278991699
S,38227,0.48068004846572876,0.5000208020210266,0.1440834105014801,0.34892433881759644,0.6833088482543827,0.4167792797088623,0.082735575735569
S,38228,0.4897880256175995,0.510446310043335,0.14303551614284515,0.34097132086753845,0.62420444164852,0.4203038811683655,0.08229218423366547
S,38236,0.495163232088089,0.5045724511146545,0.1484077274799347,0.3488471210002899,0.664968927403291,0.42362046241760254,0.07284758239984512
X,38237,0.5451472997665405,0.46260499954223633,0.16684722900390625,0.4077480137348175,0.6983971314976225,0.4145485460758209,0.5383994579315186
N,38245,0.6611199975013733,0.4879258871078491,0.1942041665315628,0.4026060700416565,0.6400674829987839,0.4529206156730652,0.03195856139063835
N,38257,0.5447016358375549,0.48402273654937744,0.16196919977664948,0.38347119092941284,0.6730559943486394,0.4212573170661926,0.1460731327533722
T,38263,0.5991055965423584,0.48708152770996094,0.18127912282943726,0.40264907479286194,0.6537533436028268,0.439782053232193,0.14337575435638428
X,38276,0.539362370967865,0.4628230333328247,0.16403578221797943,0.4040273427963257,0.7001726521355158,0.4093923568725586,0.5729784965515137
X,38277,0.5938238501548767,0.48643526434898376,0.17695733904838562,0.39207902550697327,0.6260751881807423,0.4357612133026123,0.0984894335269928
N,38281,0.5688183307647705,0.48850932717323303,0.16892915964126587,0.3896806538105011,0.6497190578527807,0.42760035395622253,0.1620589792728424
_,38284,0.52533358335495,0.44569098949432373,0.1571381390094757,0.3963761627674103,0.8670721311867238,0.4063761532306671,0.0
N,38293,0.5941641330718994,0.48242706060409546,0.17468269169330597,0.38948431611061096,0.6721295395501269,0.43442773818969727,0.06357202678918839
X,38294,0.5753462314605713,0.48667725920677185,0.1737215518951416,0.3943221867084503,0.6248986601495805,0.4311425983905792,0.15448878705501556
S,38306,0.5177973508834839,0.5027495622634888,0.15354043245315552,0.3610062003135681,0.6130760557179262,0.42315393686294556,0.11034555733203888
_,38312,0.5253814458847046,0.445701003074646,0.15716125071048737,0.39640510082244873,0.8669449696938197,0.40640509128570557,0.0
X,38315,0.5950812697410583,0.487423300743103,0.17934417724609375,0.39680594205856323,0.6208629037657132,0.4380446970462799,0.11812774091959
N,38324,0.6584945917129517,0.49320146441459656,0.19238139688968658,0.4003763198852539,0.614392388064116,0.45185357332229614,0.07107102125883102
_,38332,0.5252323746681213,0.44566968083381653,0.15708930790424347,0.39631444215774536,0.8670606486002604,0.4063144326210022,0.0
T,38340,0.5474563241004944,0.4624503552913666,0.1679638773202896,0.40885111689567566,0.6759298130213575,0.41476869583129883,0.5836949348449707
T,38350,0.624147891998291,0.4827081859111786,0.18848958611488342,0.4082264304161072,0.6306184313358972,0.4434124827384949,0.11311060190200806
_,38355,0.5260040163993835,0.44583192467689514,0.15746167302131653,0.3967837989330292,0.8667949017385642,0.406783789396286,0.0
N,38357,0.5436140894889832,0.49456483125686646,0.1669711023569107,0.4046572148799896,0.6254457511170768,0.416970819234848,0.3934424817562103
_,38364,0.5259122848510742,0.4458127021789551,0.1574174165725708,0.3967280089855194,0.8667681463559469,0.40672796964645386,0.0
X,38372,0.5488227605819702,0.46646806597709656,0.16864779591560364,0.4095429480075836,0.6715943135220247,0.4144531488418579,0.5751836895942688
X,38377,0.5407537221908569,0.4925362169742584,0.16580216586589813,0.3995952904224396,0.6219122646686932,0.4212947189807892,0.30621832609176636
_,38386,0.5303127765655518,0.44673630595207214,0.1595442146062851,0.39939484000205994,0.8626911506056786,0.4093948304653168,0.0
_,38390,0.5303862690925598,0.4467517137527466,0.15957972407341003,0.3994394540786743,0.8626852784554164,0.40943944454193115,0.0
S,38407,0.4915512204170227,0.501457154750824,0.1480683982372284,0.3530806005001068,0.6650425603923699,0.4213026165962219,0.08299537748098373
T,38422,0.5630989670753479,0.4821104407310486,0.17318883538246155,0.3994872272014618,0.6528445859851005,0.4293258786201477,0.1852279156446457
S,38435,0.49526527523994446,0.5040307641029358,0.14983633160591125,0.3573994040489197,0.6508920675888658,0.4226081669330597,0.10418251901865005
T,38436,0.549849271774292,0.45957332849502563,0.16911746561527252,0.41047701239585876,0.7126491431105266,0.41765353083610535,0.5789948105812073
T,38440,0.5489574670791626,0.4597809910774231,0.1686825007200241,0.4099915027618408,0.7104782094779027,0.41720134019851685,0.5693913698196411
S,38447,0.5159804224967957,0.5000417828559875,0.15167564153671265,0.3544698655605316,0.6345317850833332,0.4258723855018616,0.061972878873348236
_,38453,0.5300193428993225,0.4466746747493744,0.15940244495868683,0.39921683073043823,0.862709618061781,0.40921682119369507,0.0
T,38459,0.5453304052352905,0.4590391218662262,0.16690616309642792,0.4078759253025055,0.722228386392732,0.41504159569740295,0.5696399807929993
N,38464,0.5452563166618347,0.4835764169692993,0.16387639939785004,0.3886926770210266,0.6768354181665928,0.4237346947193146,0.161210298538208
_,38468,0.5298123359680176,0.4466313421726227,0.1593022346496582,0.399091899394989,0.862891030162573,0.40909186005592346,0.0
N,38473,0.6378768682479858,0.4895949363708496,0.18686111271381378,0.39620208740234375,0.6457661658262926,0.4498942494392395,0.03753728047013283
_,38475,0.5303895473480225,0.4467524290084839,0.15958133339881897,0.39944136142730713,0.8626718074083328,0.40944135189056396,0.0
X,38476,0.551040768623352,0.46651917695999146,0.16971197724342346,0.4109417200088501,0.6630295952609474,0.4160500466823578,0.574697732925415
_,38477,0.5298624038696289,0.44664186239242554,0.159326434135437,0.3991222083568573,0.8628586394588154,0.40912219882011414,0.0
S,38478,0.49322593212127686,0.5034474730491638,0.14935389161109924,0.35701480507850647,0.6585839971962075,0.42232662439346313,0.10180387645959854
X,38483,0.6320614218711853,0.48763468861579895,0.1869383603334427,0.40222448110580444,0.6216634625386602,0.44570982456207275,0.08871450275182724
T,38490,0.5651400089263916,0.48264002799987793,0.17382587492465973,0.40022972226142883,0.6455763081554324,0.42900657653808594,0.19827213883399963
N,38510,0.5952543020248413,0.48794764280319214,0.17965665459632874,0.39517518877983093,0.653964370975106,0.44260671734809875,0.07664427161216736
N,38515,0.5936151742935181,0.48842763900756836,0.17545285820960999,0.39229539036750793,0.6395882303138312,0.4371185004711151,0.10481637716293335
S,38524,0.4786412715911865,0.5051785111427307,0.14437110722064972,0.3490362763404846,0.6687854596351585,0.42009878158569336,0.08965503424406052
T,38526,0.5444096922874451,0.4601581394672394,0.16645270586013794,0.40719422698020935,0.6876189873738744,0.41362980008125305,0.5847209095954895
X,38527,0.5822311639785767,0.4898548424243927,0.17774264514446259,0.40012189745903015,0.6022565866797231,0.4353281855583191,0.1787598878145218
T,38531,0.5576722621917725,0.47460073232650757,0.1729859560728073,0.4144534766674042,0.5045043024320998,0.4173699915409088,0.5777506828308105
T,38536,0.6023299098014832,0.48340362310409546,0.18451553583145142,0.40619707107543945,0.6510053159622476,0.4404749572277069,0.133438840508461
N,38537,0.5670074820518494,0.4977526366710663,0.1735243797302246,0.40009382367134094,0.6239342381808464,0.42975208163261414,0.25725945830345154
T,38538,0.5487398505210876,0.46182781457901,0.16857872903347015,0.4098080098628998,0.7166174701088069,0.4163943827152252,0.5681111812591553
X,38545,0.5490891933441162,0.46446940302848816,0.16875256597995758,0.40980735421180725,0.6924941613795819,0.41524383425712585,0.5811904072761536
T,38546,0.6701041460037231,0.485141396522522,0.19783104956150055,0.4136196970939636,0.6285595747689271,0.454132616519928,0.06346418708562851
_,38550,0.529682457447052,0.4466041028499603,0.15923941135406494,0.39901334047317505,0.8629008335371813,0.4090133011341095,0.0
N,38555,0.5600929260253906,0.4866139888763428,0.16973139345645905,0.39173030853271484,0.6408493289609518,0.43042904138565063,0.14354747533798218
_,38558,0.5304003953933716,0.44675466418266296,0.15958654880523682,0.39944788813591003,0.8625862630705039,0.40944790840148926,0.0
_,38585,0.529684841632843,0.4466046690940857,0.15924054384231567,0.399014949798584,0.8629194576044877,0.40901491045951843,0.0
X,38596,0.5477726459503174,0.46544596552848816,0.1681157499551773,0.4089790880680084,0.6900680771123386,0.414021372795105,0.579277515411377
X,38602,0.6219895482063293,0.49244824051856995,0.18618249893188477,0.4003625214099884,0.6223774648479594,0.4464065134525299,0.10746278613805771
T,38603,0.6180341839790344,0.48526936769485474,0.1834002286195755,0.4051111340522766,0.6451397467240046,0.43995457887649536,0.1453508734703064
_,38611,0.5297285914421082,0.44661372900009155,0.1592617779970169,0.39904114603996277,0.8628018472592036,0.4090411067008972,0.0
N,38616,0.6356810927391052,0.48965394496917725,0.18605662882328033,0.3954518735408783,0.6481044947409343,0.44931191205978394,0.03860650584101677
X,38620,0.5501810908317566,0.4636787474155426,0.16929316520690918,0.41073077917099,0.6918838078496387,0.41747233271598816,0.5436053276062012
X,38630,0.5727066397666931,0.48517608642578125,0.17316973209381104,0.39607474207878113,0.6378380884526996,0.43076175451278687,0.16176782548427582
_,38637,0.5310990214347839,0.446900337934494,0.15992577373981476,0.39986667037010193,0.8611805989841621,0.40986669063568115,0.0
T,38639,0.6628149747848511,0.49034741520881653,0.1966657042503357,0.4098925292491913,0.569228406921684,0.4540785849094391,0.08651275932788849
T,38654,0.5516932010650635,0.4844198226928711,0.17038701474666595,0.4103565514087677,0.6397868087352254,0.4207161068916321,0.4156986176967621
X,38658,0.6098125576972961,0.48860037326812744,0.18396848440170288,0.40170425176620483,0.6297974628621402,0.4440813660621643,0.1082189679145813
S,38662,0.49680110812187195,0.5007822513580322,0.1490834653377533,0.35192248225212097,0.6585392927813034,0.42146050930023193,0.07631925493478775
N,38665,0.5630884766578674,0.48730725049972534,0.17111371457576752,0.39514589309692383,0.6457155634123289,0.42890316247940063,0.1845778375864029
X,38666,0.5793029069900513,0.48658713698387146,0.17526625096797943,0.39506715536117554,0.6425216620931558,0.4339295029640198,0.13572412729263306
_,38676,0.5235203504562378,0.44530919194221497,0.15626367926597595,0.39527177810668945,0.8679227322836718,0.4052717685699463,0.0
T,38682,0.5660507082939148,0.49933692812919617,0.1771956831216812,0.4181588888168335,0.6007518309514096,0.41347166895866394,0.5766626000404358
S,38694,0.5602301955223083,0.500489354133606,0.16204658150672913,0.364016592502594,0.6336425406053604,0.4330602288246155,0.06664084643125534
_,38697,0.5244741439819336,0.4455098509788513,0.1567237824201584,0.3958522081375122,0.867401531736056,0.40585219860076904,0.0
_,38701,0.5236048102378845,0.4453270137310028,0.156304270029068,0.39532360434532166,0.8679800653457642,0.4053235948085785,0.0
T,38705,0.5457695722579956,0.4889707565307617,0.16832377016544342,0.40334296226501465,0.6557179055857948,0.4223249852657318,0.3225242495536804
_,38708,0.5247920751571655,0.4455764889717102,0.15687772631645203,0.39604416489601135,0.8667664761344592,0.4060441553592682,0.0
_,38725,0.5235423445701599,0.44531384110450745,0.15627425909042358,0.3952852487564087,0.8679254441459974,0.40528520941734314,0.0
_,38735,0.523557722568512,0.4453170895576477,0.15628154575824738,0.3952949047088623,0.8680298022925854,0.40529489517211914,0.0
S,38738,0.5365411639213562,0.5007259249687195,0.1573144495487213,0.3621082007884979,0.6118345219345065,0.42644551396369934,0.0907396748661995
X,38741,0.6232923269271851,0.48715832829475403,0.18322588503360748,0.3971852660179138,0.6125980431968735,0.44006115198135376,0.09897055476903915
N,38742,0.6546828150749207,0.49386078119277954,0.19027084112167358,0.3989342451095581,0.6230439032309915,0.4500976502895355,0.08147213608026505
X,38746,0.5453057885169983,0.4695861041545868,0.16695266962051392,0.4070664346218109,0.5834062765163511,0.41006842255592346,0.5887399315834045
_,38763,0.5238497257232666,0.44537854194641113,0.1564224809408188,0.3954724073410034,0.8678272294501465,0.40547236800193787,0.0
T,38764,0.5426076650619507,0.45809489488601685,0.16559042036533356,0.4061254560947418,0.7178092992045761,0.4130779206752777,0.5872209668159485
X,38767,0.5429289937019348,0.4863116443157196,0.1641092151403427,0.38234615325927734,0.6417970620887354,0.42390209436416626,0.1313585489988327
_,38777,0.5247904658317566,0.44557586312294006,0.1568773239850998,0.396042138338089,0.8664629575610161,0.40604206919670105,0.0
T,38780,0.5423604846000671,0.45930567383766174,0.16547338664531708,0.40591222047805786,0.7309734254617434,0.4124159514904022,0.587227463722229
_,38792,0.5235456228256226,0.4453144371509552,0.1562758982181549,0.39528706669807434,0.8678570435444515,0.4052870571613312,0.0
T,38794,0.6170263290405273,0.48515793681144714,0.183710515499115,0.40267735719680786,0.6392164313767232,0.4407154619693756,0.11889038980007172
S,38833,0.4763876497745514,0.5019150972366333,0.14320769906044006,0.34320786595344543,0.7000725680838029,0.4196912348270416,0.059487003833055496
X,38843,0.5703621506690979,0.48734167218208313,0.16991887986660004,0.388929545879364,0.6243067976820749,0.4262387752532959,0.15954627096652985
N,38854,0.532614529132843,0.49549317359924316,0.1615210920572281,0.3981156647205353,0.6597120677524557,0.41460981965065,0.3541988134384155
X,38857,0.5977391600608826,0.4859313666820526,0.17845360934734344,0.39758041501045227,0.6303060577773917,0.4354499876499176,0.13520537316799164
X,38865,0.5445497632026672,0.4630398154258728,0.16655689477920532,0.40719637274742126,0.6649730214338403,0.41306909918785095,0.5678400993347168
T,38876,0.5499533414840698,0.4874962568283081,0.1693713515996933,0.40944352746009827,0.6865672019027989,0.41496479511260986,0.47338271141052246
S,38879,0.5073727369308472,0.502090334892273,0.1529349535703659,0.3546801805496216,0.6818361142650247,0.42790237069129944,0.0650131106376648
T,38884,0.6089580655097961,0.4820186495780945,0.18233081698417664,0.3994256854057312,0.650141021583307,0.43946537375450134,0.07962577790021896
N,38899,0.5484877824783325,0.4845782220363617,0.1634429693222046,0.381754606962204,0.6740073045017199,0.424581378698349,0.11243300139904022
N,38909,0.5916450023651123,0.48334336280822754,0.17720197141170502,0.39216914772987366,0.6791051753183517,0.4376806914806366,0.06097472459077835
N,38910,0.5736124515533447,0.4866338074207306,0.1729143261909485,0.391193151473999,0.6510669864163113,0.4328248202800751,0.12016724050045013
T,38920,0.5867064595222473,0.47953492403030396,0.17768198251724243,0.39781755208969116,0.6721896233879185,0.43573272228240967,0.08401868492364883
S,38929,0.5148149728775024,0.5028817653656006,0.1495508849620819,0.3537601828575134,0.597208996864938,0.4198448956012726,0.09790762513875961
S,38937,0.4884728193283081,0.5036824941635132,0.14673924446105957,0.3550552725791931,0.6546508000480632,0.4175870418548584,0.11638839542865753
T,38939,0.593400776386261,0.4837004840373993,0.18090280890464783,0.40563565492630005,0.6248971083013506,0.43657439947128296,0.17472894489765167
T,38942,0.5569381713867188,0.4833083152770996,0.17087526619434357,0.40083155035972595,0.6422863328359867,0.4224086403846741,0.27769485116004944
X,38945,0.5438838005065918,0.46585917472839355,0.166242316365242,0.40662527084350586,0.6143134774825497,0.4113539159297943,0.5735491514205933
S,38949,0.5112922191619873,0.499649316072464,0.15016494691371918,0.3544602692127228,0.6122606124315644,0.42036473751068115,0.08493070304393768
T,38951,0.5388745069503784,0.4602419137954712,0.1637813150882721,0.4038170576095581,0.6873582443933508,0.4098426401615143,0.5801730751991272
T,38954,0.5608043670654297,0.4988155663013458,0.17459729313850403,0.41501685976982117,0.477779365429354,0.4162102937698364,0.5097309350967407
X,38955,0.5464119911193848,0.46432170271873474,0.16746605932712555,0.40812546014785767,0.713185316355748,0.4133554697036743,0.5817081332206726
T,38964,0.5415941476821899,0.45787420868873596,0.16508875787258148,0.40559476613998413,0.7321842356681987,0.41265347599983215,0.5807265043258667
N,38980,0.5694565773010254,0.48601531982421875,0.1689348965883255,0.38100048899650574,0.6733853210035402,0.43059810996055603,0.07331520318984985
S,38982,0.48608165979385376,0.49693289399147034,0.14499610662460327,0.3461487889289856,0.6780113143163423,0.41562968492507935,0.0657198503613472
X,38989,0.5722864270210266,0.4850742816925049,0.17073461413383484,0.3870437741279602,0.6253001626833187,0.4261433482170105,0.1351446807384491
S,38997,0.4928780794143677,0.5007259249687195,0.146431565284729,0.34535712003707886,0.6937246723162631,0.4189833998680115,0.06535471975803375
N,38998,0.5518580675125122,0.48008057475090027,0.16406893730163574,0.38028231263160706,0.6995080510730622,0.42285600304603577,0.08585111796855927
T,39005,0.5229730010032654,0.4544202387332916,0.15609988570213318,0.39413756132125854,0.7032816421745338,0.4005392789840698,0.5968083739280701
_,39007,0.508410632610321,0.44211071729660034,0.1490061730146408,0.3859887421131134,0.8775134433805943,0.39598870277404785,0.0
X,39013,0.5257255434989929,0.4868776500225067,0.15907169878482819,0.38512182235717773,0.6616224484083554,0.41433438658714294,0.2284064143896103
S,39014,0.48725003004074097,0.5031731128692627,0.14032986760139465,0.3472762107849121,0.6068358095503451,0.4059581756591797,0.13424478471279144
_,39018,0.508424699306488,0.4421136975288391,0.14901280403137207,0.3859975337982178,0.877512570967277,0.3959975242614746,0.0
S,39024,0.4664185643196106,0.5004338026046753,0.13841934502124786,0.33756616711616516,0.706025595292449,0.4119718670845032,0.06674247235059738
S,39027,0.5224264860153198,0.49689656496047974,0.1557842642068863,0.3558197617530823,0.6702770649191614,0.42427417635917664,0.06030277907848358
X,39031,0.5365270376205444,0.4938586950302124,0.16184450685977936,0.38827842473983765,0.6148774312816871,0.41431573033332825,0.27384287118911743
N,39032,0.5279279947280884,0.497134268283844,0.1590709239244461,0.3951478600502014,0.6600138511353483,0.40613001585006714,0.3972682058811188
_,39052,0.5086607933044434,0.4421639144420624,0.1491258144378662,0.38614368438720703,0.8773738446831704,0.39614367485046387,0.0
X,39072,0.5509132742881775,0.4868290424346924,0.1642962396144867,0.38056468963623047,0.6233790591405705,0.41966894268989563,0.15303228795528412
S,39076,0.48858293890953064,0.49753057956695557,0.14178438484668732,0.34470856189727783,0.6510222733319582,0.4110683798789978,0.08261565864086151
S,39085,0.48111456632614136,0.4982433319091797,0.14364300668239594,0.34471020102500916,0.683882720693946,0.4144960343837738,0.07119922339916229
X,39093,0.5413625240325928,0.4859369993209839,0.16209213435649872,0.38709086179733276,0.6289796501250627,0.41403305530548096,0.24173976480960846
X,39122,0.530202329158783,0.4613679051399231,0.15963459014892578,0.398220419883728,0.7026099124827977,0.4028235971927643,0.5878567099571228
X,39126,0.5237860083580017,0.48977530002593994,0.1583779752254486,0.38078948855400085,0.6592272705646853,0.4141550660133362,0.20949295163154602
T,39143,0.5349386930465698,0.47998565435409546,0.16240273416042328,0.3996107280254364,0.6514383738472437,0.4108675420284271,0.3931243121623993
X,39146,0.5569652915000916,0.4868043065071106,0.1668686717748642,0.38156938552856445,0.6637466707600591,0.427114874124527,0.1063927486538887
T,39151,0.52500319480896,0.45358094573020935,0.15707151591777802,0.3954874873161316,0.7319823893307088,0.4024524986743927,0.5941345691680908
X,39157,0.5483109951019287,0.48610353469848633,0.1624656766653061,0.3804582357406616,0.627597029080304,0.4163610637187958,0.17349198460578918
_,39165,0.5084103345870972,0.44211065769195557,0.1490059643983841,0.38598868250846863,0.8775065537790459,0.39598867297172546,0.0
_,39166,0.5091413855552673,0.442266047000885,0.1493559628725052,0.38644084334373474,0.8770806140700976,0.3964408040046692,0.0
N,39183,0.578255295753479,0.48071229457855225,0.16986782848834991,0.38381990790367126,0.663947711227617,0.4257405698299408,0.08675970882177353
N,39205,0.527610719203949,0.4902014136314392,0.15851564705371857,0.38708409667015076,0.6511477810689636,0.4121973514556885,0.2716086506843567
N,39209,0.5406057238578796,0.4828062951564789,0.16054333746433258,0.38233667612075806,0.6425591571131373,0.4149586856365204,0.18293778598308563
N,39211,0.5285256505012512,0.49368882179260254,0.15958957374095917,0.3918240964412689,0.6236929576766367,0.4075431227684021,0.3543427586555481
X,39215,0.619512140750885,0.4881763458251953,0.18416130542755127,0.39459916949272156,0.6223372125613484,0.4399656355381012,0.09209193289279938
_,39216,0.508439302444458,0.44211679697036743,0.14901980757713318,0.38600659370422363,0.8774364113807679,0.39600658416748047,0.0
S,39218,0.46838095784187317,0.5030218362808228,0.1381150782108307,0.34152302145957947,0.6712405053712428,0.40869322419166565,0.10242258012294769
N,39230,0.5510945916175842,0.4906037449836731,0.16449479758739471,0.38464298844337463,0.648418439385908,0.42071533203125,0.19066353142261505
S,39231,0.4710526764392853,0.49875372648239136,0.14024052023887634,0.34224385023117065,0.7120943317065637,0.41358351707458496,0.06959807872772217
N,39241,0.5676587224006653,0.4845988154411316,0.16730479896068573,0.38209185004234314,0.647886382765076,0.4242164194583893,0.11576706171035767
T,39269,0.5467132925987244,0.4939610958099365,0.16783198714256287,0.40676596760749817,0.6160472495992629,0.40199577808380127,0.5707979202270508
_,39270,0.5084034204483032,0.4421091675758362,0.14900265634059906,0.3859843313694,0.8775199213624001,0.39598432183265686,0.0
S,39290,0.46266815066337585,0.5012825727462769,0.13541589677333832,0.34355658292770386,0.6721601551150282,0.40130138397216797,0.13350094854831696
_,39295,0.5091648697853088,0.44227102398872375,0.14936718344688416,0.38645532727241516,0.8770317506293457,0.396455317735672,0.0
X,39299,0.5306644439697266,0.46105846762657166,0.159854918718338,0.3984711170196533,0.7231487976464398,0.4031241238117218,0.5918409824371338
X,39311,0.599075436592102,0.48603150248527527,0.17838728427886963,0.39355212450027466,0.6189543188460327,0.4334208369255066,0.1244153156876564
T,39313,0.5558227896690369,0.4789590537548065,0.16843050718307495,0.3991639316082001,0.6555487774827816,0.41759827733039856,0.2985246181488037
N,39314,0.577195405960083,0.4917789697647095,0.17154988646507263,0.38839346170425415,0.5852882381505818,0.4277644455432892,0.16860875487327576
X,39316,0.5507903099060059,0.4885573387145996,0.16890719532966614,0.3969518542289734,0.631430080869856,0.424430251121521,0.24361926317214966
S,39317,0.47663193941116333,0.5006494522094727,0.14231273531913757,0.3488086462020874,0.6761555794874827,0.41326650977134705,0.10087238252162933
S,39320,0.5021299123764038,0.49651774764060974,0.15211501717567444,0.3548318147659302,0.6804063177232942,0.4251984655857086,0.05257357656955719
X,39327,0.5435747504234314,0.4654107689857483,0.16610242426395416,0.4063197076320648,0.6636654556250634,0.4108878970146179,0.5824182033538818
_,39336,0.5202020406723022,0.44460970163345337,0.15466465055942535,0.3932470679283142,0.8708679478863876,0.40324705839157104,0.0
T,39342,0.5914788246154785,0.48653942346572876,0.18222425878047943,0.40992406010627747,0.6095050499165275,0.4305861294269562,0.2944577634334564
S,39345,0.5378786325454712,0.49963095784187317,0.15755613148212433,0.3605128526687622,0.6174903005542971,0.42683371901512146,0.07892192155122757
_,39352,0.5207709670066833,0.4447297751903534,0.1549385040998459,0.39359503984451294,0.8706356261173884,0.4035950005054474,0.0
N,39360,0.5690049529075623,0.48596325516700745,0.16881534457206726,0.3873325288295746,0.6794363960007286,0.4287155866622925,0.1243291050195694
N,39369,0.551310658454895,0.48584139347076416,0.1660894900560379,0.3842402398586273,0.6755322110879934,0.428008109331131,0.11088376492261887
_,39373,0.5202639698982239,0.4446227550506592,0.1546945720911026,0.39328476786613464,0.8707453896601995,0.4032847285270691,0.0
S,39380,0.4884636700153351,0.5033592581748962,0.14593911170959473,0.34600141644477844,0.673737008633713,0.4201716482639313,0.07323656231164932
T,39396,0.5665899515151978,0.48628297448158264,0.1743459552526474,0.4045729339122772,0.6247503978064439,0.4262531101703644,0.2860907018184662
N,39418,0.5529770255088806,0.48321565985679626,0.16316187381744385,0.37840211391448975,0.6785567148566285,0.42332515120506287,0.09241857379674911
T,39438,0.5574746131896973,0.48263880610466003,0.17039519548416138,0.3953084945678711,0.6594548616325483,0.42875346541404724,0.16081088781356812
_,39444,0.5205947756767273,0.4446926414966583,0.1548537164926529,0.3934873640537262,0.8707238413393498,0.40348735451698303,0.0
T,39453,0.5397612452507019,0.4596172273159027,0.1642146110534668,0.40426790714263916,0.6522866791432019,0.4103430509567261,0.5914875864982605
T,39466,0.5536079406738281,0.4946311414241791,0.1711144745349884,0.4117068946361542,0.5396370777110375,0.4117274582386017,0.5257781744003296
T,39471,0.5421041250228882,0.4587971568107605,0.16536825895309448,0.4057628810405731,0.7088535433727036,0.41254642605781555,0.5803608298301697
S,39474,0.5485029816627502,0.500479519367218,0.16202041506767273,0.3639582395553589,0.6218723059622668,0.4336567521095276,0.06502006947994232
_,39478,0.5202909708023071,0.44462850689888,0.15470737218856812,0.39330169558525085,0.8708398545285067,0.4033016860485077,0.0
X,39487,0.6377884149551392,0.49039649963378906,0.18764063715934753,0.39681190252304077,0.6310017179541562,0.44726812839508057,0.06647041440010071
N,39490,0.5436867475509644,0.49986395239830017,0.16642457246780396,0.40553775429725647,0.6057153551204829,0.4105314612388611,0.45783498883247375
S,39503,0.4760948419570923,0.4986279308795929,0.14257016777992249,0.34553733468055725,0.692225873656571,0.4153890013694763,0.07207092642784119
N,39510,0.5578351020812988,0.48299095034599304,0.1643814593553543,0.3781169056892395,0.6871667192318516,0.4261240065097809,0.06864234805107117
T,39523,0.5363383889198303,0.4567476511001587,0.16254480183124542,0.40248093008995056,0.7350014030644283,0.40965503454208374,0.5711361765861511
T,39527,0.5393804311752319,0.4607000946998596,0.16404983401298523,0.4041283428668976,0.6507652925078825,0.41033658385276794,0.5672358870506287
T,39546,0.6127721071243286,0.4850049912929535,0.18845610320568085,0.41601231694221497,0.5973189707636221,0.4347973167896271,0.3077795207500458
X,39561,0.6041824817657471,0.48579978942871094,0.18029585480690002,0.3962467610836029,0.6288923471552941,0.4377965033054352,0.1048460304737091
N,39562,0.5674180388450623,0.4829601049423218,0.17079316079616547,0.3869151771068573,0.675190056230058,0.4317269027233124,0.07680482417345047
S,39580,0.48624879121780396,0.5015520453453064,0.14224672317504883,0.34468334913253784,0.6268518350997087,0.41584664583206177,0.07896807789802551
T,39581,0.5401111245155334,0.4841052293777466,0.16465604305267334,0.40298041701316833,0.616083251189535,0.40984243154525757,0.4516816735267639
_,39586,0.5214127898216248,0.4448646008968353,0.15524858236312866,0.3939843475818634,0.8694699036578338,0.40398433804512024,0.0
S,39590,0.4834810495376587,0.4996963143348694,0.14505930244922638,0.34959882497787476,0.6780809376885494,0.4178115725517273,0.08103763312101364
T,39592,0.5406944155693054,0.4610159397125244,0.16468627750873566,0.4048406481742859,0.6291639001941667,0.41081058979034424,0.5775713920593262
_,39594,0.520256757736206,0.4446212947368622,0.15469098091125488,0.39328062534332275,0.8708792125682037,0.4032806158065796,0.0
N,39597,0.5795987844467163,0.48961788415908813,0.1719844788312912,0.38501986861228943,0.6312240554093539,0.4318796694278717,0.10804326832294464
_,39607,0.5210293531417847,0.4447842538356781,0.15506313741207123,0.3937523365020752,0.870351184507211,0.40375232696533203,0.0
_,39608,0.5210158228874207,0.4447813630104065,0.15505659580230713,0.39374417066574097,0.8704054754972459,0.403744101524353,0.0
_,39610,0.5211076736450195,0.4448007345199585,0.15510079264640808,0.39380040764808655,0.8703806873659293,0.403800368309021,0.0
S,39630,0.4765961766242981,0.50065016746521,0.14229793846607208,0.34880515933036804,0.676201529527704,0.41324618458747864,0.10095041990280151
_,39633,0.5203606486320496,0.4446432590484619,0.15474092960357666,0.39334431290626526,0.8709403655429682,0.4033442735671997,0.0
X,39635,0.5372058153152466,0.46450379490852356,0.16300934553146362,0.4024914503097534,0.669288158818866,0.40679028630256653,0.5822106003761292
S,39667,0.5518311858177185,0.499508261680603,0.15949967503547668,0.3623807728290558,0.6489387009691928,0.429313600063324,0.07419087737798691
S,39682,0.4823308289051056,0.5003698468208313,0.1455833464860916,0.347684383392334,0.7044539250930151,0.42163676023483276,0.06183227524161339
_,39689,0.5296111106872559,0.4465891718864441,0.1592048704624176,0.3989701569080353,0.8634925144414107,0.4089701175689697,0.0
T,39693,0.5482963919639587,0.4624675214290619,0.1683693379163742,0.4096381366252899,0.7162333663741205,0.4165356457233429,0.5449131727218628
N,39695,0.56081622838974,0.4853723347187042,0.1673632115125656,0.39059606194496155,0.6583915713134533,0.42509663105010986,0.17156527936458588
T,39697,0.5494176149368286,0.4611777365207672,0.16890892386436462,0.41012415289878845,0.678786920853551,0.4166593551635742,0.5829694867134094
S,39710,0.6084138751029968,0.5001556277275085,0.17889834940433502,0.380853533744812,0.5881333863480298,0.44760894775390625,0.05514524132013321
T,39712,0.5507707595825195,0.46097931265830994,0.1695808470249176,0.411002516746521,0.7055900375066101,0.4180050790309906,0.5678749680519104
_,39723,0.5293868184089661,0.4465421736240387,0.159096360206604,0.3988347053527832,0.8636658425132434,0.40883466601371765,0.0
N,39732,0.6048625111579895,0.48249951004981995,0.17722536623477936,0.39196890592575073,0.6698291432329765,0.4371415972709656,0.05566110834479332
_,39741,0.5286623239517212,0.44639018177986145,0.15874606370925903,0.3983960747718811,0.8640701125065486,0.40839603543281555,0.0
N,39745,0.5872182250022888,0.4870525300502777,0.17813757061958313,0.39393651485443115,0.656447858781612,0.4412010908126831,0.0736503079533577
T,39746,0.5480775237083435,0.4608762264251709,0.1682542860507965,0.4094049334526062,0.7123245771845511,0.41610410809516907,0.5745428204536438
T,39759,0.6510289311408997,0.4915759861469269,0.19724150002002716,0.4199672341346741,0.6064237209685477,0.4488414525985718,0.2220015674829483
_,39761,0.5298694968223572,0.44664266705513,0.1593308448791504,0.39912354946136475,0.8624261239667734,0.4091235399246216,0.0
S,39767,0.4794207811355591,0.5030549168586731,0.14387555420398712,0.35166966915130615,0.6646560778779289,0.41553744673728943,0.10881509631872177
S,39772,0.4752366840839386,0.5019388198852539,0.14215187728405,0.3475661277770996,0.6835948471600811,0.4156641960144043,0.08945821970701218
_,39773,0.528712809085846,0.4464007616043091,0.158770352602005,0.39842674136161804,0.8641090284784635,0.4084267318248749,0.0
N,39781,0.5595845580101013,0.5029073357582092,0.1739945113658905,0.41555437445640564,0.6075733166529487,0.4145093262195587,0.5231490135192871
T,39787,0.5495246648788452,0.46238765120506287,0.16896948218345642,0.4102453589439392,0.7079985357407653,0.4167909026145935,0.5648365616798401
X,39792,0.5521253347396851,0.4663335680961609,0.17024806141853333,0.4115432798862457,0.6979799988019901,0.41670912504196167,0.5778458714485168
N,39793,0.5603147745132446,0.4848537743091583,0.16680718958377838,0.3837844431400299,0.673277083998449,0.4293329417705536,0.08962845802307129
N,39816,0.5315462350845337,0.4883158504962921,0.16187390685081482,0.3891896605491638,0.6835372222187774,0.4238886535167694,0.1905122548341751
N,39821,0.645908534526825,0.5038766860961914,0.19526289403438568,0.41592738032341003,0.504487290524612,0.4477153420448303,0.25460541248321533
X,39827,0.5482532978057861,0.4676249325275421,0.1683654636144638,0.409165620803833,0.6798132498399602,0.413585901260376,0.5768936276435852
_,39831,0.5289489030838013,0.44645029306411743,0.15888454020023346,0.39856964349746704,0.8639270660281182,0.4085696339607239,0.0
S,39843,0.4852316379547119,0.5009825825691223,0.14615845680236816,0.3541443347930908,0.660034012986968,0.4177325367927551,0.10076728463172913
N,39847,0.5761738419532776,0.4915401339530945,0.1718515306711197,0.3913573920726776,0.6607714264841373,0.4335549473762512,0.14558537304401398
_,39854,0.5285036563873291,0.44635698199272156,0.1586693376302719,0.39830005168914795,0.8641669716934364,0.4083000123500824,0.0
T,39856,0.559260904788971,0.4932296872138977,0.1740281879901886,0.41328468918800354,0.608366748144775,0.41955482959747314,0.4630090594291687
X,39857,0.5518021583557129,0.46711641550064087,0.17009834945201874,0.4112565815448761,0.6879642298744739,0.4160325825214386,0.5810005068778992
S,39861,0.5345590114593506,0.5023338198661804,0.15615560114383698,0.3615618348121643,0.6506273732663734,0.4297230839729309,0.08213040977716446
_,39869,0.5292571187019348,0.4465149939060211,0.15903353691101074,0.39875632524490356,0.8637779927750429,0.408756285905838,0.0
N,39871,0.5583208203315735,0.4984610080718994,0.17201170325279236,0.40522506833076477,0.6395402222734022,0.4247114062309265,0.33714497089385986
N,39872,0.5777768492698669,0.4848500192165375,0.1698191910982132,0.38538554310798645,0.6777715148804418,0.43264734745025635,0.0731683149933815
S,39877,0.4985358417034149,0.5068157911300659,0.1505490094423294,0.35726335644721985,0.6320286576201519,0.422643780708313,0.1137731745839119
_,39897,0.5298784375190735,0.4466446042060852,0.1593351811170578,0.3991290330886841,0.862415657689174,0.40912899374961853,0.0
X,39911,0.5594887137413025,0.48728129267692566,0.1713630110025406,0.39401933550834656,0.6616676419670694,0.4318019449710846,0.15243691205978394
N,39913,0.5446071624755859,0.4986693859100342,0.1673629730939865,0.40133345127105713,0.636792774827724,0.4213621914386749,0.33221790194511414
S,39918,0.49738064408302307,0.5086249113082886,0.14993059635162354,0.35578879714012146,0.6263660251287123,0.42116034030914307,0.1201910525560379
X,39920,0.6008513569831848,0.48812466859817505,0.17785640060901642,0.3938636779785156,0.6203264874863089,0.43604743480682373,0.11829765141010284
T,39931,0.5596694946289062,0.4926600158214569,0.17402613162994385,0.4153289496898651,0.6316217591346747,0.4144013822078705,0.5509958267211914
X,39939,0.5507721304893494,0.48705413937568665,0.16686023771762848,0.38488343358039856,0.6373374107806012,0.42754799127578735,0.12383821606636047
X,39940,0.6696516275405884,0.4919615387916565,0.19440221786499023,0.40292444825172424,0.6228066226016381,0.4548395574092865,0.05303429439663887
S,39941,0.4828219711780548,0.5017671585083008,0.14525847136974335,0.3527950644493103,0.6705588649647932,0.41784748435020447,0.09874315559864044
_,39949,0.5291433334350586,0.4464910924434662,0.15897856652736664,0.39868736267089844,0.8638276435931524,0.4086873531341553,0.0
T,39950,0.5482051968574524,0.4601098597049713,0.16830974817276,0.40940847992897034,0.7484048437103532,0.41607117652893066,0.5901904702186584
N,39955,0.6373805999755859,0.49106770753860474,0.18630053102970123,0.3938997983932495,0.6205428704320991,0.4440591037273407,0.0772349014878273
N,39959,0.5773617625236511,0.4894810616970062,0.17187657952308655,0.3915696442127228,0.6301930079105424,0.4275624752044678,0.17967820167541504
_,39965,0.5137337446212769,0.4432409703731537,0.15155689418315887,0.38927537202835083,0.8735032192866008,0.3992753326892853,0.0
T,39979,0.531816303730011,0.45584774017333984,0.16036489605903625,0.39958587288856506,0.7260279604902826,0.4063432216644287,0.5916350483894348
S,39984,0.4982766807079315,0.5085700750350952,0.14377687871456146,0.3474369943141937,0.5991629519706476,0.41199156641960144,0.12715670466423035
_,39989,0.5141247510910034,0.4433238208293915,0.15174448490142822,0.389516144990921,0.8733007837831974,0.39951610565185547,0.0
N,40003,0.5762035846710205,0.4856739938259125,0.16989758610725403,0.3843086361885071,0.6641764082132189,0.42915716767311096,0.09903884679079056
T,40004,0.6308723092079163,0.4824979901313782,0.1856168955564499,0.39940008521080017,0.6390232289447644,0.43919238448143005,0.08322851359844208
N,40017,0.5669838190078735,0.4852621555328369,0.17174294590950012,0.38572022318840027,0.6575613641606954,0.4332602322101593,0.07413932681083679
X,40029,0.5645492076873779,0.4865868389606476,0.16725777089595795,0.38628602027893066,0.6194064075755887,0.42076990008354187,0.18083885312080383
T,40030,0.5342965722084045,0.45846548676490784,0.16157987713813782,0.4009358882904053,0.738003701155391,0.4069385826587677,0.5914283394813538
X,40032,0.5676126480102539,0.48551082611083984,0.17128638923168182,0.38923048973083496,0.6447019192343578,0.4291906952857971,0.12873730063438416
N,40043,0.5654102563858032,0.4898025691509247,0.16703076660633087,0.3828195333480835,0.5968613884951204,0.4251158535480499,0.14354866743087769
S,40048,0.47084683179855347,0.5013731122016907,0.1401122361421585,0.3397476077079773,0.7136008062710365,0.41501784324645996,0.06530240923166275
N,40050,0.6375011205673218,0.4909287691116333,0.18558838963508606,0.392843633890152,0.619224070814386,0.44372862577438354,0.0731034129858017
T,40051,0.5345264673233032,0.4610178768634796,0.16170598566532135,0.4009702801704407,0.6847623796123663,0.4061642587184906,0.586389422416687
N,40057,0.5462493896484375,0.5003380179405212,0.1676710546016693,0.4031566083431244,0.600712701138109,0.41437429189682007,0.40338730812072754
S,40062,0.5360931754112244,0.5034656524658203,0.15871794521808624,0.36564379930496216,0.5643411004133183,0.42321982979774475,0.13098359107971191
S,40068,0.482906699180603,0.4989537298679352,0.1438622921705246,0.34975308179855347,0.6672931291659674,0.41339045763015747,0.09689559042453766
T,40069,0.5567832589149475,0.4810207188129425,0.16955523192882538,0.39380982518196106,0.6623380793266309,0.4216461479663849,0.2053300142288208
T,40081,0.5447648167610168,0.47323334217071533,0.16674776375293732,0.4063536822795868,0.4038577875917751,0.4078550934791565,0.589966893196106
T,40083,0.5404788255691528,0.48609620332717896,0.1649569422006607,0.40222254395484924,0.6369297933205963,0.41162747144699097,0.4189894497394562
T,40089,0.5609796047210693,0.48633521795272827,0.17116963863372803,0.3956631124019623,0.529683117477107,0.4239274859428406,0.22640565037727356
X,40103,0.5332281589508057,0.4619995653629303,0.1610874980688095,0.40010619163513184,0.6804739727275835,0.40483176708221436,0.5856691598892212
T,40105,0.5607802271842957,0.4824734628200531,0.17179898917675018,0.3963710367679596,0.6409211583559712,0.42551660537719727,0.19788876175880432
N,40106,0.543267548084259,0.48723894357681274,0.16123774647712708,0.3808692395687103,0.6553761162396404,0.41836780309677124,0.16740961372852325
X,40109,0.5546039938926697,0.4838670492172241,0.16568243503570557,0.38050803542137146,0.6842438373202459,0.4264388084411621,0.0858125314116478
X,40110,0.5546552538871765,0.4840598702430725,0.1656208634376526,0.38233253359794617,0.6340480948208521,0.42241939902305603,0.12754327058792114
T,40113,0.5268883109092712,0.4543825387954712,0.15796878933906555,0.3967285752296448,0.7111590576571568,0.4037398397922516,0.5830637216567993
T,40116,0.5270506143569946,0.4544141888618469,0.15804755687713623,0.3968326449394226,0.7108836227321688,0.4038616418838501,0.5821216702461243
S,40117,0.4809240698814392,0.5004302263259888,0.139629065990448,0.34144100546836853,0.6298630045267055,0.41176557540893555,0.07928589731454849
X,40129,0.5685851573944092,0.48769593238830566,0.17043034732341766,0.38457784056663513,0.6589508292532992,0.43167150020599365,0.0963224545121193
T,40131,0.545733630657196,0.48431554436683655,0.16646093130111694,0.39478445053100586,0.6511830401257612,0.42145609855651855,0.23448410630226135
T,40145,0.5790742039680481,0.4783054292201996,0.17257808148860931,0.3912927210330963,0.6576987539724602,0.4262171983718872,0.11714357137680054
X,40146,0.5283958911895752,0.4601510167121887,0.1587430089712143,0.39724209904670715,0.7071018403681228,0.40218785405158997,0.5859775543212891
N,40151,0.5339599847793579,0.4896537959575653,0.16091720759868622,0.39132100343704224,0.6362903272923238,0.4113284647464752,0.3120807707309723
_,40164,0.5136612057685852,0.44322556257247925,0.15152211487293243,0.3892306983470917,0.8734907645483813,0.3992306590080261,0.0
_,40167,0.5144001245498657,0.4433820843696594,0.15187682211399078,0.3896852135658264,0.8729715279738108,0.39968520402908325,0.0
T,40177,0.5325453877449036,0.4580761790275574,0.16073603928089142,0.3999364674091339,0.7212943327682054,0.4060743749141693,0.5843235850334167
S,40183,0.5635715126991272,0.4984920918941498,0.1662493199110031,0.3698596656322479,0.6002647026704411,0.4329718351364136,0.07914590835571289
S,40206,0.46605542302131653,0.5018026828765869,0.13725487887859344,0.3450488746166229,0.6725085009572407,0.4047984778881073,0.1256093531847
_,40217,0.5136685967445374,0.4432271420955658,0.151525616645813,0.389235258102417,0.8735056383907795,0.39923524856567383,0.0
N,40219,0.5345796942710876,0.4942772686481476,0.16288836300373077,0.39343950152397156,0.6649751425914777,0.41571158170700073,0.3041469156742096
N,40221,0.534488320350647,0.48460960388183594,0.16036824882030487,0.3833509385585785,0.6795397217156521,0.41961920261383057,0.1633145660161972
N,40226,0.5841012001037598,0.5003001093864441,0.1775185614824295,0.40637314319610596,0.6103294438068997,0.4255078434944153,0.3424650728702545
S,40230,0.5285956859588623,0.49956706166267395,0.15493081510066986,0.358377069234848,0.6277506164327012,0.42671361565589905,0.0700562447309494
N,40234,0.5886416435241699,0.4875463843345642,0.17251013219356537,0.38706159591674805,0.6602953863902319,0.4346596896648407,0.08598550409078598
N,40259,0.5597731471061707,0.48220211267471313,0.16631001234054565,0.3880230486392975,0.680884645608021,0.4259476363658905,0.12683962285518646
T,40271,0.5897979140281677,0.4807988107204437,0.17808270454406738,0.3994317352771759,0.6513203951551502,0.43393197655677795,0.12522049248218536
_,40272,0.5288375616073608,0.44642701745033264,0.15883061289787292,0.3985025882720947,0.8643510798613231,0.4085025489330292,0.0
T,40273,0.5678346157073975,0.5037247538566589,0.17806784808635712,0.41949182748794556,0.641117335894475,0.4147617816925049,0.5645590424537659
X,40282,0.554449737071991,0.4701997637748718,0.17139580845832825,0.41266006231307983,0.5603915016511686,0.41651710867881775,0.5840511322021484
N,40301,0.5495930910110474,0.5031242966651917,0.17048680782318115,0.40619543194770813,0.6099074559440487,0.4208761155605316,0.3804672658443451
S,40303,0.4798624813556671,0.5025851726531982,0.14417895674705505,0.34995415806770325,0.6718478241935373,0.41796013712882996,0.09158692508935928
X,40332,0.5452771186828613,0.46282869577407837,0.16689664125442505,0.4075912535190582,0.6973272295983164,0.4133078455924988,0.5791154503822327
T,40334,0.5491260886192322,0.46027252078056335,0.16876588761806488,0.4099932312965393,0.6848186252668045,0.41682863235473633,0.5819392800331116
S,40343,0.4874410033226013,0.5068340301513672,0.14386071264743805,0.34238195419311523,0.6589284304218989,0.4221104681491852,0.06659482419490814
T,40346,0.7241697311401367,0.4876675009727478,0.2090824395418167,0.41944941878318787,0.6177289531774538,0.4634447991847992,0.03292602300643921
X,40349,0.6444770693778992,0.48866283893585205,0.18701161444187164,0.4004388153553009,0.6095215047213909,0.4441183805465698,0.09644867479801178
S,40354,0.4743924140930176,0.5004218220710754,0.14155812561511993,0.3478298783302307,0.6920141051461299,0.415831059217453,0.08430644869804382
N,40366,0.574745774269104,0.4901943504810333,0.17331810295581818,0.3943171799182892,0.622353041198209,0.4310035705566406,0.17516829073429108
N,40368,0.5486637949943542,0.48753780126571655,0.1670965552330017,0.39099034667015076,0.6737143072119216,0.4289770722389221,0.15806567668914795
S,40375,0.5054349899291992,0.5027081370353699,0.14915184676647186,0.3530436158180237,0.6250674134312431,0.4218745529651642,0.08578678220510483
X,40380,0.6168161034584045,0.4898284077644348,0.18449732661247253,0.4011003077030182,0.6207945920042888,0.44294631481170654,0.12125610560178757
S,40383,0.48352015018463135,0.5002679824829102,0.14534536004066467,0.35014861822128296,0.6802012120063107,0.41873419284820557,0.07916459441184998
T,40389,0.561381995677948,0.4819496273994446,0.17261579632759094,0.3988732099533081,0.6531080046327165,0.4284211993217468,0.1881069839000702
_,40401,0.5288015604019165,0.4464193880558014,0.15881337225437164,0.3984803259372711,0.8640582332511744,0.40848031640052795,0.0
T,40402,0.5580095648765564,0.49332183599472046,0.17322474718093872,0.41453710198402405,0.6240334859790831,0.4145025610923767,0.5361329913139343
_,40404,0.5283414721488953,0.4463230073451996,0.15859073400497437,0.3982023298740387,0.8645764419436456,0.40820232033729553,0.0
X,40412,0.5469192862510681,0.4652136266231537,0.1677059531211853,0.40856558084487915,0.6874504178480493,0.41393107175827026,0.5684147477149963
_,40427,0.5283268690109253,0.44631990790367126,0.15858381986618042,0.3981931209564209,0.86452499255538,0.40819311141967773,0.0
T,40432,0.548071026802063,0.4607803523540497,0.16826701164245605,0.40945178270339966,0.6872445014001763,0.41660696268081665,0.5531564354896545
N,40435,0.5813869833946228,0.4840673804283142,0.17364563047885895,0.39074549078941345,0.6633548699785025,0.43450072407722473,0.08477212488651276
_,40438,0.5295915603637695,0.4465844929218292,0.15919631719589233,0.398955762386322,0.8629060834646225,0.40895578265190125,0.0
T,40443,0.5604003071784973,0.4780919551849365,0.1743449568748474,0.41583094000816345,0.35645126094422325,0.4177726209163666,0.57893967628479
T,40453,0.6183631420135498,0.48625442385673523,0.18488512933254242,0.40389201045036316,0.6269339135453872,0.44257551431655884,0.11898000538349152
_,40463,0.5283690094947815,0.4463287591934204,0.15860413014888763,0.3982187509536743,0.8645813147723675,0.40821871161460876,0.0
N,40464,0.6269698739051819,0.4906896948814392,0.1842430979013443,0.39943844079971313,0.6170767954319551,0.4422648251056671,0.12099062651395798
_,40477,0.5282345414161682,0.4463004767894745,0.15853920578956604,0.3981372117996216,0.8644949885706107,0.4081372022628784,0.0
X,40478,0.568462073802948,0.4943171441555023,0.17567746341228485,0.39677193760871887,0.6305044777970762,0.4352986514568329,0.18033495545387268
N,40485,0.5645644664764404,0.48717984557151794,0.16737432777881622,0.3908521234989166,0.6555493280256875,0.42481639981269836,0.18591631948947906
T,40489,0.5448170304298401,0.4585650861263275,0.16664914786815643,0.40749531984329224,0.725799750280227,0.4144738018512726,0.5871323943138123
N,40499,0.5850301384925842,0.48675090074539185,0.1768311858177185,0.3939014673233032,0.6410271827761123,0.43835145235061646,0.09343189746141434
T,40504,0.5423291921615601,0.48518067598342896,0.1665225327014923,0.40272781252861023,0.6225117385946215,0.421161025762558,0.31894001364707947
X,40512,0.5484831929206848,0.4693847894668579,0.1684851348400116,0.4091281294822693,0.6611645113536604,0.4127298593521118,0.5833503007888794
_,40520,0.5282962918281555,0.44631344079971313,0.1585691124200821,0.3981744050979614,0.8644653067489466,0.40817442536354065,0.0
T,40522,0.5400885343551636,0.4797589182853699,0.16402608156204224,0.39341089129447937,0.6606654203931491,0.4182073175907135,0.23320163786411285
X,40526,0.5499805808067322,0.46456336975097656,0.1692003756761551,0.41045334935188293,0.6614958536274693,0.41641971468925476,0.5630976557731628
N,40538,0.548237681388855,0.48506054282188416,0.16289561986923218,0.38503023982048035,0.6689627803456581,0.4222352206707001,0.15450483560562134
X,40547,0.5484395623207092,0.4693712592124939,0.16846415400505066,0.4091129004955292,0.6612553457139682,0.4127448499202728,0.5825591087341309
N,40551,0.5546318888664246,0.4891347289085388,0.16414238512516022,0.38044923543930054,0.6011437188997723,0.42136114835739136,0.15256167948246002
N,40568,0.5363389253616333,0.48133209347724915,0.1573169231414795,0.37245887517929077,0.6860571215618014,0.4154852330684662,0.10342492163181305
_,40569,0.508988618850708,0.44223374128341675,0.14928250014781952,0.38634711503982544,0.8774694893757503,0.39634713530540466,0.0
T,40573,0.5442968010902405,0.48354071378707886,0.16501040756702423,0.3975898325443268,0.6393159273138735,0.4128282964229584,0.3480221927165985
X,40593,0.5288833975791931,0.46406984329223633,0.15901629626750946,0.39708051085472107,0.6615821219849598,0.4001893103122711,0.5970805883407593
T,40606,0.5502827167510986,0.4956561326980591,0.1695689707994461,0.40859127044677734,0.6124020877179768,0.4028635323047638,0.5792494416236877
N,40612,0.5489790439605713,0.4834308922290802,0.16092975437641144,0.3763844072818756,0.6745288061922474,0.41854366660118103,0.11704599857330322
N,40623,0.5695297122001648,0.4895405173301697,0.1675061583518982,0.38232946395874023,0.6692555928661629,0.4256514012813568,0.13589546084403992
_,40624,0.5090198516845703,0.4422403573989868,0.14929746091365814,0.3863663971424103,0.8774459777275722,0.3963663876056671,0.0
N,40643,0.517408549785614,0.48691195249557495,0.15468572080135345,0.38249140977859497,0.6825204877896855,0.41117802262306213,0.23461110889911652
N,40645,0.5450060367584229,0.48437944054603577,0.16275613009929657,0.38004228472709656,0.6860671809162402,0.4216770529747009,0.12274261564016342
X,40646,0.5627275109291077,0.48314353823661804,0.16741733253002167,0.3827834129333496,0.639757436158446,0.4235266447067261,0.11608004570007324
S,40649,0.5003179311752319,0.4954723119735718,0.1461091935634613,0.35337361693382263,0.6459389315594066,0.4122302532196045,0.1020292118191719
X,40656,0.5302269458770752,0.46052706241607666,0.1596391499042511,0.3983134627342224,0.68467471084971,0.4032888114452362,0.5860028862953186
N,40664,0.5244066715240479,0.48876598477363586,0.15812751650810242,0.39018794894218445,0.6394745025514689,0.4095117151737213,0.3162737488746643
N,40693,0.5404413342475891,0.48580512404441833,0.16098648309707642,0.37831321358680725,0.6855603963928297,0.42104583978652954,0.12571366131305695
T,40698,0.5222213268280029,0.45301106572151184,0.15571898221969604,0.3937895596027374,0.7384146580181733,0.4006524980068207,0.5987815260887146
N,40700,0.5722370743751526,0.4839303195476532,0.170219287276268,0.38339489698410034,0.6825121081572919,0.43003132939338684,0.0754852443933487
N,40706,0.5201290845870972,0.4849880635738373,0.1550908386707306,0.3787872791290283,0.6692928430791654,0.41183674335479736,0.19404657185077667
T,40720,0.529939591884613,0.45667633414268494,0.15948566794395447,0.3983752131462097,0.7239613674540791,0.40481477975845337,0.5828350186347961
S,40723,0.4664672017097473,0.5004746913909912,0.1385517567396164,0.3379324972629547,0.7102881746863325,0.4128327965736389,0.06511245667934418
S,40728,0.49750444293022156,0.4991665780544281,0.14732035994529724,0.34788718819618225,0.6781989738096794,0.4178801476955414,0.07156004011631012
X,40740,0.5258668661117554,0.459137886762619,0.157525897026062,0.39585989713668823,0.7135487701243256,0.4013242721557617,0.5714091658592224
S,40746,0.5565686225891113,0.49861401319503784,0.1646043211221695,0.3716953694820404,0.59352482938295,0.42691534757614136,0.11858022958040237
S,40755,0.4676852524280548,0.50203937292099,0.13819219172000885,0.33931174874305725,0.7060872683425745,0.4101508557796478,0.08567310869693756
X,40759,0.5294588804244995,0.46543142199516296,0.15930502116680145,0.39740145206451416,0.5758577903636009,0.4001719057559967,0.5929599404335022
S,40773,0.5126188397407532,0.502363383769989,0.14713415503501892,0.35152801871299744,0.6167239785236598,0.4128546118736267,0.11811579763889313
T,40784,0.529981255531311,0.45883551239967346,0.1595057249069214,0.39816591143608093,0.7155229824549921,0.40349000692367554,0.5969735383987427
X,40789,0.5274652242660522,0.4616669714450836,0.15831434726715088,0.39640265703201294,0.6858092377489174,0.4003726541996002,0.5959390997886658
T,40794,0.5418614745140076,0.48607808351516724,0.16554979979991913,0.4037044048309326,0.5802584748502099,0.4031701982021332,0.5436260104179382
T,40802,0.5437257289886475,0.4907859265804291,0.16638977825641632,0.4046003222465515,0.6131265621690546,0.40889227390289307,0.4747543931007385
S,40810,0.47691071033477783,0.49893057346343994,0.1403924524784088,0.3489084839820862,0.6564382722911736,0.40592917799949646,0.12656395137310028
X,40819,0.5410769581794739,0.48655253648757935,0.16089627146720886,0.3791220188140869,0.6273105435989177,0.41579580307006836,0.17145131528377533
N,40826,0.540429413318634,0.4984967112541199,0.16475467383861542,0.40325701236724854,0.599875985631758,0.40713006258010864,0.4659486711025238
S,40840,0.4879710078239441,0.5073649883270264,0.14015406370162964,0.3413061797618866,0.6524894630532072,0.41106829047203064,0.10711914300918579
X,40853,0.5499002933502197,0.4893363416194916,0.16568677127361298,0.38012295961380005,0.5818785687458391,0.42599958181381226,0.12066580355167389
X,40857,0.5448049306869507,0.48668408393859863,0.1631655991077423,0.38168081641197205,0.6364138629687174,0.4204542636871338,0.15485310554504395
S,40866,0.4624456763267517,0.5024393796920776,0.13633479177951813,0.33932897448539734,0.6814782493561506,0.4070526957511902,0.09919287264347076
S,40872,0.49222391843795776,0.497531533241272,0.1427287459373474,0.3461756110191345,0.6502449280321404,0.4113905429840088,0.0865490511059761
N,40879,0.5295196771621704,0.4794294238090515,0.15509295463562012,0.3728431463241577,0.7032869959572176,0.41310855746269226,0.11295542865991592
T,40886,0.6409096717834473,0.48395082354545593,0.19082415103912354,0.40283137559890747,0.6250363600532486,0.44344067573547363,0.07976556569337845
_,40888,0.5090088248252869,0.44223806262016296,0.1492922008037567,0.38635963201522827,0.8774802605807782,0.3963596224784851,0.0
S,40892,0.4658776819705963,0.49977773427963257,0.1368226408958435,0.34282612800598145,0.6816622796903055,0.4059371054172516,0.10672006011009216
N,40903,0.5489120483398438,0.48252788186073303,0.1630277931690216,0.37958934903144836,0.681333524263949,0.4220915734767914,0.10496722906827927
_,40904,0.5090203881263733,0.44224050641059875,0.14929769933223724,0.3863668739795685,0.8774290133515994,0.3963668644428253,0.0
X,40905,0.5356823801994324,0.4620548188686371,0.16225965321063995,0.4017750024795532,0.7023892153686878,0.40703433752059937,0.5743505358695984
T,40912,0.5405412912368774,0.4593229293823242,0.16459223628044128,0.4048687219619751,0.6917178127344232,0.41137591004371643,0.5790309906005859
T,40931,0.5345104932785034,0.4564207196235657,0.16164754331111908,0.40129902958869934,0.7049733194945536,0.4081314206123352,0.5891340970993042
N,40933,0.5499424338340759,0.4878690838813782,0.16483299434185028,0.3891412019729614,0.6474128902502101,0.4202219545841217,0.2143203169107437
N,40947,0.5851673483848572,0.48178616166114807,0.17226983606815338,0.3872796595096588,0.674621668497833,0.4313807487487793,0.07081256806850433
X,40948,0.5412980914115906,0.46159353852272034,0.16496749222278595,0.4051710069179535,0.6812884499931519,0.4108521640300751,0.5836060643196106
_,40962,0.5214475989341736,0.4448724389076233,0.15526461601257324,0.3940078318119049,0.8698001243174077,0.40400779247283936,0.0
N,40971,0.5961698889732361,0.48531007766723633,0.17477361857891083,0.38841453194618225,0.6549008523275552,0.43360909819602966,0.08583634346723557
X,40982,0.574855387210846,0.4875340759754181,0.17108651995658875,0.38492444157600403,0.6329230197526825,0.4314001202583313,0.0976829007267952
X,40995,0.5423319339752197,0.4626384973526001,0.16547755897045135,0.40574538707733154,0.7232286692568354,0.4111916422843933,0.5819549560546875
S,40997,0.474073588848114,0.5020562410354614,0.14136411249637604,0.34719085693359375,0.6764597997690242,0.4132980704307556,0.10021570324897766
_,41002,0.522691547870636,0.44513407349586487,0.1558648943901062,0.3947644531726837,0.8684239625434081,0.40476441383361816,0.0
X,41007,0.5491734743118286,0.48395320773124695,0.1651637703180313,0.3862355947494507,0.652894766816559,0.42260098457336426,0.15348750352859497
N,41011,0.5639953017234802,0.48949170112609863,0.1694093644618988,0.38965585827827454,0.6620907906685413,0.4308199882507324,0.14487209916114807
N,41013,0.5700302124023438,0.48265182971954346,0.17016726732254028,0.3872533440589905,0.6700132173191136,0.4298971891403198,0.09095580130815506
S,41015,0.481158971786499,0.5017688870429993,0.14359810948371887,0.34646978974342346,0.6722341949368517,0.4160343110561371,0.08479064702987671
X,41021,0.562494695186615,0.48604756593704224,0.16908739507198334,0.3907710313796997,0.6347816554581126,0.4254506230354309,0.1736559122800827
N,41025,0.5506147146224976,0.48514944314956665,0.166661337018013,0.38663768768310547,0.6791770478376808,0.42786869406700134,0.12241975218057632
_,41028,0.5213923454284668,0.4448608458042145,0.15523788332939148,0.39397427439689636,0.8698629535734654,0.4039742648601532,0.0
T,41036,0.5415605902671814,0.46038052439689636,0.16509246826171875,0.40540871024131775,0.6752588129799343,0.4115859866142273,0.5814842581748962
N,41040,0.5831411480903625,0.48550844192504883,0.1741003394126892,0.38635122776031494,0.6643577010395773,0.4365200102329254,0.054716795682907104
_,41049,0.5213266015052795,0.4448470175266266,0.15520623326301575,0.3939342200756073,0.8699289227028688,0.40393421053886414,0.0
X,41052,0.540828287601471,0.46357855200767517,0.1647532731294632,0.40479278564453125,0.6907582002945007,0.40981006622314453,0.5806447267532349
S,41054,0.49238526821136475,0.5045236349105835,0.14527717232704163,0.3501853942871094,0.6208183015258207,0.41645127534866333,0.10649897158145905
_,41066,0.5226003527641296,0.4451149106025696,0.15582087635993958,0.3947088122367859,0.8684525066614152,0.4047088027000427,0.0
T,41071,0.6185754537582397,0.47969579696655273,0.18593722581863403,0.4063948690891266,0.6423878122098783,0.43927210569381714,0.11545755714178085
X,41078,0.54837566614151,0.47820577025413513,0.16849739849567413,0.40834319591522217,0.5014370155725066,0.40836596488952637,0.5897694230079651
X,41082,0.6096267104148865,0.4864729940891266,0.1800873875617981,0.3948938548564911,0.6163323135727358,0.4365936815738678,0.10883521288633347
S,41085,0.5374140739440918,0.5037854909896851,0.156314417719841,0.3599346876144409,0.6305018757848484,0.4273087978363037,0.09305049479007721
_,41093,0.5214247107505798,0.44486767053604126,0.15525345504283905,0.39399415254592896,0.869914256532987,0.4039941430091858,0.0
T,41103,0.5405130982398987,0.46054235100746155,0.16459007561206818,0.4048200249671936,0.7158897636325371,0.4110696315765381,0.5717995762825012
X,41108,0.5391854047775269,0.4649166464805603,0.16396597027778625,0.40369829535484314,0.603772081011072,0.40805643796920776,0.5816515684127808
N,41112,0.5541383624076843,0.4824448823928833,0.16734836995601654,0.38564831018447876,0.6894515012893438,0.4293031096458435,0.08598404377698898
_,41116,0.521339476108551,0.4448496699333191,0.15521246194839478,0.3939419686794281,0.8698650207122167,0.40394195914268494,0.0
S,41128,0.4816618859767914,0.5119506120681763,0.14031322300434113,0.33913543820381165,0.6294202800803275,0.41718432307243347,0.09360308945178986
_,41129,0.5213907361030579,0.4448604881763458,0.1552370935678482,0.39397335052490234,0.8698812395830949,0.4039733409881592,0.0
N,41132,0.5536709427833557,0.48788753151893616,0.16679005324840546,0.3893859088420868,0.6699054936732864,0.42530226707458496,0.1760658323764801
N,41133,0.5802945494651794,0.483329176902771,0.17443639039993286,0.3878539502620697,0.6695592660033921,0.43576258420944214,0.05176585167646408
_,41138,0.5213905572891235,0.4448604881763458,0.15523697435855865,0.3939734399318695,0.8699361295004686,0.40397340059280396,0.0
N,41139,0.568873405456543,0.48510488867759705,0.1703907549381256,0.38542500138282776,0.6731874109064423,0.4327312409877777,0.07645290344953537
N,41140,0.5397258400917053,0.48566362261772156,0.16281889379024506,0.38474130630493164,0.6802830665525592,0.42467552423477173,0.13956493139266968
X,41142,0.6064514517784119,0.48664551973342896,0.1816997081041336,0.39705657958984375,0.6253992855003647,0.43995630741119385,0.09794886410236359
T,41147,0.5502445697784424,0.489596962928772,0.16950643062591553,0.40970054268836975,0.6250066807746256,0.41495200991630554,0.4736960530281067
S,41158,0.4856364130973816,0.49775952100753784,0.14508236944675446,0.35448986291885376,0.6784415811051926,0.4156389534473419,0.10025036334991455
S,41169,0.5012362003326416,0.500525951385498,0.15178582072257996,0.35074204206466675,0.6861046972405166,0.42742276191711426,0.04702380299568176
_,41176,0.5240018367767334,0.4454103708267212,0.1564961075782776,0.39556431770324707,0.8675096128384273,0.4055642783641815,0.0
S,41178,0.47520896792411804,0.49821004271507263,0.14167854189872742,0.35018888115882874,0.6965069997186463,0.4139602780342102,0.09282349795103073
T,41182,0.6292470693588257,0.48753073811531067,0.18961107730865479,0.4108003079891205,0.6199372926455059,0.4425683617591858,0.18099789321422577
_,41184,0.5243047475814819,0.44547370076179504,0.15664297342300415,0.3957466781139374,0.8666761946678162,0.4057466685771942,0.0
N,41186,0.5524973273277283,0.4853164255619049,0.1668792963027954,0.385358065366745,0.68916745219986,0.42966771125793457,0.10189307481050491
S,41188,0.5586090087890625,0.5023661255836487,0.16286291182041168,0.36590123176574707,0.6215283804027907,0.4327917695045471,0.08324982225894928
T,41195,0.6263105869293213,0.4843559265136719,0.18987204134464264,0.41016241908073425,0.6118837642801616,0.44274139404296875,0.14900878071784973
X,41197,0.5473832488059998,0.4653679430484772,0.1679486334323883,0.4086157977581024,0.7141564129825808,0.4135052561759949,0.5838552713394165
T,41211,0.5462668538093567,0.49171552062034607,0.16767968237400055,0.4074239134788513,0.6372935961489566,0.41520118713378906,0.4403638243675232
S,41218,0.5032517910003662,0.5006239414215088,0.15243589878082275,0.3514234125614166,0.6829556043352932,0.4283139705657959,0.04514160379767418
S,41219,0.48512473702430725,0.5059919357299805,0.14300163090229034,0.3413551151752472,0.648762184958905,0.4197719097137451,0.06888853013515472
_,41220,0.5230920910835266,0.44521892070770264,0.15605728328227997,0.3950105309486389,0.8678913267453512,0.40501052141189575,0.0
N,41238,0.5882036089897156,0.4859960973262787,0.17248104512691498,0.3881486654281616,0.6478291053186696,0.4302029311656952,0.11494037508964539
N,41239,0.5365166068077087,0.4842759966850281,0.1625310778617859,0.3842734694480896,0.6937192514181758,0.42415866255760193,0.131414532661438
N,41255,0.5861247181892395,0.4959621727466583,0.17532964050769806,0.39788898825645447,0.6462142214486751,0.43221139907836914,0.2174905389547348
T,41257,0.5424693822860718,0.4601617455482483,0.16553154587745667,0.4059444069862366,0.7157351709307599,0.4121975302696228,0.5851286053657532
_,41260,0.523042619228363,0.44520846009254456,0.156033456325531,0.3949802815914154,0.8679867051541806,0.40498027205467224,0.0
N,41262,0.5412637591362,0.49342992901802063,0.1651303619146347,0.3989200294017792,0.6225432623895419,0.4171169698238373,0.33714643120765686
X,41263,0.5451690554618835,0.46490734815597534,0.1668723076581955,0.40730756521224976,0.692634927286239,0.41217225790023804,0.5833482146263123
T,41274,0.5413986444473267,0.4577633738517761,0.16500549018383026,0.40554943680763245,0.7238989612013879,0.4129796326160431,0.5598233342170715
S,41293,0.47707366943359375,0.5018978118896484,0.1432122141122818,0.34812191128730774,0.6779988896598419,0.41688302159309387,0.08766637742519379
X,41299,0.5492259860038757,0.46867260336875916,0.16886483132839203,0.4095609486103058,0.6070688265265684,0.41353845596313477,0.5816081762313843
_,41303,0.5243235230445862,0.4454777240753174,0.15665201842784882,0.39575815200805664,0.8666263415912787,0.4057581126689911,0.0
T,41307,0.5521918535232544,0.4889930784702301,0.1708272248506546,0.4035820960998535,0.6601248933965205,0.4276426434516907,0.27425453066825867
T,41311,0.5427218675613403,0.45936381816864014,0.1656530201435089,0.40615689754486084,0.7147752787653978,0.41276904940605164,0.5821611881256104
X,41331,0.5447059273719788,0.4648107886314392,0.16664409637451172,0.40704768896102905,0.6950341668051139,0.4119214713573456,0.5827938914299011
X,41339,0.5801864266395569,0.484176903963089,0.17305724322795868,0.3894232213497162,0.6394864568830235,0.4310005307197571,0.10494731366634369
S,41343,0.4890812337398529,0.5100370049476624,0.14268715679645538,0.34000712633132935,0.624162245959063,0.4197208881378174,0.07983925193548203
_,41344,0.523413896560669,0.44528666138648987,0.15621252357959747,0.3952064514160156,0.8678402308622997,0.40520644187927246,0.0
X,41350,0.597661554813385,0.4893392026424408,0.17686258256435394,0.39015087485313416,0.6113107405634947,0.4360799789428711,0.10369590669870377
N,41351,0.5572878122329712,0.4857569932937622,0.16563813388347626,0.3883071541786194,0.6604273311736809,0.42296919226646423,0.1757560670375824
T,41353,0.5423985719680786,0.4592365026473999,0.16549263894557953,0.40610983967781067,0.7193226177437343,0.4131239354610443,0.5624194741249084
X,41358,0.5713502764701843,0.484737366437912,0.17106415331363678,0.3891490399837494,0.6256760603220513,0.4283914864063263,0.12817467749118805
S,41359,0.49399715662002563,0.5001561045646667,0.14982081949710846,0.35335591435432434,0.6649431331579885,0.42268621921539307,0.07376173138618469
N,41362,0.5728437304496765,0.492715984582901,0.1720123142004013,0.39190882444381714,0.6411876807539375,0.43147003650665283,0.16959388554096222
T,41363,0.5444617867469788,0.4575784504413605,0.16650523245334625,0.40732520818710327,0.712640686306792,0.4149022698402405,0.567929208278656
S,41366,0.4854047894477844,0.5017948746681213,0.14562436938285828,0.3531854748725891,0.6565124048789343,0.4155561029911041,0.11017126590013504
_,41370,0.5230287909507751,0.4452055096626282,0.1560268998146057,0.3949715793132782,0.8679703565935294,0.40497156977653503,0.0
X,41373,0.5388425588607788,0.46355125308036804,0.1637873649597168,0.4036824703216553,0.7063151693908246,0.4087640345096588,0.5727121829986572
S,41377,0.4879094064235687,0.49785396456718445,0.14603234827518463,0.35518205165863037,0.67644432451576,0.4170141816139221,0.09643340855836868
T,41380,0.5628243088722229,0.4874201714992523,0.17497870326042175,0.4080030024051666,0.6346120091776054,0.42732396721839905,0.3143422603607178
X,41381,0.5381149649620056,0.46425142884254456,0.16344203054904938,0.4031427204608917,0.6716893994090667,0.4077938497066498,0.5767057538032532
N,41383,0.5521674752235413,0.4975506067276001,0.16944092512130737,0.40296584367752075,0.643171511561377,0.42053917050361633,0.35008925199508667
N,41392,0.6282809972763062,0.48848479986190796,0.18349206447601318,0.39364874362945557,0.6640595826592471,0.4444205164909363,0.056227292865514755
_,41399,0.524361789226532,0.44548553228378296,0.1566706895828247,0.3957808017730713,0.8664977216223876,0.40578076243400574,0.0
T,41409,0.5363308787345886,0.45591849088668823,0.16254010796546936,0.4024863839149475,0.7276024645200233,0.40986865758895874,0.5751953125
X,41415,0.5640013813972473,0.48522430658340454,0.17085741460323334,0.39082270860671997,0.6357572259909163,0.4284367561340332,0.14420762658119202
T,41426,0.5599310398101807,0.502184271812439,0.1742492914199829,0.41445955634117126,0.6460235108889417,0.40836629271507263,0.5720261335372925
X,41429,0.5385632514953613,0.4613095819950104,0.1636630743741989,0.40367621183395386,0.6969300289379802,0.4099180996417999,0.5553927421569824
X,41440,0.6126921772956848,0.48670628666877747,0.1811399906873703,0.39450210332870483,0.6282046882652988,0.43867865204811096,0.09082340449094772
S,41447,0.47965261340141296,0.5034719109535217,0.14379212260246277,0.3446592688560486,0.6868432492204011,0.41848117113113403,0.0755675658583641
T,41470,0.5397894382476807,0.46086570620536804,0.16424481570720673,0.40421468019485474,0.686744639997205,0.409918874502182,0.5876743793487549
T,41483,0.611477792263031,0.4843209385871887,0.18149468302726746,0.40008804202079773,0.6409430542874422,0.43759989738464355,0.12216228246688843
N,41484,0.5512073040008545,0.48289135098457336,0.1661602109670639,0.38944947719573975,0.6671727705565476,0.4246191084384918,0.15465204417705536
N,41490,0.6036298871040344,0.48730459809303284,0.17901980876922607,0.3911723494529724,0.6461156438807666,0.43831881880760193,0.07953749597072601
X,41494,0.5363726019859314,0.4618319869041443,0.16259261965751648,0.4020787179470062,0.7050264005770805,0.40713340044021606,0.5869616270065308
N,41499,0.5986514687538147,0.49242573976516724,0.17836570739746094,0.39328083395957947,0.6410532337480982,0.4376201927661896,0.1312657743692398
X,41502,0.5543898940086365,0.48264172673225403,0.16761261224746704,0.3849896192550659,0.6856446235937377,0.42873165011405945,0.08682238310575485
S,41504,0.49072760343551636,0.5016828775405884,0.14652977883815765,0.349414587020874,0.6512851454007129,0.41899725794792175,0.08160179108381271
S,41535,0.4981148838996887,0.5019161105155945,0.1504306048154831,0.34965893626213074,0.6698213996551932,0.4248296618461609,0.059814974665641785
_,41539,0.518191933631897,0.44418472051620483,0.15369825065135956,0.39201459288597107,0.8708608606954417,0.4020145833492279,0.0
_,41550,0.5194272994995117,0.44444510340690613,0.15429352223873138,0.39276832342147827,0.8693662587801616,0.4027683138847351,0.0
S,41582,0.49063539505004883,0.49986472725868225,0.14678795635700226,0.3532160520553589,0.6588802303125462,0.41681987047195435,0.09816053509712219
N,41594,0.6134164333343506,0.4911516010761261,0.1804150938987732,0.39420974254608154,0.6503051695490649,0.4394811689853668,0.11536010354757309
T,41598,0.5346587300300598,0.4564554989337921,0.1617296040058136,0.40131875872612,0.7330004493591575,0.40806737542152405,0.5938588380813599
_,41599,0.5181159377098083,0.44416865706443787,0.15366162359714508,0.3919680416584015,0.8708567962050439,0.4019680321216583,0.0
X,41602,0.5794088840484619,0.48323512077331543,0.17359061539173126,0.39160794019699097,0.6486998767586193,0.4316369593143463,0.10819713026285172
T,41613,0.6070054173469543,0.4828573763370514,0.1825653314590454,0.4021393358707428,0.6510272597958829,0.4385594129562378,0.1168191209435463
S,41614,0.4974702000617981,0.49813711643218994,0.1454383134841919,0.34958913922309875,0.6245962172878596,0.415414035320282,0.08292439579963684
X,41618,0.5351111888885498,0.4598694443702698,0.16197197139263153,0.4014809727668762,0.7051077282011587,0.40727925300598145,0.5811430215835571
T,41635,0.5375717282295227,0.45871633291244507,0.16315428912639618,0.40303605794906616,0.7295240208180622,0.4093983769416809,0.5840058922767639
S,41638,0.4820670783519745,0.5107367038726807,0.14210456609725952,0.33905574679374695,0.645665661773334,0.4174240529537201,0.08681342005729675
_,41639,0.5181206464767456,0.44416967034339905,0.15366396307945251,0.3919708728790283,0.8708354201416175,0.40197086334228516,0.0
_,41640,0.5187931656837463,0.44431179761886597,0.15398737788200378,0.39238297939300537,0.8705399391055108,0.4023829400539398,0.0
X,41643,0.5673213601112366,0.48722851276397705,0.17180883884429932,0.3922497034072876,0.614032225687212,0.42832958698272705,0.16612094640731812
_,41655,0.5186817646026611,0.4442882835865021,0.15393376350402832,0.3923148810863495,0.8706587452193102,0.4023148715496063,0.0
X,41664,0.590560793876648,0.4849698543548584,0.17584747076034546,0.39467915892601013,0.6330702635233563,0.4319934546947479,0.13816972076892853
X,41684,0.5373793840408325,0.4620562493801117,0.16308167576789856,0.40263158082962036,0.6961781880843861,0.40758782625198364,0.590996503829956
_,41687,0.5187835097312927,0.4443097412586212,0.1539827287197113,0.3923770785331726,0.8705671337743601,0.40237703919410706,0.0
X,41690,0.5488412380218506,0.49178335070610046,0.1684005707502365,0.39206695556640625,0.6403137434677532,0.42529329657554626,0.2124556303024292
T,41696,0.5378996133804321,0.457524836063385,0.16331695020198822,0.40325474739074707,0.7191788950582608,0.4100217819213867,0.5863642692565918
N,41698,0.5295655727386475,0.4844716489315033,0.15857206284999847,0.38197585940361023,0.6713205590692815,0.4161554276943207,0.18014554679393768
T,41704,0.5684317350387573,0.479236364364624,0.17141549289226532,0.3926091492176056,0.6567884733725805,0.4260837435722351,0.13782070577144623
N,41709,0.5291975140571594,0.48650652170181274,0.16003628075122833,0.38995933532714844,0.6755230447649956,0.41499853134155273,0.26075008511543274
N,41715,0.5523457527160645,0.501071572303772,0.1701003611087799,0.4080754816532135,0.6333913109164375,0.4145521819591522,0.4475829601287842
T,41721,0.5524322390556335,0.48330190777778625,0.1701505035161972,0.39796409010887146,0.6522445640619845,0.42447739839553833,0.22825206816196442
X,41729,0.5883358716964722,0.4878663122653961,0.17490537464618683,0.3897368013858795,0.6227907440145889,0.43368130922317505,0.11006514728069305
N,41736,0.5457137227058411,0.48327627778053284,0.16483072936534882,0.3884221315383911,0.6659468119870872,0.4234159588813782,0.1600499451160431
X,41751,0.6497920751571655,0.4874415099620819,0.19095566868782043,0.4016980528831482,0.6234216399585906,0.4478299915790558,0.06413852423429489
N,41759,0.535225510597229,0.48733842372894287,0.15901342034339905,0.3830517530441284,0.6529975051595587,0.41454198956489563,0.21245111525058746
N,41765,0.5713787078857422,0.4895176291465759,0.1712443083524704,0.3906259834766388,0.64969743844209,0.43186673521995544,0.1420402079820633
_,41768,0.5229807496070862,0.4451953172683716,0.15600377321243286,0.3949422240257263,0.8676823810239633,0.40494218468666077,0.0
S,41782,0.5423208475112915,0.5015145540237427,0.15978500247001648,0.36538389325141907,0.6123487102492801,0.42997506260871887,0.09083665907382965
S,41785,0.4854239523410797,0.5014480948448181,0.14670732617378235,0.34547677636146545,0.6900287759428223,0.42381808161735535,0.04850564897060394
T,41794,0.5780572891235352,0.48372840881347656,0.17632153630256653,0.40347325801849365,0.6557801848704307,0.43098682165145874,0.21412676572799683
N,41801,0.545092761516571,0.48181936144828796,0.16119199991226196,0.38150766491889954,0.693596428729749,0.42115518450737,0.12058468163013458
S,41802,0.5042012929916382,0.5019778609275818,0.15131835639476776,0.3499862849712372,0.6801276240202909,0.42717233300209045,0.05120328441262245
X,41803,0.5398340225219727,0.46461519598960876,0.16427575051784515,0.40417060256004333,0.6911546578641476,0.40882962942123413,0.5774904489517212
_,41808,0.5232638120651245,0.445254921913147,0.1561402976512909,0.395114541053772,0.8675415600836277,0.4051145315170288,0.0
X,41815,0.5615050792694092,0.48791971802711487,0.17175143957138062,0.3908005654811859,0.6569887204856302,0.4326839745044708,0.12778010964393616
X,41819,0.5393595695495605,0.46244701743125916,0.16403068602085114,0.403952419757843,0.6979438952639855,0.409175306558609,0.5828904509544373
N,41820,0.5906802415847778,0.49049368500709534,0.17482265830039978,0.3895327150821686,0.6586897657251939,0.4357669949531555,0.11151769757270813
S,41847,0.4942024350166321,0.4969031512737274,0.14956121146678925,0.3531191647052765,0.6763948353938759,0.4222244620323181,0.059846676886081696
_,41848,0.5235746502876282,0.4453204572200775,0.15629012882709503,0.39530399441719055,0.8673857945203781,0.405303955078125,0.0
S,41856,0.5228970646858215,0.49515798687934875,0.15352320671081543,0.3585975468158722,0.6445987198305375,0.42345917224884033,0.06553788483142853
_,41861,0.5242592096328735,0.4454638659954071,0.15662135183811188,0.3957178294658661,0.8660454299549263,0.4057178199291229,0.0
X,41881,0.6259523630142212,0.4870911240577698,0.1833622008562088,0.39707502722740173,0.6119471673960409,0.4400588870048523,0.09724695235490799
_,41884,0.5233228802680969,0.4452674090862274,0.15616872906684875,0.39515066146850586,0.8675024629135927,0.4051506519317627,0.0
N,41891,0.5324995517730713,0.4877661168575287,0.1619972288608551,0.3895472288131714,0.6782703089974045,0.42010289430618286,0.21954812109470367
N,41897,0.5327982902526855,0.4850883185863495,0.15866844356060028,0.38131624460220337,0.6693065075704363,0.4169098138809204,0.17151063680648804
N,41910,0.5260985493659973,0.4861956834793091,0.15937742590904236,0.383095920085907,0.6993871727058043,0.4220229983329773,0.15293343365192413
N,41951,0.634630560874939,0.4907107651233673,0.18813365697860718,0.39449992775917053,0.6321568842872997,0.4509679079055786,0.03000332973897457
T,41958,0.5428048968315125,0.45940446853637695,0.1656915843486786,0.4061424434185028,0.7217032997286879,0.41258832812309265,0.5902933478355408
T,41969,0.5401894450187683,0.45544829964637756,0.1643960177898407,0.4049532115459442,0.7312382629971641,0.41295570135116577,0.5627670288085938
_,41972,0.5237575173377991,0.4453587830066681,0.15637855231761932,0.3954148590564728,0.8670410728951295,0.4054148495197296,0.0
N,41987,0.5442411303520203,0.49196290969848633,0.16620372235774994,0.3990807831287384,0.6243889236021399,0.41939663887023926,0.3162378668785095
S,41996,0.49387651681900024,0.49958333373069763,0.14997047185897827,0.3507826328277588,0.6989112238772214,0.4268031120300293,0.0455939918756485
T,41998,0.5575529336929321,0.4796929955482483,0.16911926865577698,0.3946376144886017,0.6702294530052071,0.42558562755584717,0.16587984561920166
T,42006,0.5507307648658752,0.4889509081840515,0.1702713668346405,0.403347373008728,0.6601931179939857,0.4270087778568268,0.2779749035835266
_,42009,0.5229694843292236,0.44519293308258057,0.15599842369556427,0.39493513107299805,0.8675813778738182,0.4049350917339325,0.0
N,42010,0.5770453810691833,0.48697158694267273,0.1708831638097763,0.38957488536834717,0.6536514201732886,0.4300697147846222,0.13323575258255005
T,42012,0.5552358031272888,0.49350959062576294,0.17185352742671967,0.4115959405899048,0.6164740716755235,0.4151439368724823,0.48958998918533325
N,42014,0.5431023240089417,0.4937146008014679,0.165211021900177,0.39287257194519043,0.6237885553451876,0.4201173782348633,0.2645251452922821
_,42024,0.5229146480560303,0.44518139958381653,0.155971959233284,0.39490175247192383,0.8676640898485979,0.40490177273750305,0.0
T,42026,0.5414057970046997,0.4578276574611664,0.16499947011470795,0.4054900109767914,0.7320692838829806,0.41258692741394043,0.578478217124939
S,42027,0.503832995891571,0.5011737942695618,0.14887091517448425,0.3542577028274536,0.626693672957287,0.4191834032535553,0.09564325958490372
T,42032,0.648974597454071,0.4803940951824188,0.18905873596668243,0.40468069911003113,0.653552643241225,0.4440206289291382,0.05271964520215988
N,42036,0.5510154366493225,0.4986284375190735,0.16945847868919373,0.4054773449897766,0.601758288242927,0.4159199297428131,0.4117050766944885
T,42037,0.5446212887763977,0.46772095561027527,0.16661906242370605,0.40684282779693604,0.4490994451560922,0.41072461009025574,0.5814657211303711
T,42042,0.5448673367500305,0.461076557636261,0.16670362651348114,0.4073342978954315,0.7042834674806242,0.4134705662727356,0.5851892828941345
X,42045,0.5428960919380188,0.46227407455444336,0.16574913263320923,0.40625208616256714,0.6930492620895651,0.41227495670318604,0.5662280917167664
T,42055,0.5808926820755005,0.48182588815689087,0.17375995218753815,0.3967151343822479,0.655650148044418,0.42814508080482483,0.16900138556957245
N,42067,0.540581464767456,0.48262819647789,0.16002149879932404,0.378740519285202,0.6878631708483833,0.4210413098335266,0.10822775959968567
X,42074,0.5627250075340271,0.48463624715805054,0.1698344349861145,0.388765811920166,0.624170193085447,0.4273245930671692,0.1340927928686142
_,42081,0.5236526727676392,0.44533681869506836,0.1563277691602707,0.3953515589237213,0.8673043763637543,0.40535154938697815,0.0
X,42093,0.5412231683731079,0.4652995467185974,0.16495278477668762,0.40503668785095215,0.6702552007197058,0.40974050760269165,0.572698712348938
N,42097,0.6195352077484131,0.4947362244129181,0.1852492243051529,0.40473833680152893,0.6258562723305658,0.44060516357421875,0.19367720186710358
T,42099,0.546787440776825,0.47027650475502014,0.16768154501914978,0.40800589323043823,0.4298613758704475,0.411143034696579,0.582713782787323
_,42103,0.5254155397415161,0.44570791721343994,0.15717799961566925,0.3964250683784485,0.8676472897827626,0.40642502903938293,0.0
S,42112,0.49187764525413513,0.507704496383667,0.1436615288257599,0.34419119358062744,0.6547354030119702,0.4198731780052185,0.08541589230298996
T,42115,0.6155818104743958,0.4852943420410156,0.18831835687160492,0.40924307703971863,0.6094032247818542,0.44115519523620605,0.1657886505126953
X,42118,0.5401764512062073,0.4646688997745514,0.16443708539009094,0.4044419825077057,0.6973093940876425,0.409252792596817,0.5731210708618164
S,42132,0.4953453838825226,0.4970519244670868,0.14979228377342224,0.3545542359352112,0.6804842170452079,0.4223548173904419,0.06704162061214447
_,42135,0.5250096917152405,0.4456230700016022,0.15698131918907166,0.39618048071861267,0.8685534020761649,0.4061804711818695,0.0
_,42136,0.5247759222984314,0.44557398557662964,0.1568683683872223,0.396038681268692,0.8687941252191862,0.40603867173194885,0.0
T,42144,0.5421326756477356,0.45838379859924316,0.16536130011081696,0.40589651465415955,0.7180043091791428,0.4129157066345215,0.5755062699317932
_,42159,0.5241726040840149,0.44544699788093567,0.156577467918396,0.3956712484359741,0.8689603546261788,0.40567123889923096,0.0
X,42161,0.5383723378181458,0.46265849471092224,0.1635598987340927,0.40330854058265686,0.70534167277689,0.4083457589149475,0.5835029482841492
S,42165,0.5539262294769287,0.5008825659751892,0.16131584346294403,0.3644024133682251,0.6359677356014679,0.4323587715625763,0.07446540147066116
X,42168,0.5375698208808899,0.4620315730571747,0.16315975785255432,0.4029947817325592,0.7119845955407558,0.40849000215530396,0.5722999572753906
S,42173,0.4898180365562439,0.50006103515625,0.14872150123119354,0.3494972884654999,0.6980759873489539,0.42537322640419006,0.050748951733112335
N,42180,0.5584328174591064,0.5044797658920288,0.17348498106002808,0.41438421607017517,0.5938355409037468,0.4115369915962219,0.5338915586471558
T,42183,0.5424168109893799,0.4593193531036377,0.16549700498580933,0.40596064925193787,0.7330440400163449,0.4124711751937866,0.5869444012641907
S,42187,0.489126592874527,0.5142844319343567,0.14674924314022064,0.3456146717071533,0.627153786411509,0.4214225709438324,0.10553523153066635
X,42191,0.5423882007598877,0.4634624421596527,0.165500208735466,0.4058489203453064,0.6786716750411628,0.41123726963996887,0.5740019083023071
_,42209,0.5250179171562195,0.4456249177455902,0.15698523819446564,0.39618566632270813,0.8686948900918167,0.40618565678596497,0.0
_,42213,0.5253968834877014,0.4457041025161743,0.15716883540153503,0.3964141011238098,0.8678319505850475,0.40641409158706665,0.0
X,42227,0.5718894600868225,0.4889971911907196,0.1729736626148224,0.3926698863506317,0.6580771044352636,0.4327344000339508,0.1454518884420395
X,42230,0.5891811847686768,0.4918627440929413,0.17717933654785156,0.39686843752861023,0.6402723213592738,0.435133159160614,0.16957822442054749
N,42236,0.5568897724151611,0.4985703229904175,0.1724851280450821,0.41121798753738403,0.6009877722657014,0.4182948172092438,0.4477720260620117
_,42242,0.5242554545402527,0.445464551448822,0.15661726891994476,0.39572206139564514,0.8690974506239096,0.4057220220565796,0.0
S,42251,0.5404253602027893,0.5033609867095947,0.15874405205249786,0.3581233620643616,0.6311461318585984,0.43248024582862854,0.06353560835123062
S,42257,0.4891962707042694,0.509064793586731,0.14296980202198029,0.34196919202804565,0.6486070488790089,0.4210059642791748,0.07982383668422699
S,42277,0.5049317479133606,0.5003131628036499,0.14808635413646698,0.35373154282569885,0.6149673455089215,0.41877081990242004,0.09370381385087967
S,42279,0.5200008153915405,0.5030457973480225,0.15105074644088745,0.3588363528251648,0.6185492760463968,0.41963890194892883,0.11984135210514069
S,42293,0.4909106492996216,0.5106068253517151,0.14350125193595886,0.34159982204437256,0.6239760947404042,0.4203309118747711,0.0857461467385292
X,42296,0.5465273261070251,0.4660150706768036,0.1675276756286621,0.4081513583660126,0.6872417465121059,0.4128890037536621,0.5790673494338989
X,42299,0.5464298725128174,0.4643257260322571,0.16747350990772247,0.4081627428531647,0.6884516354154403,0.4134204685688019,0.5807933807373047
_,42301,0.5241639614105225,0.44544515013694763,0.15657326579093933,0.39566606283187866,0.8690437621871631,0.4056660532951355,0.0
_,42303,0.5254204273223877,0.4457090497016907,0.15718024969100952,0.3964282274246216,0.8677603867153327,0.4064282476902008,0.0
N,42305,0.5566574335098267,0.4838710129261017,0.1674143522977829,0.38544952869415283,0.6911110827181256,0.42962363362312317,0.09264419972896576
X,42306,0.5714578628540039,0.4900630712509155,0.1761503964662552,0.3979116380214691,0.6455320165577966,0.43441540002822876,0.17358426749706268
S,42312,0.5869202017784119,0.49853792786598206,0.17305468022823334,0.3759523034095764,0.6051510148314992,0.44174885749816895,0.05979710444808006
X,42315,0.5954377055168152,0.48562297224998474,0.17817769944667816,0.39512157440185547,0.6268553567648633,0.4348708987236023,0.12059470266103745
_,42323,0.5254275798797607,0.44571051001548767,0.15718379616737366,0.3964322805404663,0.8676841104030609,0.40643224120140076,0.0
X,42327,0.5411419868469238,0.46283236145973206,0.16489286720752716,0.4049975574016571,0.68602304119487,0.4101658761501312,0.585862934589386
_,42332,0.5241212844848633,0.44543612003326416,0.1565527617931366,0.39563992619514465,0.8690343840916952,0.4056399166584015,0.0
N,42335,0.5558356642723083,0.4891446530818939,0.1682765930891037,0.3901849091053009,0.6420513935307585,0.42582014203071594,0.18334539234638214
S,42349,0.48838186264038086,0.5001157522201538,0.1466594785451889,0.3531200885772705,0.6690486690681429,0.4172123074531555,0.09724844992160797
T,42353,0.6319241523742676,0.4821280539035797,0.18852199614048004,0.4049075245857239,0.6497813064133516,0.44408610463142395,0.07421337068080902
T,42360,0.5424984693527222,0.48883169889450073,0.1660735160112381,0.4046521484851837,0.6340588363430774,0.41585573554039,0.40183332562446594
T,42364,0.5675145387649536,0.4987698495388031,0.17790073156356812,0.41916704177856445,0.599928731550117,0.4151301085948944,0.5740382075309753
N,42374,0.5658911466598511,0.5067571997642517,0.17646034061908722,0.4146971106529236,0.5955252600522363,0.42319393157958984,0.43636026978492737
T,42384,0.5465208292007446,0.46099334955215454,0.16749802231788635,0.4084034860134125,0.70649416459215,0.41479742527008057,0.5812302231788635
_,42391,0.5263136625289917,0.445896714925766,0.15761177241802216,0.3969702124595642,0.8653699888785681,0.40697017312049866,0.0
X,42392,0.5478856563568115,0.46546483039855957,0.16818921267986298,0.4089672863483429,0.691130518826861,0.4139529764652252,0.5810959935188293
N,42421,0.541939914226532,0.48858582973480225,0.16387833654880524,0.3891601264476776,0.6488066622814708,0.42178717255592346,0.20580588281154633
X,42423,0.6291680932044983,0.48723897337913513,0.18382807075977325,0.39800381660461426,0.6230620676815064,0.441650927066803,0.09168443828821182
X,42430,0.583186686038971,0.4901546835899353,0.17801526188850403,0.401265949010849,0.6298000458503763,0.43519487977027893,0.1908755749464035
N,42432,0.5400128364562988,0.4882482886314392,0.16394129395484924,0.386817067861557,0.6591416251224776,0.425167441368103,0.16262327134609222
_,42439,0.5257272124290466,0.4457734227180481,0.15732857584953308,0.396614134311676,0.8656482916573685,0.4066140949726105,0.0
T,42442,0.5806388258934021,0.49442821741104126,0.17978928983211517,0.4056755602359772,0.4852440899664362,0.4340106248855591,0.25356703996658325
T,42447,0.5514645576477051,0.4878239929676056,0.17029140889644623,0.40825992822647095,0.6321678460278781,0.4200909733772278,0.39743849635124207
X,42452,0.544806718826294,0.48809754848480225,0.1646578013896942,0.38505232334136963,0.627277303019849,0.4236331582069397,0.15929508209228516
S,42453,0.480773389339447,0.5019459128379822,0.14493151009082794,0.3491465747356415,0.6728612176328898,0.41954609751701355,0.07973375916481018
S,42454,0.5825430750846863,0.4982679486274719,0.17100141942501068,0.37494510412216187,0.6028982471233031,0.44011417031288147,0.060951437801122665
N,42464,0.6703693866729736,0.49196070432662964,0.19614700973033905,0.4041098356246948,0.6088722139990569,0.45495474338531494,0.057528305798769
X,42478,0.5475289821624756,0.47043997049331665,0.1680341511964798,0.4084659516811371,0.5520201560406349,0.4115975797176361,0.5833059549331665
_,42481,0.5258329510688782,0.4457956552505493,0.1573796421289444,0.39667826890945435,0.8656352195143701,0.4066782593727112,0.0
T,42484,0.5463887453079224,0.4664027988910675,0.1674644947052002,0.4080427289009094,0.46282740719638243,0.41264140605926514,0.5788343548774719
N,42502,0.5555829405784607,0.4816381335258484,0.1668792963027954,0.3845953345298767,0.6898578042476826,0.42980942130088806,0.06813115626573563
X,42510,0.5628636479377747,0.4841889441013336,0.16904772818088531,0.3877800703048706,0.6501398450182752,0.428346186876297,0.11658501625061035
X,42515,0.5473393797874451,0.46407222747802734,0.16791141033172607,0.4087931513786316,0.6749132250148735,0.41437768936157227,0.5749380588531494
_,42517,0.5256627798080444,0.4457598030567169,0.15729756653308868,0.3965747058391571,0.8656613830725353,0.40657469630241394,0.0
_,42521,0.5256782174110413,0.4457630515098572,0.1573050171136856,0.39658406376838684,0.8656250573694707,0.4065840542316437,0.0
X,42529,0.5435904860496521,0.4657476544380188,0.16609418392181396,0.4065692722797394,0.6294276789602979,0.41163402795791626,0.5634878873825073
X,42531,0.5579201579093933,0.4917049705982208,0.1710105538368225,0.3950938582420349,0.6200307578966022,0.43016448616981506,0.19606083631515503
S,42546,0.4731726050376892,0.49882611632347107,0.1405624896287918,0.3473060131072998,0.7023883725578587,0.4141268730163574,0.08308776468038559
N,42555,0.5434027314186096,0.48503628373146057,0.16263748705387115,0.3805611729621887,0.6863298095052597,0.4263582229614258,0.09577307105064392
_,42580,0.525779664516449,0.4457845091819763,0.15735392272472382,0.39664602279663086,0.8656728231410186,0.4066460132598877,0.0
S,42586,0.4946129024028778,0.5003839135169983,0.14870871603488922,0.3578266203403473,0.6484819378082951,0.41799771785736084,0.11134783178567886
_,42591,0.5257277488708496,0.44577354192733765,0.15732884407043457,0.3966143727302551,0.8656816310683887,0.40661439299583435,0.0
N,42595,0.5396739840507507,0.49369049072265625,0.16455695033073425,0.399890661239624,0.6256379707177014,0.4160224497318268,0.3557093143463135
X,42599,0.644553542137146,0.48954325914382935,0.19025501608848572,0.40457168221473694,0.6070852673714399,0.4478476345539093,0.0997316911816597
_,42607,0.5258424282073975,0.4457976520061493,0.15738418698310852,0.39668402075767517,0.865637509127458,0.4066839814186096,0.0
X,42610,0.5722110867500305,0.48744478821754456,0.1713498830795288,0.3861139714717865,0.669161412807492,0.4342922270298004,0.08360078930854797
T,42612,0.5449333786964417,0.4585287570953369,0.1667158007621765,0.40765970945358276,0.7207261005776445,0.4149974286556244,0.5671282410621643
N,42635,0.5662142038345337,0.4839390814304352,0.16654716432094574,0.38129934668540955,0.6736310565678287,0.4276939928531647,0.0797555148601532
X,42638,0.6610103249549866,0.49109020829200745,0.19214193522930145,0.4028836786746979,0.6052065444179364,0.45026275515556335,0.07993527501821518
S,42639,0.49017542600631714,0.49970537424087524,0.14875802397727966,0.35068440437316895,0.6940393611292045,0.42475730180740356,0.05356447398662567
_,42654,0.5256884098052979,0.4457652270793915,0.15730991959571838,0.39659035205841064,0.865618807921807,0.4065903127193451,0.0
S,42658,0.4885719418525696,0.5018224120140076,0.14806589484214783,0.349008172750473,0.6889998272682231,0.42531904578208923,0.05539235100150108
N,42659,0.5585576891899109,0.4947824776172638,0.17209218442440033,0.39683955907821655,0.644922771549318,0.43166136741638184,0.21102271974086761
_,42660,0.527065634727478,0.44605398178100586,0.15797598659992218,0.3974236249923706,0.8640002345045408,0.40742361545562744,0.0
X,42661,0.5466240644454956,0.48763638734817505,0.1666433960199356,0.3886677324771881,0.6203174607564386,0.42449674010276794,0.17503875494003296
S,42666,0.5453590750694275,0.5002254247665405,0.16036835312843323,0.3626253306865692,0.6226168448430448,0.4344424605369568,0.05333293601870537
N,42671,0.6049292087554932,0.4871755540370941,0.18136480450630188,0.3916644752025604,0.6497913982359509,0.445726215839386,0.026173241436481476
_,42680,0.5344417691230774,0.4476010799407959,0.16154278814792633,0.4018882215023041,0.8610089138646921,0.4118882119655609,0.0
S,42690,0.4877173602581024,0.502694845199585,0.1478123515844345,0.35251474380493164,0.6671367576594155,0.4234655201435089,0.07801791280508041
T,42697,0.5553624629974365,0.46440157294273376,0.17181965708732605,0.4137028455734253,0.6233109182040304,0.4202406406402588,0.5587283968925476
_,42701,0.5331735610961914,0.4473358690738678,0.16092829406261444,0.40112435817718506,0.8616200111806394,0.4111243188381195,0.0
N,42702,0.5740907192230225,0.48489880561828613,0.17245447635650635,0.39467620849609375,0.6625379130534323,0.4319886863231659,0.1394975185394287
N,42703,0.5897017121315002,0.4897814691066742,0.17735639214515686,0.3972846567630768,0.625704650140142,0.4361778199672699,0.15158788859844208
X,42710,0.5901654958724976,0.4859778583049774,0.1775074303150177,0.3961203694343567,0.6331480077564872,0.4362739026546478,0.11740720272064209
X,42715,0.6241553425788879,0.493042916059494,0.1875094175338745,0.40206316113471985,0.6215742161748737,0.44830235838890076,0.10767926275730133
T,42717,0.5481757521629333,0.45883581042289734,0.16827362775802612,0.4095831513404846,0.7159162197690512,0.41683295369148254,0.5818433165550232
N,42720,0.655208945274353,0.49428996443748474,0.18961375951766968,0.39973342418670654,0.6297133198882815,0.45085087418556213,0.08312391489744186
X,42723,0.5582998394966125,0.4684320092201233,0.1732644885778427,0.4151657223701477,0.667794392682481,0.42025431990623474,0.5753509402275085
N,42739,0.5756546258926392,0.484846293926239,0.17176936566829681,0.392781525850296,0.6604570644878065,0.43109968304634094,0.1327955424785614
X,42747,0.571089506149292,0.4958516061306,0.17517194151878357,0.40022772550582886,0.6068561976387477,0.43418022990226746,0.21896056830883026
X,42751,0.586203932762146,0.4890419542789459,0.17689085006713867,0.39456331729888916,0.6114272910073245,0.436468243598938,0.12625505030155182
X,42756,0.5835290551185608,0.487356573343277,0.17591792345046997,0.3964897692203522,0.6126048579823692,0.4336637556552887,0.15128614008426666
T,42762,0.6633059978485107,0.4801221787929535,0.19476425647735596,0.41351401805877686,0.6461415811383389,0.44822850823402405,0.07250405102968216
S,42763,0.5512082576751709,0.500183641910553,0.16235679388046265,0.36644700169563293,0.6259133725864862,0.4357769191265106,0.06125655025243759
N,42765,0.5721773505210876,0.4945296347141266,0.17383110523223877,0.4029980003833771,0.6186629203680567,0.4296744763851166,0.2695697247982025
_,42766,0.5342986583709717,0.44757112860679626,0.16147339344024658,0.401802122592926,0.8611096151173115,0.41180214285850525,0.0
N,42771,0.548643171787262,0.48590782284736633,0.16764900088310242,0.3895513117313385,0.6876169688580558,0.43117284774780273,0.1203623041510582
_,42776,0.5332819819450378,0.4473586082458496,0.1609807312488556,0.401189923286438,0.8615706923604012,0.4111899137496948,0.0
_,42778,0.5344164967536926,0.4475957453250885,0.16153065860271454,0.4018726646900177,0.860841166873773,0.41187262535095215,0.0
X,42781,0.5518620014190674,0.46462109684944153,0.17009620368480682,0.4115131199359894,0.6922063660832297,0.4171898365020752,0.5793119668960571
N,42793,0.5599222779273987,0.5033860206604004,0.17411191761493683,0.41611286997795105,0.5957904904744161,0.4190045893192291,0.4872436225414276
_,42800,0.5332401394844055,0.44734987616539,0.16096052527427673,0.401164710521698,0.8616700187325478,0.4111647307872772,0.0
T,42801,0.5717425346374512,0.487230122089386,0.1767665445804596,0.40123462677001953,0.6466694626165554,0.4332802891731262,0.19118620455265045
X,42802,0.5529324412345886,0.46441489458084106,0.17062553763389587,0.4121336340904236,0.6924914737335122,0.417967826128006,0.5792239904403687
S,42805,0.5385193824768066,0.5047073364257812,0.1565040647983551,0.36111196875572205,0.6063282901962278,0.42801040410995483,0.09581200778484344
_,42809,0.5341596603393555,0.4475421905517578,0.1614059954881668,0.40171870589256287,0.8611825685203076,0.4117187261581421,0.0
T,42819,0.5516259670257568,0.459921270608902,0.16996321082115173,0.41168466210365295,0.7177203470223564,0.4191182851791382,0.5657681226730347
X,42820,0.5570384860038757,0.4669290781021118,0.1726379096508026,0.4144844710826874,0.7097888648561397,0.4198940694332123,0.5772791504859924
X,42824,0.636367917060852,0.48867660760879517,0.18691486120224,0.4017881751060486,0.6082594840733995,0.44509345293045044,0.09765929728746414
N,42825,0.5757692456245422,0.49640220403671265,0.17572301626205444,0.398174911737442,0.6204462517272138,0.4343096613883972,0.2054082304239273
S,42835,0.5615663528442383,0.5017920136451721,0.16557376086711884,0.36696985363960266,0.6001527466455203,0.4385843873023987,0.05718996003270149
_,42841,0.533312201499939,0.4473649561405182,0.16099530458450317,0.4012083113193512,0.8615591390927633,0.41120824217796326,0.0
N,42842,0.5943588614463806,0.48826906085014343,0.17523369193077087,0.39271360635757446,0.6522024623045096,0.43665117025375366,0.1092243492603302
T,42847,0.5549395084381104,0.46272706985473633,0.17159706354141235,0.4134288430213928,0.7249356429538238,0.42000630497932434,0.5779685378074646
_,42848,0.5331940650939941,0.447340190410614,0.16093812882900238,0.4011370539665222,0.8617033402125042,0.41113704442977905,0.0
X,42867,0.5504354238510132,0.46386775374412537,0.16939964890480042,0.41077327728271484,0.698473104129389,0.4168211817741394,0.5698038935661316
_,42868,0.5333412885665894,0.4473710358142853,0.16100947558879852,0.4012256860733032,0.8616170252859593,0.41122567653656006,0.0
_,42877,0.533333957195282,0.44736945629119873,0.1610059142112732,0.40122124552726746,0.8615900102257729,0.4112212061882019,0.0
_,42878,0.5332595705986023,0.44735392928123474,0.1609698385000229,0.4011766016483307,0.8616589755316576,0.41117656230926514,0.0
X,42886,0.5481287837028503,0.4653857946395874,0.16828617453575134,0.4094434380531311,0.6985929027665407,0.4153324067592621,0.5523660182952881
S,42898,0.4966672956943512,0.5017666816711426,0.14637483656406403,0.3493371605873108,0.6329054420860485,0.4186400771141052,0.0835689827799797
N,42901,0.5849475264549255,0.49026623368263245,0.17595624923706055,0.3888118863105774,0.6553605273940291,0.4377506375312805,0.09250001609325409
S,42906,0.4947778880596161,0.5046016573905945,0.14749105274677277,0.3528783321380615,0.6471470075224837,0.41801711916923523,0.10965744405984879
S,42907,0.5230590105056763,0.5177268385887146,0.15443041920661926,0.35784515738487244,0.558467841881114,0.4236695468425751,0.14702285826206207
X,42922,0.5788570046424866,0.4888385534286499,0.17579880356788635,0.39492741227149963,0.6389667941133181,0.4344540238380432,0.14435890316963196
_,42923,0.5246797800064087,0.4455529451370239,0.15682339668273926,0.39597633481025696,0.8676186162730058,0.4059762954711914,0.0
_,42948,0.5240224003791809,0.4454151391983032,0.15650533139705658,0.3955787718296051,0.8683227822681269,0.40557876229286194,0.0
T,42952,0.5434863567352295,0.45698270201683044,0.16602066159248352,0.406762033700943,0.7169780513755784,0.4143539071083069,0.5748950242996216
S,42953,0.4790358543395996,0.504368245601654,0.14349302649497986,0.34709233045578003,0.6713970657934746,0.4180762767791748,0.08927396684885025
N,42968,0.590086042881012,0.49082037806510925,0.17709392309188843,0.3976101279258728,0.620801415305191,0.4342866837978363,0.1754692792892456
X,42977,0.5468941330909729,0.46527203917503357,0.16770577430725098,0.4083467721939087,0.7027379144343043,0.4132258892059326,0.5839226245880127
T,42983,0.6284826993942261,0.4853839874267578,0.19179192185401917,0.40965980291366577,0.6106866298515039,0.4470379948616028,0.11019732058048248
_,42984,0.5236026644706726,0.44532671570777893,0.1563030183315277,0.39532288908958435,0.8685202631851038,0.4053228199481964,0.0
_,42986,0.5237831473350525,0.44536468386650085,0.1563900113105774,0.39543288946151733,0.8684677349527677,0.40543287992477417,0.0
N,42987,0.5898768305778503,0.5004249215126038,0.1814747154712677,0.40714821219444275,0.5686675358807407,0.43434834480285645,0.2814582586288452
T,42990,0.5475752949714661,0.4670380651950836,0.16805453598499298,0.4087308645248413,0.49997834703433913,0.4133460223674774,0.5748909711837769
_,43012,0.5248461365699768,0.44558799266815186,0.15690353512763977,0.39607781171798706,0.8672853939731916,0.4060777723789215,0.0
T,43026,0.5549620985984802,0.4812917709350586,0.16964304447174072,0.3942098021507263,0.66303868369665,0.42656853795051575,0.16301308572292328
S,43040,0.48131710290908813,0.4988026022911072,0.14443594217300415,0.35154494643211365,0.6788652641822894,0.4161622226238251,0.09045951068401337
N,43041,0.5559939742088318,0.5057753324508667,0.17228300869464874,0.41313207149505615,0.6123976730726038,0.4110420346260071,0.5217905640602112
N,43049,0.5607479214668274,0.48680514097213745,0.16953133046627045,0.3880625367164612,0.6563545305945445,0.430409699678421,0.12122978270053864
_,43053,0.5247711539268494,0.4455721080303192,0.15686750411987305,0.39603176712989807,0.8671961390475432,0.4060317575931549,0.0
N,43057,0.5565732717514038,0.4817080795764923,0.1664685308933258,0.3835833966732025,0.681256741672017,0.42739197611808777,0.08182364702224731
N,43068,0.5874223709106445,0.4887143671512604,0.17353703081607819,0.3840285837650299,0.6433299913392694,0.4361187517642975,0.06774502247571945
N,43071,0.5505208373069763,0.48764991760253906,0.16759717464447021,0.39412233233451843,0.6479123088383737,0.4250393807888031,0.2122395634651184
S,43077,0.4805203378200531,0.4980238080024719,0.14409098029136658,0.3490845263004303,0.7004812229797245,0.41794711351394653,0.07124494016170502
T,43091,0.6973199844360352,0.48614609241485596,0.20386391878128052,0.41505181789398193,0.6269605455846007,0.4582292139530182,0.0407024584710598
N,43092,0.6134551167488098,0.488325297832489,0.18115165829658508,0.39114484190940857,0.658009458727441,0.44374871253967285,0.04801211878657341
T,43101,0.594862163066864,0.4809730052947998,0.17926658689975739,0.400737464427948,0.6517028997368955,0.43507158756256104,0.1262042224407196
S,43103,0.4741203784942627,0.5009740591049194,0.1420610100030899,0.34526607394218445,0.6861047668009996,0.41584154963493347,0.07839968800544739
X,43115,0.539401650428772,0.46284791827201843,0.16405339539051056,0.40402162075042725,0.6972076183064686,0.40928444266319275,0.5764772295951843
X,43136,0.5378051400184631,0.46292170882225037,0.16328535974025726,0.40304693579673767,0.7056325245044234,0.40819448232650757,0.5745633840560913
N,43141,0.6338411569595337,0.4922848641872406,0.18741434812545776,0.39673665165901184,0.6139658265916903,0.4472425878047943,0.07955013960599899
_,43146,0.5248218178749084,0.4455828070640564,0.15689191222190857,0.3960626721382141,0.8671946239968141,0.40606263279914856,0.0
T,43150,0.5384519100189209,0.45640215277671814,0.1635562777519226,0.40371212363243103,0.7254316132585761,0.4108874797821045,0.5892831683158875
_,43154,0.524388313293457,0.44549205899238586,0.15668191015720367,0.39580124616622925,0.8681776229540508,0.4058012366294861,0.0
T,43156,0.5424566864967346,0.4596949517726898,0.1655188798904419,0.40609270334243774,0.7169611146157604,0.4128185212612152,0.5699774026870728
_,43157,0.5249462127685547,0.4456089437007904,0.15695199370384216,0.3961382508277893,0.8671375228961309,0.40613824129104614,0.0
N,43164,0.5667765140533447,0.48648759722709656,0.1685096025466919,0.3850562572479248,0.6876759366973421,0.4317062795162201,0.09223564714193344
T,43166,0.5381932258605957,0.4588717818260193,0.16344134509563446,0.40340495109558105,0.6981135077693732,0.4096566438674927,0.5895763039588928
N,43167,0.5591394901275635,0.4848688840866089,0.16483202576637268,0.382660835981369,0.6797133247750269,0.42606058716773987,0.10846614837646484
N,43174,0.5567367672920227,0.4830529987812042,0.16491001844406128,0.3817198872566223,0.6786313227523352,0.4251348674297333,0.09726788103580475
_,43180,0.5245166420936584,0.44551900029182434,0.15674391388893127,0.3958790600299835,0.8680263758202394,0.40587905049324036,0.0
_,43190,0.5241822004318237,0.44544872641563416,0.15658247470855713,0.395675927400589,0.8682749170561632,0.40567588806152344,0.0
_,43191,0.5247989296913147,0.4455779194831848,0.15688103437423706,0.3960483968257904,0.8670823536316554,0.40604838728904724,0.0
S,43208,0.47899553179740906,0.5020238161087036,0.14244598150253296,0.35132282972335815,0.6592594474429886,0.41074973344802856,0.12573060393333435
N,43219,0.5535521507263184,0.48138174414634705,0.1626395881175995,0.37789011001586914,0.692342548124337,0.4230296313762665,0.07901647686958313
_,43223,0.5196619033813477,0.4444955587387085,0.15440478920936584,0.3929162621498108,0.8709313908219338,0.4029162526130676,0.0
X,43224,0.5683667063713074,0.48735231161117554,0.17171454429626465,0.38960179686546326,0.6300954323075713,0.4308285713195801,0.13010536134243011
S,43242,0.4774743914604187,0.5018895864486694,0.14353406429290771,0.3427591025829315,0.697314542469879,0.4197011888027191,0.058777887374162674
S,43249,0.4738551378250122,0.5027766227722168,0.14198483526706696,0.343365341424942,0.7038909110054374,0.41814708709716797,0.07114823162555695
N,43251,0.5317771434783936,0.487884521484375,0.15879712998867035,0.38354575634002686,0.6548875508323181,0.41491323709487915,0.2158646583557129
S,43252,0.49257081747055054,0.50130695104599,0.14473669230937958,0.3475874662399292,0.6352584326158589,0.4160790741443634,0.08657122403383255
N,43289,0.532985270023346,0.4847685396671295,0.15798065066337585,0.3792254328727722,0.677821457701745,0.4170379638671875,0.15547725558280945
T,43292,0.5353069305419922,0.45611676573753357,0.16204233467578888,0.40187764167785645,0.7371798362135209,0.40916430950164795,0.5719656348228455
T,43293,0.5378028750419617,0.4575090706348419,0.1632603406906128,0.40323588252067566,0.7233375449206946,0.4100210666656494,0.5853736400604248
T,43296,0.5446599721908569,0.4861937463283539,0.16688935458660126,0.40372034907341003,0.6425939613456528,0.41726937890052795,0.3738115131855011
S,43304,0.4831565320491791,0.49956971406936646,0.14488908648490906,0.3493099510669708,0.6780724212589364,0.4175395965576172,0.08045561611652374
N,43313,0.5534569025039673,0.48327741026878357,0.16452749073505402,0.3884648084640503,0.6635884489342183,0.41976994276046753,0.19106437265872955
T,43316,0.5390438437461853,0.4585796594619751,0.1638808697462082,0.40392589569091797,0.7203601789153861,0.4105434715747833,0.5796626210212708
X,43322,0.5433316230773926,0.472520112991333,0.16602538526058197,0.4056563079357147,0.4687676046265188,0.40739384293556213,0.5876657366752625
T,43329,0.6159998774528503,0.47985565662384033,0.1843903362751007,0.4033915400505066,0.6608526971129081,0.4399237036705017,0.08531362563371658
X,43337,0.5366813540458679,0.4631415903568268,0.1627465933561325,0.40224236249923706,0.6317260106198349,0.40695667266845703,0.583146333694458
_,43345,0.5195870995521545,0.44447973370552063,0.15436896681785583,0.3928701877593994,0.8708986172576746,0.40287017822265625,0.0
N,43354,0.5974642038345337,0.48920726776123047,0.178342804312706,0.39578521251678467,0.6411799474727107,0.43645480275154114,0.1367741823196411
X,43366,0.5413054823875427,0.4641132652759552,0.16499723494052887,0.40495923161506653,0.6970269543231734,0.4096691608428955,0.5860031843185425
X,43373,0.5738043189048767,0.48495668172836304,0.169976145029068,0.38730481266975403,0.6313253856712254,0.4265182912349701,0.1328706443309784
T,43374,0.5365426540374756,0.455522358417511,0.16263596713542938,0.4027012586593628,0.7323149067951211,0.4103846549987793,0.5648242235183716
X,43397,0.5368577837944031,0.4619312286376953,0.1628253012895584,0.40239009261131287,0.7056045077593126,0.4074823260307312,0.5859470963478088
T,43409,0.5294085741043091,0.4557957053184509,0.15918350219726562,0.39807984232902527,0.729716493247961,0.4044846296310425,0.6005863547325134
_,43421,0.5206092596054077,0.44469544291496277,0.15486100316047668,0.39349523186683655,0.8704198958476385,0.4034952223300934,0.0
T,43424,0.5288159251213074,0.45481905341148376,0.15889109671115875,0.39783456921577454,0.7351481947560267,0.4046620726585388,0.595009446144104
N,43431,0.5380425453186035,0.4816592037677765,0.15924248099327087,0.38024505972862244,0.693304033377984,0.41825494170188904,0.13545314967632294
_,43432,0.5197222232818604,0.4445083737373352,0.15443375706672668,0.39295336604118347,0.8710002640386423,0.4029533863067627,0.0
S,43440,0.47517499327659607,0.4985119104385376,0.1421431005001068,0.345197856426239,0.6930740517129501,0.4147895574569702,0.0727538913488388
N,43469,0.5381426215171814,0.4954325556755066,0.16444160044193268,0.39992615580558777,0.6647410658851641,0.4134353995323181,0.37974637746810913
N,43471,0.5236117839813232,0.485348105430603,0.15808169543743134,0.387544721364975,0.6650811140239239,0.41555115580558777,0.23243489861488342
X,43473,0.5993975400924683,0.4921729564666748,0.17917005717754364,0.391164094209671,0.6076371998385488,0.4399542808532715,0.10177213698625565
S,43480,0.5131530165672302,0.4996838867664337,0.15038590133190155,0.35602256655693054,0.626558687829335,0.4191301763057709,0.09748164564371109
S,43486,0.48448264598846436,0.5158069133758545,0.14146602153778076,0.3415962755680084,0.5932007309679467,0.4145471155643463,0.12120545655488968
T,43488,0.5383604168891907,0.4563571810722351,0.16353167593479156,0.40363171696662903,0.7206572904617904,0.4108957052230835,0.5836968421936035
X,43500,0.5378513932228088,0.46210989356040955,0.1633063703775406,0.403069406747818,0.6708924580555413,0.40838873386383057,0.5785951614379883
X,43510,0.5658384561538696,0.48749375343322754,0.17085540294647217,0.38895171880722046,0.6314695703191683,0.4300471246242523,0.13298122584819794
X,43515,0.5960770845413208,0.48664429783821106,0.1765609085559845,0.3924608528614044,0.6298231086400726,0.4341353178024292,0.11628425121307373
T,43520,0.5397548675537109,0.460010290145874,0.16421829164028168,0.4042971730232239,0.6241958773656613,0.4103931188583374,0.5839056372642517
_,43521,0.5202353000640869,0.4446166157722473,0.15468092262744904,0.3932667374610901,0.8704861314098041,0.4032667577266693,0.0
X,43528,0.5538558959960938,0.4873683750629425,0.1692083179950714,0.3888266980648041,0.6614878966969748,0.42954128980636597,0.13662156462669373
T,43530,0.5492586493492126,0.49175670742988586,0.16888779401779175,0.4076935648918152,0.6166378211482273,0.4162551760673523,0.43253830075263977
S,43535,0.5016875267028809,0.5002427101135254,0.1508636176586151,0.35023194551467896,0.6854057630120467,0.4252494275569916,0.05292992666363716
S,43538,0.4754658043384552,0.5046375393867493,0.14261385798454285,0.3462035655975342,0.6734734590972463,0.41642239689826965,0.09419739246368408
N,43554,0.5993314981460571,0.4854535162448883,0.18024305999279022,0.39573681354522705,0.6721320384518671,0.4442282021045685,0.04663800448179245
_,43559,0.5389447212219238,0.4485410749912262,0.16372697055339813,0.40459343791007996,0.857354869991541,0.4145933985710144,0.0
S,43563,0.48027029633522034,0.5046541094779968,0.14563488960266113,0.34943389892578125,0.6762852404887478,0.42365220189094543,0.07453291863203049
N,43565,0.5474527478218079,0.4947514832019806,0.16899196803569794,0.40636301040649414,0.6248549126267123,0.4246222674846649,0.34202951192855835
_,43572,0.5379652380943298,0.44833701848983765,0.1632513850927353,0.4040067195892334,0.8579382215936979,0.41400668025016785,0.0
X,43577,0.5539871454238892,0.4654597043991089,0.17112712562084198,0.41283488273620605,0.6893399839673657,0.4185822010040283,0.5732248425483704
X,43582,0.5633906126022339,0.46780309081077576,0.17574624717235565,0.41824644804000854,0.7033651397291055,0.4239732623100281,0.5747920870780945
S,43591,0.5229761600494385,0.5111215114593506,0.15407507121562958,0.35396525263786316,0.6069587020898083,0.43305549025535583,0.07791267335414886
X,43594,0.5529203414916992,0.46602335572242737,0.1706087589263916,0.41227221488952637,0.6960940986328449,0.4180731773376465,0.5620405077934265
T,43599,0.5705474019050598,0.4952229857444763,0.17932665348052979,0.4219687879085541,0.6063521726825639,0.4221937358379364,0.5431216359138489
X,43600,0.6207141876220703,0.4904192090034485,0.18670514225959778,0.4055071473121643,0.6329015304448937,0.4475744068622589,0.11731496453285217
N,43602,0.5524688959121704,0.49736928939819336,0.17102035880088806,0.4086083471775055,0.6293725314247423,0.4242418706417084,0.36928030848503113
X,43611,0.5708200335502625,0.4873100817203522,0.17353098094463348,0.3935577869415283,0.6353763135243208,0.43458953499794006,0.12416653335094452
X,43622,0.5721507668495178,0.48635509610176086,0.17379774153232574,0.3970714807510376,0.6404917736471786,0.433156281709671,0.15558789670467377
N,43629,0.6473708748817444,0.49120330810546875,0.19119413197040558,0.40313127636909485,0.6297985506451854,0.45313796401023865,0.06226307153701782
T,43632,0.5554112792015076,0.4636514484882355,0.17181865870952606,0.41376563906669617,0.7082144143960857,0.4202292263507843,0.5717872977256775
_,43634,0.5378854274749756,0.44832026958465576,0.163212850689888,0.40395838022232056,0.8578814634184043,0.4139583706855774,0.0
X,43640,0.5608993768692017,0.4664311707019806,0.17451778054237366,0.4168931543827057,0.7091394808877765,0.42300331592559814,0.5688719749450684
_,43644,0.5379884839057922,0.4483417868614197,0.163262739777565,0.40402039885520935,0.8579079400499662,0.4140203893184662,0.0
T,43645,0.5689119696617126,0.48621684312820435,0.1767912209033966,0.40541842579841614,0.6486294254132857,0.43673890829086304,0.19036340713500977
_,43656,0.5381489396095276,0.4483751654624939,0.1633407175540924,0.40411633253097534,0.8576909064749877,0.4141163229942322,0.0
X,43661,0.5545965433120728,0.46555572748184204,0.17142541706562042,0.4132463037967682,0.6718441554982444,0.4191855192184448,0.5668495297431946
X,43688,0.5554757714271545,0.46703287959098816,0.1718604862689972,0.4136214852333069,0.644212921870767,0.41891616582870483,0.5757601261138916
S,43691,0.5051655173301697,0.5021898746490479,0.15463347733020782,0.35705095529556274,0.6470129933146139,0.4305412471294403,0.0602918341755867
_,43693,0.5383396744728088,0.448415070772171,0.16343317925930023,0.40423116087913513,0.8576840672890346,0.41423115134239197,0.0
S,43697,0.5142887234687805,0.5026691555976868,0.1558130532503128,0.35881882905960083,0.6441359852068127,0.43123042583465576,0.06535723805427551
X,43703,0.555513322353363,0.46612825989723206,0.1718769073486328,0.41381728649139404,0.6649763156517293,0.41984301805496216,0.5601112246513367
S,43709,0.5205194354057312,0.5030022859573364,0.15893101692199707,0.35832679271698,0.6609527366608382,0.43756771087646484,0.038923121988773346
T,43711,0.6408098340034485,0.48614025115966797,0.19252754747867584,0.41363900899887085,0.6336812624630208,0.45061707496643066,0.11271131038665771
T,43717,0.6015933156013489,0.48035985231399536,0.1832781881093979,0.4073229134082794,0.6310494421600985,0.4364032745361328,0.16251254081726074
_,43719,0.5380077958106995,0.448345810174942,0.1632722020149231,0.404031902551651,0.8578811210393906,0.41403189301490784,0.0
_,43720,0.5384617447853088,0.4484403133392334,0.1634926199913025,0.4043036103248596,0.8573363612592221,0.4143035411834717,0.0
_,43722,0.5379864573478699,0.4483412802219391,0.16326187551021576,0.4040188789367676,0.8578011562426886,0.414018839597702,0.0
N,43738,0.5981892943382263,0.48979219794273376,0.18192484974861145,0.39747554063796997,0.6214911751462053,0.4458649456501007,0.07861649245023727
_,43747,0.5383058190345764,0.44840794801712036,0.1634167581796646,0.40421074628829956,0.8577537426352502,0.4142107367515564,0.0
T,43755,0.5573992133140564,0.4598804712295532,0.17277702689170837,0.41509464383125305,0.7131456079370886,0.4228174686431885,0.5746278762817383
T,43771,0.5583038330078125,0.4638351500034332,0.17323696613311768,0.4154391586780548,0.7053229328923105,0.4219978451728821,0.5749443769454956
S,43786,0.6022666692733765,0.503347635269165,0.17644675076007843,0.377066969871521,0.5895393990676288,0.44960805773735046,0.049082331359386444
_,43796,0.5378533005714417,0.4483136236667633,0.16319714486598969,0.40393927693367004,0.8579221577942372,0.4139392673969269,0.0
_,43800,0.5378695726394653,0.4483169615268707,0.1632051020860672,0.4039488434791565,0.8578690651555857,0.41394883394241333,0.0
_,43803,0.5380069613456726,0.4483456611633301,0.1632716953754425,0.40403157472610474,0.8578590101500353,0.4140315651893616,0.0
N,43804,0.553607165813446,0.4891505539417267,0.16883374750614166,0.3921779692173004,0.6568286484669564,0.4319765567779541,0.15047995746135712
N,43809,0.5846623778343201,0.48441052436828613,0.17629092931747437,0.3928985297679901,0.6711237983214475,0.44049203395843506,0.05227700620889664
N,43816,0.5837317705154419,0.48808616399765015,0.17766228318214417,0.3953153192996979,0.6591819499172077,0.44285446405410767,0.07809210568666458
T,43818,0.5633995532989502,0.4953368306159973,0.17616412043571472,0.41558414697647095,0.6471086955196612,0.4287097752094269,0.39461201429367065
_,43827,0.523831307888031,0.44537490606307983,0.15641309320926666,0.39546260237693787,0.8686663654943307,0.4054625332355499,0.0
T,43847,0.6224964261054993,0.48577338457107544,0.18398500978946686,0.39980804920196533,0.6657593260740882,0.4422604739665985,0.08936911076307297
T,43857,0.5372456908226013,0.4568856358528137,0.16297440230846405,0.4031432569026947,0.7271136344963877,0.4106610417366028,0.5524999499320984
_,43858,0.5236024856567383,0.44532671570777893,0.15630286931991577,0.3953229784965515,0.8686231452723344,0.40532296895980835,0.0
_,43862,0.5248838663101196,0.445595920085907,0.15692174434661865,0.3961006700992584,0.8673600974678993,0.40610066056251526,0.0
S,43864,0.4800187349319458,0.5013934969902039,0.14419220387935638,0.34341374039649963,0.7001004797716935,0.4215880334377289,0.05096535012125969
S,43876,0.4906041622161865,0.5123067498207092,0.14458319544792175,0.34363046288490295,0.6154979890984639,0.4212173521518707,0.09434719383716583
T,43878,0.5626855492591858,0.49863484501838684,0.17555832862854004,0.41626131534576416,0.650320011955373,0.41152334213256836,0.5752781629562378
S,43880,0.4952850937843323,0.5087806582450867,0.14416557550430298,0.3453958332538605,0.6496382071369105,0.419391393661499,0.09416596591472626
_,43897,0.5237945914268494,0.4453671872615814,0.15639545023441315,0.39544016122817993,0.8685964003702006,0.40544015169143677,0.0
X,43911,0.5404849648475647,0.4882581830024719,0.16549420356750488,0.3881126940250397,0.6711611370897542,0.4253668785095215,0.16923514008522034
N,43913,0.5502608418464661,0.4838116466999054,0.16574004292488098,0.3879753053188324,0.6734747346490622,0.4257086515426636,0.14038774371147156
S,43916,0.48237910866737366,0.5038852095603943,0.1441350281238556,0.3495745062828064,0.6514664555333245,0.4174414873123169,0.09870415925979614
S,43921,0.5383595824241638,0.5004386305809021,0.1589595526456833,0.3623169958591461,0.6084016606917916,0.42956334352493286,0.07665399461984634
X,43928,0.5915935635566711,0.4888482689857483,0.1757134348154068,0.38974085450172424,0.6216817634513913,0.43506160378456116,0.10615754127502441
T,43930,0.5786461234092712,0.48114025592803955,0.1720421314239502,0.39277219772338867,0.6713229940959718,0.42865222692489624,0.12831737101078033
X,43933,0.5398094058036804,0.46458908915519714,0.1642601191997528,0.40422362089157104,0.6970356700969085,0.4090435206890106,0.5726251006126404
S,43935,0.5109557509422302,0.5028454661369324,0.15363940596580505,0.3526565730571747,0.6831665878727412,0.4295218288898468,0.055095866322517395
N,43941,0.5423460006713867,0.49445557594299316,0.1662999838590622,0.40400487184524536,0.6261414017450686,0.41563519835472107,0.3990553915500641
X,43943,0.5789859890937805,0.487547367811203,0.17585378885269165,0.3943256139755249,0.6406078701307222,0.43557462096214294,0.1243148148059845
_,43946,0.5237119197845459,0.445349782705307,0.1563555747270584,0.3953898549079895,0.8686342584590118,0.40538984537124634,0.0
S,43952,0.4750509262084961,0.5034413933753967,0.14280812442302704,0.3444359302520752,0.6751673046561579,0.4175301790237427,0.07858321815729141
T,43960,0.5562576651573181,0.4779212474822998,0.16989123821258545,0.3955530524253845,0.6721554596101245,0.42549270391464233,0.1625327467918396
_,43966,0.5247424244880676,0.4455666244029999,0.15685279667377472,0.3960167467594147,0.8681151696046194,0.4060167074203491,0.0
N,43975,0.551257312297821,0.49888312816619873,0.16964945197105408,0.4070304334163666,0.6082584558190866,0.41658201813697815,0.42088642716407776
T,43982,0.5427241325378418,0.4601042866706848,0.16565407812595367,0.4063185155391693,0.7162580893330597,0.4132751524448395,0.5537390112876892
X,43985,0.5738955736160278,0.4851675033569336,0.17337173223495483,0.39036402106285095,0.6529701816011221,0.4342877268791199,0.09345723688602448
X,43988,0.5398328900337219,0.4629455804824829,0.16426198184490204,0.40426433086395264,0.6956871552200513,0.40948474407196045,0.5781764388084412
T,43989,0.5426146388053894,0.46097332239151,0.16560755670070648,0.40610456466674805,0.7151553303108086,0.41243982315063477,0.5695003271102905
X,43991,0.5414420962333679,0.46410778164863586,0.16504982113838196,0.405195027589798,0.698721232753572,0.4102132022380829,0.5762736797332764
X,44003,0.6278392672538757,0.4875519871711731,0.18677711486816406,0.40171048045158386,0.6118719803415783,0.44364702701568604,0.1028091162443161
T,44006,0.5413671135902405,0.4561268091201782,0.1649804711341858,0.4055531620979309,0.7048050009645855,0.4132830798625946,0.5735230445861816
X,44010,0.543190598487854,0.4648047983646393,0.16590763628482819,0.40635713934898376,0.6390124720540189,0.41178029775619507,0.5602179169654846
T,44011,0.5432963967323303,0.460296094417572,0.16594047844409943,0.406498521566391,0.6728353780644163,0.41298815608024597,0.5750042200088501
X,44016,0.5406879782676697,0.4635586142539978,0.1646811068058014,0.4047074615955353,0.6946500529976221,0.40967997908592224,0.5820493698120117
S,44018,0.5161051750183105,0.5007250905036926,0.15434356033802032,0.35494735836982727,0.6733178232175608,0.42817774415016174,0.05780884250998497
N,44019,0.5432857275009155,0.495801717042923,0.16706854104995728,0.3983033001422882,0.661122640145477,0.42208051681518555,0.29683321714401245
S,44025,0.5435737371444702,0.4998084604740143,0.1580294817686081,0.36473602056503296,0.6196098557813579,0.4265725910663605,0.0971364676952362
S,44026,0.491250216960907,0.4998026192188263,0.14921964704990387,0.35087183117866516,0.7006573211401701,0.42626380920410156,0.05046381801366806
_,44030,0.5237809419631958,0.445364385843277,0.1563887894153595,0.3954320251941681,0.8687181375920773,0.4054320156574249,0.0
_,44032,0.5237424969673157,0.44535624980926514,0.15637029707431793,0.3954084813594818,0.8686063138147195,0.40540847182273865,0.0
T,44033,0.5411493182182312,0.4589822590351105,0.16488507390022278,0.4053521454334259,0.7250307953066659,0.41231510043144226,0.5641660690307617
_,44034,0.5245183706283569,0.44551947712898254,0.15674467384815216,0.39588043093681335,0.8681514738003413,0.4058804214000702,0.0
X,44037,0.562827467918396,0.49138373136520386,0.17084932327270508,0.3909702003002167,0.6150950976895789,0.42947906255722046,0.1715911477804184
X,44045,0.5824520587921143,0.4894863963127136,0.1763574331998825,0.3960963189601898,0.6139644980120162,0.4346807897090912,0.15481199324131012
_,44046,0.5317250490188599,0.4470325708389282,0.1602269858121872,0.400250107049942,0.863101407835881,0.4102500379085541,0.0
T,44047,0.5443111658096313,0.45841020345687866,0.16640207171440125,0.4073186218738556,0.7199849888188086,0.4146322011947632,0.5681406259536743
_,44049,0.5313822627067566,0.44696077704429626,0.1600610911846161,0.40004295110702515,0.8631771349410217,0.410042941570282,0.0
_,44052,0.5320115685462952,0.4470921456813812,0.16036641597747803,0.4004209339618683,0.8623120806614558,0.4104209244251251,0.0
X,44070,0.5476768016815186,0.46374350786209106,0.16806238889694214,0.409024715423584,0.6923102994997196,0.41467535495758057,0.5777750015258789
X,44081,0.5537656545639038,0.46787405014038086,0.1710500568151474,0.41258421540260315,0.6250061436418521,0.41774606704711914,0.5666111707687378
_,44086,0.5320318937301636,0.4470963776111603,0.16037628054618835,0.4004329442977905,0.862192277510961,0.41043293476104736,0.0
N,44089,0.5528626441955566,0.4876934885978699,0.16831430792808533,0.39070746302604675,0.6736263859834678,0.431670218706131,0.1357119232416153
S,44090,0.5313605666160583,0.5023709535598755,0.1593017429113388,0.3599020540714264,0.6693893635928786,0.43415677547454834,0.055590156465768814
N,44105,0.5833205580711365,0.4854995906352997,0.17220579087734222,0.3859703242778778,0.6747311932838784,0.43590933084487915,0.05685767903923988
T,44108,0.5636917352676392,0.4873173236846924,0.17391437292099,0.4072606861591339,0.6415204271961193,0.4255925118923187,0.32460010051727295
X,44124,0.5494500994682312,0.4641307294368744,0.16892686486244202,0.4100213944911957,0.6888280725182268,0.4155569076538086,0.5829752683639526
_,44126,0.5313239693641663,0.4469486176967621,0.16003286838531494,0.4000079035758972,0.8631331863999367,0.41000789403915405,0.0
_,44128,0.5306528806686401,0.4468081295490265,0.15970797836780548,0.39960283041000366,0.8638004011909167,0.4096027910709381,0.0
N,44130,0.5500480532646179,0.48972728848457336,0.16612990200519562,0.3870037794113159,0.6507796014736718,0.4287307560443878,0.14459660649299622
N,44137,0.5909650921821594,0.48638713359832764,0.17804335057735443,0.396389365196228,0.6527948491736607,0.4391319453716278,0.10023437440395355
X,44143,0.5469167232513428,0.46318772435188293,0.167684867978096,0.40857020020484924,0.6963988889308621,0.41423287987709045,0.5821290016174316
S,44147,0.481733113527298,0.5038814544677734,0.1449984461069107,0.3528715670108795,0.6601946508077284,0.4171704947948456,0.1098451316356659
_,44156,0.5309156179428101,0.4468631148338318,0.15983512997627258,0.39976152777671814,0.8636783494055271,0.409761518239975,0.0
_,44162,0.5307407379150391,0.4468264877796173,0.15975049138069153,0.39965587854385376,0.8637158388396105,0.4096558690071106,0.0
_,44168,0.5319809913635254,0.44708558917045593,0.16035184264183044,0.4004017412662506,0.862128380984068,0.41040173172950745,0.0
S,44176,0.4932507574558258,0.5038889646530151,0.14486755430698395,0.3495836555957794,0.6147578023100505,0.4187178313732147,0.09198877215385437
_,44186,0.5316722989082336,0.44702160358428955,0.16020137071609497,0.40021830797195435,0.8632141555349032,0.4102182984352112,0.0
S,44188,0.5179712772369385,0.5006855130195618,0.1586679220199585,0.3596331775188446,0.6559911401259403,0.4339538812637329,0.04827152192592621
X,44190,0.5523491501808167,0.4903310239315033,0.1688578873872757,0.3931165933609009,0.6169782769028098,0.42722606658935547,0.19865429401397705
T,44196,0.5577130317687988,0.47503185272216797,0.173015758395195,0.41440850496292114,0.4411442646005829,0.41711926460266113,0.5791015028953552
S,44200,0.49838268756866455,0.5054413676261902,0.1481296569108963,0.3531772196292877,0.6183627923816676,0.42185327410697937,0.09772880375385284
S,44206,0.49718353152275085,0.5005887150764465,0.15031516551971436,0.35656240582466125,0.6596519131865353,0.42226916551589966,0.0881626158952713
X,44219,0.546104371547699,0.4625438451766968,0.16728901863098145,0.4082283079624176,0.698532644493777,0.4143858253955841,0.5680846571922302
N,44221,0.5911767482757568,0.4855376183986664,0.17852608859539032,0.39183303713798523,0.6603878810163588,0.44168272614479065,0.045260727405548096
X,44223,0.5553278923034668,0.46616289019584656,0.17180994153022766,0.4134412109851837,0.7111007703153155,0.4188764691352844,0.5799843072891235
T,44224,0.54764723777771,0.46205779910087585,0.16803954541683197,0.4091087281703949,0.7145565156912987,0.4153493046760559,0.5764666795730591
N,44230,0.6021044254302979,0.49156811833381653,0.18077485263347626,0.3937661647796631,0.6486923057937142,0.4433571696281433,0.0876411497592926
S,44231,0.49913543462753296,0.501107931137085,0.15278901159763336,0.35434800386428833,0.6879807236604393,0.4313131272792816,0.04580311477184296
_,44263,0.53145831823349,0.44697684049606323,0.16009774804115295,0.4000893533229828,0.8633581567307314,0.4100893437862396,0.0
X,44276,0.5758500099182129,0.48706749081611633,0.1732640564441681,0.3907827138900757,0.6267451413208619,0.4331749677658081,0.11582604050636292
N,44278,0.5888926386833191,0.48741212487220764,0.1764635294675827,0.3913561999797821,0.663811551556064,0.4402829110622406,0.06957044452428818
X,44290,0.5478962063789368,0.46462520956993103,0.16817013919353485,0.4091312289237976,0.6152344917517379,0.41453155875205994,0.5768723487854004
X,44294,0.62110435962677,0.4935474693775177,0.18530060350894928,0.39713531732559204,0.6213111197189817,0.44809386134147644,0.08561553061008453
T,44300,0.5615830421447754,0.4950447678565979,0.17543193697929382,0.413814514875412,0.667717370257354,0.4256807863712311,0.4053213596343994
S,44307,0.5167650580406189,0.5010796785354614,0.15235556662082672,0.3573056757450104,0.6024140183863347,0.42486003041267395,0.08165223896503448
T,44322,0.5486416816711426,0.4597659409046173,0.16850881278514862,0.4098063111305237,0.718953201642297,0.4167959690093994,0.5809925198554993
X,44326,0.5515711307525635,0.46396929025650024,0.1699681431055069,0.4115511476993561,0.6704086166389365,0.41829755902290344,0.5442424416542053
T,44330,0.6136640310287476,0.482048362493515,0.19005315005779266,0.41536083817481995,0.6259843865364868,0.44363418221473694,0.17210789024829865
X,44332,0.5614714026451111,0.4937626123428345,0.17400629818439484,0.39825522899627686,0.6341429183849444,0.43328237533569336,0.20361386239528656
_,44334,0.5274114012718201,0.44612768292427063,0.1581413745880127,0.39763814210891724,0.8656355051696301,0.4076381027698517,0.0
S,44340,0.5169297456741333,0.49693167209625244,0.15277713537216187,0.3587474822998047,0.6431102056962361,0.424412339925766,0.0710790604352951
N,44347,0.576992392539978,0.5042543411254883,0.18150943517684937,0.41485297679901123,0.6066799067630928,0.4306318461894989,0.37849098443984985
_,44352,0.5279229879379272,0.44623449444770813,0.15838949382305145,0.397945761680603,0.8646021204690139,0.40794575214385986,0.0
T,44356,0.5353307127952576,0.45576387643814087,0.16203202307224274,0.4018441438674927,0.7325691829869175,0.4089370369911194,0.5925387144088745
S,44362,0.5140495896339417,0.5033165812492371,0.15663838386535645,0.35827282071113586,0.6504250836806993,0.430563360452652,0.07051359117031097
X,44364,0.5449643135070801,0.4643668830394745,0.1667580008506775,0.40744224190711975,0.6341554542200478,0.4130297601222992,0.5643129944801331
T,44378,0.6458576321601868,0.48833152651786804,0.19755597412586212,0.4169169068336487,0.602438760054647,0.45117563009262085,0.1492900848388672
S,44382,0.4769074022769928,0.5169987082481384,0.14089559018611908,0.3419000506401062,0.6108374457662771,0.41562655568122864,0.12090460956096649
T,44400,0.5662627220153809,0.48307740688323975,0.17636731266975403,0.4110175669193268,0.6246024952270091,0.42603445053100586,0.3535006046295166
S,44415,0.48706039786338806,0.5126795768737793,0.14413875341415405,0.3474913239479065,0.5987297351340143,0.4160909056663513,0.12412424385547638
N,44416,0.5819826126098633,0.4840785264968872,0.1754433959722519,0.391408234834671,0.6672258684854023,0.43706369400024414,0.06853196769952774
_,44419,0.5273235440254211,0.44610926508903503,0.15809893608093262,0.3975848853588104,0.8658077362676462,0.4075848460197449,0.0
N,44447,0.5839484930038452,0.4872986376285553,0.17201566696166992,0.38940849900245667,0.6551327762804674,0.4321419894695282,0.11745676398277283
X,44454,0.5496340394020081,0.48520320653915405,0.1667713224887848,0.38812416791915894,0.6338531151305263,0.42536547780036926,0.15089182555675507
S,44458,0.49449434876441956,0.5126145482063293,0.1470802277326584,0.3450641930103302,0.6171072589481871,0.4235878586769104,0.08985146135091782
_,44459,0.5274623036384583,0.4461383819580078,0.15816600620746613,0.3976689875125885,0.8656535536547503,0.40766897797584534,0.0
N,44461,0.5551153421401978,0.5052787661552429,0.1718541979789734,0.4127911627292633,0.6247307165137803,0.41410571336746216,0.4930645823478699
_,44463,0.526645302772522,0.44596680998802185,0.1577712744474411,0.3971734941005707,0.8661257066826026,0.4071734547615051,0.0
X,44465,0.5455025434494019,0.4624080955982208,0.16700276732444763,0.40786445140838623,0.6946169871553624,0.414055198431015,0.5664234161376953
X,44467,0.6109011173248291,0.4890495836734772,0.1820434331893921,0.39814648032188416,0.6222388497351009,0.4401986598968506,0.11863035708665848
X,44468,0.6023475527763367,0.4858902096748352,0.18013405799865723,0.39650586247444153,0.6295580672069143,0.43913400173187256,0.09526290744543076
_,44469,0.526555597782135,0.44594794511795044,0.15772798657417297,0.3971188962459564,0.8661887893577417,0.40711888670921326,0.0
N,44473,0.596546471118927,0.48408177495002747,0.179775208234787,0.39248213171958923,0.6619722779931423,0.44156157970428467,0.0367143414914608
T,44487,0.545028805732727,0.45769765973091125,0.16677168011665344,0.407699853181839,0.7191679084169725,0.41531094908714294,0.5661883354187012
T,44503,0.5890636444091797,0.4843221604824066,0.17910949885845184,0.4058282673358917,0.6467820071227228,0.43503302335739136,0.19730357825756073
T,44505,0.5400046706199646,0.4554669260978699,0.1642947494983673,0.4047653079032898,0.7305890996823291,0.4124424159526825,0.586655855178833
X,44515,0.5614740252494812,0.4908730685710907,0.17252600193023682,0.39581534266471863,0.6553147168581684,0.43303602933883667,0.1758086383342743
S,44520,0.5040258765220642,0.5140495896339417,0.14835742115974426,0.34784048795700073,0.5956020096160016,0.4246920645236969,0.10018040239810944
X,44523,0.582952082157135,0.4874030649662018,0.17689888179302216,0.39359718561172485,0.6451419679098763,0.4384670555591583,0.09561111032962799
N,44530,0.5436475872993469,0.4950883984565735,0.1671411246061325,0.40285640954971313,0.6645537722876422,0.41953301429748535,0.35439515113830566
_,44557,0.5266549587249756,0.44596877694129944,0.15777592360973358,0.3971792757511139,0.8661685886979104,0.4071792662143707,0.0
S,44560,0.5301724076271057,0.5002736449241638,0.15547730028629303,0.3616774380207062,0.6241232597478181,0.4263310730457306,0.08816350996494293
S,44562,0.5383345484733582,0.5008656978607178,0.15637239813804626,0.3631495535373688,0.5968162489476648,0.42576345801353455,0.09883543848991394
T,44566,0.547624409198761,0.4628998041152954,0.16804087162017822,0.40897369384765625,0.6443306251329917,0.4148173928260803,0.5810697078704834
_,44589,0.5265181064605713,0.4459400177001953,0.15770991146564484,0.39709600806236267,0.866160761465629,0.4070959687232971,0.0
_,44596,0.5265584588050842,0.44594845175743103,0.15772944688796997,0.3971204161643982,0.8660835874080659,0.40712040662765503,0.0
X,44598,0.5573890805244446,0.4931104779243469,0.17219269275665283,0.3962353765964508,0.6362014086606602,0.4307188093662262,0.20616841316223145
X,44606,0.5478843450546265,0.46879833936691284,0.16819539666175842,0.4088848829269409,0.5422559857616822,0.4129033088684082,0.5760364532470703
T,44628,0.5418770909309387,0.4575170576572418,0.1652180254459381,0.405813604593277,0.7317398545852242,0.4130306839942932,0.5800056457519531
T,44648,0.5444151163101196,0.45716848969459534,0.16645179688930511,0.40743377804756165,0.6970741036995485,0.415179967880249,0.5654322504997253
S,44659,0.497710645198822,0.5118302702903748,0.14610758423805237,0.3462737500667572,0.6127402385465879,0.42263227701187134,0.09522684663534164
T,44663,0.5403317809104919,0.4567980170249939,0.16445991396903992,0.404876172542572,0.7254916432141129,0.4120888113975525,0.5881311297416687
_,44667,0.5275527834892273,0.4461572766304016,0.15820978581905365,0.39772355556488037,0.8655503182113171,0.4077235162258148,0.0
T,44674,0.5607814192771912,0.49458521604537964,0.17449937760829926,0.4153285026550293,0.6122417642856212,0.42002737522125244,0.4811941385269165
N,44678,0.5677767395973206,0.49203604459762573,0.170152947306633,0.38992437720298767,0.6435569947577703,0.42907923460006714,0.1709214150905609
X,44683,0.5574193596839905,0.48497289419174194,0.16918300092220306,0.388770192861557,0.6614315402290474,0.4293331503868103,0.12229587137699127
_,44684,0.5210729837417603,0.44479283690452576,0.15508511662483215,0.3937762975692749,0.8687987491985163,0.40377628803253174,0.0
_,44685,0.5197307467460632,0.44450974464416504,0.15443862974643707,0.39295655488967896,0.8696540551384291,0.4029565155506134,0.0
T,44693,0.5718712210655212,0.48837682604789734,0.17569759488105774,0.40590760111808777,0.6394719790881694,0.42760169506073,0.29266980290412903
N,44696,0.5615230798721313,0.48667776584625244,0.16758224368095398,0.38545626401901245,0.6405583988624858,0.4257049858570099,0.13827838003635406
S,44702,0.527028501033783,0.49998199939727783,0.15329986810684204,0.3564586937427521,0.6204289857128849,0.42332756519317627,0.08002255856990814
X,44704,0.5390866994857788,0.46453458070755005,0.16391587257385254,0.4034770429134369,0.7098860421222342,0.4075351655483246,0.5951732397079468
N,44707,0.5747647285461426,0.48565685749053955,0.16818466782569885,0.38244980573654175,0.6673942762080697,0.4290177822113037,0.08863738179206848
S,44711,0.5335387587547302,0.5027753710746765,0.155702143907547,0.35496148467063904,0.6309691928234922,0.428982138633728,0.06371750682592392
_,44712,0.5198324918746948,0.44453126192092896,0.15448756515979767,0.3930189609527588,0.869625774671634,0.40301892161369324,0.0
S,44718,0.5198228359222412,0.49697715044021606,0.15246595442295074,0.35815054178237915,0.6104541011531062,0.42097923159599304,0.08455023169517517
T,44720,0.534163773059845,0.4575955271720886,0.16149075329303741,0.40102627873420715,0.7213220586214933,0.4074637293815613,0.5855914950370789
T,44728,0.5416563153266907,0.46320515871047974,0.16517232358455658,0.4054563343524933,0.661318838209166,0.4113348126411438,0.5567998290061951
S,44729,0.5986166000366211,0.4978814721107483,0.17362256348133087,0.37384647130966187,0.6043536327133916,0.4414285719394684,0.04751186445355415
X,44744,0.5504531264305115,0.4901164770126343,0.16777293384075165,0.3941401243209839,0.6044231179930891,0.42111265659332275,0.2541468143463135
T,44772,0.5410654544830322,0.4622519910335541,0.1648787409067154,0.4051491320133209,0.7049752976219316,0.4112738370895386,0.5565967559814453
T,44777,0.5528998970985413,0.49435415863990784,0.1707562357187271,0.4114117920398712,0.6107125720370096,0.41037675738334656,0.537703812122345
T,44780,0.5738874673843384,0.48981407284736633,0.17458376288414001,0.4044678807258606,0.6557726345942744,0.4261893630027771,0.2971452474594116
T,44781,0.6312006711959839,0.4849858283996582,0.1915208250284195,0.4084111154079437,0.6088961016060784,0.4457762837409973,0.10832959413528442
T,44788,0.5374929904937744,0.4565914571285248,0.1631096601486206,0.4031149744987488,0.7191987247483091,0.41026949882507324,0.5809964537620544
_,44791,0.519806444644928,0.4445258677005768,0.1544748693704605,0.3930034041404724,0.8697997450828553,0.40300336480140686,0.0
N,44795,0.553816556930542,0.4852331578731537,0.1642071157693863,0.38667094707489014,0.6614846367193726,0.42090922594070435,0.1780356466770172
_,44797,0.5197420120239258,0.44451218843460083,0.15444394946098328,0.3929637372493744,0.8697252533336481,0.4029637277126312,0.0
N,44799,0.5599352121353149,0.48297828435897827,0.16554127633571625,0.3805481195449829,0.6763824641994628,0.426507830619812,0.07836225628852844
_,44800,0.519787073135376,0.4445216953754425,0.1544656902551651,0.39299124479293823,0.8696657606959344,0.40299123525619507,0.0
X,44810,0.5791122913360596,0.49065259099006653,0.17402061820030212,0.390368789434433,0.6445804379936696,0.4349450469017029,0.12423288822174072
T,44812,0.541273832321167,0.461164265871048,0.16497160494327545,0.40510106086730957,0.7098546068876022,0.41087183356285095,0.5858731865882874
T,44829,0.5720103979110718,0.48644551634788513,0.17561958730220795,0.40196651220321655,0.6220596549456241,0.4274815320968628,0.2484249472618103
_,44836,0.5206049680709839,0.44469428062438965,0.15485942363739014,0.3934912383556366,0.8692806718746822,0.40349119901657104,0.0
T,44850,0.558922529220581,0.49753186106681824,0.1737331748008728,0.4144062101840973,0.6172979297393129,0.41137000918388367,0.5562164187431335
X,44862,0.5965417623519897,0.4874386191368103,0.17850184440612793,0.3962876498699188,0.6409743358419898,0.4364422559738159,0.12800432741641998
X,44866,0.590660035610199,0.4911328852176666,0.17739838361740112,0.3924649953842163,0.6320631859945328,0.4374202489852905,0.12040133774280548
S,44868,0.5100494623184204,0.49590393900871277,0.14987920224666595,0.3554537892341614,0.6468930445652222,0.42010942101478577,0.07396481931209564
X,44879,0.5898191332817078,0.4910460114479065,0.17601704597473145,0.39475250244140625,0.6401421722131394,0.4332679808139801,0.16464969515800476
X,44882,0.5360230803489685,0.4633880853652954,0.1624288409948349,0.4019155204296112,0.6804496523854323,0.40671640634536743,0.5753347873687744
T,44884,0.53591388463974,0.4583629369735718,0.1623433530330658,0.4020968973636627,0.7236622849956136,0.40852659940719604,0.5798990726470947
S,44888,0.46776673197746277,0.4969230890274048,0.13843946158885956,0.3453279733657837,0.7104841129109264,0.4103652536869049,0.08488749712705612
X,44915,0.5498806834220886,0.4831603467464447,0.1648360639810562,0.38414323329925537,0.6548430465860293,0.42288288474082947,0.1310713291168213
N,44919,0.5282778739929199,0.4879164695739746,0.1597604602575302,0.3868846595287323,0.6779220337079217,0.41933003067970276,0.20724746584892273
S,44924,0.48221492767333984,0.5020045042037964,0.145269975066185,0.3437120020389557,0.6915501408278942,0.42187511920928955,0.05296044424176216
T,44933,0.583246648311615,0.4811093211174011,0.18021607398986816,0.4034908413887024,0.635479343160987,0.4342042803764343,0.16078203916549683
X,44968,0.5357882976531982,0.4629143476486206,0.16231204569339752,0.4018169939517975,0.7053468380561875,0.40680795907974243,0.5737749934196472
T,44970,0.6317895650863647,0.4837060570716858,0.19005084037780762,0.4084448218345642,0.6081196241480454,0.4419545531272888,0.1362452208995819
N,44981,0.6216219067573547,0.4939637780189514,0.18420371413230896,0.40270107984542847,0.6253382995081483,0.4388311207294464,0.1888774037361145
S,44986,0.5433534979820251,0.5011380910873413,0.15999244153499603,0.3607192039489746,0.6060522211234639,0.4294023811817169,0.07501085847616196
X,44990,0.5809970498085022,0.4861559569835663,0.17206162214279175,0.3857153654098511,0.6273580767732346,0.42957714200019836,0.10647676140069962
T,45005,0.6223662495613098,0.48439738154411316,0.18511800467967987,0.4032306969165802,0.6482564489649182,0.43917837738990784,0.13041234016418457
S,45015,0.48273566365242004,0.5094451904296875,0.1399824619293213,0.3376219570636749,0.6282777306423911,0.41452065110206604,0.08982407301664352
_,45021,0.5150665640830994,0.44352367520332336,0.15219607949256897,0.3900969326496124,0.8736776702105999,0.4000968933105469,0.0
_,45022,0.5152838826179504,0.4435696601867676,0.15230044722557068,0.3902304768562317,0.8735963489115238,0.4002304673194885,0.0
X,45029,0.5748494863510132,0.48644694685935974,0.17145755887031555,0.38880035281181335,0.6252571766887074,0.42781782150268555,0.1423446536064148
S,45040,0.5134026408195496,0.49915024638175964,0.15051165223121643,0.35702788829803467,0.6214205138579322,0.41700002551078796,0.10913966596126556
S,45053,0.4836955964565277,0.5064897537231445,0.14010000228881836,0.34011805057525635,0.6592747324195807,0.41408804059028625,0.08927597105503082
S,45054,0.4775126278400421,0.5006758570671082,0.14310869574546814,0.3441166877746582,0.7006710322573781,0.41791510581970215,0.06617657840251923
N,45073,0.5578329563140869,0.48510342836380005,0.16808576881885529,0.3841613233089447,0.6666445727928658,0.42870253324508667,0.09919728338718414
_,45075,0.5155298113822937,0.4436216354370117,0.15241873264312744,0.39038118720054626,0.873242226690054,0.4003811776638031,0.0
X,45083,0.5748152136802673,0.48999863862991333,0.17342224717140198,0.39579081535339355,0.6437649995415026,0.42840710282325745,0.20570918917655945
X,45094,0.5337104797363281,0.4608560800552368,0.16130992770195007,0.4004535377025604,0.6824632528648787,0.40556925535202026,0.5887287259101868
T,45100,0.6147655844688416,0.48284563422203064,0.18268783390522003,0.3984611928462982,0.6560054035936871,0.4378369450569153,0.09528719633817673
S,45102,0.49509644508361816,0.49972236156463623,0.1481425017118454,0.34738466143608093,0.6913474161333094,0.4216722249984741,0.05642228573560715
X,45104,0.5855895280838013,0.4855172336101532,0.17408187687397003,0.3895493149757385,0.6329511964779038,0.4314393103122711,0.11181853711605072
_,45110,0.5149743556976318,0.4435041546821594,0.15215179324150085,0.3900403380393982,0.8737661034862201,0.40004026889801025,0.0
X,45111,0.5353493094444275,0.46028241515159607,0.16209915280342102,0.401688814163208,0.706020635260793,0.4076763391494751,0.5681735873222351
N,45116,0.5638049244880676,0.48209860920906067,0.16951338946819305,0.38460850715637207,0.6721029788414793,0.429855078458786,0.07093792408704758
_,45120,0.5149548649787903,0.44350001215934753,0.15214240550994873,0.3900282680988312,0.8737963367501895,0.4000282287597656,0.0
X,45131,0.5381952524185181,0.4626602232456207,0.16348718106746674,0.40300628542900085,0.6593326714628105,0.40766897797584534,0.5960431098937988
N,45144,0.5593864917755127,0.49096447229385376,0.16716401278972626,0.3879511058330536,0.661488398775363,0.4262751042842865,0.17450623214244843
_,45147,0.5149507522583008,0.4434991478919983,0.15214048326015472,0.3900257349014282,0.8737236608564855,0.40002572536468506,0.0
S,45150,0.54274982213974,0.4997142553329468,0.1599387228488922,0.3615354597568512,0.6243463578719821,0.43060770630836487,0.06657659262418747
T,45165,0.5267112255096436,0.4551827609539032,0.15788856148719788,0.3965696096420288,0.7336979078107106,0.40327614545822144,0.5829179286956787
N,45172,0.5286298394203186,0.48156389594078064,0.15600024163722992,0.3748454749584198,0.6916820948862006,0.41539016366004944,0.12158273905515671
T,45192,0.5537524819374084,0.49443015456199646,0.1711626499891281,0.4111294150352478,0.6202439707276548,0.41311562061309814,0.5038379430770874
X,45197,0.5264867544174194,0.4905698895454407,0.15900835394859314,0.3850425183773041,0.6228721429314464,0.4133331775665283,0.24830453097820282
N,45198,0.5619317889213562,0.4869041442871094,0.1665976196527481,0.3813037574291229,0.6854392374981398,0.42768460512161255,0.10171736031770706
N,45207,0.5492148995399475,0.4934721887111664,0.16831697523593903,0.4022601246833801,0.6126168581280702,0.41371965408325195,0.3986205458641052
_,45216,0.515082597732544,0.44352713227272034,0.15220369398593903,0.390107125043869,0.8738121814529102,0.40010711550712585,0.0
N,45219,0.5703542232513428,0.4825972616672516,0.16767799854278564,0.38265177607536316,0.6692580064688325,0.42582234740257263,0.09389705955982208
N,45229,0.534081220626831,0.4915928244590759,0.16095584630966187,0.39244237542152405,0.6297155249787223,0.41037485003471375,0.3336087465286255
X,45240,0.5501543283462524,0.4872943162918091,0.1661071479320526,0.3854147791862488,0.6326753051516911,0.4241512417793274,0.1547471284866333
T,45246,0.5331487655639648,0.45653626322746277,0.16100728511810303,0.40042588114738464,0.7234893161624981,0.40715086460113525,0.5857867002487183
T,45248,0.532828152179718,0.45521146059036255,0.16084903478622437,0.40028631687164307,0.7249130159439544,0.4074356257915497,0.5874781608581543
T,45249,0.5382564663887024,0.4630606174468994,0.16352678835391998,0.4030827283859253,0.5916458582098131,0.4078027606010437,0.5888289213180542
X,45253,0.5652150511741638,0.4847084581851959,0.16863054037094116,0.383838415145874,0.635683813582873,0.4264509975910187,0.11014484614133835
T,45261,0.57706618309021,0.4765092134475708,0.17389452457427979,0.40083903074264526,0.6711293964027816,0.4262853264808655,0.1945900022983551
T,45265,0.5532641410827637,0.4934200644493103,0.17098714411258698,0.41037631034851074,0.6176305913662085,0.4054083228111267,0.5850242376327515
S,45274,0.46206074953079224,0.5076776146888733,0.13393361866474152,0.33260223269462585,0.672214472067232,0.4090743660926819,0.08769840002059937
_,45276,0.5154739022254944,0.44360992312431335,0.15239161252975464,0.3903474807739258,0.8735236244400343,0.4003474712371826,0.0
N,45279,0.550061047077179,0.4925693869590759,0.16567201912403107,0.3952636122703552,0.62369810560854,0.41665929555892944,0.307260125875473
X,45281,0.5999162793159485,0.48608535528182983,0.17674985527992249,0.39068982005119324,0.626070815800922,0.4327930510044098,0.1106458231806755
N,45297,0.5573937892913818,0.488355815410614,0.16684088110923767,0.3854975402355194,0.6265258582742294,0.42340826988220215,0.165538027882576
_,45299,0.5107269287109375,0.44260281324386597,0.15011553466320038,0.38742029666900635,0.8755670752127965,0.3974202871322632,0.0
S,45301,0.5003622770309448,0.5037027597427368,0.14424438774585724,0.35181334614753723,0.6492451713671714,0.41096317768096924,0.1326434314250946
T,45308,0.5816202163696289,0.4794631600379944,0.17365418374538422,0.39314088225364685,0.6537436814955436,0.42757439613342285,0.1283385157585144
N,45311,0.6058223843574524,0.48562124371528625,0.1796410232782364,0.3877550959587097,0.6581322807971447,0.43909555673599243,0.042043451219797134
S,45312,0.5053107142448425,0.49505966901779175,0.14736275374889374,0.3529530465602875,0.6435162450642868,0.41386181116104126,0.09036355465650558
X,45322,0.5294781923294067,0.4909308850765228,0.16042517125606537,0.3855704367160797,0.656214568928505,0.4154459536075592,0.23745626211166382
S,45323,0.4645140767097473,0.4989154040813446,0.13719958066940308,0.3362070322036743,0.7144930330043038,0.4110736548900604,0.059158727526664734
T,45337,0.5424956679344177,0.4848068952560425,0.16588468849658966,0.39870989322662354,0.6443676245191697,0.4135971665382385,0.3543567955493927
N,45359,0.5662766695022583,0.4855573773384094,0.16718168556690216,0.38505634665489197,0.6363838812263567,0.42106688022613525,0.16507376730442047
T,45385,0.5248979926109314,0.45522046089172363,0.15702685713768005,0.39539143443107605,0.7378941090691176,0.4018745422363281,0.5853639245033264
T,45386,0.5305355191230774,0.483317106962204,0.16039890050888062,0.3960571885108948,0.6423125189816347,0.40971243381500244,0.3649541139602661
N,45398,0.5340349674224854,0.5016506910324097,0.16182661056518555,0.3995274007320404,0.5983835558958042,0.4040011763572693,0.4524056613445282
S,45401,0.5386209487915039,0.49786409735679626,0.15456882119178772,0.35714098811149597,0.6555655993706023,0.4221605360507965,0.0798841044306755
X,45402,0.5325408577919006,0.46145346760749817,0.16076141595840454,0.3996226489543915,0.6942304858065134,0.404319703578949,0.591480553150177
S,45411,0.5424309372901917,0.49721279740333557,0.15706594288349152,0.36031362414360046,0.6132726700733474,0.4226353168487549,0.08581211417913437
N,45414,0.5452571511268616,0.48441383242607117,0.1614443063735962,0.38307008147239685,0.6648492785678537,0.4168945550918579,0.18054278194904327
T,45421,0.5417659878730774,0.4781637191772461,0.16422004997730255,0.39376044273376465,0.662560518674048,0.4157237708568573,0.2562122344970703
_,45450,0.510918915271759,0.4426431953907013,0.1502082347869873,0.38753682374954224,0.8748299310108026,0.3975368142127991,0.0
N,45472,0.5405948758125305,0.4918877184391022,0.16189910471439362,0.38663676381111145,0.6577835693494853,0.4160889685153961,0.24318039417266846
X,45474,0.5559805631637573,0.48267292976379395,0.16642028093338013,0.38274699449539185,0.6607498357514852,0.42500701546669006,0.10222724080085754
_,45486,0.5104605555534363,0.4425463080406189,0.14998777210712433,0.38725611567497253,0.8757765094439189,0.39725610613822937,0.0
T,45489,0.5764100551605225,0.48092347383499146,0.17448344826698303,0.3952072858810425,0.6669950840128878,0.42780041694641113,0.1537993997335434
X,45490,0.6147330403327942,0.48642498254776,0.18114730715751648,0.3910994529724121,0.6274404929304729,0.43808379769325256,0.07283058762550354
S,45495,0.5081342458724976,0.4993373155593872,0.15015824139118195,0.3504166603088379,0.685778774690504,0.4204673767089844,0.06909829378128052
S,45508,0.5182591080665588,0.4969366490840912,0.15099194645881653,0.35500746965408325,0.6413112637332233,0.41934606432914734,0.08105646818876266
S,45515,0.5696786642074585,0.49686819314956665,0.1678135246038437,0.3701612651348114,0.6053537541555125,0.4333842396736145,0.07012970745563507
_,45520,0.5109009146690369,0.44263938069343567,0.15019959211349487,0.38752585649490356,0.8748396907746793,0.3975258469581604,0.0
N,45528,0.5284330248832703,0.49218299984931946,0.15904632210731506,0.38701048493385315,0.6279283288206595,0.41039711236953735,0.2896154820919037
X,45532,0.5808740258216858,0.4842885434627533,0.1732161045074463,0.3899839222431183,0.6290675653257253,0.42871037125587463,0.12886697053909302
S,45544,0.5089285373687744,0.49834564328193665,0.1484893411397934,0.35456395149230957,0.6234137149399612,0.41382619738578796,0.11044188588857651
_,45550,0.5098683834075928,0.44242051243782043,0.14970414340496063,0.38689014315605164,0.8760381610194843,0.39689016342163086,0.0
T,45559,0.5303456783294678,0.4832425117492676,0.1603110432624817,0.3959430158138275,0.643185009554727,0.4097460210323334,0.3631781339645386
T,45564,0.5949754118919373,0.4879641830921173,0.1789446771144867,0.4036381244659424,0.6599866588611744,0.4279331564903259,0.2645616829395294
_,45568,0.5098191499710083,0.44241002202033997,0.14968055486679077,0.3868596851825714,0.8760368274152279,0.39685967564582825,0.0
X,45569,0.5392707586288452,0.4889501929283142,0.16215699911117554,0.3836122155189514,0.611396305601423,0.4156736135482788,0.2135811299085617
X,45574,0.5277360677719116,0.4591689705848694,0.15842938423156738,0.39685648679733276,0.7099858209039183,0.4020896255970001,0.5866138339042664
N,45577,0.5563079714775085,0.48324820399284363,0.16537685692310333,0.3821292817592621,0.6884714985812025,0.42400237917900085,0.11032268404960632
N,45581,0.5268164873123169,0.49393361806869507,0.15874193608760834,0.3934529423713684,0.6326128732366488,0.4060816764831543,0.3812430799007416
N,45596,0.5275641083717346,0.4810587763786316,0.1572515368461609,0.3790165185928345,0.6833050475153141,0.41541197896003723,0.14694100618362427
T,45605,0.5244214534759521,0.4534391462802887,0.15678420662879944,0.3952304720878601,0.7366376829778044,0.4023708403110504,0.582976758480072
X,45612,0.5712121725082397,0.4906851351261139,0.17404389381408691,0.3953686058521271,0.631700127668446,0.4283024072647095,0.20634685456752777
_,45615,0.5097804665565491,0.44240185618400574,0.1496620625257492,0.3868357539176941,0.8760895799597105,0.3968357443809509,0.0
X,45618,0.5437738299369812,0.48554229736328125,0.16129454970359802,0.37668469548225403,0.6416720669786447,0.41867730021476746,0.12984025478363037
N,45626,0.5640857815742493,0.48165127635002136,0.16514359414577484,0.3798089921474457,0.671532976058273,0.4223632216453552,0.09670157730579376
N,45634,0.5392910838127136,0.4964548945426941,0.16469548642635345,0.40166401863098145,0.6052132153899099,0.4128330647945404,0.40161022543907166
X,45636,0.5425504446029663,0.4668576717376709,0.16561749577522278,0.405638188123703,0.6493039189366331,0.4096927344799042,0.579562246799469
T,45637,0.5380775928497314,0.4558917284011841,0.1633969098329544,0.40340733528137207,0.7161900563996279,0.4106791317462921,0.5925605297088623
T,45638,0.5381163954734802,0.45924174785614014,0.16341853141784668,0.4033556580543518,0.7365239386858048,0.4096260070800781,0.581764280796051
S,45649,0.4745488464832306,0.5007496476173401,0.14123637974262238,0.3486088514328003,0.6759418114523094,0.4113449454307556,0.10811229795217514
T,45678,0.5345703363418579,0.4564231336116791,0.1616833209991455,0.4013320803642273,0.7266819510768862,0.4082072079181671,0.5867699384689331
_,45689,0.5189743041992188,0.4443501830101013,0.15407432615756989,0.39249441027641296,0.870781380434831,0.4024943709373474,0.0
_,45693,0.5185539722442627,0.444261372089386,0.15387213230133057,0.3922370374202728,0.8709453551471233,0.4022369980812073,0.0
S,45694,0.5503568053245544,0.5001920461654663,0.16203303635120392,0.3634015917778015,0.6209075606578457,0.4334001839160919,0.06209195405244827
_,45695,0.5186230540275574,0.44427597522735596,0.15390534698963165,0.39227938652038574,0.8709749753276508,0.4022793471813202,0.0
N,45696,0.5665573477745056,0.48579978942871094,0.1703643649816513,0.38856157660484314,0.6537781871746605,0.4294271469116211,0.12488363683223724
S,45706,0.48017793893814087,0.49870622158050537,0.14490090310573578,0.34604737162590027,0.7186585743228595,0.4211827218532562,0.0503816120326519
N,45709,0.5223531126976013,0.48490846157073975,0.15751464664936066,0.38653290271759033,0.6668787572843333,0.4149666130542755,0.2275048941373825
_,45721,0.5199423432350159,0.444553941488266,0.1545412689447403,0.3930839002132416,0.8694674062728882,0.4030838906764984,0.0
S,45723,0.5163230299949646,0.4983344078063965,0.15248453617095947,0.35661715269088745,0.6254119403949396,0.4223621189594269,0.07890622317790985
T,45728,0.582655668258667,0.4862213730812073,0.17724457383155823,0.40005066990852356,0.6005668637218575,0.43023252487182617,0.20289532840251923
S,45732,0.4705474078655243,0.516474723815918,0.1380636990070343,0.3391719460487366,0.6141702759607385,0.41028013825416565,0.12886784970760345
T,45742,0.5362797379493713,0.4563251733779907,0.16251233220100403,0.4024558663368225,0.7412535700698694,0.40972253680229187,0.57371985912323
X,45744,0.5570080280303955,0.4922507703304291,0.1685299277305603,0.3860988914966583,0.5695296488973933,0.429484099149704,0.14690138399600983
N,45763,0.5975764393806458,0.49255168437957764,0.17848971486091614,0.3935757577419281,0.6403358769180826,0.43782684206962585,0.13243813812732697
X,45768,0.5468699336051941,0.4952610433101654,0.1662922203540802,0.39304351806640625,0.6110491658452277,0.4212051033973694,0.26212555170059204
T,45774,0.5364912748336792,0.4564034044742584,0.1626213937997818,0.40246352553367615,0.7294086806161311,0.4094661772251129,0.5893048048019409
X,45778,0.5428914427757263,0.496281236410141,0.16616302728652954,0.39371106028556824,0.6028921242399763,0.421566903591156,0.2674154043197632
N,45838,0.5552336573600769,0.48190462589263916,0.16377584636211395,0.3808179199695587,0.6793247133316861,0.4224804937839508,0.10457336157560349
S,45849,0.4957975745201111,0.5029965043067932,0.14976023137569427,0.3538822829723358,0.6356285775949558,0.4201008677482605,0.09836199879646301
N,45858,0.6074655652046204,0.48742398619651794,0.17882756888866425,0.3884890079498291,0.6606487699504943,0.4406590759754181,0.04928456246852875
X,45863,0.5798504948616028,0.4880653917789459,0.17467822134494781,0.3937680423259735,0.6255654898314,0.431376576423645,0.15651999413967133
X,45867,0.5369367599487305,0.4925942122936249,0.16297142207622528,0.3896380662918091,0.6090159855441502,0.4166705906391144,0.26299336552619934
_,45876,0.5190246105194092,0.44436076283454895,0.1540985405445099,0.39252522587776184,0.8707311948637169,0.4025252163410187,0.0
S,45877,0.48550742864608765,0.5095382332801819,0.14211367070674896,0.34062352776527405,0.6395945717222155,0.41827592253685,0.08590811491012573
_,45881,0.5198054909706116,0.4445250630378723,0.15447530150413513,0.3930003046989441,0.8695043326417605,0.40300026535987854,0.0
X,45892,0.5951332449913025,0.48589539527893066,0.17795471847057343,0.3949548006057739,0.6239398075909898,0.43490636348724365,0.12113428860902786
X,45896,0.5601835250854492,0.49008211493492126,0.16940239071846008,0.38795769214630127,0.6259427314445687,0.427839070558548,0.15767821669578552
_,45900,0.5186614394187927,0.4442840814590454,0.15392377972602844,0.3923029601573944,0.8709786127507687,0.40230292081832886,0.0
T,45906,0.5338039398193359,0.4841668903827667,0.16242243349552155,0.39728233218193054,0.6515135392080993,0.414954274892807,0.3238016963005066
_,45911,0.5186129808425903,0.44427379965782166,0.15390056371688843,0.3922730088233948,0.8708908448119959,0.4022729694843292,0.0
_,45912,0.5190524458885193,0.4443666636943817,0.15411192178726196,0.3925422728061676,0.8707506751517455,0.40254226326942444,0.0
T,45913,0.542617917060852,0.48518240451812744,0.1663101464509964,0.4031464755535126,0.6354052014897268,0.41671204566955566,0.3721419870853424
N,45914,0.5269268751144409,0.49033835530281067,0.15898527204990387,0.3875862956047058,0.6397007500162969,0.4147842526435852,0.2560339868068695
S,45917,0.5021187663078308,0.4991285800933838,0.1460404396057129,0.3518075942993164,0.6188481581588955,0.4145299196243286,0.09923457354307175
T,45918,0.5630549788475037,0.503042995929718,0.17576906085014343,0.4158206284046173,0.6260301955349216,0.40835073590278625,0.5860101580619812
T,45938,0.6700447797775269,0.47974035143852234,0.19383808970451355,0.4085482954978943,0.6469319243635983,0.445891797542572,0.052370160818099976
_,45944,0.5190858840942383,0.4443736970424652,0.15412801504135132,0.3925626873970032,0.8707172618309658,0.4025626480579376,0.0
N,45948,0.5997797846794128,0.4874740242958069,0.17809025943279266,0.38722988963127136,0.661214229946733,0.44077640771865845,0.04270745813846588
S,45950,0.46917450428009033,0.49848446249961853,0.13932658731937408,0.3445827066898346,0.7034855372458697,0.41161468625068665,0.08393027633428574
T,45954,0.5339123606681824,0.4571233093738556,0.16138559579849243,0.40080374479293823,0.7209097757729266,0.4072950780391693,0.5903539061546326
T,45956,0.5298895239830017,0.4550042748451233,0.15941879153251648,0.3985704183578491,0.7338229427879378,0.40567073225975037,0.5796501040458679
S,45957,0.4723183214664459,0.5056868195533752,0.138343945145607,0.33699601888656616,0.6774706591949022,0.41340065002441406,0.07944272458553314
S,45972,0.4757624566555023,0.5018326640129089,0.14085069298744202,0.35002216696739197,0.6603691545749705,0.4080294668674469,0.132282093167305
T,45986,0.5348690152168274,0.45435935258865356,0.16184371709823608,0.4015664756298065,0.7236048667314451,0.40924644470214844,0.583246648311615
N,45987,0.5367497801780701,0.4799264669418335,0.16052208840847015,0.3787253797054291,0.7002072201153109,0.4216969907283783,0.08634159713983536
T,45995,0.5379711985588074,0.48767945170402527,0.16387955844402313,0.4001806080341339,0.6407271823224923,0.4134206771850586,0.3763911724090576
S,45998,0.49136286973953247,0.5003783106803894,0.14517788589000702,0.3489508628845215,0.631406349807124,0.415210485458374,0.09211230278015137
N,46018,0.6092126369476318,0.49403026700019836,0.18188001215457916,0.40095216035842896,0.6263739687149852,0.4353422522544861,0.20483176410198212
_,46020,0.5154711008071899,0.4436095654964447,0.15238995850086212,0.3903466761112213,0.8741776008407276,0.40034666657447815,0.0
_,46023,0.515591025352478,0.4436350166797638,0.15244746208190918,0.3904205858707428,0.8741606300572555,0.40042054653167725,0.0
S,46024,0.5389627814292908,0.49975496530532837,0.15660256147384644,0.35972246527671814,0.6401343610841044,0.4261735677719116,0.080513596534729
T,46026,0.5862969756126404,0.4863036274909973,0.1798161417245865,0.39951667189598083,0.6375816858901332,0.4355343282222748,0.15144836902618408
T,46033,0.5817252993583679,0.481220006942749,0.17424798011779785,0.39181968569755554,0.6496646832713547,0.4294516146183014,0.11360926181077957
N,46038,0.565976083278656,0.4837099313735962,0.16986005008220673,0.3879588544368744,0.6634610129960735,0.4285533130168915,0.11472193151712418
S,46043,0.47146058082580566,0.49918535351753235,0.13978001475334167,0.34492412209510803,0.6891051428765059,0.4099563658237457,0.09537193924188614
S,46045,0.5029476284980774,0.49560680985450745,0.14787177741527557,0.3555769622325897,0.6306476746571328,0.4159987270832062,0.09413783252239227
X,46050,0.581610918045044,0.4854319393634796,0.1744741052389145,0.39223513007164,0.6290990363608581,0.4310661852359772,0.13281208276748657
N,46051,0.5761783719062805,0.490167498588562,0.17038050293922424,0.3866073489189148,0.6264416542841749,0.42685943841934204,0.15592284500598907
X,46056,0.5365316867828369,0.4606172740459442,0.16267208755016327,0.4021635055541992,0.6947349820398085,0.40754398703575134,0.5923230051994324
N,46062,0.6065444946289062,0.4935283660888672,0.18127967417240143,0.39392679929733276,0.6165041540556558,0.43956273794174194,0.12741237878799438
_,46065,0.5163936614990234,0.4438048005104065,0.15283316373825073,0.3909131586551666,0.8737107994655768,0.4009131193161011,0.0
X,46071,0.5334372520446777,0.46248120069503784,0.16118314862251282,0.40019068121910095,0.6987636012946314,0.4046657085418701,0.5888307094573975
N,46072,0.5452907085418701,0.48704859614372253,0.1637587547302246,0.38649848103523254,0.672840475847673,0.42104068398475647,0.1854245364665985
S,46082,0.4689313769340515,0.5023171901702881,0.1387776881456375,0.3415875732898712,0.7129098576307297,0.4124998450279236,0.08551207929849625
S,46085,0.5124201774597168,0.49822938442230225,0.15054583549499512,0.35758286714553833,0.625247624249314,0.41724029183387756,0.10684633255004883
X,46091,0.5404208898544312,0.4688836336135864,0.1646043062210083,0.4042523205280304,0.540431323945401,0.40758606791496277,0.5742415189743042
S,46093,0.49781084060668945,0.5094055533409119,0.14444053173065186,0.3490177392959595,0.5977573508216968,0.4127669632434845,0.1334562599658966
S,46100,0.545214831829071,0.4982416033744812,0.15906475484371185,0.36313313245773315,0.6117449640525835,0.4257947504520416,0.08737525343894958
X,46108,0.5377074480056763,0.46421366930007935,0.1632654070854187,0.4026668965816498,0.6989512998023323,0.4068659842014313,0.5900519490242004
N,46110,0.6103518009185791,0.4904957711696625,0.18151915073394775,0.39129456877708435,0.621775739548466,0.44037190079689026,0.08776520192623138
T,46117,0.5307016372680664,0.45812562108039856,0.15982967615127563,0.39883124828338623,0.7269102443246767,0.4047520160675049,0.5860518217086792
S,46123,0.4620947241783142,0.5096507668495178,0.1334109753370285,0.33549565076828003,0.6685637032205705,0.40626969933509827,0.11297570914030075
N,46129,0.5391355752944946,0.5027819275856018,0.16425910592079163,0.40271979570388794,0.5962009957657817,0.4074252247810364,0.45380082726478577
_,46130,0.5164022445678711,0.44380661845207214,0.15283726155757904,0.3909185230731964,0.873746383090814,0.40091851353645325,0.0
T,46140,0.5449647307395935,0.48901042342185974,0.16691674292087555,0.406515896320343,0.6372707916146162,0.40570369362831116,0.5422788262367249
_,46141,0.5159448385238647,0.4437098801136017,0.1526174247264862,0.39063799381256104,0.8739982468883197,0.40063798427581787,0.0
_,46143,0.5159803628921509,0.443717360496521,0.1526344269514084,0.39065974950790405,0.8739700200160345,0.4006597399711609,0.0
X,46145,0.5271549820899963,0.49082958698272705,0.15929290652275085,0.38560396432876587,0.6224050487826268,0.41357266902923584,0.2514486610889435
X,46166,0.5317699909210205,0.4613057076931,0.16037112474441528,0.39919596910476685,0.7100724705968969,0.40385663509368896,0.5923042893409729
_,46178,0.5157476663589478,0.4436681270599365,0.15252277255058289,0.39051660895347595,0.8740637590984504,0.4005165994167328,0.0
S,46219,0.4723183214664459,0.5056868195533752,0.138343945145607,0.33699601888656616,0.6774706591949022,0.41340065002441406,0.07944272458553314
N,46222,0.5413687825202942,0.4977043867111206,0.16536885499954224,0.40319550037384033,0.6377677827631124,0.41095003485679626,0.43250641226768494
_,46223,0.5155760645866394,0.4436318576335907,0.15244030952453613,0.390411376953125,0.8741536085307599,0.40041136741638184,0.0
S,46226,0.5099834203720093,0.4966863691806793,0.15309098362922668,0.3565077781677246,0.6652150099817664,0.4236466586589813,0.0664551630616188
T,46235,0.5560468435287476,0.48537760972976685,0.1704864501953125,0.3961624801158905,0.6548649271057608,0.425441175699234,0.21319863200187683
N,46236,0.537117600440979,0.4859502911567688,0.16212409734725952,0.38800129294395447,0.6532765089316915,0.41781529784202576,0.21801023185253143
N,46237,0.5648181438446045,0.5037514567375183,0.17445658147335052,0.4076179563999176,0.6166161752691793,0.41978392004966736,0.40081170201301575
T,46249,0.5335726737976074,0.46291279792785645,0.16126534342765808,0.40022599697113037,0.49079616599838727,0.40459975600242615,0.5870723128318787
S,46250,0.46328848600387573,0.4993056356906891,0.13591554760932922,0.3437907099723816,0.693569696135819,0.40400293469429016,0.11634072661399841
X,46263,0.5319310426712036,0.46219301223754883,0.16045869886875153,0.39916306734085083,0.6976897791752406,0.4033677577972412,0.5965433120727539
_,46264,0.5131188035011292,0.44311076402664185,0.151261568069458,0.38889750838279724,0.8746077803770702,0.3988974988460541,0.0
N,46267,0.5370068550109863,0.48768535256385803,0.16291049122810364,0.3890800476074219,0.6379594041157786,0.4181242883205414,0.23080378770828247
X,46270,0.5367376804351807,0.4648435711860657,0.16280311346054077,0.4020399749279022,0.6529240998523771,0.40594714879989624,0.5887317657470703
S,46280,0.4890318512916565,0.5000026822090149,0.14611224830150604,0.3461669385433197,0.6628146127332002,0.418128103017807,0.06795421242713928
S,46283,0.48166653513908386,0.4990766644477844,0.14297254383563995,0.3522861897945404,0.6579724375531077,0.40898847579956055,0.12678998708724976
T,46296,0.5723560452461243,0.47798940539360046,0.17148518562316895,0.39116814732551575,0.6597561427454154,0.42512190341949463,0.12558819353580475
T,46297,0.5619465112686157,0.4778762459754944,0.17000643908977509,0.3984707295894623,0.6621910248399946,0.4217015206813812,0.2349136769771576
_,46298,0.5131006240844727,0.44310688972473145,0.15125280618667603,0.38888633251190186,0.8746048487722874,0.3988863229751587,0.0
N,46301,0.5735688209533691,0.48121389746665955,0.17271260917186737,0.3842889368534088,0.6750739313848317,0.4331112802028656,0.034474268555641174
S,46314,0.4668845236301422,0.5002797245979309,0.1378907859325409,0.34327054023742676,0.6820165840350092,0.406828910112381,0.10583991557359695
S,46316,0.46733322739601135,0.5010895729064941,0.1380760222673416,0.3436480164527893,0.6794957327656448,0.4079208970069885,0.10621435195207596
_,46323,0.5131728053092957,0.4431222677230835,0.15128731727600098,0.3889310657978058,0.8746734797457855,0.3989310562610626,0.0
N,46327,0.5993707776069641,0.4921116232872009,0.1762731522321701,0.3933669924736023,0.6500606184988343,0.431064248085022,0.1771707981824875
_,46329,0.5143154263496399,0.44336387515068054,0.1518366038799286,0.38963186740875244,0.8732583471635978,0.3996318578720093,0.0
T,46332,0.5805199146270752,0.4836450219154358,0.17553725838661194,0.3970976173877716,0.6581330928170549,0.4291844666004181,0.1742061823606491
S,46337,0.467996746301651,0.5019415616989136,0.1391768604516983,0.3404216468334198,0.7074925477554401,0.4137761890888214,0.07538411766290665
_,46342,0.5130950212478638,0.4431057274341583,0.15125009417533875,0.3888828158378601,0.8745907806356749,0.39888280630111694,0.0
T,46343,0.527025043964386,0.45570334792137146,0.1580437272787094,0.3966083228588104,0.6974893944393478,0.4028818607330322,0.5973040461540222
X,46349,0.5725718140602112,0.4877530038356781,0.17200320959091187,0.38552722334861755,0.6488848791182197,0.4327472150325775,0.09420644491910934
T,46356,0.6030664443969727,0.4863811433315277,0.1821577250957489,0.40027257800102234,0.638854872083466,0.43638715147972107,0.14878788590431213
X,46357,0.5292655825614929,0.46116742491722107,0.1591692715883255,0.3977261483669281,0.7115724558683967,0.402403324842453,0.5848994851112366
S,46362,0.48662105202674866,0.500684916973114,0.14534513652324677,0.3454706072807312,0.6979805905496081,0.4181421101093292,0.06828910112380981
X,46363,0.5321361422538757,0.4630483090877533,0.16056621074676514,0.3993147909641266,0.6545870450018321,0.4034101665019989,0.5898720622062683
N,46365,0.5629923343658447,0.48623353242874146,0.16643114387989044,0.37740081548690796,0.6531871928532685,0.4271875023841858,0.07835031300783157
S,46370,0.47156402468681335,0.5126466155052185,0.13937661051750183,0.34081897139549255,0.6242410282604397,0.40977853536605835,0.12575004994869232
X,46376,0.5291163325309753,0.49072265625,0.16047848761081696,0.38903170824050903,0.6491810318330924,0.41710057854652405,0.2503108084201813
S,46382,0.4786650836467743,0.5138874650001526,0.13877533376216888,0.33714962005615234,0.610473059497114,0.4119051992893219,0.11111681908369064
N,46384,0.5350753664970398,0.49594107270240784,0.16258123517036438,0.3993540108203888,0.6066204185285218,0.40879639983177185,0.41414931416511536
T,46388,0.5435388684272766,0.4818243384361267,0.16433410346508026,0.39241889119148254,0.6549388240380601,0.4156990647315979,0.2579149007797241
X,46390,0.6272380948066711,0.4886399507522583,0.184341162443161,0.3952116072177887,0.6144390701515173,0.4407895505428314,0.09212524443864822
_,46393,0.5134723782539368,0.4431857466697693,0.1514311283826828,0.38911545276641846,0.8744822609424592,0.3991154432296753,0.0
T,46395,0.5314279794692993,0.4832513928413391,0.1616404950618744,0.3934904634952545,0.6552387840362887,0.4154825210571289,0.2771124243736267
T,46399,0.6062213778495789,0.48339560627937317,0.18098041415214539,0.40046221017837524,0.6529448282971863,0.4353286325931549,0.13949336111545563
T,46401,0.5334776043891907,0.4594716429710388,0.16120074689388275,0.400524377822876,0.6598544273106867,0.4065725803375244,0.5700930953025818
S,46402,0.5240009427070618,0.4984985888004303,0.15298093855381012,0.3559311032295227,0.6224100906593958,0.42084670066833496,0.08415278792381287
_,46407,0.5141621828079224,0.4433318078517914,0.15176233649253845,0.3895393908023834,0.8739076114694277,0.39953938126564026,0.0
N,46422,0.6011019349098206,0.4839019775390625,0.176508828997612,0.3907153308391571,0.6222350373076916,0.43207401037216187,0.10172960162162781
N,46431,0.5601147413253784,0.48388081789016724,0.16730819642543793,0.38319337368011475,0.6593390696767407,0.4263569414615631,0.1025705635547638
T,46434,0.5292426943778992,0.4574011266231537,0.159127339720726,0.3979465663433075,0.7277633693699409,0.403970867395401,0.5874636173248291
X,46445,0.5892674922943115,0.48667263984680176,0.17408914864063263,0.3875254690647125,0.6243769191352961,0.4320731461048126,0.10094957053661346
T,46453,0.5644046664237976,0.479315847158432,0.17018097639083862,0.3937973082065582,0.6681677734347371,0.4260016083717346,0.1508818417787552
X,46455,0.5567508935928345,0.48842647671699524,0.16696880757808685,0.38855114579200745,0.617721953089349,0.42094630002975464,0.20506691932678223
T,46456,0.5561395287513733,0.4939407408237457,0.17111381888389587,0.40548089146614075,0.5998819815065629,0.4221132695674896,0.35408860445022583
T,46476,0.5539430975914001,0.4827463924884796,0.1674089878797531,0.3951566517353058,0.6449168124409578,0.4192882478237152,0.25138673186302185
T,46507,0.5389376878738403,0.4568901062011719,0.163822203874588,0.4039183259010315,0.71567918900113,0.41103601455688477,0.5839729309082031
T,46517,0.5663807392120361,0.5006574392318726,0.17743326723575592,0.41821184754371643,0.631114352330842,0.41480517387390137,0.5584478378295898
X,46525,0.6234721541404724,0.4887600243091583,0.18476206064224243,0.3951619863510132,0.6329753605765291,0.4438193142414093,0.07046768069267273
N,46526,0.551315188407898,0.4928765892982483,0.16593454778194427,0.3903922736644745,0.6550695658316211,0.4223182499408722,0.22733592987060547
N,46527,0.5561650991439819,0.4829215705394745,0.1641615629196167,0.3783716857433319,0.688328779663522,0.4265912175178528,0.06585615128278732
S,46531,0.4694913327693939,0.5001419186592102,0.13984636962413788,0.34264272451400757,0.6890148095910749,0.41237983107566833,0.08001752942800522
N,46544,0.5399040579795837,0.4976155757904053,0.16476620733737946,0.4031161963939667,0.6189896242138154,0.40907496213912964,0.44818347692489624
T,46548,0.5364904999732971,0.45679953694343567,0.16263018548488617,0.40247082710266113,0.7179430241688776,0.4094592034816742,0.5815499424934387
N,46552,0.5373275876045227,0.49416211247444153,0.16353687644004822,0.4017101526260376,0.6254133373324294,0.4103078842163086,0.42456796765327454
_,46565,0.5189611911773682,0.44434723258018494,0.15406827628612518,0.39248567819595337,0.8705851703882218,0.4024856686592102,0.0
_,46566,0.5180134177207947,0.4441470503807068,0.15361224114894867,0.3919054865837097,0.8712508593499662,0.40190547704696655,0.0
X,46571,0.5532716512680054,0.4870912432670593,0.16874924302101135,0.3880707025527954,0.6613838067464531,0.42881059646606445,0.13550089299678802
_,46575,0.5187005400657654,0.44429224729537964,0.15394270420074463,0.39232656359672546,0.8709511507054171,0.4023264944553375,0.0
S,46589,0.4889214336872101,0.5115059614181519,0.1432705521583557,0.343254029750824,0.626587435543479,0.41771748661994934,0.1024741604924202
X,46590,0.5343312621116638,0.46221640706062317,0.16160893440246582,0.4008743464946747,0.7086515653280853,0.40578579902648926,0.5802503228187561
S,46597,0.4654821753501892,0.5017476677894592,0.13815797865390778,0.34017014503479004,0.6901647428547343,0.4108479619026184,0.08375762403011322
_,46598,0.5180374383926392,0.44415223598480225,0.15362370014190674,0.3919204771518707,0.8712712852656842,0.4019204378128052,0.0
S,46600,0.549427330493927,0.5017341375350952,0.1600821614265442,0.363450825214386,0.6254530726306742,0.42880868911743164,0.08985955268144608
T,46607,0.5382345914840698,0.4604508578777313,0.16349166631698608,0.4034733176231384,0.5942004147067808,0.40974149107933044,0.564162015914917
N,46619,0.54875248670578,0.48496368527412415,0.1666814684867859,0.38786745071411133,0.6554980698782796,0.42620712518692017,0.14245983958244324
T,46628,0.5782291889190674,0.479247510433197,0.17351596057415009,0.3929900825023651,0.6543466456405198,0.42796188592910767,0.12114493548870087
N,46630,0.5696382522583008,0.4842871129512787,0.16994062066078186,0.38483959436416626,0.6725811617825336,0.43128013610839844,0.07759147882461548
S,46631,0.4840925335884094,0.5144047141075134,0.13998718559741974,0.34030380845069885,0.6051442379383176,0.41338708996772766,0.11689861118793488
T,46637,0.550842821598053,0.48106345534324646,0.1659628003835678,0.39102500677108765,0.6644715355423978,0.4203687608242035,0.19479243457317352
T,46639,0.5361445546150208,0.4567469358444214,0.16245074570178986,0.40227141976356506,0.7344209096182083,0.40917834639549255,0.5859240293502808
T,46652,0.5355091691017151,0.45617976784706116,0.16214856505393982,0.4019134044647217,0.7210043535467109,0.40902775526046753,0.5821658372879028
N,46660,0.5470868349075317,0.4846174716949463,0.1608874499797821,0.37859705090522766,0.6790440072348186,0.42129406332969666,0.1177963986992836
T,46662,0.5324341058731079,0.45680689811706543,0.16065166890621185,0.4000227451324463,0.7284091198459889,0.4066367447376251,0.5832960605621338
_,46668,0.5180920362472534,0.4441637694835663,0.15364998579025269,0.3919540047645569,0.8712437562147777,0.40195396542549133,0.0
N,46676,0.552554726600647,0.5038679838180542,0.1706472933292389,0.41056984663009644,0.6349776259192186,0.41127753257751465,0.4970523416996002
T,46677,0.5303754806518555,0.45261016488075256,0.1596337854862213,0.39898326992988586,0.7358757212025072,0.40687093138694763,0.5879276990890503
S,46681,0.4799559712409973,0.5007358193397522,0.1426088660955429,0.351123571395874,0.6625907703085493,0.41064637899398804,0.12022124230861664
S,46683,0.5068138837814331,0.5070404410362244,0.1497925966978073,0.35682639479637146,0.6054014482003792,0.4172334671020508,0.1357845962047577
N,46689,0.5409508943557739,0.4989965856075287,0.1650247424840927,0.4040893614292145,0.6076665342214983,0.41044747829437256,0.44485849142074585
S,46707,0.5167620182037354,0.49681714177131653,0.155066579580307,0.35769903659820557,0.6619881253813704,0.42624253034591675,0.05819083750247955
T,46711,0.532394528388977,0.45552563667297363,0.16062498092651367,0.4001188278198242,0.7289967626488457,0.4072939157485962,0.5767850875854492
X,46715,0.5561712384223938,0.48535817861557007,0.1664973348379135,0.3882850706577301,0.6407463758743446,0.4216042757034302,0.1837422102689743
T,46724,0.5502781867980957,0.4795328378677368,0.16805219650268555,0.39745259284973145,0.6597926921804902,0.42152804136276245,0.23591747879981995
X,46725,0.6219958662986755,0.48678478598594666,0.18135954439640045,0.39458924531936646,0.6159233669827033,0.43698933720588684,0.10491885244846344
S,46728,0.488058477640152,0.5018991827964783,0.14682160317897797,0.34739187359809875,0.6834673769026995,0.421398788690567,0.06687835603952408
N,46729,0.537164032459259,0.47786399722099304,0.15711581707000732,0.373914510011673,0.6955836696753978,0.4130710959434509,0.10882815718650818
S,46731,0.47559842467308044,0.4992638826370239,0.13944067060947418,0.34607747197151184,0.6581860830696921,0.40449467301368713,0.12245259433984756
S,46753,0.49520620703697205,0.4989921748638153,0.1443830132484436,0.3519374430179596,0.6239208395703463,0.4076874256134033,0.13041478395462036
S,46765,0.5381016135215759,0.4966260492801666,0.1586381494998932,0.36337998509407043,0.6119216367564999,0.42270001769065857,0.09571634232997894
N,46770,0.5663071274757385,0.48340678215026855,0.1674945056438446,0.37755176424980164,0.6525331718027398,0.4249034821987152,0.07473114877939224
X,46775,0.5682380199432373,0.48378342390060425,0.16928830742835999,0.3818471431732178,0.6539531199804818,0.4266858994960785,0.0895366221666336
X,46793,0.5408164858818054,0.4825730621814728,0.1612328141927719,0.3785479962825775,0.6349878332624213,0.41498011350631714,0.15284305810928345
X,46814,0.5576892495155334,0.48938289284706116,0.16919584572315216,0.3908447027206421,0.6363618553344471,0.42136549949645996,0.22277669608592987
N,46818,0.5818739533424377,0.49094900488853455,0.17329488694667816,0.3859899044036865,0.6248032636721731,0.4288950562477112,0.14067447185516357
X,46819,0.530850350856781,0.4881739020347595,0.1570245623588562,0.37612271308898926,0.6206691820834143,0.40833309292793274,0.21235904097557068
S,46820,0.46851542592048645,0.5004863739013672,0.1378905475139618,0.3424355089664459,0.6739930850764116,0.4059431552886963,0.10729566961526871
T,46823,0.5137627124786377,0.4516102075576782,0.1516713798046112,0.3886101245880127,0.7418819271094012,0.39540380239486694,0.5877817869186401
S,46833,0.46232250332832336,0.4995715320110321,0.13533468544483185,0.34193018078804016,0.6751841065722207,0.4019179046154022,0.11896854639053345
N,46855,0.5364850163459778,0.48321810364723206,0.16025429964065552,0.3767257034778595,0.650182495644937,0.4181041419506073,0.1216149851679802
_,46862,0.5007700324058533,0.44048118591308594,0.14535807073116302,0.381237268447876,0.8821952136357626,0.3912372589111328,0.0
T,46863,0.539787769317627,0.49128586053848267,0.1644989401102066,0.40245872735977173,0.6342724485609992,0.39742282032966614,0.5743154883384705
X,46877,0.5875017642974854,0.48301175236701965,0.1743733286857605,0.38737812638282776,0.637907948276261,0.4292956292629242,0.09624326974153519
X,46889,0.514230489730835,0.48470714688301086,0.15260134637355804,0.37316641211509705,0.6417297551967204,0.40614235401153564,0.1956755518913269
_,46894,0.5007761120796204,0.440482497215271,0.14536099135875702,0.3812410533428192,0.8821777517596882,0.39124104380607605,0.0
X,46900,0.521888017654419,0.45920437574386597,0.15563802421092987,0.39309412240982056,0.6801540835751257,0.39759016036987305,0.591847836971283
X,46917,0.5300841927528381,0.4854341745376587,0.15705715119838715,0.3742019832134247,0.6364324609780063,0.41120922565460205,0.1675344854593277
S,46925,0.47813814878463745,0.49606257677078247,0.14151792228221893,0.343106746673584,0.680275974671046,0.4104357957839966,0.07320599257946014
X,46945,0.5336198210716248,0.4867660701274872,0.15996310114860535,0.3841635584831238,0.6114085565682278,0.40960609912872314,0.2577120065689087
S,46947,0.5082670450210571,0.4987073838710785,0.14574286341667175,0.34978145360946655,0.6575230716817412,0.41231870651245117,0.10021612048149109
X,46960,0.5721279978752136,0.48248720169067383,0.16926541924476624,0.3853941857814789,0.6342286125025325,0.42267003655433655,0.1355559229850769
X,46961,0.5527312159538269,0.4903615415096283,0.16677513718605042,0.38720861077308655,0.6306324788881467,0.41989341378211975,0.21209341287612915
T,46963,0.5140933990478516,0.4512920379638672,0.15182383358478546,0.38874325156211853,0.7424680188646502,0.395467609167099,0.6023492813110352
_,46972,0.5006816387176514,0.44046226143836975,0.14531606435775757,0.38118186593055725,0.8821645354727905,0.3911818563938141,0.0
_,46988,0.5009972453117371,0.4405297040939331,0.14546650648117065,0.38137874007225037,0.8818395066757997,0.3913787305355072,0.0
N,46992,0.5395507216453552,0.5016939640045166,0.1644115149974823,0.4024011790752411,0.6425954937186422,0.3992595970630646,0.5205665826797485
N,47008,0.5510076284408569,0.4790104329586029,0.1637115180492401,0.37884923815727234,0.6967192026836954,0.4207412302494049,0.08503564447164536
S,47022,0.4711875021457672,0.49922049045562744,0.13927003741264343,0.3378690183162689,0.7002613311012587,0.4115653932094574,0.06413064152002335
X,47034,0.5440424680709839,0.48330673575401306,0.16053372621536255,0.3782968819141388,0.6336620025344504,0.4124737083911896,0.17466838657855988
S,47040,0.46831583976745605,0.5019758939743042,0.1370595246553421,0.3385366201400757,0.6744704769986372,0.4058748483657837,0.0987057164311409
S,47042,0.4597145617008209,0.4987683594226837,0.13493050634860992,0.3337485194206238,0.7140756270289421,0.40686315298080444,0.06723286956548691
T,47053,0.5390207767486572,0.4850550889968872,0.16288790106773376,0.39617201685905457,0.6352264825287663,0.4052788317203522,0.4161047637462616
T,47064,0.5298775434494019,0.4889008700847626,0.15969742834568024,0.3972413241863251,0.5496205044347638,0.3991658687591553,0.4914565086364746
T,47073,0.5173668265342712,0.4524080455303192,0.15340246260166168,0.3906896412372589,0.739519421713679,0.3972317576408386,0.6047037243843079
X,47075,0.5992337465286255,0.48627957701683044,0.1768195480108261,0.3879489302635193,0.6225799622720418,0.43139544129371643,0.10508783906698227
T,47079,0.5428249835968018,0.48441341519355774,0.1647515892982483,0.3983190059661865,0.6369724841840798,0.4103914797306061,0.384752094745636
N,47080,0.5358085036277771,0.4868304133415222,0.15982431173324585,0.38833966851234436,0.6426456640760919,0.4079919755458832,0.3081400692462921
S,47102,0.5030392408370972,0.5017536282539368,0.14380782842636108,0.3491823077201843,0.618429397050464,0.40621840953826904,0.1348562091588974
X,47103,0.5544058084487915,0.48497259616851807,0.1638367474079132,0.3774629831314087,0.6335587043936054,0.4191044867038727,0.1270289421081543
N,47104,0.5261026620864868,0.4833737313747406,0.15450215339660645,0.37363412976264954,0.6742569793921818,0.41080713272094727,0.1580347716808319
T,47106,0.5235192179679871,0.4767768085002899,0.1571478247642517,0.3908619284629822,0.6639499616622925,0.4048621654510498,0.3490449786186218
X,47135,0.5786094069480896,0.48439016938209534,0.17151479423046112,0.38596704602241516,0.6381764703108154,0.4290103018283844,0.10109463334083557
S,47136,0.5133653879165649,0.5026370286941528,0.14765289425849915,0.3519086539745331,0.615618144490242,0.4144270420074463,0.11368126422166824
S,47143,0.5243070125579834,0.4997785985469818,0.15102529525756836,0.3541259765625,0.6522809678922447,0.42069581151008606,0.08446480333805084
T,47146,0.5233190655708313,0.47752127051353455,0.1566588431596756,0.38581356406211853,0.668963188972945,0.4075009524822235,0.2614080011844635
X,47155,0.5368379950523376,0.4858897030353546,0.1602359116077423,0.37865951657295227,0.6403247199269633,0.41735491156578064,0.15417569875717163
N,47176,0.5326630473136902,0.4843059778213501,0.15964777767658234,0.3817814290523529,0.6846780070037737,0.41885361075401306,0.15681350231170654
N,47182,0.5963976979255676,0.48785364627838135,0.17617449164390564,0.39132001996040344,0.6255813781376249,0.4314619302749634,0.1373223215341568
X,47198,0.5298981070518494,0.45922836661338806,0.1594586819410324,0.3981776237487793,0.707710315354913,0.40347421169281006,0.5916095972061157
N,47200,0.5348323583602905,0.4967890679836273,0.16211126744747162,0.40025413036346436,0.6375184882090738,0.4049241840839386,0.4565044343471527
T,47207,0.528874933719635,0.45689529180526733,0.15895435214042664,0.3977412283420563,0.6810513975430149,0.4039483368396759,0.5860059857368469
S,47211,0.4812794029712677,0.5132832527160645,0.1398829221725464,0.338896781206131,0.6107655745886345,0.41227269172668457,0.11356046795845032
S,47213,0.4669564962387085,0.4990162253379822,0.13854046165943146,0.3384370505809784,0.7130367298858862,0.4130612015724182,0.05942641198635101
_,47218,0.5124478340148926,0.4429685175418854,0.1509396880865097,0.3884841501712799,0.8752285484472911,0.39848411083221436,0.0
T,47221,0.5302820205688477,0.45467841625213623,0.1596221923828125,0.3987216651439667,0.7263989774229898,0.4058191776275635,0.5891320109367371
N,47223,0.5439733266830444,0.48917481303215027,0.16245582699775696,0.3809436857700348,0.6594031791132148,0.4213685691356659,0.1567903310060501
T,47224,0.5768357515335083,0.47909507155418396,0.1748170554637909,0.4025782346725464,0.6455056716949094,0.4226400554180145,0.2753935158252716
T,47244,0.5297693014144897,0.4845954477787018,0.15999285876750946,0.39596104621887207,0.648506569476255,0.4088071882724762,0.3749918043613434
_,47246,0.513441264629364,0.44317862391471863,0.15141713619232178,0.38909369707107544,0.8738861067593098,0.3990936875343323,0.0
_,47250,0.512321412563324,0.4429416060447693,0.15087907016277313,0.38840603828430176,0.875226862281561,0.3984060287475586,0.0
T,47252,0.6129940748214722,0.48785504698753357,0.18397745490074158,0.401045560836792,0.5812143961434292,0.4377691447734833,0.15119753777980804
N,47255,0.5501460433006287,0.48416322469711304,0.1651540994644165,0.3824244439601898,0.6784900876908796,0.425729364156723,0.10574943572282791
X,47257,0.5473349094390869,0.48820963501930237,0.16393283009529114,0.38521870970726013,0.6728695989912377,0.42007893323898315,0.18871499598026276
S,47267,0.4954410791397095,0.4998684823513031,0.14806726574897766,0.3481004536151886,0.6893397375258307,0.42115986347198486,0.062210969626903534
N,47269,0.5654158592224121,0.4846341609954834,0.16612984240055084,0.3781717121601105,0.6586079263678888,0.42531275749206543,0.08491017669439316
S,47272,0.5402665138244629,0.500931441783905,0.15730232000350952,0.3657216429710388,0.6402222137905483,0.4218739867210388,0.12876425683498383
T,47293,0.5421595573425293,0.48074159026145935,0.16408391296863556,0.3937842547893524,0.6623609186088046,0.4164282977581024,0.26000669598579407
X,47312,0.5335770845413208,0.4616541564464569,0.16125443577766418,0.4003407657146454,0.6732827039149197,0.40522193908691406,0.5858864784240723
N,47327,0.5707867741584778,0.4868824779987335,0.16821236908435822,0.37823453545570374,0.6495565153229109,0.4289473295211792,0.07475905120372772
N,47332,0.5321194529533386,0.48956742882728577,0.16023676097393036,0.39080938696861267,0.6369265348898868,0.41019538044929504,0.31711092591285706
S,47339,0.4777725338935852,0.4984878599643707,0.14173655211925507,0.34762758016586304,0.6744764979090542,0.4094911217689514,0.10402935743331909
N,47347,0.5567065477371216,0.4896029233932495,0.16736312210559845,0.3900112807750702,0.6279182677750457,0.42106959223747253,0.22049525380134583
S,47349,0.4698372483253479,0.5066727995872498,0.13490940630435944,0.33332526683807373,0.6670910615837784,0.4088076055049896,0.08731700479984283
T,47350,0.530723512172699,0.4543626010417938,0.15983617305755615,0.3989475965499878,0.7233691281734113,0.4060851037502289,0.5969149470329285
N,47378,0.550667941570282,0.48285695910453796,0.1628681719303131,0.37963882088661194,0.6947313303034753,0.42236092686653137,0.10542891174554825
_,47381,0.5123381018638611,0.4429451525211334,0.15088710188865662,0.3884164094924927,0.8751998625695706,0.3984163999557495,0.0
_,47382,0.5124711394309998,0.44297343492507935,0.1509508490562439,0.3884984254837036,0.8751441281537216,0.39849838614463806,0.0
T,47383,0.5433588027954102,0.48855847120285034,0.16624997556209564,0.40467414259910583,0.6291422848186146,0.4067547917366028,0.5047258734703064
S,47386,0.47372519969940186,0.5139942765235901,0.1374799907207489,0.33620044589042664,0.6130885004575248,0.4102623462677002,0.11408858001232147
X,47390,0.5668081045150757,0.48609188199043274,0.17118330299854279,0.38977479934692383,0.6446927803615109,0.4277590811252594,0.14728164672851562
X,47392,0.5321918725967407,0.4600449800491333,0.16057568788528442,0.39973074197769165,0.703632198796873,0.40546995401382446,0.5704030394554138
_,47397,0.5128813982009888,0.44306042790412903,0.15114761888980865,0.38875123858451843,0.8749551180005074,0.39875122904777527,0.0
N,47412,0.5654353499412537,0.48282548785209656,0.16662053763866425,0.3832550346851349,0.6676474314134005,0.42381253838539124,0.11564099788665771
_,47418,0.5123380422592163,0.4429452121257782,0.15088696777820587,0.38841649889945984,0.875262458374103,0.3984164893627167,0.0
T,47425,0.5499138236045837,0.48197928071022034,0.16798944771289825,0.39781901240348816,0.643113088873215,0.4201381206512451,0.2661491334438324
N,47426,0.5615089535713196,0.4857204854488373,0.1658416986465454,0.38316646218299866,0.6470490175661204,0.4242718815803528,0.13016247749328613
T,47429,0.5969570279121399,0.48517346382141113,0.17979390919208527,0.39724862575531006,0.4902241519663949,0.4320448935031891,0.15647247433662415
N,47430,0.5580360293388367,0.4849816560745239,0.16421793401241302,0.3816082775592804,0.662988691284166,0.4214644134044647,0.13700760900974274
N,47433,0.5598986744880676,0.4840887486934662,0.1667657494544983,0.37886354327201843,0.6800843573280145,0.42793840169906616,0.06712209433317184
S,47434,0.46929189562797546,0.49973776936531067,0.13872243463993073,0.34527888894081116,0.6786397757008672,0.4074821174144745,0.1091524139046669
X,47444,0.5520672798156738,0.48872295022010803,0.1685711145401001,0.39273712038993835,0.6552554551496481,0.4247254729270935,0.20844650268554688
N,47450,0.5673457980155945,0.4843883514404297,0.16962382197380066,0.382089227437973,0.6713831346999117,0.4300662875175476,0.07122712582349777
_,47470,0.5123521685600281,0.4429483115673065,0.15089361369609833,0.3884255588054657,0.8758736207087835,0.39842548966407776,0.0
_,47476,0.5120341777801514,0.44288086891174316,0.1507410705089569,0.38822972774505615,0.8760473112265269,0.398229718208313,0.0
T,47477,0.532567024230957,0.45939210057258606,0.1607547253370285,0.39967530965805054,0.7065658829882554,0.40491729974746704,0.601798951625824
S,47480,0.4790160357952118,0.49819469451904297,0.1435057818889618,0.34517210721969604,0.7144203525905808,0.41774457693099976,0.060182008892297745
T,47485,0.542701005935669,0.4841984212398529,0.1658042073249817,0.4051811993122101,0.6332717071333901,0.40455102920532227,0.5564104914665222
N,47487,0.5278513431549072,0.47967958450317383,0.1573624461889267,0.3770648241043091,0.6999621358350852,0.41737186908721924,0.10916418582201004
S,47490,0.5345228314399719,0.4982281029224396,0.15385764837265015,0.35894304513931274,0.6304847348894207,0.4205571413040161,0.09627728909254074
T,47494,0.5281589031219482,0.45424389839172363,0.15859077870845795,0.3974272906780243,0.7380661990701144,0.40444737672805786,0.5926520824432373
N,47502,0.5473711490631104,0.5008845925331116,0.16781120002269745,0.4053525924682617,0.6363982052558762,0.40976035594940186,0.46178099513053894
T,47506,0.5928357243537903,0.48144635558128357,0.1777697652578354,0.395346075296402,0.6599926698976197,0.43284210562705994,0.10935952514410019
X,47521,0.5267537832260132,0.4610578119754791,0.15796707570552826,0.39614030718803406,0.6803330473522026,0.4005832076072693,0.5858188271522522
X,47528,0.5254576802253723,0.45952674746513367,0.15733103454113007,0.39544394612312317,0.7153237841949643,0.40035581588745117,0.58537757396698
S,47529,0.4822224974632263,0.5006345510482788,0.1442374736070633,0.3425391912460327,0.69427148728321,0.41901856660842896,0.05630495771765709
_,47545,0.511820912361145,0.44283559918403625,0.1506388634443283,0.3880980908870697,0.8761549802124501,0.39809805154800415,0.0
X,47547,0.5581235885620117,0.4850386679172516,0.16559848189353943,0.3837536573410034,0.6292917308680869,0.4196620583534241,0.1648094207048416
T,47549,0.6325200200080872,0.4814756512641907,0.1862628161907196,0.39884015917778015,0.659349155198676,0.4414222538471222,0.050174593925476074
X,47551,0.5163941383361816,0.485364705324173,0.1556084156036377,0.38066306710243225,0.6868377863615752,0.41285890340805054,0.2014700323343277
_,47553,0.5115824937820435,0.44278499484062195,0.1505245715379715,0.38795098662376404,0.8762354328234991,0.3979509770870209,0.0
N,47558,0.5266641974449158,0.4863186776638031,0.1560143530368805,0.3803723454475403,0.656537271225631,0.4098449945449829,0.225851371884346
_,47576,0.5115402936935425,0.44277599453926086,0.15050435066223145,0.38792484998703003,0.8762418991823991,0.39792487025260925,0.0
X,47581,0.5394399166107178,0.4869876205921173,0.16450044512748718,0.3890987038612366,0.6535537337077161,0.42041921615600586,0.2089758813381195
N,47586,0.5284581184387207,0.4851452112197876,0.15843309462070465,0.3815520703792572,0.6803732392455762,0.41742295026779175,0.171033576130867
S,47592,0.4685569405555725,0.511924147605896,0.13602109253406525,0.3347398042678833,0.6326037568994798,0.41054025292396545,0.10327960550785065
_,47601,0.5115413665771484,0.44277629256248474,0.15050487220287323,0.38792556524276733,0.8761920542518299,0.39792555570602417,0.0
X,47605,0.5467005968093872,0.4856123924255371,0.16344380378723145,0.383475124835968,0.6321910290761541,0.4188119173049927,0.17361702024936676
S,47606,0.5207758545875549,0.501983642578125,0.15184426307678223,0.3521367609500885,0.6393524969007316,0.42294567823410034,0.07710175961256027
T,47610,0.5307143926620483,0.4585268199443817,0.15985789895057678,0.398776113986969,0.6444557932948223,0.4045986831188202,0.5836301445960999
_,47613,0.5116310715675354,0.4427952170372009,0.15054789185523987,0.3879808187484741,0.8762254878878594,0.39798077940940857,0.0
S,47614,0.47989946603775024,0.5016507506370544,0.14342600107192993,0.3445245623588562,0.6868932904054722,0.4164300262928009,0.07720983028411865
_,47616,0.5115113258361816,0.4427698254585266,0.15049050748348236,0.3879069685935974,0.8762646815180779,0.39790695905685425,0.0
S,47626,0.48899129033088684,0.5022506713867188,0.14124469459056854,0.3457344174385071,0.6112897620022705,0.4092552363872528,0.11191484332084656
S,47630,0.46458518505096436,0.5057430863380432,0.13619299232959747,0.3347763121128082,0.6804264877953877,0.4103216528892517,0.08372367173433304
_,47639,0.5121155977249146,0.44289812445640564,0.15078014135360718,0.3882797360420227,0.8760227939486505,0.39827972650527954,0.0
T,47645,0.5285664200782776,0.45559704303741455,0.1587950736284256,0.3975639343261719,0.7483265714999532,0.40405309200286865,0.595553457736969
N,47647,0.5467603802680969,0.5030580759048462,0.16782455146312714,0.40512996912002563,0.6154060902612644,0.41002321243286133,0.4554165303707123
T,47669,0.5576441287994385,0.4854503571987152,0.16955101490020752,0.3992370665073395,0.6584368287110799,0.42085421085357666,0.2855089008808136
S,47679,0.48295533657073975,0.4986366331577301,0.1448037475347519,0.34797146916389465,0.6762813998137912,0.41541987657546997,0.08074996620416641
S,47682,0.47345155477523804,0.49807465076446533,0.1412077397108078,0.34392496943473816,0.7100313099473715,0.41390854120254517,0.07114080339670181
S,47688,0.48372936248779297,0.5004960298538208,0.14128842949867249,0.3443143665790558,0.640564045708937,0.41063371300697327,0.09480073302984238
