Model Name,Learning Rate,Down Scale Factor,Batch Size,Noise,Epoch,train N BCE Loss,train N BCELogits Loss,train N MSE Loss,train N MAE Loss,train N SSIM Loss,train N N White MAE Loss,train N N Black MAE Loss,train N S White MAE Loss,train N S Black MAE Loss,train N T White MAE Loss,train N T Black MAE Loss,train N X White MAE Loss,train N X Black MAE Loss,train N _ White MAE Loss,train N _ Black MAE Loss,test N BCE Loss,test N BCELogits Loss,test N MSE Loss,test N MAE Loss,test N SSIM Loss,test N N White MAE Loss,test N N Black MAE Loss,test N S White MAE Loss,test N S Black MAE Loss,test N T White MAE Loss,test N T Black MAE Loss,test N X White MAE Loss,test N X Black MAE Loss,test N _ White MAE Loss,test N _ Black MAE Loss
NeuralNetwork,0.0001,8.0,45.0,1.0,0.0,0.0003254254551910647,0.0005485147157448,7.856059869665984e-05,0.00016741106171170978,0.0008893932892928351,9.511875094107861e-05,0.0011020259394478606,8.835864436594302e-05,0.0010436307387853246,9.71336811379281e-05,0.0010850701852628806,9.466738834214018e-05,0.001029516728419178,9.109482490470146e-05,0.0,0.0015998424599005742,0.002601286712682472,0.0003964961418565714,0.0008165800721390442,0.004014302949427148,0.0004228437846561648,0.004970108188173306,0.0004053304686486346,0.004822839356068545,0.0004452459467282085,0.004949595943187018,0.0004612709741172551,0.0051777973864813275,0.00042557664824731693,0.0
NeuralNetwork,0.0001,8.0,45.0,True,1.0,0.00027392660029172255,0.0005379675854891137,6.406389759235947e-05,0.000139177668930064,0.0009866225676248312,7.797179196401427e-05,0.0010326331998460054,8.110739692362814e-05,0.0008832574533323715,8.295892644924616e-05,0.0010914218554278269,7.666790521530449e-05,0.0010189191511056493,3.871706507678302e-05,0.0,0.0013465556146213843,0.0025506341982187717,0.0003236665056561524,0.0006850630326091119,0.004453322937162957,0.0003440266697661682,0.004843799947942578,0.00036307913983393017,0.004028126503686485,0.00034907521129404223,0.00505764679338947,0.000362906019267796,0.005183706868369624,0.0001814593590280545,0.0
NeuralNetwork,0.0001,8.0,45.0,True,2.0,0.00023255113642813382,0.0005278737959514731,5.283115828294317e-05,0.00011168139160804028,0.0010372286050111426,6.959007957553606e-05,0.0008966815118198446,6.427493378158529e-05,0.0007746896814464559,6.066811976407095e-05,0.0010749352267488959,5.459198552482533e-05,0.0009670877713720111,9.347625061708963e-06,0.0,0.0011434227040728682,0.0025012519374583504,0.00026551774650249843,0.0005564969384445334,0.004672528760177597,0.0003210970862481579,0.004081101537500537,0.0002872548622530211,0.003618295837498311,0.00027771017648888836,0.004787603264334817,0.00022031411341151352,0.005174811156290882,3.9895032913242495e-05,0.0
NeuralNetwork,0.0001,8.0,45.0,True,3.0,0.00022011902936385327,0.000524191441882974,4.9076231342120315e-05,0.00010274560504525177,0.0010583356406413794,6.557078755930106e-05,0.0008382770732406657,5.4957942580277064e-05,0.0007427738040605324,5.194466470708101e-05,0.00105367171153868,4.9713727920203196e-05,0.0009349103404505234,5.817327603215798e-06,0.0,0.0010843194505703523,0.002483255833199939,0.00024538245872131683,0.0005164084100873215,0.0047643849284330865,0.00029978575477810027,0.0037343903157696034,0.0002556607220907631,0.0034754789850246983,0.0002580271248922408,0.004648539630122155,0.0001911333404809424,0.005100398318572614,2.445798490266755e-05,0.0
NeuralNetwork,0.0001,8.0,45.0,True,4.0,0.00021228493464924898,0.0005218661377693444,4.623395031835191e-05,9.786478191051843e-05,0.0010686803915970987,6.18763388488492e-05,0.0007983241280455474,4.9285796493532845e-05,0.0007094390630079408,4.9056565625005654e-05,0.0010347056260327444,4.905929181453674e-05,0.0009053879671019685,4.985183351886562e-06,0.0,0.0010468548386351867,0.0024721393795133387,0.00023138551217205118,0.0004946123691474866,0.004808886900781015,0.0002804436023880101,0.0035386370412958494,0.00023376227081196862,0.0033166521000412277,0.00024937306466342517,0.004552169415935781,0.0001924877646584181,0.005015120566266138,2.1653661340381365e-05,0.0
NeuralNetwork,0.0001,8.0,45.0,True,5.0,0.00020355636861446412,0.0005190137904287992,4.245456800145923e-05,9.29025646971885e-05,0.001075535942346529,6.032514202626889e-05,0.0007387410116324206,4.630471577220207e-05,0.0006438112564164031,4.8286459757632645e-05,0.0010093456169344343,4.995155406769395e-05,0.0008613849585911013,4.817340071149914e-06,0.0,0.0010020822848913805,0.002457592097468346,0.0002119298907195997,0.00047023669353820995,0.00484238665152018,0.00027496676962330657,0.0032585177031702966,0.0002219697355099444,0.0030054843650673922,0.0002478685628318187,0.004402631483737778,0.00019807307600225294,0.004888306998606748,2.1071483691533405e-05,0.0
NeuralNetwork,0.0001,8.0,45.0,True,6.0,0.00019358835532016187,0.000515267453746333,3.795716359287581e-05,8.666381802199021e-05,0.0010816138532981103,6.00322398214006e-05,0.0006545090450430816,4.491577994309346e-05,0.0005398811195095915,4.8403409774091365e-05,0.000976009349617354,5.1783608659258427e-05,0.0007984519326140618,4.85395786736532e-06,0.0,0.0009488919808429742,0.0024377002656084936,0.00018801420645893745,0.0004373665594454831,0.004875906612939094,0.0002777733658469698,0.0028596527921328756,0.00021602145437174623,0.0025139158626772324,0.0002496548278151818,0.004196843636110894,0.0002035799688138302,0.0047123634590292875,2.114669384680829e-05,0.0
NeuralNetwork,0.0001,8.0,45.0,True,7.0,0.0001854920845147413,0.0005117684120759167,3.4549464333571515e-05,8.056273136659453e-05,0.001086833506040597,5.9692374859858714e-05,0.0005757347994416229,4.3664529236821794e-05,0.00043564902322311606,4.84475559703102e-05,0.0009471717870460366,5.317439709230253e-05,0.0007385609124227354,4.898697122770821e-06,0.0,0.0009049873494502133,0.0024188190886059646,0.00016964136757565744,0.00040443991340181364,0.00490719267560305,0.0002797943006896373,0.002495487905898184,0.0002107085109506763,0.0020164215714676575,0.00024982986960021207,0.003998787148193743,0.00020667191290255614,0.0045483895817642695,2.1264394862378168e-05,0.0
NeuralNetwork,0.0001,8.0,45.0,True,8.0,0.00017993085869560344,0.0005091736419502937,3.252640075359062e-05,7.572458841087362e-05,0.0010916538860523185,5.8981477009318265e-05,0.0005212954353450765,4.222480996921056e-05,0.00035572220694343997,4.8085083216027105e-05,0.0009278129695882052,5.34577701853292e-05,0.0006955885340903968,4.901630098547415e-06,0.0,0.0008744946065938697,0.002404658487008053,0.00015855928496369775,0.00037787878100977004,0.004935304926763105,0.0002773740803295711,0.0022439244408277597,0.00020422676355583863,0.0016309504613936322,0.00024720761667257584,0.0038568429976889172,0.00020604737618434355,0.004436810436488697,2.12789109011866e-05,0.0
NeuralNetwork,0.0001,8.0,45.0,True,9.0,0.000176256397021106,0.0005074034562972035,3.136106016179622e-05,7.224345524516709e-05,0.0010957860158340676,5.7989866987392906e-05,0.00048690480042018014,4.087110373851745e-05,0.00030177616767806183,4.759020701733561e-05,0.0009149175609218464,5.3137992671879154e-05,0.0006681731688687101,4.873657159788429e-06,0.0,0.0008543484240957776,0.0023949989732706322,0.00015219107691971762,0.00035881028516487505,0.004959204744541462,0.00027410008903569396,0.002076335860498296,0.00019767899183357286,0.0013643672818657738,0.00024405470902814805,0.0037729402758040517,0.00020390577942320387,0.0043681488846832855,2.1362438528511508e-05,0.0
NeuralNetwork,0.0001,8.0,45.0,True,10.0,0.00017376252101116747,0.0005062491183653675,3.064191345416632e-05,6.982554603779734e-05,0.0010992259923119643,5.702670372400001e-05,0.00046651764218055337,3.9499504064935234e-05,0.00026722660042204945,4.698162411422421e-05,0.0009073118636550286,5.2454662973668697e-05,0.0006531665749305663,4.8421324554559674e-06,0.0,0.0008397597186970261,0.0023884702028718384,0.00014792695500940646,0.00034516953728483906,0.0049797422743552274,0.00026961240284847763,0.001974826901213928,0.00019163797673939158,0.0011876062402185405,0.00024050581942564286,0.003724930796233363,0.00020061990937346932,0.004323815024873745,2.1437704328845882e-05,0.0
NeuralNetwork,0.0001,8.0,45.0,True,11.0,0.00017188055656669596,0.0005054717275974243,3.0117769627718912e-05,6.815048080248974e-05,0.0011020148940814852,5.614563742416567e-05,0.00045401275639906724,3.824208303281882e-05,0.00024541421238624185,4.652780643852573e-05,0.0009015478856480026,5.188829835373758e-05,0.0006427951257505185,4.82996030788457e-06,0.0,0.0008296886892438684,0.002384170046392477,0.00014514033243341265,0.00033578611676048184,0.0049961644756215265,0.0002657151634588182,0.001912890927596662,0.00018540688983674318,0.001075132462963368,0.00023745349461927354,0.0036925058694755506,0.00019819587000510978,0.004294739579254726,2.1557991375338356e-05,0.0
NeuralNetwork,0.0001,8.0,45.0,True,12.0,0.00017026265596122432,0.0005048938356641168,2.9648184736141296e-05,6.687440821584666e-05,0.0011046120741587133,5.5526601617548344e-05,0.00044441082567538853,3.71665083815788e-05,0.0002313552881186863,4.601659820568208e-05,0.0008969665216307113,5.127172264448716e-05,0.0006351113881704942,4.800572813139611e-06,0.0,0.0008214072049038965,0.0023809693894296323,0.00014276948974192518,0.0003286972641944885,0.005010714844447957,0.00026214642907088656,0.001865175722530053,0.0001802275297026964,0.0010010026535897884,0.00023452850913851516,0.003666227343697218,0.0001960646407971592,0.0042715661180844095,2.156236097685196e-05,0.0
NeuralNetwork,0.0001,8.0,45.0,True,13.0,0.00016902857070984545,0.00050444194088085,2.929041629049656e-05,6.584521895149005e-05,0.0011070653399136577,5.4920880460353554e-05,0.00043521182877676826,3.617696433938096e-05,0.00022262983486016162,4.552380555884215e-05,0.0008932896701473431,5.073384996855034e-05,0.0006287755429584061,4.757010890045417e-06,0.0,0.0008146451704157223,0.002378471429992772,0.00014083908648235993,0.0003229995849747328,0.005024143220526459,0.00025856670624804947,0.0018248119444217322,0.00017533049502837584,0.000952681467967963,0.00023199250019571317,0.003642300764719645,0.00019407498433529955,0.004252211852643475,2.1606055527644338e-05,0.0
NeuralNetwork,0.0001,8.0,45.0,True,14.0,0.00016781576279038688,0.0005040626239905139,2.891990303430917e-05,6.497991233662453e-05,0.0011092323395313387,5.4448386127094055e-05,0.00042799348137128067,3.529123640606667e-05,0.00021620383963109348,4.510083449176058e-05,0.0008892418560634726,5.0157338702132436e-05,0.0006238643853169567,4.722287431560115e-06,0.0,0.0008087129150546572,0.00237644262283853,0.0001391478164016076,0.00031835717037788727,0.005036396756661215,0.00025559854020112716,0.001786442110373539,0.00017105518553241995,0.0009180735679542493,0.00023013669646011208,0.0036201379584066525,0.00019243906644530266,0.004233303309986426,2.159248984787824e-05,0.0
NeuralNetwork,0.0001,8.0,45.0,True,15.0,0.00016682907296319534,0.0005037329106960657,2.8615230016631257e-05,6.418648072972774e-05,0.0011115579193113289,5.388556103500716e-05,0.0004212802873467499,3.4540971977048806e-05,0.00021166715901495633,4.45539297440624e-05,0.0008865992495955804,4.954225913372965e-05,0.0006195871897463529,4.700700704741349e-06,0.0,0.0008036760414171518,0.002374727208659334,0.0001376625267589617,0.00031417547344411695,0.005047904554199285,0.0002520800620879767,0.0017583409570298106,0.00016706189691270673,0.0008948762086952258,0.00022770185609283686,0.003604765958006277,0.00019022337389442155,0.004219185256358213,2.165387806324464e-05,0.0
NeuralNetwork,0.0001,8.0,45.0,True,16.0,0.00016583190010885666,0.0005034353694504483,2.8301600236295047e-05,6.349731206572602e-05,0.0011135409847918868,5.3409386596911035e-05,0.00041437896114154,3.384762114752335e-05,0.00020796574672277403,4.416585189473597e-05,0.0008828029478335316,4.9089706650962725e-05,0.0006155642778725637,4.649490514654676e-06,0.0,0.0007989230395862891,0.002373347117465997,0.00013633225839467918,0.0003109763862576875,0.005056997690797886,0.0002497015228061556,0.001730124905424298,0.00016376333978940856,0.0008777298454968435,0.00022617886838673045,0.003589275123188331,0.00018923690999453924,0.004200089277711304,2.146734850211713e-05,0.0
NeuralNetwork,0.0001,8.0,45.0,True,17.0,0.00016488909038571978,0.000503168594483738,2.8007259627558152e-05,6.286719577974386e-05,0.0011151578279855409,5.297754411748799e-05,0.000408565419703481,3.324517091570518e-05,0.00020496492999583243,4.3791138900900786e-05,0.0008794983442260249,4.8563225732016754e-05,0.0006119579558745228,4.625176970728967e-06,0.0,0.0007945351630636731,0.0023720461242603807,0.00013503620881329543,0.00030784184734026593,0.005065876263169372,0.0002468930522225938,0.0017022166237141351,0.000160229632502082,0.0008651789441798468,0.00022478347773072105,0.0035757666113991407,0.0001879739428653657,0.004185773666549778,2.1453683246981422e-05,0.0
NeuralNetwork,0.0001,8.0,45.0,True,18.0,0.00016398886545006478,0.0005029188895803899,2.7712223664769585e-05,6.228299796420609e-05,0.0011167239872169005,5.2608921119787624e-05,0.00040343311437056713,3.2657651968722075e-05,0.00020225920445835494,4.341427708732471e-05,0.0008760212727312772,4.809070127511603e-05,0.0006090373684453836,4.595479453509708e-06,0.0,0.0007902955484090362,0.0023708171064748705,0.0001337271090011177,0.0003049415799806703,0.005073246888026444,0.0002444562203479263,0.0016752022242396132,0.00015783382567969507,0.0008523843760760325,0.00022309346112815088,0.003564839093190319,0.00018653213837236727,0.004170138506019641,2.144893730914443e-05,0.0
NeuralNetwork,0.0001,8.0,45.0,True,19.0,0.00016304729079621823,0.0005026734421516686,2.741604802422125e-05,6.170776193193348e-05,0.0011182792899440599,5.216844319654604e-05,0.0003990411678093142,3.2169134368633004e-05,0.00019994231488184146,4.300331029127229e-05,0.0008724743143888818,4.7612588882767606e-05,0.0006052815930219995,4.557974578817739e-06,0.0,0.0007862829187381192,0.002369691553355763,0.00013249735318639742,0.00030234542751462204,0.005079896749411329,0.00024213285753562017,0.0016547936313557176,0.00015570051124635733,0.000840279572414902,0.00022155686088328093,0.0035519697381265506,0.00018555036037223144,0.004152789055926245,2.1330155607945516e-05,0.0
NeuralNetwork,0.0001,8.0,45.0,True,20.0,0.00016221728406826442,0.0005024406466522628,2.714682551166118e-05,6.115705658483377e-05,0.0011197141192630003,5.165309798364048e-05,0.00039391958649267724,3.175340803726664e-05,0.00019773565774979296,4.258118268614509e-05,0.0008695077382008021,4.7094211223311824e-05,0.0006026726045377171,4.5529131795156674e-06,0.0,0.0007825540202968525,0.002368635726424883,0.0001313501863547091,0.0002998068413269595,0.005086374754128712,0.00023951775060509735,0.0016333367089805364,0.00015343949433017828,0.0008322293840864169,0.0002198853535847094,0.0035401601461494494,0.00018418029700435182,0.0041373998114148025,2.1455603001533814e-05,0.0
NeuralNetwork,0.0001,8.0,45.0,True,21.0,0.00016141560360427814,0.0005022046379644595,2.687617463644624e-05,6.0608866561776546e-05,0.0011211298061755194,5.121629012402177e-05,0.0003882567034256105,3.1398842738805755e-05,0.00019559404760036828,4.222669771739415e-05,0.0008662174332816645,4.657215345901942e-05,0.0005994999826436416,4.520427970331152e-06,0.0,0.0007788146254401537,0.002367526855108873,0.0001301943154642417,0.00029724032717680783,0.0050931914848745385,0.0002373180721165999,0.001608629084233218,0.00015160108699738603,0.0008226405337171735,0.00021825705028180055,0.0035298519164511243,0.0001829626073814788,0.004122101660794432,2.1333519205357294e-05,0.0
NeuralNetwork,0.0001,8.0,45.0,True,22.0,0.000160616804968636,0.0005019878682421867,2.661490978577709e-05,6.0101549299258103e-05,0.001122559677659035,5.0801854088621317e-05,0.00038383037574850326,3.1038388268484905e-05,0.00019372985610422098,4.1843755948897e-05,0.0008626705552689792,4.611031787414757e-05,0.0005969546152896315,4.496884775772249e-06,0.0,0.0007747718185748694,0.0023664013019897654,0.0001289118784216215,0.00029463461547527675,0.005100122321413022,0.00023491040996785433,0.0015861879354752834,0.00014984970853763557,0.0008145032813713986,0.00021643238435001494,0.003510373943256882,0.00018168695317874166,0.004105289402247974,2.124812014682113e-05,0.0
NeuralNetwork,0.0001,8.0,45.0,True,23.0,0.00015991647047495263,0.0005017925465524678,2.6381353664430326e-05,5.9640431661168844e-05,0.0011237025537436378,5.039902067570031e-05,0.00038009395978521465,3.074274230196148e-05,0.00019200533789123165,4.1521975213305324e-05,0.000859886086533333,4.56457962645996e-05,0.0005936106501242543,4.4961878527809345e-06,0.0,0.0007715707867400451,0.0023655014218024488,0.00012790681149974558,0.00029260608947501995,0.005104487002286329,0.000233169176481055,0.0015673345927172486,0.00014841938449901604,0.0008073387280950006,0.00021511140578197983,0.003498813266274314,0.00018101915389111956,0.004088663080203458,2.1224596930093736e-05,0.0
NeuralNetwork,0.0001,8.0,45.0,True,24.0,0.00015909701706264218,0.0005015867016707469,2.611822867891538e-05,5.9168113049149835e-05,0.0011248826087954975,4.996101289103937e-05,0.000375195253248806,3.04558798871593e-05,0.00019037347999865796,4.119349196754055e-05,0.0008565466198317125,4.522752950615639e-05,0.0005899919171860275,4.486028340989046e-06,0.0,0.0007679917433726712,0.0023645709895487852,0.0001267762561826586,0.0002905174433810156,0.005109100102339171,0.00023112169601632364,0.0015477371290794708,0.00014708685518810584,0.000801026258828505,0.00021382739896294456,0.003482015627735066,0.00018018009668251253,0.00407254695892334,2.1191567194255645e-05,0.0
NeuralNetwork,0.0001,8.0,45.0,True,25.0,0.00015853259039696335,0.0005014131493324218,2.592456881007094e-05,5.876768450692015e-05,0.001125836637269945,4.9574787645648434e-05,0.00037153623496104444,3.0202472286243645e-05,0.00018893126046882485,4.091837526251364e-05,0.000853412556198408,4.487897387412038e-05,0.0005874819350692461,4.493585295694054e-06,0.0,0.000764547607058999,0.0023636793565450223,0.00012574751375231353,0.00028846867429385394,0.005114283816086493,0.00022895193699770753,0.0015293335389791045,0.0001456434926334417,0.0007959213459266806,0.0002123502862153563,0.0034706078985202236,0.00017940381881575914,0.004054339426868367,2.12957640324936e-05,0.0
NeuralNetwork,0.0001,8.0,45.0,True,26.0,0.00015789660000094184,0.0005012322869904921,2.5702419507535642e-05,5.835846990266579e-05,0.001126805272253917,4.9077581885368676e-05,0.00036851254434919743,2.994648409339617e-05,0.00018748464288737254,4.063403068205738e-05,0.0008502558395869006,4.4544496023751335e-05,0.0005844696111113556,4.496908309866958e-06,0.0,0.0007613471843911417,0.002362803655600398,0.00012473791322243288,0.0002865566866202924,0.005118609718060201,0.0002273101383035288,0.001510471667883531,0.00014447076421863627,0.0007895924760110723,0.00021125233304575554,0.00345432495920913,0.0001786215898563277,0.004039158986049628,2.13203342549456e-05,0.0
NeuralNetwork,0.0001,8.0,45.0,True,27.0,0.0001571252942085266,0.0005010329889801313,2.5447063911153942e-05,5.7902121841104204e-05,0.0011281050398431428,4.8589719474476305e-05,0.00036505740286526335,2.9685415046394996e-05,0.0001858901383099209,4.0317350883046895e-05,0.0008462414426623651,4.411275395646571e-05,0.000582586441721235,4.499469446947151e-06,0.0,0.000758329746108385,0.002362023172138622,0.000123771903274944,0.00028481065008625293,0.005123449614613455,0.00022590507126454286,0.0014914086779708382,0.00014334825693436388,0.000785632609571301,0.00021006380143405508,0.00344467837855501,0.00017769803416054205,0.004024209841242376,2.1354100555650093e-05,0.0
NeuralNetwork,0.0001,8.0,45.0,True,28.0,0.0001565111133287538,0.000500845017458872,2.5225956384544425e-05,5.749623589920548e-05,0.0011291823521728552,4.828890981378581e-05,0.0003609223507163981,2.946068264162444e-05,0.00018442546662615958,4.006839405012259e-05,0.000842262471139913,4.376703998791882e-05,0.0005801885597146746,4.509483361139773e-06,0.0,0.0007551346185072413,0.002361152157093744,0.00012276791411000977,0.00028282699157606883,0.0051285784560898134,0.0002239994564146366,0.0014742564105387755,0.00014215349307600058,0.0007810827414944486,0.0002086957998620639,0.003430379261760592,0.00017652172103243055,0.00400789016447727,2.1449057385325432e-05,0.0
NeuralNetwork,0.0001,8.0,45.0,True,29.0,0.00015584673642148226,0.0005006784939701666,2.5000945336092515e-05,5.712494695925648e-05,0.0011300506025787131,4.788024747628729e-05,0.00035721959290157434,2.9245637497811947e-05,0.00018337007481454196,3.9853017546256595e-05,0.000838848619126888,4.344255314522355e-05,0.0005772635139866338,4.5138136345662195e-06,0.0,0.0007519486284106033,0.0023603752349157753,0.00012173245912827786,0.0002811652075194713,0.005132261872428489,0.0002224659488635993,0.001455177863438924,0.00014098433765975183,0.000777697834953572,0.00020751415652299078,0.003417671851392062,0.00017625999010209017,0.0039882918573775385,2.1443106292647387e-05,0.0
NeuralNetwork,0.0001,8.0,45.0,True,30.0,0.0001551863458760665,0.0005004944586046943,2.477155129784201e-05,5.6726516618561555e-05,0.0011310331693857984,4.753451844591979e-05,0.00035286038069712186,2.9076673994167153e-05,0.00018180328398701958,3.9634101514546376e-05,0.0008354736466934738,4.300727657070057e-05,0.0005747648583589539,4.506812084496343e-06,0.0,0.0007489923879785358,0.002359555577332119,0.00012076251302500191,0.0002794030983493013,0.00513631918876268,0.0002210570862458187,0.0014367026727904314,0.00014032087282939528,0.0007703333343349912,0.0002064276135192727,0.0034071795595516947,0.0001753031293738563,0.003974576416255543,2.146767651509939e-05,0.0
NeuralNetwork,0.0001,8.0,45.0,True,31.0,0.00015456792760409435,0.0005003193800018804,2.455384523238776e-05,5.6349589537096155e-05,0.0011318595785408815,4.7121377727092116e-05,0.0003490539573916206,2.8894694567208664e-05,0.00018048623822770028,3.942398660668144e-05,0.0008317905294927304,4.2686941769887814e-05,0.0005728398773548096,4.518486878199558e-06,0.0,0.0007459546128908793,0.0023587552256554177,0.0001197491169163266,0.0002776905425689505,0.005140739008798652,0.00021936521871284868,0.001420424887969059,0.00013929257555952613,0.0007662307353889417,0.00020533980532262312,0.003390870379202021,0.00017463073790448266,0.003957233713857783,2.15882622877007e-05,0.0
NeuralNetwork,0.0001,8.0,45.0,True,32.0,0.00015398126969118966,0.0005001571943175118,2.4361972699589487e-05,5.601260640389836e-05,0.0011326706129116428,4.677037203890294e-05,0.0003457172219001379,2.8761098728668336e-05,0.0001791261558262807,3.930159174207086e-05,0.0008283573180196099,4.2371311277713415e-05,0.0005697513205021861,4.53370088595907e-06,0.0,0.0007430126175940412,0.0023580139163155225,0.00011882614695800926,0.00027601746549396394,0.005145219184096844,0.00021765744255023933,0.0014053242011640057,0.00013818301307330343,0.0007634779567238669,0.00020419154901924372,0.0033796916967667873,0.00017378692450763296,0.003941307277799402,2.1634191426934688e-05,0.0
NeuralNetwork,0.0001,8.0,45.0,True,33.0,0.00015338707082676438,0.0004999885019266381,2.4147911594723757e-05,5.563928411816651e-05,0.0011336765946286416,4.654821520545733e-05,0.00034131844731354006,2.8658296782372775e-05,0.00017771146930452948,3.907991186627802e-05,0.0008246158814494501,4.1897780189135006e-05,0.0005682454195947981,4.54243768327882e-06,0.0,0.0007404097408618567,0.0023572621105601953,0.00011800115916339107,0.0002743607187795939,0.005150070674877684,0.00021638817288590676,0.0013883797065267023,0.0001377299685710631,0.0007565722994084628,0.00020306726109306768,0.0033691360515618472,0.0001728893521259416,0.003929120189738723,2.1616162427660055e-05,0.0
NeuralNetwork,0.0001,8.0,45.0,True,34.0,0.00015278206761635218,0.0004998283646498729,2.393593404170959e-05,5.5305529235186924e-05,0.0011341503264980192,4.618198201662768e-05,0.0003377545394023474,2.844460469211208e-05,0.00017674853698905265,3.899409965363474e-05,0.0008207710605425976,4.1644819422230884e-05,0.0005655811642700771,4.5316349062315535e-06,0.0,0.0007374042516234536,0.002356551540722637,0.00011702691374709771,0.00027290131873304737,0.005152651140034502,0.00021473362854441757,0.0013715343655280347,0.00013695835317455748,0.0007532335958390866,0.00020245418139973526,0.003348661668645511,0.00017256876629478525,0.003911308147622354,2.163215159620129e-05,0.0
NeuralNetwork,0.0001,8.0,45.0,True,35.0,0.00015212121517510426,0.0004996440079655609,2.3710772375051546e-05,5.492450031790772e-05,0.0011351445947032275,4.59320963714322e-05,0.0003331322473978418,2.8329303945010564e-05,0.00017529039209422396,3.876415083832497e-05,0.0008168025318824378,4.1347135089317746e-05,0.0005625052191819142,4.540054463954628e-06,0.0,0.0007347141702969869,0.0023558522170444704,0.00011625186592902778,0.00027141649768037615,0.005157062954906674,0.000213720255865241,0.001355986737605161,0.00013649244587751305,0.0007478986052597094,0.00020163916285682775,0.003333881216229133,0.00017182644948644457,0.003897574337773353,2.1605557650796272e-05,0.0
NeuralNetwork,0.0001,8.0,45.0,True,36.0,0.00015152569087046496,0.0004994839911833607,2.349962573247457e-05,5.457990594469312e-05,0.001135860298619613,4.555699177026106e-05,0.00032947150202131657,2.8146880194343966e-05,0.00017393581227793527,3.860919984845781e-05,0.0008131743602032931,4.102068267903238e-05,0.0005605926089531007,4.562111872667572e-06,0.0,0.0007319807443978652,0.0023551172805282303,0.00011534466402335736,0.0002698457137968555,0.005159475432427171,0.00021257406135775009,0.001339626762102235,0.00013574606405114228,0.0007435593215174645,0.00020013848003351463,0.0033230297970321945,0.00017128498205598794,0.003879683197669263,2.165668374571785e-05,0.0
NeuralNetwork,0.0001,8.0,45.0,True,37.0,0.00015091248398842516,0.0004993248580279697,2.329102955818819e-05,5.425590108025749e-05,0.0011366108926489913,4.510590530470054e-05,0.00032638599769767084,2.8109986264750643e-05,0.00017251060256418191,3.848975710068751e-05,0.0008088463560911523,4.077712299849466e-05,0.0005577204603390552,4.578315881344507e-06,0.0,0.0007296658630641001,0.002354459380203823,0.00011453603001885444,0.0002685039064044473,0.0051624295332542,0.0002113435206548223,0.0013225952971656367,0.00013526511501591162,0.0007393509149551392,0.00019912269411596862,0.0033087542971724985,0.00017102972938204712,0.0038656532389562833,2.1821227650972282e-05,0.0
NeuralNetwork,0.0001,8.0,45.0,True,38.0,0.00015039929763647423,0.0004991584550338293,2.311130187341145e-05,5.389808242854404e-05,0.0011374153857109568,4.47187713294659e-05,0.0003219142837344475,2.803665277048584e-05,0.0001709140696615543,3.82870852425092e-05,0.0008065678038687076,4.047972986078005e-05,0.000554992302730077,4.568818148295834e-06,0.0,0.0007271679504862372,0.002353767179093271,0.00011372823947630588,0.0002670743086802884,0.00516641599278522,0.00021018647828941825,0.0013093945552717964,0.00013484446179566894,0.0007340587534994449,0.00019801075353562456,0.0032944146942042703,0.00017056489984194437,0.0038504094447729723,2.1826903447040223e-05,0.0
NeuralNetwork,0.0001,8.0,45.0,True,39.0,0.00014985164983895912,0.0004990119738077539,2.2922032525275918e-05,5.3605004502435255e-05,0.0011378116303318335,4.4438546156947505e-05,0.0003175969634737287,2.790805745638927e-05,0.00016983923806013123,3.8231346465024666e-05,0.0008027931911283426,4.022806441044872e-05,0.0005527680533915517,4.554276901857069e-06,0.0,0.0007243899148215288,0.0023530537977158646,0.00011283719221001152,0.00026556872909174026,0.0051704017529485315,0.00020910075531815583,0.0012953933679832603,0.00013398594638836458,0.0007304976102691027,0.00019679338021098443,0.003284088095778939,0.00016989580021714264,0.0038315271431545042,2.180991266742817e-05,0.0
NeuralNetwork,0.0001,8.0,45.0,True,40.0,0.00014927067525303267,0.0004988506717501947,2.272307591618232e-05,5.326137910634681e-05,0.001138596026570102,4.404382604473042e-05,0.0003138114258928119,2.7809083722833033e-05,0.00016849385599563063,3.804260679091405e-05,0.0007992352276156854,3.994085557377242e-05,0.0005505860976453097,4.583977243167692e-06,0.0,0.000722331867652869,0.0023524982374419205,0.00011215295712902861,0.0002643071677324907,0.005173658372889136,0.00020783823334945823,0.0012830934434566858,0.00013311202608564364,0.0007274005116906556,0.00019600436841166993,0.0032712389838020755,0.00016929233833303992,0.0038239963399539206,2.1930967030004137e-05,0.0
NeuralNetwork,0.0001,8.0,45.0,True,41.0,0.00014870995379522484,0.0004986933861781324,2.2527535830064604e-05,5.294885134921884e-05,0.0011390023158646418,4.379092301480532e-05,0.0003096896281460867,2.7753839475125315e-05,0.00016676447783518995,3.7961212712317464e-05,0.0007954628641071988,3.9724131036961495e-05,0.0005481890189358488,4.574463193146687e-06,0.0,0.0007196787580754022,0.002351781294780707,0.00011128852577329432,0.0002627274103509555,0.0051773961439569634,0.00020636226864730788,0.0012694713454576409,0.00013248283861193267,0.0007231243001589985,0.00019483810653851466,0.003259712420169662,0.0001686428374839279,0.0038057561940367116,2.1855617762080528e-05,0.0
NeuralNetwork,0.0001,8.0,45.0,True,42.0,0.0001482175828793621,0.0004985635332020145,2.2362864945294723e-05,5.267076495522759e-05,0.0011397500594956108,4.344327109200614e-05,0.0003064156904053495,2.765615352723155e-05,0.00016567937407210831,3.7850980267852464e-05,0.0007929148057079058,3.944943857321521e-05,0.0005467331634377533,4.574776353500281e-06,0.0,0.000717160368115647,0.00235114982293087,0.00011049315286507397,0.0002612469471850485,0.00518216050722112,0.00020489363737826078,0.001259113351504008,0.00013173584761859487,0.0007195650781475523,0.00019368008013416387,0.0032508804363274722,0.00016768790968933945,0.0037903575777257763,2.1786136119245732e-05,0.0
NeuralNetwork,0.0001,8.0,45.0,True,43.0,0.00014768314931913205,0.0004984209881317263,2.218676213867902e-05,5.238918421885395e-05,0.0011402431006211674,4.318270159538865e-05,0.00030368040353461416,2.758451448778579e-05,0.0001642769077074817,3.7792193981997085e-05,0.0007895517220715628,3.918673280837401e-05,0.0005439460438216793,4.568223206381592e-06,0.0,0.0007148260871569315,0.0023505209751848903,0.00010973213931674477,0.00025990764674900464,0.005185657252782817,0.0002034861571009054,0.001247754543082519,0.0001311530388376248,0.000716601293416893,0.00019225734725313368,0.003238947511469043,0.00016736281367967713,0.0037743411723922633,2.1790599438754266e-05,0.0
NeuralNetwork,0.0001,8.0,45.0,True,44.0,0.00014719606008169785,0.0004982706510795737,2.2020316469380154e-05,5.2088183775102354e-05,0.001140689740444134,4.290326465814904e-05,0.0002994065416469728,2.753434105301803e-05,0.0001631265059314327,3.766346813212187e-05,0.000786347369942061,3.898867237760693e-05,0.0005406039664044856,4.562123482820962e-06,0.0,0.000712762416908576,0.002349961478755159,0.00010908693778065015,0.00025872403533203797,0.005188671922089015,0.00020250122783319006,0.0012362487848449804,0.00013056159628637183,0.0007135270151702113,0.00019152942787176408,0.003225727651104237,0.0001667840933462359,0.00376260093173141,2.1821081216605205e-05,0.0
NeuralNetwork,0.0001,8.0,45.0,True,45.0,0.00014668382764505247,0.0004981322831542023,2.184785611304954e-05,5.180203930708276e-05,0.0011411858223908354,4.256439879737453e-05,0.00029598088116658663,2.7439715165012286e-05,0.00016193342899697811,3.758272673241854e-05,0.0007829838846571683,3.874023015688693e-05,0.0005386560512681534,4.568612303414114e-06,0.0,0.0007108066629313822,0.002349410042072992,0.00010846042126979468,0.0002574722909327573,0.005191866343886636,0.0002014009082842173,0.0012233523452806773,0.00013002839946896775,0.0007099408960942203,0.0001903664578431807,0.003218761405105111,0.0001662068725007135,0.003752622589375238,2.1807153843952426e-05,0.0
NeuralNetwork,0.0001,8.0,45.0,True,46.0,0.00014627893578331427,0.0004980162067233392,2.1715866868708012e-05,5.159223818714728e-05,0.00114147097634449,4.245419145594389e-05,0.00029169398578350754,2.74369111560747e-05,0.00016049207301152685,3.7579069220312845e-05,0.0007800522518929124,3.862752255323441e-05,0.0005366847601862288,4.576937410970422e-06,0.0,0.0007086002601767486,0.0023488282407604674,0.00010771564436408709,0.00025633844377109837,0.005195358402107593,0.00020005490701153594,0.001211175097609466,0.0001297346404138601,0.0007058405463800491,0.00018977160629986216,0.0032111912403466566,0.0001662807339954676,0.0037324406066030825,2.1799243459442875e-05,0.0
NeuralNetwork,0.0001,8.0,45.0,True,47.0,0.0001457329648684941,0.00049786145153714,2.1539467846286907e-05,5.1270402224880026e-05,0.0011423509924506925,4.21469905627063e-05,0.0002884826650516685,2.7428727566874575e-05,0.00015894440065497017,3.740532609892663e-05,0.000777295014928936,3.835745908902341e-05,0.0005330624124110548,4.571914607583673e-06,0.0,0.0007061730109670627,0.0023482149502016465,0.00010696967255394414,0.00025495401812049577,0.0052000298164233015,0.00019884369564506242,0.0012012637636196687,0.0001293603424568596,0.0007029757747110331,0.00018831766532652032,0.003202735627972105,0.00016540872319689337,0.0037126923507114626,2.179785672598665e-05,0.0
NeuralNetwork,0.0001,8.0,45.0,True,48.0,0.00014526418076371247,0.0004977227221280738,2.1381891079026092e-05,5.1002894249566484e-05,0.0011427757894715198,4.187982900926688e-05,0.00028438725561465855,2.7420087102449167e-05,0.00015752969405079145,3.73506943652572e-05,0.0007742869886105272,3.814810982370634e-05,0.0005305545991964417,4.594019398273965e-06,0.0,0.0007043258292869952,0.002347651705052118,0.00010637539503334453,0.00025372661697039813,0.005203403617610171,0.00019815700046671263,0.0011859594276116328,0.00012884798617857806,0.0006987034524761655,0.00018761017646804545,0.003190658377401484,0.00016445031612174316,0.0037069073263204322,2.1990945082415573e-05,0.0
NeuralNetwork,0.0001,8.0,45.0,True,49.0,0.00014493229856709587,0.0004976171287243578,2.1270049530058858e-05,5.07723530026459e-05,0.0011432660504445994,4.165808386558471e-05,0.00028219612219905596,2.7369271030001883e-05,0.00015641912576965888,3.7195376871088446e-05,0.0007724877637672939,3.7896602522491445e-05,0.0005297737140861162,4.591368517845949e-06,0.0,0.0007022326378702368,0.0023471300706923385,0.0001057009886270799,0.0002525118443201173,0.005206980638663579,0.0001967639996195739,0.0011788487621823198,0.00012839220042498606,0.0006964382416797134,0.00018629609788738707,0.003182444932325831,0.00016377948271403524,0.003691468973579647,2.192660035717787e-05,0.0
NeuralNetwork,0.0001,8.0,45.0,True,50.0,0.00014447468029199584,0.0004974975981159673,2.1125933009819843e-05,5.055040201408201e-05,0.001143523138181395,4.151005127198613e-05,0.0002784840863027341,2.7294147689387483e-05,0.00015492793524040366,3.724135307851185e-05,0.0007694179639019413,3.780537558533753e-05,0.000527144321855509,4.600729439357381e-06,0.0,0.0007004433739110358,0.002346668415849314,0.00010513433448548587,0.0002514590632240727,0.005210042714667973,0.00019543524245795965,0.0011710040036987208,0.0001280039502014904,0.0006920693430510706,0.00018543952712847753,0.003180187078391981,0.0001634471704187633,0.003679203912147186,2.1938402967164353e-05,0.0
NeuralNetwork,0.0001,8.0,45.0,True,51.0,0.0001440581506635301,0.0004973707575039722,2.0986319973944332e-05,5.030415128826131e-05,0.0011439128935304443,4.119719717541152e-05,0.0002748971036823612,2.7341035136958018e-05,0.0001536425393868007,3.719930549596519e-05,0.0007665171777463024,3.758479522244949e-05,0.0005244914331847446,4.588074058374626e-06,0.0,0.0006986342885959073,0.0023461548412370982,0.00010455514556206997,0.0002502508976924344,0.005213642613063706,0.00019428091791440856,0.001162856254937514,0.00012733793155577197,0.0006887043047251191,0.0001842771311226131,0.0031713472222382167,0.00016268423565153807,0.0036712986118388625,2.1846512473135624e-05,0.0
NeuralNetwork,0.0001,8.0,45.0,True,52.0,0.00014358783025304584,0.0004972486161800086,2.0837920876044148e-05,5.005206159664935e-05,0.0011447280909675486,4.0978690323161305e-05,0.00027171315529918414,2.7316916141548567e-05,0.00015235895095167134,3.7049169268087554e-05,0.0007642684278462453,3.7352961169259564e-05,0.0005219083510319178,4.6151056333452545e-06,0.0,0.0006966946541138415,0.002345640329444933,0.00010395435464082275,0.00024914331499885465,0.005217123497810741,0.0001932969258266425,0.001152515786248933,0.00012682928885303954,0.000684619887070086,0.00018369366631567854,0.0031606513749128616,0.00016202559729792037,0.003659434663424702,2.1979135150710743e-05,0.0
NeuralNetwork,0.0001,8.0,45.0,True,53.0,0.00014322394670823193,0.0004971298085390076,2.0725155535412605e-05,4.9829076363069995e-05,0.0011451723804751118,4.083944881219427e-05,0.0002688128109569498,2.7253558593136923e-05,0.0001507889770593926,3.707134026803096e-05,0.0007617067133962627,3.717918541392869e-05,0.0005196240150703574,4.622953783248795e-06,0.0,0.0006950016385354336,0.0023451201945730725,0.00010341149315519153,0.0002479650923665964,0.005220715334927807,0.00019217801497042555,0.0011425929249457593,0.00012633985833926772,0.0006808734165047699,0.00018283498690188307,0.003159447286114003,0.00016127464671929678,0.003647537351404346,2.196219855181451e-05,0.0
NeuralNetwork,0.0001,8.0,45.0,True,54.0,0.00014279940419119965,0.0004970109607331515,2.058796494235247e-05,4.9564379927604346e-05,0.0011460095853580675,4.0524214947962695e-05,0.0002667138759659307,2.7177355822045206e-05,0.0001498238055532512,3.6853225023116705e-05,0.00075925167680108,3.70422734645499e-05,0.0005172401505981816,4.616971102585851e-06,0.0,0.0006935712207788192,0.002344700150519797,0.0001029888835718047,0.00024690045594419325,0.00522480009228358,0.0001909579706829299,0.0011355555469884813,0.00012557513121538941,0.000679672232963754,0.000181828092479106,0.0031495045565959044,0.00016058895900939246,0.003641935264539419,2.1958657768818568e-05,0.0
NeuralNetwork,0.0001,8.0,45.0,True,55.0,0.00014240571832399806,0.0004968903055088218,2.046320537190553e-05,4.932613706974328e-05,0.0011465515266739573,4.0379054141494464e-05,0.0002626015571249784,2.719365773255613e-05,0.00014841941127558602,3.680448497161068e-05,0.0007572739593423601,3.6842305203171754e-05,0.0005146675514725019,4.596467571699555e-06,0.0,0.000692153033220543,0.0023443209675123107,0.00010252779103674979,0.0002460882489411336,0.0052266842567258425,0.00018986990476179422,0.0011320667071912274,0.00012546303277870393,0.0006760933301733725,0.00018142644058233537,0.003139741953064061,0.00016020136481186128,0.0036302632505788744,2.1868785140368174e-05,0.0
NeuralNetwork,0.0001,8.0,45.0,True,56.0,0.0001420137695867739,0.000496779129190265,2.0341847262613855e-05,4.910017963689614e-05,0.0011471129823777135,4.018121461742972e-05,0.0002599611798065371,2.7202242970305955e-05,0.00014681927357722486,3.6721195613920207e-05,0.0007546538451932511,3.6692590706271305e-05,0.0005128523811818455,4.598521313697823e-06,0.0,0.0006903631132353777,0.0023438773065243127,0.00010198620645879949,0.0002449988475385702,0.005231020945559398,0.00018849111390563676,0.0011241343223823692,0.00012518734958186838,0.000672941453426889,0.00018000483231724433,0.0031379924255347104,0.00015956302811889528,0.003625278577864545,2.1781098777018253e-05,0.0
NeuralNetwork,0.0001,8.0,45.0,True,57.0,0.00014159892688221686,0.0004966633740782416,2.020941494971594e-05,4.8867625126620185e-05,0.001147594046979879,4.004391357101841e-05,0.00025782133691073107,2.7181045968095568e-05,0.00014566816891621386,3.657746317010684e-05,0.000752297051833325,3.6517065269445796e-05,0.0005099118318197862,4.597183949542496e-06,0.0,0.0006889420672782562,0.002343461573498804,0.00010151714789417554,0.00024409247738010477,0.005233894113228707,0.000187380461947723,0.0011188250105336028,0.00012469934826751924,0.0006703466364422684,0.00017953655864082793,0.00312996210542115,0.00015906224601298759,0.0036162666554720897,2.184917172124176e-05,0.0
NeuralNetwork,0.0001,8.0,45.0,True,58.0,0.00014130937844273857,0.0004965672595802986,2.0122188181086692e-05,4.8667157314858345e-05,0.0011481287970211494,3.979055366586803e-05,0.00025525048495624264,2.7103936977463592e-05,0.00014493236885559205,3.652083323490266e-05,0.0007506658767432858,3.6291080223260864e-05,0.0005077599997147717,4.625864166294468e-06,0.0,0.0006875716290383969,0.002343031033030096,0.00010105222463607788,0.00024307769893100426,0.00523700655115616,0.00018614179120873505,0.0011113547491577436,0.0001242760123696717,0.0006680648375607137,0.0001785104988880877,0.0031319254974149307,0.00015837756577152877,0.0036072397382004456,2.1851188122476423e-05,0.0
NeuralNetwork,0.0001,8.0,45.0,True,59.0,0.00014093362618328105,0.0004964553602943523,1.9999433087933096e-05,4.84232010063778e-05,0.0011490202199981856,3.957494621408596e-05,0.0002529619919321929,2.7051449042928186e-05,0.00014362410915829744,3.631899479746497e-05,0.0007484765708285844,3.614337898971578e-05,0.0005064264060352047,4.608164644345762e-06,0.0,0.0006858902344913602,0.0023425931825577836,0.00010055929141224556,0.0002421310768937165,0.005240302029841692,0.00018523198862870535,0.0011063600486179567,0.00012399778707222368,0.0006645546300606158,0.00017720150450865427,0.0031246214917620774,0.00015827284762694402,0.003593821570558368,2.1729300548351785e-05,0.0
NeuralNetwork,0.0001,8.0,45.0,True,60.0,0.00014063135552599103,0.0004963598482692338,1.9914146783859582e-05,4.821931416133665e-05,0.0011494862469886352,3.9385890241742455e-05,0.00024971418142961363,2.703502161724548e-05,0.0001424964406901614,3.626301001024375e-05,0.0007463582763774697,3.595733538149502e-05,0.0005053634029835703,4.585746065726017e-06,0.0,0.0006842007801967597,0.002342166953116843,0.00010005688095617595,0.00024118344738798323,0.005243159494920905,0.00018437455097834268,0.0010972172959045794,0.00012379744142856238,0.000659856453256787,0.00017702544354042916,0.0031240426894253905,0.00015758184142082742,0.0035864358428139356,2.1645182790527554e-05,0.0
NeuralNetwork,0.0001,8.0,45.0,True,61.0,0.00014030733559973477,0.0004962614042097025,1.9803495118720833e-05,4.8013509444470674e-05,0.0011500222332542585,3.916412752593624e-05,0.0002484804576619295,2.704832371515084e-05,0.0001414469832358656,3.6111259657257007e-05,0.0007440749847021386,3.583150140117763e-05,0.0005031273451776839,4.5715368069166126e-06,0.0,0.0006830147321119248,0.002341825444743318,9.962055340128125e-05,0.0002403983248854583,0.00524627786535716,0.0001830479844748599,0.0010934028797929393,0.00012386880768170146,0.0006577644333149652,0.00017541228740845086,0.0031169259323264066,0.00015741072407683487,0.0035774689050590467,2.1601499954484542e-05,0.0
NeuralNetwork,0.0001,8.0,45.0,True,62.0,0.00014002325962174614,0.0004961638036121255,1.971297483198405e-05,4.782531701650902e-05,0.0011505303989579499,3.916177286131363e-05,0.00024555535168660616,2.700078609899048e-05,0.00014000430181020034,3.608138704637312e-05,0.0007424507982968641,3.570536869475141e-05,0.0005012287926481097,4.573124260051713e-06,0.0,0.0006818825718741747,0.0023414631309749195,9.930477061736508e-05,0.00023949162671401067,0.005249307188133004,0.00018247057619334768,0.0010852520383378994,0.00012321184453724314,0.0006566514852661756,0.00017476285684783503,0.0031119187672932944,0.00015668180894176916,0.0035729352033363197,2.159177231947956e-05,0.0
NeuralNetwork,0.0001,8.0,45.0,True,63.0,0.00013979399862957772,0.0004960880526956522,1.9639887347455936e-05,4.766132893427363e-05,0.0011509829672981442,3.880755147442342e-05,0.0002445440006384631,2.6982024091112646e-05,0.00013906312880490346,3.600167738138183e-05,0.0007408186592503057,3.5571928495024093e-05,0.0004993344574283075,4.598312958512666e-06,0.0,0.0006803487831691526,0.002341060331032711,9.879528445267827e-05,0.0002385863577419857,0.0052527985024057545,0.00018106675091779457,0.0010850521378547142,0.00012313118848785665,0.0006518732264356793,0.00017375035106011156,0.0031115778212277394,0.0001562737022180977,0.003558520625972148,2.1627680954974403e-05,0.0
NeuralNetwork,0.0001,8.0,45.0,True,64.0,0.0001394731015207954,0.0004959863954477233,1.9544430549013005e-05,4.744055778832449e-05,0.0011518815636501968,3.874016237869417e-05,0.00024239955886676306,2.6930874148308427e-05,0.00013805834471054796,3.582654355189228e-05,0.0007387768386830538,3.5390415984504626e-05,0.0004978645442309727,4.600347873235166e-06,0.0,0.0006789850457659308,0.0023407113252195922,9.83818475180452e-05,0.00023777091746810097,0.005255467687402569,0.00017984416452968645,0.001081727679420567,0.00012282378174973733,0.0006497944207311426,0.0001730796347998973,0.0031010718465601123,0.0001558761973426027,0.0035500249022957665,2.1637717566493922e-05,0.0
NeuralNetwork,0.0001,8.0,45.0,True,65.0,0.0001391934336356397,0.0004959040574950349,1.9457021783384673e-05,4.7261101216318794e-05,0.0011523118952454848,3.863017092335899e-05,0.00024013446187073328,2.6936228625536608e-05,0.0001371439214986611,3.575378742741767e-05,0.0007372552333173726,3.51537897620561e-05,0.0004971177992473716,4.5870765265468956e-06,0.0,0.0006774879476559237,0.002340314898101039,9.792164530394212e-05,0.00023684875582748988,0.005259184793833608,0.0001787846123085082,0.0010743487930897646,0.00012262256921462294,0.000647533708398447,0.00017281942678697455,0.003097196982341742,0.0001549970991206619,0.003541673129459597,2.1551690304522993e-05,0.0
NeuralNetwork,0.0001,8.0,45.0,True,66.0,0.00013894592775810118,0.0004958167792651852,1.9372014122992513e-05,4.708040957502278e-05,0.0011527808822713993,3.849537767007987e-05,0.00023841934223380694,2.684925916300951e-05,0.0001361897852864227,3.566994078236449e-05,0.000735898464516488,3.500868920287032e-05,0.0004952568811869043,4.566290586524093e-06,0.0,0.0006762774860334097,0.0023399934453784293,9.750567212607125e-05,0.00023607537150382996,0.005262148950447794,0.00017791946635306257,0.0010687956270181908,0.00012215588874412033,0.0006464817239053595,0.00017190458686471734,0.003089392897467943,0.000154357262939777,0.0035428067423262685,2.1461226081229607e-05,0.0
NeuralNetwork,0.0001,8.0,45.0,True,67.0,0.00013858317887044017,0.0004957198614701428,1.926427189953565e-05,4.686246001013527e-05,0.0011537705374854315,3.816517486646169e-05,0.0002369967834004816,2.6885392470661843e-05,0.00013507447755240366,3.543574704394508e-05,0.0007340070211662436,3.4863661442484173e-05,0.0004940563938367078,4.571083697146482e-06,0.0,0.0006754240431125809,0.002339732159608565,9.728480224152031e-05,0.00023543499644447424,0.005264658392139715,0.00017689900625051942,0.0010662389063985094,0.00012191133163635086,0.0006450304538948731,0.00017093077489415055,0.0030855684535308456,0.00015433487605373815,0.0035324490295266207,2.147796060069927e-05,0.0
NeuralNetwork,0.0001,8.0,45.0,True,68.0,0.00013835949075189884,0.0004956363989015153,1.9193058356522228e-05,4.670772490636358e-05,0.0011540351103620802,3.8088299334049225e-05,0.00023493383611951555,2.6908632859868823e-05,0.00013401495880193786,3.54194627055582e-05,0.0007322755142684896,3.475381558474826e-05,0.000491629552969714,4.583733743734437e-06,0.0,0.0006739706175882111,0.00233929768298407,9.681199495709918e-05,0.0002344838759434298,0.005267991106372594,0.00017629054216843732,0.0010595471604065326,0.00012145747881640428,0.0006433028563763361,0.00016986113627376795,0.003078701548606345,0.00015378529030197073,0.0035214045512601266,2.1464702433104036e-05,0.0
NeuralNetwork,0.0001,8.0,45.0,True,69.0,0.0001380430117771632,0.0004955485583636959,1.90961430717832e-05,4.650836162811341e-05,0.00115480761375981,3.788904148854335e-05,0.00023407521193239566,2.6902886775304687e-05,0.00013314279905869312,3.523150373581606e-05,0.0007307517400006399,3.461336661782869e-05,0.0004899870513905733,4.565188249527926e-06,0.0,0.0006729158215552756,0.0023390152169473514,9.650201683149398e-05,0.000233849287970261,0.005270538928447822,0.0001754214014834578,0.0010562162354307355,0.00012152595152644992,0.0006395614465827462,0.00016938103070049165,0.003075731250475038,0.0001534581793554174,0.0035147543223399036,2.1351854252459117e-05,0.0
NeuralNetwork,0.0001,8.0,45.0,True,70.0,0.00013781388132077344,0.0004954727672823677,1.901404736337636e-05,4.633306713920398e-05,0.0011553752154244159,3.772884898510262e-05,0.00023238071694849636,2.6786463922567446e-05,0.00013236884238584985,3.51123170389962e-05,0.0007292768865261438,3.439526894503848e-05,0.0004891704998890345,4.589469159508972e-06,0.0,0.000671636570924483,0.0023386469052272775,9.612423959393172e-05,0.00023298476289653177,0.005273214217461209,0.0001741764399240602,0.0010514232160160376,0.00012118012041040936,0.0006366212787868092,0.0001684802367627246,0.0030758557079723046,0.00015303202020297262,0.0035016641676800806,2.1527200620972884e-05,0.0
NeuralNetwork,0.0001,8.0,45.0,True,71.0,0.00013757297252066372,0.0004953890637246104,1.8946058305125994e-05,4.6157245486573064e-05,0.001155947910623911,3.767259308511035e-05,0.00023054711098940866,2.674874912375067e-05,0.0001311331304578447,3.502342217373398e-05,0.0007276553510012974,3.4341724172756675e-05,0.0004871426968561671,4.559653344240311e-06,0.0,0.0006706983600772402,0.002338290401974564,9.578468758355147e-05,0.00023215995082315408,0.005276288428746278,0.00017292248143714928,0.001046758121664419,0.00012100161105956672,0.0006333076447810767,0.00016790341421868066,0.0030731903681964993,0.00015278412439163376,0.003495814290436559,2.145097128250314e-05,0.0
NeuralNetwork,0.0001,8.0,45.0,True,72.0,0.000137307030974694,0.0004953029904404098,1.8854698321889995e-05,4.600280659860678e-05,0.0011562070568285384,3.765516153805339e-05,0.00022864263414372653,2.6801026192797483e-05,0.00012992627697813543,3.501664184415437e-05,0.0007255988300971265,3.419120637875683e-05,0.0004852245438773677,4.564175028303723e-06,0.0,0.000669820784772717,0.002338021993637085,9.551403001419403e-05,0.00023168857273815562,0.005277263501117055,0.00017253608214405348,0.001041229228553532,0.00012101286893370766,0.0006287638683738949,0.0001683261292348118,0.003060792414647228,0.00015272352399316224,0.003492127424516018,2.1356163815882222e-05,0.0
NeuralNetwork,0.0001,8.0,45.0,True,73.0,0.00013709103442587943,0.0004952407750800613,1.8790528690316926e-05,4.584195137505904e-05,0.0011568145141985895,3.7401525499525096e-05,0.00022815680005801013,2.672371386758722e-05,0.00012954826544558584,3.488150467930457e-05,0.0007248404373055841,3.398546692978018e-05,0.0004842311866842511,4.570516368570032e-06,0.0,0.0006684509088408273,0.0023376831093674185,9.508258750978505e-05,0.00023072801014912203,0.0052818523416514095,0.00017163471418356745,0.0010395332139992864,0.00012024210871390576,0.0006284995367691952,0.00016708231572085206,0.0030555398959033896,0.0001515016756342642,0.003484311343738868,2.1387143470581224e-05,0.0
NeuralNetwork,0.0001,8.0,45.0,True,74.0,0.00013692627819079272,0.0004951801261490567,1.873820392550484e-05,4.5719699597744286e-05,0.001157103730324625,3.744807656643526e-05,0.00022645182204696367,2.6674240807478e-05,0.0001284319636314063,3.487424990237563e-05,0.0007236413557253115,3.392895999944435e-05,0.00048288237052465064,4.563221112998188e-06,0.0,0.0006674435809723236,0.002337375526908059,9.478718838976615e-05,0.00023013395520876038,0.0052837621630246875,0.00017087804680725313,0.0010345398255114286,0.00012069942909966475,0.0006233515135897031,0.00016704419592641434,0.0030559659379083407,0.00015138875716512307,0.003475167841281531,2.1374589652291633e-05,0.0
NeuralNetwork,0.0001,8.0,45.0,True,75.0,0.0001366779188100861,0.000495104977705408,1.8663197314000195e-05,4.554342609049496e-05,0.0011576784395352089,3.72044717004357e-05,0.00022504448569367195,2.6675327768865622e-05,0.00012790003033339817,3.467849644046588e-05,0.0007228066497093263,3.38090478249316e-05,0.00048155905904795603,4.53220474511144e-06,0.0,0.0006666511953251917,0.00233709343574332,9.449788093941766e-05,0.0002294338583571356,0.005286138776682096,0.0001696216399377247,0.0010309672955447022,0.00012017069560176922,0.0006215167495439637,0.00016665584027017439,0.0030552214421566176,0.0001509201203314763,0.003470511181549456,2.130535109050619e-05,0.0
NeuralNetwork,0.0001,8.0,45.0,True,76.0,0.00013648618183367337,0.0004950311948668282,1.8604990908238445e-05,4.540975243254813e-05,0.001158150858869622,3.715913311008495e-05,0.00022375059497324284,2.673771382984768e-05,0.0001265625707865404,3.464400487126045e-05,0.0007210996433731038,3.375616828306023e-05,0.00047911478663390536,4.562484652727762e-06,0.0,0.0006653923283582963,0.002336765985069035,9.409651019663181e-05,0.00022879671656860496,0.005288151794227831,0.00016950250093667013,0.0010219801147029084,0.00011973102934330514,0.0006189708064936991,0.00016650771897918772,0.0030407755629821395,0.00015078378407835211,0.003465447410847406,2.1413590981619165e-05,0.0
NeuralNetwork,0.0001,8.0,45.0,True,77.0,0.00013627238431066836,0.0004949758075318246,1.854362905105812e-05,4.5272775215280027e-05,0.0011584232696957367,3.708748402942545e-05,0.0002226639549044586,2.6641493899160317e-05,0.0001259659821132444,3.447852817908773e-05,0.0007203454277264783,3.371101043455684e-05,0.00047882817022883986,4.5598591891220314e-06,0.0,0.0006646789469808902,0.002336534876493538,9.384081821958973e-05,0.0002282318782131627,0.0052893486142447975,0.0001685398999812468,0.0010205312345012928,0.00011971485127443038,0.0006160013518243466,0.00016571966778932128,0.003045162127452826,0.00015083168568851064,0.0034591926718657872,2.129156136615846e-05,0.0
NeuralNetwork,0.0001,8.0,45.0,True,78.0,0.0001360774040222168,0.0004949075272783757,1.847724031124796e-05,4.514699395133479e-05,0.0011588698837696448,3.701251130701718e-05,0.00022185045593189743,2.664848760453196e-05,0.0001251112338346291,3.4452619337328684e-05,0.0007183886763220528,3.359184382016447e-05,0.00047797804090854613,4.555899499240268e-06,0.0,0.0006636429414059381,0.0023361877450403176,9.354020603610284e-05,0.00022752510395439917,0.005292639538050391,0.00016801230281403978,0.0010176181980648881,0.00011957373540356475,0.0006122800913996667,0.00016514140433110532,0.00304511751768724,0.00015030698206439707,0.0034507824190007814,2.1345496072240594e-05,0.0
NeuralNetwork,0.0001,8.0,45.0,True,79.0,0.0001358142539336675,0.0004948318165267574,1.8392895370962807e-05,4.4979416135186454e-05,0.001159386029737235,3.694499418581271e-05,0.00022031894992946614,2.659852001464592e-05,0.000124358795482836,3.432418719295543e-05,0.0007172951479806412,3.345856427985703e-05,0.0004752142169083546,4.567395747611625e-06,0.0,0.0006626032339701862,0.0023359315200421793,9.324671642023063e-05,0.00022686099481282744,0.005294497242793856,0.00016706598536023553,0.0010137023790827337,0.0001190552405966153,0.000610686979203854,0.00016437303392017412,0.0030382395540393373,0.0001500988578271566,0.0034461287582445445,2.139831934147661e-05,0.0
NeuralNetwork,0.0001,8.0,45.0,True,80.0,0.00013553885356435235,0.0004947648617135226,1.831297107502778e-05,4.482328028209768e-05,0.0011599625960778434,3.687462284960194e-05,0.00021922933766141414,2.6546918217223287e-05,0.0001237504887131025,3.424880027048029e-05,0.0007157557897490632,3.3270186089441143e-05,0.0004738985367541043,4.5545891208468745e-06,0.0,0.0006616174612405166,0.0023356707965802846,9.290956593347046e-05,0.0002263045442179314,0.005296667795364585,0.0001659882752775396,0.001011839359061523,0.00011903056933445,0.0006067234577622803,0.00016419511030679978,0.0030313501567960535,0.00015016492901358215,0.003437905566497419,2.130419133031893e-05,0.0
NeuralNetwork,0.0001,8.0,45.0,True,81.0,0.00013535668586463619,0.0004946994331647765,1.82522819791682e-05,4.46999691567331e-05,0.0011602350948720797,3.679530981255349e-05,0.0002178750791639652,2.6565667673583942e-05,0.00012265095572587293,3.4218091728552336e-05,0.0007136643254210686,3.3226044913829176e-05,0.0004730450737508481,4.551463793069526e-06,0.0,0.0006606542276886274,0.002335435189541031,9.258772662413196e-05,0.0002257508583038858,0.005298217708438637,0.00016521827651644653,0.001008278543844163,0.00011856155762882352,0.0006057526330528019,0.00016423018426640229,0.003025843287413975,0.00014977401954198034,0.0034290612118798984,2.1304022930796792e-05,0.0
NeuralNetwork,0.0001,8.0,45.0,True,82.0,0.00013523240576214545,0.0004946496689094687,1.8210974936135055e-05,4.4604291451587835e-05,0.001160597035037066,3.6780067250092394e-05,0.00021625999009834145,2.6604082847059255e-05,0.00012183190396211217,3.4213766475732756e-05,0.0007124641995545668,3.317646893127909e-05,0.00047207163832579664,4.567906908148704e-06,0.0,0.000659854438319896,0.002335185337366548,9.23418808939322e-05,0.00022520865284421908,0.0053010000153581194,0.00016487114506322632,0.001003007468937328,0.00011872004647299928,0.0006027489244563025,0.0001639024055791351,0.003029588820799342,0.00014929734639026833,0.00342458224146621,2.1334159123541423e-05,0.0
NeuralNetwork,0.0001,8.0,45.0,True,83.0,0.00013510204068412678,0.0004946018727320545,1.8164968605070422e-05,4.449791985380682e-05,0.0011606864850469967,3.6879334689150604e-05,0.00021594429433827774,2.649445538572224e-05,0.00012133895065585236,3.411743860199766e-05,0.0007121008682765087,3.31154334135454e-05,0.000470151035290844,4.529532213316292e-06,0.0,0.0006590681912014319,0.002334943170067649,9.208153230401706e-05,0.00022461820604666223,0.005302577760975355,0.0001640247661362654,0.001000750739619417,0.00011849623618635742,0.0006015304030862244,0.00016297766669366346,0.0030150636562011526,0.00014926712233690346,0.003418839952480868,2.1232478027729867e-05,0.0
NeuralNetwork,0.0001,8.0,45.0,True,84.0,0.0001349186579975478,0.0004945335924786056,1.8103615533952123e-05,4.4345112663073684e-05,0.0011613011738213037,3.676412431297277e-05,0.00021499270859432992,2.6500502706698653e-05,0.00012050777914710444,3.39758625088355e-05,0.0007101727945785317,3.299855117527944e-05,0.00046872936008432805,4.563309914982222e-06,0.0,0.0006582015340433181,0.002334742988430479,9.187694592108517e-05,0.00022421500780297525,0.0053037672974146615,0.00016406135129853615,0.000997076244474207,0.00011855004203019652,0.0005979301794519964,0.00016313916622842634,0.003015032729262826,0.000148706852733714,0.0034136573473612466,2.136202704794002e-05,0.0
NeuralNetwork,0.0001,8.0,45.0,True,85.0,0.00013471083499671957,0.0004944762772305635,1.8033657142656512e-05,4.423007047722603e-05,0.0011616326625499443,3.677857110924477e-05,0.00021317761863338337,2.6537667749063024e-05,0.00011991860088955038,3.398124962000834e-05,0.0007084642619778204,3.285379954827121e-05,0.0004680128592365193,4.5362959121356435e-06,0.0,0.0006575561450712336,0.002334545430897167,9.160604819936573e-05,0.00022376827755064333,0.005304886966537687,0.00016346475425756203,0.0009918860481969965,0.00011843794359351104,0.0005970868112156226,0.00016272970059382841,0.0030116191450155006,0.0001485894240860669,0.003409305458548684,2.1319717766260202e-05,0.0
NeuralNetwork,0.0001,8.0,45.0,True,86.0,0.00013459169599566498,0.0004944317745712568,1.799804974357394e-05,4.411878370531807e-05,0.0011622048346529147,3.6636887073034866e-05,0.00021330247108505742,2.6413121554408113e-05,0.00011957199827358729,3.3798379035330206e-05,0.0007082620720979017,3.2824617270832114e-05,0.0004668163883718198,4.562836095208749e-06,0.0,0.0006567134797198218,0.0023342880812830895,9.134455742138737e-05,0.00022318169662037735,0.005307158042522692,0.0001625567557489347,0.0009903391389726843,0.00011844872116292797,0.0005935118445810282,0.00016228833569670623,0.003008718198200442,0.00014831941082792463,0.003403469076696432,2.1390747220355008e-05,0.0
NeuralNetwork,0.0001,8.0,45.0,True,87.0,0.0001344147497270949,0.0004943792791058111,1.7938231723006523e-05,4.400665849206261e-05,0.00116245292167069,3.657755605133396e-05,0.0002132900802272992,2.643250611753798e-05,0.00011886224512141348,3.375374332994142e-05,0.000706624872279617,3.271310457161495e-05,0.000465578748530776,4.566264542125949e-06,0.0,0.0006557952776644965,0.0023340584721955114,9.097855936431285e-05,0.00022274562678996872,0.005308809433949962,0.00016197586818686072,0.000987540344772099,0.00011820370717993323,0.0005920482506542086,0.0001616453248187431,0.0030064509724670985,0.00014848956756246916,0.003391654236511614,2.148558983122403e-05,0.0
NeuralNetwork,0.0001,8.0,45.0,True,88.0,0.00013416241402574626,0.000494309994730988,1.785924628055642e-05,4.386518783164474e-05,0.0011627523017135421,3.658116084706751e-05,0.00021085139072808936,2.637678240187406e-05,0.00011803422655378069,3.368854321880803e-05,0.0007052101054281558,3.269210588337597e-05,0.0004643953312439417,4.5164334499892195e-06,0.0,0.0006548516780325452,0.0023338461072190003,9.075059034164597e-05,0.00022220192184238313,0.0053104684586843635,0.00016162918189411643,0.0009858895960094044,0.00011810243317166214,0.0005902509269474438,0.00016128201529664812,0.002998600778339794,0.0001480457659974788,0.003388295758445308,2.1276381979667166e-05,0.0
NeuralNetwork,0.0001,8.0,45.0,True,89.0,0.00013404714089198253,0.0004942675806441397,1.7825096112618227e-05,4.377221623360307e-05,0.0011630913102695945,3.64794333106424e-05,0.00021124287756948138,2.6335942275279936e-05,0.00011771568913022784,3.359146978495256e-05,0.0007026949018802283,3.2620037582042726e-05,0.00046330513658549266,4.5463810561882515e-06,0.0,0.0006538800567201099,0.0023335803229853794,9.043530543457787e-05,0.00022166477715444266,0.005312215311140876,0.00016115282504063734,0.0009847600130165148,0.00011762614660667923,0.0005888705546001218,0.0001608441413948371,0.0029920015320088126,0.00014800729476056008,0.0033719404688421287,2.1385099246816816e-05,0.0
NeuralNetwork,0.0001,8.0,45.0,True,90.0,0.00013384982100072897,0.0004942171335862974,1.7765131239299827e-05,4.3649025602803394e-05,0.0011637916937939387,3.64132817945069e-05,0.00021091396757213254,2.629121368866404e-05,0.00011701431035031527,3.353465659759758e-05,0.0007016172788213848,3.243755860470055e-05,0.00046327882860548736,4.535194516503265e-06,0.0,0.0006530469974631784,0.002333331782862825,9.014845222422162e-05,0.00022111392620974366,0.005315748008502005,0.0001604929449235868,0.0009815441737384917,0.00011766045910757293,0.0005861024999018735,0.00016118265079252374,0.002983302815155413,0.0001474169299662488,0.0033673580337620383,2.1366146246685923e-05,0.0
NeuralNetwork,0.0001,8.0,45.0,True,91.0,0.000133751246405419,0.0004941716268056165,1.7739045421148566e-05,4.355985460416326e-05,0.00116412338580635,3.632069176258745e-05,0.0002102941836950914,2.63485188954924e-05,0.00011634780470573034,3.3503501221658085e-05,0.0007019124905054139,3.2357256508098455e-05,0.0004612014219767321,4.540684550116968e-06,0.0,0.0006524878290464294,0.0023330976753114904,8.996672717467793e-05,0.0002206450785106083,0.00531767485160616,0.0001599258690510156,0.0009764946481716708,0.00011786677927341102,0.0005824047158349235,0.00016107350447267855,0.0029827474423174587,0.0001474289024401011,0.0033595464514486447,2.1304409517525876e-05,0.0
NeuralNetwork,0.0001,8.0,45.0,True,92.0,0.00013357898938366666,0.0004941313414560817,1.7678323691344327e-05,4.3478766782585824e-05,0.0011640606602904783,3.6329686179797285e-05,0.00020848313030206932,2.6328873260805226e-05,0.00011573755998174456,3.351583434243729e-05,0.0006999676278980594,3.24321288183693e-05,0.0004595242982926073,4.515695420779147e-06,0.0,0.0006517165299481565,0.002332965720374629,8.973325221980892e-05,0.0002202733226542203,0.005317320750570857,0.00015963725277087974,0.0009739575146129296,0.00011757908845847508,0.0005820732821458541,0.00016070492331336878,0.002983733355624121,0.00014726155724540445,0.003354397584807198,2.1295364266671475e-05,0.0
NeuralNetwork,0.0001,8.0,45.0,True,93.0,0.0001334248266290783,0.0004940735442297799,1.7638812770419363e-05,4.334302463460804e-05,0.0011647270247219506,3.634470281494917e-05,0.00020812775166529528,2.629328719930186e-05,0.00011501967344643935,3.3366162520695244e-05,0.000699082394494522,3.22538771920127e-05,0.0004595882809065744,4.51642183983583e-06,0.0,0.0006511456467820413,0.002332740984622787,8.954763787347565e-05,0.00021980187428072563,0.005319847803155864,0.00015933775348858263,0.0009703250988474432,0.00011768531780572807,0.0005789394461133945,0.0001606947549109189,0.0029724127841445633,0.0001467204881164263,0.003355493335603918,2.1265258825143928e-05,0.0
NeuralNetwork,0.0001,8.0,45.0,True,94.0,0.00013332278781502717,0.0004940445452044916,1.7598046697776593e-05,4.328675869340203e-05,0.0011647355572620723,3.6436145638198544e-05,0.00020679556375565234,2.631144422405171e-05,0.00011485755805056693,3.330830253680761e-05,0.0006987764989590709,3.221086565294677e-05,0.000457826489708173,4.528357391308421e-06,0.0,0.0006506983776512386,0.0023326326466206484,8.939450852713494e-05,0.00021953355966124145,0.005320189443470779,0.00015886281411977684,0.0009688363884979824,0.00011785104636501217,0.0005774624505132999,0.00016024349105058227,0.0029722043553238394,0.0001467086562195664,0.003349781411248933,2.122552825266835e-05,0.0
NeuralNetwork,0.0001,8.0,45.0,True,95.0,0.00013322657290494667,0.0004940084369998737,1.758008045608785e-05,4.321072662294393e-05,0.0011651852365889138,3.640484215435635e-05,0.00020565799465076622,2.6234686675900718e-05,0.00011439760017266493,3.3280267468038596e-05,0.0006971147985792546,3.214545718662822e-05,0.00045835084188980554,4.53179744837901e-06,0.0,0.0006498816253254248,0.002332375109570581,8.909711789972377e-05,0.00021902368690982554,0.005322560224027125,0.00015858755265391847,0.000965414931939083,0.00011774641022367298,0.0005743018111342904,0.0001598396953546776,0.0029659419314666366,0.00014648135493761338,0.003343529296371172,2.1198566757001965e-05,0.0
NeuralNetwork,0.0001,8.0,45.0,True,96.0,0.00013306450771514297,0.0004939636531865821,1.7521109662929955e-05,4.3141336815376485e-05,0.0011650202133744892,3.645569588135516e-05,0.00020519563692277974,2.6257349695317506e-05,0.00011357477291253699,3.335620414696614e-05,0.0006955086863587166,3.2179589782442364e-05,0.000455671243590486,4.517656909126156e-06,0.0,0.0006489567224334621,0.0023321835499889444,8.881369711093182e-05,0.00021868363116522255,0.005322443379775598,0.00015820152823280237,0.0009638732709224869,0.00011767533683926804,0.0005713454301252305,0.00016011666717394342,0.0029607655117346804,0.00014669012348606902,0.0033287413465152,2.1196603072139453e-05,0.0
NeuralNetwork,0.0001,8.0,45.0,True,97.0,0.00013291806665392255,0.0004939152143714884,1.7475012960941644e-05,4.300710587006695e-05,0.0011657915761891277,3.630361416831492e-05,0.00020354484130108774,2.6213662884627392e-05,0.00011330740551421584,3.318469017503075e-05,0.0006954548654530568,3.19599658451633e-05,0.00045574695434210435,4.541760528927062e-06,0.0,0.0006484457719251044,0.002331983930659744,8.86006936805803e-05,0.00021816380087684534,0.005324278960474614,0.00015736671176346594,0.0009614265752288531,0.00011746017203765846,0.0005709763218021993,0.00015940193860036024,0.0029608549187018435,0.00014623365827701377,0.0033277164465226466,2.1324204515267468e-05,0.0
NeuralNetwork,0.0001,8.0,45.0,True,98.0,0.00013276131326618864,0.0004938742060545641,1.742638712824194e-05,4.2933046898109254e-05,0.0011658920551524668,3.6236054371952046e-05,0.00020356663073490893,2.621456910416765e-05,0.00011243446255629917,3.321165083392932e-05,0.0006938363021274783,3.199438210526567e-05,0.0004543916314759987,4.506921910271651e-06,0.0,0.0006474367102736947,0.0023317531969562267,8.833579976791106e-05,0.00021763687145035223,0.005326317933988484,0.00015715583456012437,0.0009594753665744134,0.00011752375969721836,0.0005671129380382082,0.00015876660088323197,0.002956266110798098,0.0001460192080751155,0.00332144521317392,2.1105578005220155e-05,0.0
NeuralNetwork,0.0001,8.0,45.0,True,99.0,0.0001326664840436046,0.0004938359691126328,1.7386649024856058e-05,4.2862924081938604e-05,0.0011659156914765843,3.628338363292725e-05,0.00020226382341667648,2.620853182440498e-05,0.00011221696986663695,3.317440295155158e-05,0.0006927000383803787,3.20011072081697e-05,0.0004528376934020667,4.512675525746095e-06,0.0,0.0006471663338583221,0.0023316742864044958,8.822334988874459e-05,0.00021747537191558935,0.0053260990794991355,0.00015662445352887207,0.0009579099949050999,0.00011738040630922378,0.0005653949934731489,0.00015916887366171904,0.0029588094297445045,0.0001460994189640261,0.003318628799990288,2.1155044998762742e-05,0.0
NeuralNetwork,0.0001,8.0,45.0,True,100.0,0.00013252167970022422,0.0004937803006236444,1.7343291063916008e-05,4.276914416619067e-05,0.0011664033305152355,3.620145988030575e-05,0.00020098947289819022,2.6113963673378257e-05,0.00011186313757677927,3.317106675828564e-05,0.0006917049139336434,3.2089233920580616e-05,0.0004494921216424906,4.526699022101263e-06,0.0,0.0006464142000900125,0.0023314446773169176,8.798467358515697e-05,0.00021703206237007238,0.005327076390981528,0.00015615746847488595,0.0009558886851904527,0.00011753440840439227,0.0005618936891825694,0.00015865791143861207,0.0029510345848851234,0.0001460995243967704,0.0033078613521168067,2.1230628561673673e-05,0.0
NeuralNetwork,0.0001,8.0,45.0,True,101.0,0.0001323821369528449,0.00049375270736828,1.7294296216611272e-05,4.2685069083524846e-05,0.0011666874588415245,3.61560158572107e-05,0.00020222243353362995,2.6144687277126827e-05,0.00011137474298155854,3.306183592489145e-05,0.0006908634602220231,3.190554497698247e-05,0.00044941548709920797,4.5140637235459935e-06,0.0,0.0006454613223765631,0.0023312458077316763,8.769056894494302e-05,0.0002165217678876793,0.005329374000243639,0.00015584808194412376,0.00095022033970311,0.00011741487110185924,0.0005617151095432306,0.00015777207723578567,0.002949501358488071,0.00014581552372788483,0.0033062085415582238,2.1058007336731226e-05,0.0
NeuralNetwork,0.0001,8.0,45.0,True,102.0,0.0001322464901963977,0.0004937053530042704,1.7248901144433215e-05,4.2610934802464075e-05,0.0011666660714574253,3.6056319156265e-05,0.00020058830632675048,2.6136242616369396e-05,0.0001105007657786264,3.314857946010934e-05,0.0006886874890391718,3.196466011258791e-05,0.0004480434556534348,4.524053789855977e-06,0.0,0.000644899014406984,0.002331073928928975,8.744937982761635e-05,0.0002162385755365,0.005330039949639702,0.00015520527021689986,0.0009498705841460318,0.00011708833417802487,0.0005594650342029596,0.0001580045798664573,0.00294701726931446,0.00014634387063905128,0.0032929410724519934,2.1154733093560867e-05,0.0
NeuralNetwork,0.0001,8.0,45.0,True,103.0,0.00013214312594213255,0.0004936702087561718,1.721586555122044e-05,4.252898343650479e-05,0.0011670934873050122,3.619034676699625e-05,0.00019974974448468808,2.6090138383470775e-05,0.00011038579388127494,3.3050471781238395e-05,0.0006880140047510357,3.19032078844839e-05,0.0004475428007362345,4.4966572795233954e-06,0.0,0.0006444385310388961,0.002331004202740747,8.734261745926719e-05,0.00021600798240997506,0.005330337374057782,0.00015456773012689074,0.000948975108704477,0.00011698353403019455,0.0005592100275387554,0.00015783523144961904,0.0029446328960874547,0.0001461048428929827,0.0032895192410211144,2.1067780366390007e-05,0.0
NeuralNetwork,0.0001,8.0,45.0,True,104.0,0.0001320818042498072,0.0004936342612109737,1.7198032355613787e-05,4.2467044209534266e-05,0.0011672824867897684,3.6035373184398175e-05,0.00019874447841207294,2.6141351083860886e-05,0.00010960140438735324,3.305683791075113e-05,0.0006877387148350718,3.195386078720787e-05,0.00044594942077472204,4.504910843431789e-06,0.0,0.0006438959038482522,0.0023307472279986497,8.713238456714078e-05,0.00021552955204585814,0.005332273074939816,0.0001549567886680927,0.000943220261507814,0.00011695880419428243,0.00055604395251604,0.00015726835472778703,0.0029407912080392897,0.00014585725166512735,0.0032843452579570265,2.1094135623776686e-05,0.0
NeuralNetwork,0.0001,8.0,45.0,True,105.0,0.00013193757225561013,0.0004936053826802503,1.7148099909975844e-05,4.239662015695135e-05,0.0011673727102301788,3.592858738655029e-05,0.0001990315165481156,2.608844643895517e-05,0.00010935556535129598,3.299808425884041e-05,0.0006872071731443997,3.183317292893351e-05,0.00044584812501048785,4.524991701977112e-06,0.0,0.0006434892614682516,0.0023306253946052406,8.698079571034173e-05,0.0002152188534631669,0.005333270645207494,0.00015413244518468964,0.0009444820805915497,0.00011719176370017933,0.000553020235127623,0.00015718325878839073,0.0029349373946399807,0.00014561811848631446,0.003281826118253312,2.112223637881894e-05,0.0
NeuralNetwork,0.0001,8.0,45.0,True,106.0,0.00013180811088682828,0.000493567065408609,1.7118621416731343e-05,4.2313242938640626e-05,0.0011677151537687579,3.597252020697709e-05,0.00019799084515584447,2.6115449773012146e-05,0.0001086299571226228,3.2957884259622376e-05,0.0006859410965860372,3.178161129636585e-05,0.0004447739561291718,4.510202876862008e-06,0.0,0.0006429115837475039,0.002330470197605637,8.678897840421905e-05,0.0002148359217358835,0.005333912140740922,0.00015377178319595145,0.0009436425547929679,0.00011688131112722481,0.000551818348701645,0.00015729198337725874,0.0029239939443720213,0.00014539475336014849,0.003274784522986262,2.1095298312651288e-05,0.0
NeuralNetwork,0.0001,8.0,45.0,True,107.0,0.0001317171876963901,0.000493525735772845,1.708116392401672e-05,4.220673076386722e-05,0.0011680730574738839,3.5867509193658186e-05,0.00019661853255608654,2.6064284768387314e-05,0.00010820631831482735,3.291166204246228e-05,0.0006850370660303738,3.163417615498494e-05,0.0004453037305662253,4.487022421149552e-06,0.0,0.0006423109451179984,0.0023302930705952195,8.660518570141223e-05,0.00021435154027908853,0.005336039306361475,0.0001533799482591497,0.0009405256817175907,0.00011709788169875835,0.0005489874092287988,0.00015637407419066758,0.002934568333175947,0.00014479404444214683,0.00327609657491528,2.1000751499203767e-05,0.0
NeuralNetwork,0.0001,8.0,45.0,True,108.0,0.0001315296780709629,0.0004934725976697197,1.702440345303389e-05,4.208898749152284e-05,0.001168540043701982,3.581165996282248e-05,0.00019625417707422674,2.6059874165250927e-05,0.00010755122953026764,3.283238163935849e-05,0.0006834987520850251,3.167243568964724e-05,0.000442446041299969,4.46335810444988e-06,0.0,0.000641363503048255,0.002330071708691195,8.635181324474467e-05,0.0002138427218551156,0.005338217535737628,0.0001529134435098876,0.0009384324903008323,0.00011689924640850452,0.0005454738747398809,0.00015673901206292448,0.0029248079788759818,0.0001444444880358078,0.003270067883737432,2.091670402987573e-05,0.0
NeuralNetwork,0.0001,8.0,45.0,True,109.0,0.00013144268099509802,0.0004934417510611028,1.6989928200800786e-05,4.202741225855049e-05,0.0011687045186312573,3.570869735710704e-05,0.0001966691001084937,2.6021333476603835e-05,0.00010701619349721306,3.277556845200351e-05,0.0006828098444925807,3.1582662218182556e-05,0.00044372766165720487,4.477288405790001e-06,0.0,0.0006412527752372454,0.002329949312989817,8.624465843229174e-05,0.00021370889255835576,0.005337879853881681,0.00015239411695573316,0.0009370543671853887,0.00011732601472791636,0.0005421305321297556,0.0001564420314517411,0.002929198666938446,0.0001447881870674637,0.0032704978618981703,2.1094901475516504e-05,0.0
NeuralNetwork,0.0001,8.0,45.0,True,110.0,0.0001313169348754009,0.0004934026304923621,1.694925626453685e-05,4.194514208405487e-05,0.0011689588804873387,3.5720839694825144e-05,0.00019470582191513555,2.6014048576033663e-05,0.00010674581373476918,3.271652862550114e-05,0.0006824360703522305,3.156581808212954e-05,0.00044166720459724694,4.492043341808724e-06,0.0,0.0006406140871017984,0.002329828791648337,8.605069146966034e-05,0.00021333055301282392,0.005339566318731373,0.00015203008111917748,0.0009375890283464636,0.00011716809990645954,0.0005426036205681615,0.0001560674874850039,0.002925776648071577,0.0001443449946694404,0.0032604936533753978,2.1006840240186864e-05,0.0
NeuralNetwork,0.0001,8.0,45.0,True,111.0,0.00013125703903542696,0.0004933817447677777,1.6927622469528666e-05,4.1891966326378103e-05,0.0011690776949896612,3.5699896233261756e-05,0.0001946079401635738,2.5991217366286685e-05,0.00010645587368795492,3.2653969353582016e-05,0.0006819748974874655,3.1532832694985476e-05,0.00044128756638807105,4.465606394964408e-06,0.0,0.0006401546814906522,0.002329694962351577,8.587219969094174e-05,0.00021295010481240615,0.00534155486136561,0.0001513599154521834,0.0009361405230168277,0.00011666981304216685,0.0005422873691942707,0.00015548085969574045,0.0029244413540798165,0.00014414925292228003,0.0032613494861050973,2.104363773228987e-05,0.0
NeuralNetwork,0.0001,8.0,45.0,True,112.0,0.00013113829164170833,0.0004933484882678626,1.6891102575147247e-05,4.180489896201702e-05,0.0011693641417799428,3.57071510101907e-05,0.0001941459238368546,2.5972076302590075e-05,0.00010588147609702981,3.252545938980226e-05,0.0006825224247904158,3.1423403547619875e-05,0.0004405331499171707,4.4897975615976314e-06,0.0,0.0006393156242820452,0.002329522521240906,8.56094202905331e-05,0.00021262281814461235,0.005341853051283756,0.00015146231407639366,0.000935614858783266,0.00011690484605870156,0.0005395080683366308,0.0001556525042034545,0.0029160074842800882,0.00014390823366881918,0.003248395784845892,2.104521190173596e-05,0.0
NeuralNetwork,0.0001,8.0,45.0,True,113.0,0.00013102033750387535,0.0004933071987969535,1.6858821328116877e-05,4.174638880953956e-05,0.0011696832562618313,3.5638830591886834e-05,0.0001938871215938558,2.604334381712736e-05,0.0001050488887771442,3.261028505319534e-05,0.0006805605322845541,3.152510849131407e-05,0.00043779302318141145,4.4268237758237074e-06,0.0,0.0006387142827675778,0.002329285977021703,8.539348231546534e-05,0.0002122075302795794,0.005344098254367827,0.00015125848915217057,0.0009290704374793191,0.00011660545220914876,0.0005364464888782621,0.0001557324690826284,0.0029080555124102896,0.00014382085335329643,0.003250167429822046,2.1006239859281846e-05,0.0
NeuralNetwork,0.0001,8.0,45.0,True,114.0,0.0001309132580005255,0.0004932835818622311,1.6825652688822015e-05,4.1693893344093845e-05,0.001169738637679265,3.567805408306841e-05,0.00019265534582163767,2.597390129318777e-05,0.00010498731605447528,3.259176654475076e-05,0.0006798949203079923,3.1468405757310256e-05,0.00043835874516366305,4.447479493855787e-06,0.0,0.0006383602161827328,0.0023292543003394168,8.529504913391557e-05,0.00021207951149850523,0.005343660891507658,0.00015057893997093416,0.0009317622994476895,0.00011667697075402962,0.000535828746714682,0.00015573314853809165,0.002906530908068771,0.00014375465330462785,0.0032507589778060435,2.101021555234801e-05,0.0
NeuralNetwork,0.0001,8.0,45.0,True,115.0,0.0001308152959192538,0.0004932398825000238,1.6791843922151066e-05,4.160984085415894e-05,0.0011699563407393079,3.573554756265445e-05,0.00019098420670090338,2.592912752111003e-05,0.00010475211066377131,3.249393499925773e-05,0.0006788605146330964,3.147109429228981e-05,0.0004371557675924584,4.482653238019853e-06,0.0,0.0006379405001424393,0.0023290874823084415,8.514698641667576e-05,0.00021163156291223922,0.005346125663097492,0.00015012652806515963,0.0009298177447708898,0.00011609358795034061,0.0005362416213413455,0.0001551767330874437,0.002902900647817168,0.00014356005960290536,0.003241964481161825,2.1096762656322067e-05,0.0
NeuralNetwork,0.0001,8.0,45.0,True,116.0,0.00013069056396214468,0.0004932094375399566,1.675042768091847e-05,4.1518485891529815e-05,0.0011702621906603374,3.5575109049477026e-05,0.00019254617774582938,2.59274832723597e-05,0.00010439617976024145,3.23790986582918e-05,0.000678055450280079,3.12932643969104e-05,0.00043668989543966207,4.4721146704091855e-06,0.0,0.000637634979478968,0.0023289420319803104,8.49689280836837e-05,0.0002112863526779151,0.005346372597292442,0.00014953662014607363,0.0009304741456073785,0.00011663546539702506,0.0005310630460955062,0.00015470553072368575,0.0029070006226593593,0.00014312696531883576,0.0032418692636789767,2.1139013364255054e-05,0.0
NeuralNetwork,0.0001,8.0,45.0,True,117.0,0.00013055961649372893,0.0004931718432357048,1.6711035999406702e-05,4.143842227375411e-05,0.001170619658024628,3.54842686990522e-05,0.0001913998527025598,2.586796397790112e-05,0.00010378326407340017,3.2289490866853866e-05,0.000677201625793128,3.136185090737844e-05,0.00043587073322255015,4.4913034298710744e-06,0.0,0.0006370112862227097,0.0023288203860228917,8.481981689637562e-05,0.00021115397601007666,0.005346861935739125,0.00014980810946263608,0.0009235601005314282,0.00011641767649155743,0.0005304549568854038,0.00015474004237531867,0.0029015822230644946,0.00014374102905111494,0.00323380726688313,2.1106499077389076e-05,0.0
NeuralNetwork,0.0001,8.0,45.0,True,118.0,0.00013050037333264827,0.0004931275012358179,1.668576100926515e-05,4.136225966751736e-05,0.0011707829136992326,3.5593358955453993e-05,0.00019015144868038414,2.590166731182777e-05,0.00010319175625425786,3.232576977210546e-05,0.0006761158091038706,3.125996773214032e-05,0.0004339370766097323,4.48176082514849e-06,0.0,0.0006369389827896214,0.0023286927421137973,8.476207489674946e-05,0.00021078831182335907,0.005348070824616449,0.00014900631687176302,0.0009258719360303579,0.00011651511977678574,0.0005281087268823348,0.00015446291826431107,0.002899748911647677,0.0001432688426484102,0.003236286295285015,2.11943406611681e-05,0.0
NeuralNetwork,0.0001,8.0,45.0,True,119.0,0.00013030128618777602,0.0004930895856127263,1.6623529331944382e-05,4.127932677291474e-05,0.0011713073138805003,3.550715011486789e-05,0.0001896165331418945,2.5859695038384184e-05,0.00010276575776123293,3.2309759056793066e-05,0.0006744348295936687,3.134853123734903e-05,0.0004320999361434073,4.4573308659009535e-06,0.0,0.0006360626726780298,0.002328589839755364,8.453345570549275e-05,0.00021061526154572108,0.005348598846893374,0.00014910706371631263,0.0009224502920354687,0.00011635827099752126,0.0005279931257355888,0.00015494788545857436,0.0028888678775643405,0.00014340080930002081,0.0032284732134837024,2.104244429219819e-05,0.0
NeuralNetwork,0.0001,8.0,45.0,True,120.0,0.00013026889323224276,0.0004930702261526309,1.6613471801229563e-05,4.1252657309214705e-05,0.0011710919650663662,3.549994303370422e-05,0.00018928109635561304,2.5871762066999213e-05,0.00010240608148497713,3.2322943170436954e-05,0.0006732441023032299,3.139474843390226e-05,0.0004309868475176253,4.455990363866332e-06,0.0,0.000635378250161057,0.0023283624798996643,8.427433716426106e-05,0.000210178793413834,0.005349937874996013,0.000148326556825038,0.0009202245833738795,0.00011671859325852784,0.0005234051144348001,0.0001545599749628103,0.0028839919177241296,0.00014341628448393359,0.003224105580047991,2.1112398918038644e-05,0.0
NeuralNetwork,0.0001,8.0,45.0,True,121.0,0.00013014069705639245,0.0004930234742614459,1.656453971151072e-05,4.115516967529235e-05,0.0011715832652719979,3.5460591517047416e-05,0.00018851752229777951,2.5817416507921452e-05,0.00010202615208060272,3.2268680451372565e-05,0.0006728788431121333,3.1252815877652234e-05,0.000430782850219233,4.481914267445992e-06,0.0,0.0006351788651268438,0.0023282473942018906,8.417746204437699e-05,0.00020997856491766634,0.005350706814325026,0.00014838891443591447,0.0009163809272478211,0.00011642429532494935,0.0005224086578537083,0.00015472324342472748,0.0028773570585550754,0.0001434396671236686,0.0032208438189524524,2.1212129508080722e-05,0.0
NeuralNetwork,0.0001,8.0,45.0,True,122.0,0.00013002734179445353,0.0004929787707778643,1.6535978734171938e-05,4.10565825284652e-05,0.001171921011136809,3.5272640078215586e-05,0.0001891426882653866,2.5845855735543604e-05,0.00010126082081036426,3.217856557864063e-05,0.0006716527707493209,3.1215625732253506e-05,0.0004297408132218929,4.481605186335481e-06,0.0,0.0006343956169842175,0.0023280507738485277,8.395718961204373e-05,0.00020951414539379143,0.005352338458524605,0.00014785992321353288,0.000917348565545472,0.0001162906768936781,0.0005215281304323449,0.00015417004953015526,0.002875489446352113,0.00014281114739067148,0.00321741299059406,2.1182580517148073e-05,0.0
NeuralNetwork,0.0001,8.0,45.0,True,123.0,0.0001300060845449607,0.0004929719427525194,1.6532873488822072e-05,4.104396574339777e-05,0.001171914710460332,3.541941249948949e-05,0.00018794224108004506,2.5789316171263107e-05,0.0001012112674205451,3.21973300968219e-05,0.0006713953140289636,3.1167119138967e-05,0.0004299142450656531,4.476883619361007e-06,0.0,0.0006342890596239822,0.0023279178817317172,8.385849284863322e-05,0.00020921338091856278,0.005352891944578078,0.00014774555211547036,0.0009132904826470141,0.00011629099319191098,0.0005195341863722171,0.0001533150134034127,0.002879837211572899,0.00014300994668741646,0.00321409949716532,2.1125768375752858e-05,0.0
NeuralNetwork,0.0001,8.0,45.0,True,124.0,0.00012986045682205345,0.000492941738781582,1.6484990705939317e-05,4.098481295324079e-05,0.0011720959372394936,3.534231355007125e-05,0.00018763483936253263,2.5829365552275007e-05,0.0001006900280151727,3.2163636804108994e-05,0.0006699570909021999,3.1200571442550085e-05,0.0004283251225787674,4.456121527220843e-06,0.0,0.0006339009265479801,0.0023278110432174972,8.371471187228676e-05,0.00020899722036325707,0.005353694112228408,0.0001470648431740467,0.0009131228211540846,0.00011641963285470158,0.0005159321820960855,0.00015369792170119736,0.0028753166303694625,0.00014292353869609114,0.0032136297825747315,2.105976308479249e-05,0.0
NeuralNetwork,0.0001,8.0,45.0,True,125.0,0.0001298100800527074,0.0004929244277290899,1.6465288589424844e-05,4.093498845065058e-05,0.001172082877030837,3.5334413625159355e-05,0.00018779367128151126,2.580638623462533e-05,0.00010034062390057545,3.218116876330337e-05,0.0006698839507012997,3.115287065666641e-05,0.00042848955749501434,4.456154161165506e-06,0.0,0.0006332141142221366,0.0023277049544472364,8.349019870068292e-05,0.00020874294001351363,0.005353665056494735,0.0001469002626602005,0.0009109817398419171,0.00011610821967229903,0.0005158182210142508,0.0001532579742887485,0.002870743192216885,0.00014314227649625741,0.0032081019203617886,2.106443726978962e-05,0.0
NeuralNetwork,0.0001,8.0,45.0,True,126.0,0.0001296406446120167,0.000492874944627767,1.6410831321844192e-05,4.0839225395188495e-05,0.0011724504266439728,3.525878320325096e-05,0.0001860804996400509,2.575335105394096e-05,0.00010009521663670912,3.211785640035357e-05,0.0006693626510486449,3.1098535138802384e-05,0.0004262822978901413,4.489670791274132e-06,0.0,0.00063302920861814,0.002327602614396773,8.347399720230942e-05,0.00020855334850977052,0.005354803546032944,0.00014687780548566543,0.0009087152638525333,0.00011594650927204757,0.0005152630356122863,0.00015307709855853386,0.0028686549678538583,0.00014310716739240683,0.003200699323378269,2.1245758160480164e-05,0.0
NeuralNetwork,0.0001,8.0,45.0,True,127.0,0.0001296050485092996,0.0004928600836314281,1.6410395784198113e-05,4.0788303889996924e-05,0.0011724967157189035,3.5275953678750605e-05,0.0001860701170250412,2.5717511451790595e-05,9.961293714065758e-05,3.21338771568797e-05,0.0006681851781603461,3.1021446230597896e-05,0.00042701835902232043,4.464674131026005e-06,0.0,0.0006324682127004899,0.002327485092031131,8.332201004403192e-05,0.0002082336295700673,0.005356257664940167,0.00014667876017918375,0.000906906600268382,0.00011600438013391674,0.0005129493726124554,0.00015285157791848452,0.002870735694777291,0.00014288226763407388,0.0031940832078082007,2.1091063430755394e-05,0.0
NeuralNetwork,0.0001,8.0,45.0,True,128.0,0.00012954202985185177,0.0004928373101586601,1.6376703746636924e-05,4.078137294221117e-05,0.0011723103641267843,3.535215393953889e-05,0.0001845772295306635,2.5816209051968917e-05,9.889414689611553e-05,3.223641552131452e-05,0.0006668109778124046,3.1169539071478936e-05,0.00042549341997367675,4.441151018894586e-06,0.0,0.0006323484411029696,0.0023274521032969155,8.325910183993526e-05,0.0002081818738073673,0.00535570742251874,0.00014626119965277377,0.0009055118890678357,0.00011621376956408878,0.0005115845574522918,0.00015278626819076777,0.002868565560886695,0.00014307502212014588,0.0032010074681455983,2.101874828291764e-05,0.0
NeuralNetwork,0.0001,8.0,45.0,True,129.0,0.00012940420415202242,0.0004927888713435664,1.6330638423441555e-05,4.066720936256599e-05,0.001172944870014444,3.521157192653723e-05,0.0001844858143207519,2.5802989794076935e-05,9.849252847005737e-05,3.208430368463306e-05,0.000666166372054992,3.107991370791695e-05,0.00042434699451826974,4.45731549029241e-06,0.0,0.0006320127901041283,0.0023273227724639124,8.315587146852001e-05,0.00020790535886332673,0.0053570495712244055,0.0001459486852839308,0.0009059764491687031,0.00011636392922146515,0.0005088767634247834,0.0001526861773721827,0.00286716878789026,0.00014269631941738367,0.003196429156657285,2.110310619310388e-05,0.0
NeuralNetwork,0.0001,8.0,45.0,True,130.0,0.0001293119555213702,0.0004927632863309505,1.6303601200288198e-05,4.0611184410489796e-05,0.0011732128140473981,3.5195731911858456e-05,0.0001838181539365866,2.5838786721068895e-05,9.802371424163448e-05,3.201397753388413e-05,0.0006660000895554165,3.104794499366431e-05,0.00042396229553736764,4.44697398150144e-06,0.0,0.0006313838017811566,0.002327161577512633,8.295245656052475e-05,0.00020752214598205855,0.005358883135510829,0.00014561410032728182,0.0009039987183216983,0.00011641568498416516,0.0005069684307530241,0.00015234982348837943,0.0028622184159620753,0.0001422906610763298,0.003199063756930753,2.1073680207039575e-05,0.0
NeuralNetwork,0.0001,8.0,45.0,True,131.0,0.0001291653738831574,0.0004927236436190952,1.6253006034543252e-05,4.0531540013387836e-05,0.001173293439255727,3.516003790730736e-05,0.00018363142752583135,2.5804372971269963e-05,9.771987715500063e-05,3.201779821571314e-05,0.0006644023316247123,3.0975208951617186e-05,0.0004224670784814017,4.468955767323386e-06,0.0,0.0006310311409662354,0.0023270639233619163,8.288021755855789e-05,0.0002073146309117851,0.005359064395817442,0.00014537052725845911,0.0009008280511172312,0.0001160775621732076,0.0005067287938399884,0.00015250328670507706,0.002869445010551117,0.00014234555639185996,0.003191431738295645,2.115075593615103e-05,0.0
NeuralNetwork,0.0001,8.0,45.0,True,132.0,0.0001291747122119379,0.0004927140442187575,1.625690579093049e-05,4.052247028707494e-05,0.0011734170497657336,3.5371734306336735e-05,0.00018289104867174298,2.5851328197033258e-05,9.726601429384031e-05,3.2010252243585665e-05,0.0006642896692065216,3.102482007841537e-05,0.0004209727450522451,4.43953783514927e-06,0.0,0.0006306998947131559,0.0023269503371520614,8.2718958176157e-05,0.00020711562074955154,0.005358901807900881,0.00014548883451230872,0.0008986627905623718,0.00011628655330190118,0.0005044556638729647,0.00015218387234885737,0.002859437053308547,0.000142467588936008,0.003186531036904773,2.1005002488880036e-05,0.0
NeuralNetwork,0.0001,8.0,45.0,True,133.0,0.00012904013986536113,0.0004926813901916669,1.6210450115550883e-05,4.044933510678155e-05,0.0011735895471281107,3.515151793744686e-05,0.00018298286553020425,2.5821904930464343e-05,9.689949995102587e-05,3.19780350092929e-05,0.0006632381533034085,3.1009411835927524e-05,0.0004207077775040084,4.472800924610899e-06,0.0,0.0006300508975982666,0.0023268221309349973,8.252755088626214e-05,0.0002068269927546663,0.005360193610560915,0.00014515064141285494,0.0008988344819290833,0.00011604836901778695,0.0005032726147639676,0.00015212279164566184,0.0028540925034936868,0.0001421874541344133,0.003184220700893762,2.1221551095258514e-05,0.0
NeuralNetwork,0.0001,8.0,45.0,True,134.0,0.00012889204200387322,0.0004926368072026502,1.6164052177150295e-05,4.038369067194005e-05,0.0011736124971898246,3.529104562300556e-05,0.00018148762839181081,2.5870193127351952e-05,9.657839197675494e-05,3.203656022359098e-05,0.000660608118435122,3.0998697860864294e-05,0.00041868921238778415,4.455248255413176e-06,0.0,0.0006295019913019624,0.0023266427546927014,8.233216058158275e-05,0.00020649698826501954,0.005361021687168577,0.0001449611670566055,0.0008945064912052274,0.00011618342836323024,0.0005007864637944684,0.0001522358272622966,0.002855293593316708,0.00014213981024874082,0.0031768390967411063,2.1134091705177565e-05,0.0
NeuralNetwork,0.0001,8.0,45.0,True,135.0,0.00012881840978349959,0.0004926163632914706,1.613918009071016e-05,4.031305826417198e-05,0.001173884766497059,3.51449384321421e-05,0.0001816622852636476,2.5789587284034154e-05,9.635150071102975e-05,3.191848559119309e-05,0.0006610630255825115,3.093269194232807e-05,0.0004188082208530601,4.455903130821944e-06,0.0,0.0006290363065851559,0.0023265582210612746,8.219777483422801e-05,0.00020630599099135248,0.005361636524501036,0.00014450035567553537,0.0008922272695685333,0.00011577321298467288,0.0005015796929035547,0.0001520304911354053,0.0028505055409557413,0.0001423112321762169,0.0031683628664076705,2.121674658367469e-05,0.0
NeuralNetwork,0.0001,8.0,45.0,True,136.0,0.00012878506291266078,0.0004926032695487503,1.6139595545928754e-05,4.029255410570983e-05,0.0011739359571737763,3.507707990967038e-05,0.0001808588877521114,2.584717615515074e-05,9.609638359347443e-05,3.1968264908321465e-05,0.000660044083376779,3.094809014360217e-05,0.00041846059403329527,4.432752484962786e-06,0.0,0.0006291345230438424,0.002326520358991323,8.223624021377204e-05,0.00020611557945515374,0.005362422420600362,0.0001443844382305565,0.0008925488160091376,0.00011577500534132591,0.0004999439390200489,0.00015195658278165374,0.0028541594181420668,0.0001417950803191407,0.0031753692237086266,2.10607046577728e-05,0.0
NeuralNetwork,0.0001,8.0,45.0,True,137.0,0.0001286747099736309,0.0004925592087028482,1.6080659897018958e-05,4.02134544444534e-05,0.0011742504471352626,3.5070854357150044e-05,0.00018065438839303194,2.5792017257759833e-05,9.593266160340322e-05,3.1848776975089326e-05,0.0006599404178861016,3.089125938412314e-05,0.0004178913375438063,4.491256675469586e-06,0.0,0.0006287628843349481,0.0023263779076390296,8.210046041124272e-05,0.00020585326278734506,0.005363729666518064,0.00014400977711632567,0.0008918686108019367,0.00011595342097417363,0.0004984142739068037,0.00015071219524497506,0.002857614238307161,0.00014186965641360612,0.0031721055882531894,2.132027714554244e-05,0.0
NeuralNetwork,0.0001,8.0,45.0,True,138.0,0.00012860105767082975,0.0004925430222662954,1.6068020519220603e-05,4.0176083557207306e-05,0.0011741486280939428,3.512221265513942e-05,0.0001798585017093751,2.583536015687927e-05,9.52227176681683e-05,3.1894097993316034e-05,0.0006590917345005869,3.092834911738444e-05,0.0004158305993298636,4.466902339113048e-06,0.0,0.0006282974339131289,0.0023263044327310046,8.194277988477323e-05,0.00020577224358072821,0.00536237939701375,0.0001441035771145011,0.000887259934683266,0.0001158994159795953,0.0004956126681663705,0.0001516798921163727,0.002851072347389077,0.00014224275946617126,0.0031673057274248617,2.1254138599308032e-05,0.0
NeuralNetwork,0.0001,8.0,45.0,True,139.0,0.0001285454594703376,0.0004925166339565802,1.6043189852787156e-05,4.010579506100991e-05,0.0011745925334895558,3.508463592301161e-05,0.00017918210546925383,2.584137484391102e-05,9.487567323880054e-05,3.179657772544902e-05,0.0006587584866989012,3.082548943410986e-05,0.000416450061888065,4.45530348208876e-06,0.0,0.0006277356413925219,0.002326173227538103,8.180921416987413e-05,0.00020545386012245275,0.0053646029206974154,0.0001440039314563919,0.0008859681258411527,0.00011562293617980285,0.0004960397879282633,0.00015140463065051432,0.0028488750352799515,0.00014183481674899095,0.003161049114083344,2.1246702662147816e-05,0.0
NeuralNetwork,0.0001,8.0,45.0,True,140.0,0.0001284718874972464,0.0004925029779058904,1.6027845623036923e-05,4.007811896563219e-05,0.0011748179437581806,3.515580804601834e-05,0.00017894181922439617,2.5842506990760484e-05,9.450232082942746e-05,3.1797335837086575e-05,0.0006575918583214443,3.0891304569584986e-05,0.00041502416937177713,4.423363636325633e-06,0.0,0.0006276478276312726,0.002326111748533429,8.17980207268547e-05,0.000205211341381073,0.00536481481152826,0.00014387902879864914,0.0008823791952253138,0.00011553249831469554,0.000495681457174649,0.00015163254109943437,0.0028423856264390285,0.00014133744363514883,0.0031641001971262806,2.1131439778789785e-05,0.0
NeuralNetwork,0.0001,8.0,45.0,True,141.0,0.00012843075868575722,0.0004924773125635646,1.600616036680831e-05,4.005047299389569e-05,0.0011744235817931447,3.5024973541257194e-05,0.00017916053694213497,2.5886919279143495e-05,9.409657546452113e-05,3.187516026419771e-05,0.0006562854562486921,3.0902201796799014e-05,0.0004143262246869645,4.4573490656008615e-06,0.0,0.0006271702875881075,0.0023259944136037767,8.163917458282326e-05,0.00020508932055167433,0.005365261428736147,0.00014337686435231622,0.0008821057261161084,0.00011544008065694533,0.0004940770051014499,0.00015158324543410127,0.002843668063481649,0.00014176148241795835,0.0031565416533991977,2.1345935375341828e-05,0.0
NeuralNetwork,0.0001,8.0,45.0,True,142.0,0.00012836754924524827,0.0004924520488697885,1.598755023228833e-05,3.998766520193645e-05,0.0011746888797881136,3.501550467669803e-05,0.00017892838408040872,2.5898928570779508e-05,9.405380993519189e-05,3.179286498666774e-05,0.0006558672999436001,3.08213976395098e-05,0.0004141800647797289,4.446353936552841e-06,0.0,0.0006264163731778943,0.0023257726768277725,8.139499234703351e-05,0.00020453190934733025,0.005367861788561904,0.0001431809000249179,0.0008798680215511682,0.0001155423269894138,0.0004935657734391074,0.00015060385724283615,0.0028370905597254917,0.00014102873655984986,0.00315281055258505,2.130465992029358e-05,0.0
NeuralNetwork,0.0001,8.0,45.0,True,143.0,0.00012829852594198243,0.0004924205997883471,1.5961868572990206e-05,3.9926263179901155e-05,0.0011749686142301368,3.506863775921639e-05,0.00017722260277226287,2.5882292789911647e-05,9.364681945978149e-05,3.1721697884267875e-05,0.0006561102169864582,3.071763926760527e-05,0.00041367728112521517,4.472646854737538e-06,0.0,0.0006264399901126166,0.0023257143842349264,8.1328809870489e-05,0.00020449144660301927,0.005368343111201897,0.00014320933172162973,0.0008812917853301426,0.00011526549574714036,0.0004918325528408746,0.00015059938220857825,0.0028371102405044266,0.00014130861363695853,0.0031490644568917137,2.1418200735494776e-05,0.0
NeuralNetwork,0.0001,8.0,45.0,True,144.0,0.00012816999840607862,0.0004924051764840386,1.591678854389332e-05,3.990412983450928e-05,0.0011749745085042418,3.500839047676148e-05,0.0001772114771074362,2.5904714820198616e-05,9.336222133867824e-05,3.177311893984314e-05,0.0006543244072047848,3.073438801212773e-05,0.0004139186719035845,4.454166000844494e-06,0.0,0.0006258964726010208,0.0023256075457207064,8.114309009141143e-05,0.00020429372506321601,0.005369028459048571,0.00014284725224821823,0.0008788551174619663,0.00011539220247628554,0.0004898581958416873,0.00015052691476899872,0.002839077756089984,0.00014141959917245421,0.003145134299056335,2.124808353822936e-05,0.0
NeuralNetwork,0.0001,8.0,45.0,True,145.0,0.0001280755507496168,0.0004923875842775617,1.5895316663456734e-05,3.986771537287216e-05,0.001174968829358427,3.507045772920721e-05,0.00017644332425613608,2.597857296788146e-05,9.277469988139171e-05,3.1780361165254906e-05,0.0006525093172438382,3.085306511735016e-05,0.00041205899895362135,4.449878716364382e-06,0.0,0.0006259581390416847,0.0023256523429222827,8.123703652395393e-05,0.00020442314961421416,0.005367294075314328,0.00014292356212558985,0.000877383088915603,0.00011565839672613444,0.0004882910903894677,0.0001512718673959468,0.0028296575981116147,0.00014181390592137223,0.003146151326737314,2.145540385079459e-05,0.0
NeuralNetwork,0.0001,8.0,45.0,True,146.0,0.00012803604861475387,0.0004923627623971903,1.58776114933253e-05,3.9810016048404406e-05,0.0011751933740037045,3.507961029553349e-05,0.00017634921800094153,2.5992249100998727e-05,9.256155503727998e-05,3.1680564052171786e-05,0.0006536456613206478,3.068749052334346e-05,0.0004116795615687203,4.434440350235312e-06,0.0,0.0006254763348297503,0.0023254778400157235,8.10460978240337e-05,0.0002039805195241604,0.005369084115337532,0.0001426937890315206,0.0008732684003482075,0.00011549498768722486,0.0004882544935124475,0.00015053828979063333,0.0028298302266582752,0.00014132231989371702,0.0031460223707762904,2.121107225195042e-05,0.0
NeuralNetwork,0.0001,8.0,45.0,True,147.0,0.00012796982681012218,0.0004923385028247885,1.5855665165539378e-05,3.9770975809373626e-05,0.0011750800110010178,3.5150192497232856e-05,0.00017585470830655162,2.598017956208026e-05,9.204955354855066e-05,3.1709871844782665e-05,0.0006509883545158365,3.0776262383737335e-05,0.0004111118715085752,4.448776693156144e-06,0.0,0.0006251101786235593,0.0023253783115051076,8.095675528799213e-05,0.00020377675317368417,0.005369993701138485,0.00014236109014951958,0.0008698254823684692,0.00011519163425238628,0.00048707692690615385,0.00015046684153424868,0.002826235016936776,0.00014164813050309067,0.003144512011570001,2.1329994530141727e-05,0.0
NeuralNetwork,0.0001,8.0,45.0,True,148.0,0.00012786380163421529,0.0004923140825929667,1.581208755304871e-05,3.9731900426094745e-05,0.0011751131083557991,3.506913981990352e-05,0.00017562723465042938,2.6000555695067196e-05,9.173098600135659e-05,3.1786410996534756e-05,0.0006504829199808948,3.071112754049327e-05,0.0004099050782761484,4.432895258470687e-06,0.0,0.000624833991692501,0.002325351133286578,8.083073972905957e-05,0.0002037475365887648,0.0053688140836673235,0.00014196537763067762,0.0008708132700350299,0.00011534439458412194,0.00048515523942011706,0.00015054333884761018,0.0028224332527544515,0.00014186963298410738,0.00314178706714942,2.1326824226094493e-05,0.0
NeuralNetwork,0.0001,8.0,45.0,True,149.0,0.00012780029095729405,0.0004922825130169603,1.5795160576982318e-05,3.9664097130298615e-05,0.0011754375242693097,3.518521123015977e-05,0.00017421692609786987,2.6061297507298924e-05,9.111056952784967e-05,3.174543029294824e-05,0.0006504348426494958,3.069114050453885e-05,0.0004089584729742168,4.409882679300488e-06,0.0,0.0006242978310435073,0.00232517494345611,8.065891950010503e-05,0.00020332992920335733,0.005370545058881157,0.00014209773086901732,0.0008685500741754688,0.00011536790608609997,0.00048484568888286375,0.00014999473713478952,0.00282248873380745,0.00014147997699068778,0.003129242163784099,2.111628528614089e-05,0.0
NeuralNetwork,0.0001,8.0,45.0,True,150.0,0.00012767970602146057,0.0004922570083340544,1.5750021555754696e-05,3.960313190106112e-05,0.0011757109024557754,3.507509928025968e-05,0.00017470237861746406,2.5982506613365082e-05,9.103246896736062e-05,3.163839597506022e-05,0.0006503510185971736,3.064171262989147e-05,0.00040860686983381,4.454242251311351e-06,0.0,0.0006240476508560421,0.0023251145890673753,8.057303867250118e-05,0.0002032632957089622,0.005370920084702558,0.00014196738085281923,0.0008665306388207202,0.00011506435350052216,0.00048408704171390654,0.0001502702680398833,0.0028155492911548733,0.00014152168149843156,0.0031364741940168466,2.1369916931638176e-05,0.0
NeuralNetwork,0.0001,8.0,45.0,True,151.0,0.0001276237463372737,0.0004922411030514863,1.573789427985721e-05,3.9578766895914976e-05,0.0011757081722910954,3.5070651022571756e-05,0.00017418680245664242,2.603844370482103e-05,9.070278579655361e-05,3.1773475402931e-05,0.0006471868313226417,3.0626219037086816e-05,0.0004076297392421013,4.435568731629624e-06,0.0,0.0006233363312745245,0.0023249522695001565,8.037279260420949e-05,0.00020297862729936277,0.005372312386881359,0.0001421271466046759,0.0008632903391460203,0.00011565325395116266,0.00048080545926244004,0.00015069203416131577,0.0028036253632239575,0.0001412332643690349,0.0031253860431647153,2.1235689333399887e-05,0.0
NeuralNetwork,0.0001,8.0,45.0,True,152.0,0.00012757828976266147,0.0004922117827073583,1.5724800537137008e-05,3.9539704064153274e-05,0.001175797054560473,3.5093030377700326e-05,0.0001734924123614946,2.6120781657509407e-05,9.010872750912072e-05,3.175659361232645e-05,0.0006463307174389574,3.066730015281076e-05,0.0004076808289376231,4.41651992158427e-06,0.0,0.000623626857058807,0.0023248774825402026,8.042453079478546e-05,0.00020285095996076956,0.005373196620103828,0.00014193306835192553,0.0008624727433582522,0.00011527653104104336,0.00048121734985015675,0.00015055705681911804,0.0028036649122178178,0.00014140872788504235,0.0031193522912151407,2.127766913775378e-05,0.0
NeuralNetwork,0.0001,8.0,45.0,True,153.0,0.00012752122554496293,0.0004922125056747477,1.5699169083907598e-05,3.954248045975307e-05,0.001175574590114728,3.5038268108252246e-05,0.00017328401701148307,2.604899702046438e-05,9.013777674047773e-05,3.1869497019646945e-05,0.0006460140577223744,3.0652818212290656e-05,0.0004073345677229272,4.433232894282778e-06,0.0,0.0006228937480434681,0.002324826312514971,8.024186270791779e-05,0.00020268634430267525,0.005371977711293451,0.0001414014295961872,0.0008641655715006702,0.00011516731443270198,0.00048025655296613586,0.00015057585899185084,0.002808742178311138,0.00014139870005958486,0.0031144557134160458,2.126911737071643e-05,0.0
NeuralNetwork,0.0001,8.0,45.0,True,154.0,0.00012740723768655824,0.0004921651111458832,1.5666171145246357e-05,3.945041508125166e-05,0.0011758962588783292,3.50743537201393e-05,0.00017192013903126883,2.6135863560550616e-05,8.961351492976885e-05,3.175805962953285e-05,0.0006449876448536176,3.05898823948562e-05,0.00040647528081570034,4.409531236819501e-06,0.0,0.0006226372418913452,0.0023246332534454153,8.007423050186169e-05,0.00020228869885018785,0.005373692101603182,0.00014149175031380083,0.0008591761191685995,0.00011527680048027878,0.0004782920832154136,0.00014984201194730195,0.002796668863896304,0.0001410581757250072,0.003116433163109066,2.1185214871411802e-05,0.0
NeuralNetwork,0.0001,8.0,45.0,True,155.0,0.00012735673038143352,0.0004921532625136671,1.5651487125299692e-05,3.9401052474493607e-05,0.0011762412282661505,3.510347323999251e-05,0.0001721885005097505,2.5990828269254164e-05,8.988027985526545e-05,3.1746326471274755e-05,0.0006445214513819815,3.052560607538712e-05,0.00040520165326460354,4.394289615722198e-06,0.0,0.0006227907988260377,0.002324656870380138,8.019095040717215e-05,0.0002022802876601429,0.0053740072253747944,0.0001413017487938299,0.0008580381015561661,0.00011529492319754834,0.00047782274349680485,0.00015002180992057488,0.0027981608543755873,0.00014102972059879662,0.0031225726289569205,2.1100665132204693e-05,0.0
NeuralNetwork,0.0001,8.0,45.0,True,156.0,0.00012731234821669176,0.0004921383613524733,1.5632623450132715e-05,3.939580594031316e-05,0.0011760813327735707,3.4904250538734734e-05,0.0001724904598894145,2.6109517925993773e-05,8.937570886470559e-05,3.174121298317639e-05,0.000643823305872894,3.061827141640964e-05,0.0004047040910412359,4.456578402446126e-06,0.0,0.000622171885187521,0.0023245517187898265,7.999400789820173e-05,0.00020223122628979713,0.0053736003196270775,0.00014122946879024025,0.0008560920473914477,0.00011542098561547837,0.00047719862850956944,0.0001499316766389511,0.0027975059530270176,0.00014131452958538848,0.0031133588380033864,2.144110746353677e-05,0.0
NeuralNetwork,0.0001,8.0,45.0,True,157.0,0.0001273057410980492,0.0004921247856314934,1.5640701606588544e-05,3.934920466733429e-05,0.0011765740538870128,3.4976820900755106e-05,0.0001721919546872779,2.6028397470471672e-05,8.906136866849709e-05,3.167953482776318e-05,0.000643851421271373,3.051847179302308e-05,0.0004054261346390305,4.435827292883493e-06,0.0,0.0006219545531572785,0.002324431010012357,7.99228993695487e-05,0.00020185984530538882,0.005375755292217586,0.00014054567886973327,0.0008589317026378223,0.0001154220165134226,0.00047535894426909634,0.0001494081679192729,0.0027947146562660266,0.00014084868086209086,0.00311096228143704,2.119988905933668e-05,0.0
NeuralNetwork,0.0001,8.0,45.0,True,158.0,0.00012723378576037054,0.0004921041408960389,1.5603201438715517e-05,3.932924022411079e-05,0.0011760346375304998,3.514314356518563e-05,0.0001713568470227429,2.6056040931904732e-05,8.887204158338254e-05,3.170203718776009e-05,0.0006434408962887252,3.055493897103235e-05,0.00040404490544146925,4.452428870867044e-06,0.0,0.0006213355926597643,0.0023243554733084434,7.971597003674358e-05,0.00020177294529459013,0.0053749130855125565,0.00014052427602264116,0.0008548967680841122,0.00011507440475547839,0.0004753855601796564,0.00015005775077163048,0.0027892220320191773,0.00014108796633264555,0.003108338365014994,2.1309367785195134e-05,0.0
NeuralNetwork,0.0001,8.0,45.0,True,159.0,0.00012707275481558232,0.0004920711655501085,1.5553340536725488e-05,3.9249595827008835e-05,0.001176675470018036,3.5080129928344664e-05,0.00017072232264392782,2.6046524371580294e-05,8.8552088348692e-05,3.16955053782206e-05,0.0006414068677033375,3.0420143207449798e-05,0.0004046181784164552,4.4289352548009944e-06,0.0,0.0006209811512029395,0.0023242165832399572,7.960549409284531e-05,0.00020144837644864928,0.00537752833442088,0.00014057972193139154,0.0008525391982036566,0.00011533659256104404,0.0004730105587521439,0.00014982004679224027,0.0027835848946241464,0.00014049749610558997,0.0031029032836170315,2.1245607333082074e-05,0.0
NeuralNetwork,0.0001,8.0,45.0,True,160.0,0.000127101894417863,0.0004920709245609787,1.5577076710861005e-05,3.9248626849882685e-05,0.0011765492842255034,3.5091298268329746e-05,0.00017053939181196722,2.6010795222781098e-05,8.862914462295182e-05,3.1691290578752194e-05,0.0006414625361923259,3.052206152693602e-05,0.0004041037067891452,4.4300686568021774e-06,0.0,0.0006207486368575186,0.002324173847834269,7.95629695526459e-05,0.0002013591100584786,0.005376931240478002,0.0001403737649227838,0.0008524570075221032,0.00011514201057407092,0.00047276946921018687,0.00014992680330321473,0.0027796174370267857,0.00014058400952965958,0.0031056332888093384,2.1208000058929127e-05,0.0
NeuralNetwork,0.0001,8.0,45.0,True,161.0,0.00012703048130572646,0.0004920447772403933,1.5543527760595646e-05,3.919797645746215e-05,0.0011766626251122248,3.5017784032217574e-05,0.00017045438289642334,2.6088579485037255e-05,8.800889885007853e-05,3.162452152797154e-05,0.0006419493743994166,3.0426546991514068e-05,0.0004029069949353159,4.435147314440369e-06,0.0,0.0006205929244089426,0.00232402558596629,7.94565996284005e-05,0.00020112425276318436,0.005378343362956194,0.00014036101927547334,0.0008486237540934821,0.00011552459085887333,0.0004706155953917113,0.00014939566828169913,0.0027787199935073374,0.00014064819464143716,0.0031023630930942557,2.1209131996586638e-05,0.0
NeuralNetwork,0.0001,8.0,45.0,True,162.0,0.0001269341559422948,0.0004920135289832267,1.5514191099495258e-05,3.91427648436991e-05,0.0011768802222382742,3.500401752817663e-05,0.0001697112527497695,2.6049411220531257e-05,8.770641732729992e-05,3.1708287843314785e-05,0.0006391693237978172,3.036347812799752e-05,0.0004034515098741434,4.459245286058544e-06,0.0,0.0006204962542971725,0.002324027460326189,7.94261412800483e-05,0.00020113643610252525,0.0053776932373747225,0.00014005798213886765,0.0008490571998200327,0.00011525101631692371,0.00047041367997163497,0.0001500052921239685,0.0027755680699018564,0.00014072480910229233,0.003098477170152484,2.1348787916812506e-05,0.0
NeuralNetwork,0.0001,8.0,45.0,True,163.0,0.00012692565103425492,0.000492010476454249,1.5512574464082718e-05,3.911706435712521e-05,0.001177072500462807,3.506233187698611e-05,0.00017072206157237052,2.5955937561802467e-05,8.79770079552324e-05,3.15727214165775e-05,0.0006399457104443861,3.0441814657009517e-05,0.000402453935371255,4.437092799602975e-06,0.0,0.000619415357802649,0.0023237873548231786,7.912279370258439e-05,0.0002005390073143461,0.005380161044941902,0.00014020398306021902,0.0008451464416096045,0.00011524312057585087,0.00046965268985280453,0.00014913438251183466,0.0027751066024948217,0.0001399538848759993,0.003095568725897831,2.1178414459404706e-05,0.0
NeuralNetwork,0.0001,8.0,45.0,True,164.0,0.0001268649820208228,0.0004919914383129932,1.5498592073946307e-05,3.907121115457015e-05,0.0011770948991294665,3.4943278226248336e-05,0.0001700050988287296,2.6015971468465348e-05,8.746967563089335e-05,3.1609419542502845e-05,0.0006388722243656045,3.0318940324442728e-05,0.0004027728041548613,4.4154790870222765e-06,0.0,0.0006192618008679563,0.0023237382465938353,7.911503853850395e-05,0.00020048678296167145,0.0053806589368011574,0.00013996787228674258,0.0008434392746139622,0.00011516035587157844,0.0004686709001379193,0.00014937262536969574,0.00277428000977954,0.0001402528335650762,0.003095952219933084,2.1071107355210017e-05,0.0
NeuralNetwork,0.0001,8.0,45.0,True,165.0,0.00012683601311917574,0.0004919700706101492,1.5492567345700818e-05,3.9037445063057615e-05,0.0011771733469182278,3.501912704455563e-05,0.00016925425702992155,2.5994593724407595e-05,8.707762648153176e-05,3.161283104487185e-05,0.0006389765726588164,3.0395391615574573e-05,0.00040114757346335767,4.407615875298123e-06,0.0,0.000619116725411805,0.002323633095003524,7.90698547501984e-05,0.00020030332998659624,0.00538161179433915,0.0001402993528348095,0.000838169886631036,0.0001152313472527378,0.0004669388510146231,0.00014976595979441636,0.0027680470133727452,0.00013990010246165893,0.003096883589366697,2.1103873509187367e-05,0.0
NeuralNetwork,0.0001,8.0,45.0,True,166.0,0.00012678513428914258,0.0004919723198420276,1.5484381246197256e-05,3.9046918948223647e-05,0.001177021155093207,3.50294770256207e-05,0.0001687250649832651,2.5987331416568346e-05,8.725567728361351e-05,3.1626238575521506e-05,0.0006374480187732255,3.0425871719889883e-05,0.0004010343487371974,4.445969232551332e-06,0.0,0.0006188074091695389,0.0023235881103659574,7.896786614221596e-05,0.00020023676678069733,0.005381033539026545,0.0001399010513563576,0.0008374253908793131,0.00011557171929557369,0.0004647271063342784,0.00014901567695650665,0.0027650900231967184,0.00014064958869661176,0.003091834063799876,2.1278584352548017e-05,0.0
NeuralNetwork,0.0001,8.0,45.0,True,167.0,0.00012665484954083384,0.0004919268933910565,1.5439407904996383e-05,3.897660283868846e-05,0.0011773741615352764,3.49888427439083e-05,0.00016880722219410612,2.5993007212636284e-05,8.707650186559261e-05,3.1615850939904906e-05,0.0006358844009692457,3.04218627653032e-05,0.0003994049409007769,4.433453487197183e-06,0.0,0.000618141308520575,0.0023233742459015275,7.873692743058475e-05,0.00019989118167439347,0.005382258992515305,0.00013960513678736657,0.0008374371993466743,0.00011565526888805366,0.00046268545981473144,0.00014964065883519515,0.0027552704391239575,0.0001401638483288903,0.0030793380812279086,2.1205706896740685e-05,0.0
NeuralNetwork,0.0001,8.0,45.0,True,168.0,0.00012666899761099699,0.0004919247646537431,1.542973821616237e-05,3.896049422154208e-05,0.0011771747040941118,3.493500426612453e-05,0.000168687129277746,2.5958944905318338e-05,8.679521734502438e-05,3.157437821684501e-05,0.0006367641719525072,3.0335181987671196e-05,0.0004008927676234284,4.454657078954087e-06,0.0,0.000617949608361946,0.0023233054568932493,7.86237453795829e-05,0.0001997186468457276,0.005383114910057476,0.00013948244821725402,0.0008342988648504581,0.00011521101044783802,0.00046424216256951386,0.0001492405650000902,0.002767863138666693,0.00014006901743277063,0.00307734488691174,2.1361545278872335e-05,0.0
NeuralNetwork,0.0001,8.0,45.0,True,169.0,0.00012658792485124016,0.0004918973722226537,1.5411837242362955e-05,3.891537402759023e-05,0.0011774074305276557,3.496139257583978e-05,0.00016815207316226392,2.6023507399379082e-05,8.650747632401973e-05,3.15926933907113e-05,0.0006348020384575158,3.0338038712980934e-05,0.0004002050248117781,4.436719391966926e-06,0.0,0.0006175389361081634,0.002323213613258218,7.858083425265438e-05,0.00019951345129582868,0.005384003266763729,0.00013913731998617545,0.0008353279821527829,0.00011518752237535873,0.00046185043247990636,0.00014936402674366094,0.002759244831852943,0.00014023424225783197,0.0030714946347962387,2.114312084825159e-05,0.0
NeuralNetwork,0.0001,8.0,45.0,True,170.0,0.00012653261784594658,0.0004918821095777651,1.5396368752592656e-05,3.888314675208372e-05,0.0011775945266168915,3.49439309051416e-05,0.000167817279013662,2.597877379215631e-05,8.629240356686944e-05,3.157700901484554e-05,0.000635142355273676,3.0342670222819655e-05,0.0003992192587762509,4.4369418676089084e-06,0.0,0.0006173751639120234,0.0023231768758042053,7.84799058294896e-05,0.0001994659128429005,0.005382826393462453,0.00013894550268005274,0.0008363354505982789,0.00011491902031988468,0.0004637859433701953,0.00014939886640827612,0.002747569818916561,0.00014025634798988607,0.0030731690004936556,2.1174391907341077e-05,0.0
NeuralNetwork,0.0001,8.0,45.0,True,171.0,0.00012646957910607124,0.0004918641558875935,1.5375326134043563e-05,3.8847111346265374e-05,0.001177610439888662,3.482967193396586e-05,0.0001684861443434764,2.5943750038622524e-05,8.597520162474434e-05,3.1561756411170704e-05,0.0006340856179394169,3.0380334815567717e-05,0.0003990310864307167,4.44106315827434e-06,0.0,0.0006167506271938108,0.0023230286139362265,7.82893771457972e-05,0.0001992922768277942,0.005383880475550821,0.00013922987822091804,0.0008317834738665407,0.00011513345880703357,0.0004603896500929347,0.00014934756752080138,0.0027548468337868746,0.0001405884142754213,0.003061078441967754,2.124800885670215e-05,0.0
NeuralNetwork,0.0001,8.0,45.0,True,172.0,0.00012645594313780896,0.0004918664051194718,1.5366843818734597e-05,3.8855623785215565e-05,0.0011773687484967063,3.46981521163668e-05,0.00016833280496841494,2.590735314910945e-05,8.616086366684289e-05,3.167859346397482e-05,0.0006332191013582954,3.0445610235804173e-05,0.00039803933583179894,4.442216015127149e-06,0.0,0.0006163064507568408,0.0023229373326091648,7.815958943756871e-05,0.000199071430372742,0.0053844962292181565,0.00013931520845530168,0.0008271678626162451,0.00011488794108981606,0.00046042844934283565,0.00014939968644073174,0.002744307870385032,0.00014051258470277366,0.003055110292614631,2.1296699748099224e-05,0.0
NeuralNetwork,0.0001,8.0,45.0,True,173.0,0.00012633659327126578,0.0004918372454347636,1.5329609743025746e-05,3.880004064654404e-05,0.001177413970515821,3.475505065403859e-05,0.00016810660654643797,2.6002782334214595e-05,8.571838754206655e-05,3.16181127233004e-05,0.0006322561489603911,3.0464445042481642e-05,0.00039712691082144683,4.453935366716346e-06,0.0,0.0006157734765196746,0.002322841740254336,7.799787903731724e-05,0.00019879278334431678,0.005386137588654723,0.0001386267326350482,0.0008280475934346517,0.00011460657623953789,0.000459335650662956,0.00014887538111809664,0.002744362414258081,0.0001405368928077086,0.003053352143029747,2.1348257824403685e-05,0.0
NeuralNetwork,0.0001,8.0,45.0,True,174.0,0.00012633425366846378,0.000491823268065234,1.533039295769766e-05,3.8771684258935265e-05,0.001177470791053963,3.48192591953149e-05,0.0001673527122186522,2.6087698368531352e-05,8.543255435167297e-05,3.163734415792069e-05,0.0006318149781934014,3.0341362354729697e-05,0.0003966507163009232,4.416509880370528e-06,0.0,0.0006158432495669,0.002322781760737581,7.80354306664107e-05,0.00019868524194513476,0.005386545913676111,0.00013867334562277643,0.0008260673322017838,0.00011498299456617367,0.00045776971668567295,0.00014830552884992563,0.0027439882920223214,0.0001404129741889126,0.003060279964650952,2.1146797815208914e-05,0.0
NeuralNetwork,0.0001,8.0,45.0,True,175.0,0.00012630619851726726,0.000491796638766389,1.5319647603841484e-05,3.87013204536348e-05,0.0011778274749696025,3.466563866626863e-05,0.00016677832466894084,2.6048783644672352e-05,8.514268459335491e-05,3.1501059784400814e-05,0.0006323687310488718,3.032700592938138e-05,0.0003972784929841034,4.437106292483942e-06,0.0,0.0006158134472445123,0.0023226968522341747,7.80196450416397e-05,0.00019847336898809708,0.005387485193231621,0.00013869286239522058,0.0008237201650187655,0.00011491074970683212,0.00045615369044009994,0.00014848564312143145,0.0027452801008644345,0.0001397809751753537,0.0030627095099515136,2.1284271863365324e-05,0.0
NeuralNetwork,0.0001,8.0,45.0,True,176.0,0.00012621085719278239,0.0004917854327718524,1.5285031774615986e-05,3.868262120334286e-05,0.0011779671091737456,3.4607389585348474e-05,0.00016742263923115485,2.6036520812389342e-05,8.474939033348927e-05,3.151855157874023e-05,0.000631219574383327,3.037228176214624e-05,0.0003951343323663881,4.43031341138715e-06,0.0,0.0006153441075259035,0.0023226406214372167,7.782971966753966e-05,0.00019840989847603083,0.005387201423100055,0.00013873992054342475,0.0008224515045213999,0.00011499101916948955,0.0004556403969818691,0.00014835477765626128,0.0027432597283297364,0.00014023606975873312,0.003052163798854036,2.122863119690673e-05,0.0
NeuralNetwork,0.0001,8.0,45.0,True,177.0,0.00012615409421149612,0.0004917629002882143,1.526190183876017e-05,3.864518755851088e-05,0.0011780189137883203,3.4635921694197747e-05,0.00016612984300302366,2.595975824363148e-05,8.491900651602732e-05,3.152233962662458e-05,0.0006298266572129695,3.038432870833379e-05,0.00039581785786826657,4.439223105856029e-06,0.0,0.0006146231818499055,0.0023224516859594382,7.760924222709248e-05,0.0001978854291469046,0.0053890974180472815,0.00013829084734121958,0.0008203107043632172,0.0001139348993698756,0.0004573282580705559,0.00014815106987953186,0.002739484580057972,0.00013952900263123542,0.0030507057342889173,2.11422232055814e-05,0.0
NeuralNetwork,0.0001,8.0,45.0,True,178.0,0.00012614502699548664,0.0004917516541288226,1.5256859894309724e-05,3.861265402598523e-05,0.0011779418030517116,3.461965492793492e-05,0.00016556565732647467,2.5996270607102593e-05,8.480448647329427e-05,3.151019728890648e-05,0.0006311208090049559,3.0297959208327806e-05,0.00039466195350708664,4.399014006788036e-06,0.0,0.000614097423898349,0.002322336975133644,7.750982500659595e-05,0.00019764958781266363,0.005390627613119695,0.00013808093074732606,0.0008205242876736623,0.00011453166041734084,0.00045427347316681963,0.00014783791119947373,0.0027367024676604843,0.00013946058849493662,0.003045768295444033,2.102754605969168e-05,0.0
NeuralNetwork,0.0001,8.0,45.0,True,179.0,0.00012601473220596416,0.0004917156664187697,1.5223834342310693e-05,3.8548749231424614e-05,0.0011782459471405074,3.456099415725132e-05,0.0001655075287401194,2.597988585657829e-05,8.4564029527803e-05,3.1536322016760985e-05,0.0006289886978437316,3.0330060968662528e-05,0.00039306367343326784,4.412876843723325e-06,0.0,0.0006139852903174155,0.002322255627914045,7.748179161136256e-05,0.00019747164076979056,0.005391369065208346,0.00013827681307147883,0.0008163196298311341,0.00011417263849351391,0.0004543025257452479,0.00014792079305123984,0.0027347975556955397,0.0001392185149140328,0.0030472128646178817,2.111906461042803e-05,0.0
NeuralNetwork,0.0001,8.0,45.0,True,180.0,0.00012607107345627324,0.0004917195222448467,1.5227524488361056e-05,3.854818692345504e-05,0.0011779571353525236,3.4646901761425155e-05,0.00016549014739913117,2.5920685370656037e-05,8.462275054576905e-05,3.146709035830999e-05,0.0006297625139395825,3.0300612599059256e-05,0.0003936171852996086,4.4388095333650106e-06,0.0,0.0006137468717383139,0.0023221874012137357,7.734835475870648e-05,0.00019738675569588282,0.005390367539609573,0.0001380058157743898,0.0008145049682953073,0.00011429312469074561,0.0004532839985763502,0.0001476878101158442,0.002732655162331443,0.0001394887038934156,0.003042474295358238,2.1244362640961912e-05,0.0
NeuralNetwork,0.0001,8.0,45.0,True,181.0,0.0001260031848101603,0.0004916999217956213,1.5218429659013799e-05,3.852232577746126e-05,0.0011780607358254395,3.4656599063596955e-05,0.00016548742623020697,2.6074115116641207e-05,8.421302886022069e-05,3.1405527676854816e-05,0.0006286945706107867,3.0324362579863668e-05,0.0003930917888317468,4.421902639726102e-06,0.0,0.0006138419017851727,0.002322180466082111,7.74031973578645e-05,0.00019729364686792,0.005390344097498741,0.0001378799173629509,0.0008151470302785718,0.00011388627144525636,0.00045502626296109374,0.00014741213863375801,0.0027337694692911594,0.00013924714576148386,0.003044272743680942,2.12021280408093e-05,0.0
NeuralNetwork,0.0001,8.0,45.0,True,182.0,0.0001258934042203137,0.0004916802008518311,1.5186976812117183e-05,3.847976609301374e-05,0.0011783423687639026,3.458899408177224e-05,0.00016547623027688408,2.5949907812950103e-05,8.395908656467325e-05,3.138718488965073e-05,0.0006271411546799694,3.040396932241409e-05,0.0003926805408817096,4.411182388904281e-06,0.0,0.0006133150660766745,0.0023220824370594143,7.719906199278321e-05,0.00019720058489895468,0.005390937528337946,0.0001376543732934028,0.0008149256683745474,0.00011423469152090684,0.00045131310914297526,0.00014801576452435188,0.0027300170007741676,0.0001395347428584249,0.003034475839362954,2.1200550942675874e-05,0.0
NeuralNetwork,0.0001,8.0,45.0,True,183.0,0.00012586556997581954,0.0004916610422160105,1.5165267708005931e-05,3.8455629525480244e-05,0.0011781056096336294,3.449913274968731e-05,0.0001642684530055105,2.592231706788919e-05,8.37086536733288e-05,3.148277724447919e-05,0.000627223010654398,3.038208198675891e-05,0.000391830170572286,4.444689605375024e-06,0.0,0.0006130361144647659,0.002322004276251643,7.714401438551129e-05,0.0001970783532040674,0.005391713608845391,0.00013797696234670075,0.0008095730588121234,0.00011424387588440997,0.00045124038397890965,0.000147721806318505,0.00272783580816017,0.00013955762176393714,0.003035493991659872,2.1313087218118914e-05,0.0
NeuralNetwork,0.0001,8.0,45.0,True,184.0,0.00012591189009481365,0.0004916608413917357,1.5191379884343264e-05,3.845111097929613e-05,0.0011783358846399303,3.4755251478313436e-05,0.00016338133185378947,2.5933500469694882e-05,8.359611174970303e-05,3.14753643184338e-05,0.000627704065122373,3.029113871389322e-05,0.00039207822871658037,4.4276138938300695e-06,0.0,0.0006127856062643183,0.002321862574643309,7.70795539771236e-05,0.00019672419290122747,0.0053933330524724345,0.000138033427438646,0.0008073798702947748,0.0001140521522962822,0.00044986699362221006,0.00014749040487427382,0.002724150816599528,0.00013918198832550888,0.0030272707999127466,2.1173549909730377e-05,0.0
NeuralNetwork,0.0001,8.0,45.0,True,185.0,0.00012573148964871615,0.0004916287898374697,1.5121504333061027e-05,3.8392635971066765e-05,0.0011780309380387151,3.457544095352332e-05,0.00016412915124726103,2.5875665588841606e-05,8.37544466286014e-05,3.1474952628670355e-05,0.0006255218282221462,3.037409922183363e-05,0.0003909503594241695,4.4348802809124045e-06,0.0,0.0006123804165132391,0.0023218342718088402,7.692962861473455e-05,0.00019669755356116866,0.00539244188233579,0.00013757918803197034,0.0008077715177955868,0.0001136757808286439,0.00044997458188038953,0.0001477785994234325,0.0027262264827512344,0.00013957176146642218,0.003026201102718617,2.120923010761258e-05,0.0
NeuralNetwork,0.0001,8.0,45.0,True,186.0,0.000125673903287903,0.0004916106353230232,1.5100274696905979e-05,3.835433376124606e-05,0.0011781545198364654,3.445865912739479e-05,0.00016455701740604207,2.5911331980054913e-05,8.302563525274435e-05,3.152629335453568e-05,0.0006250111320912035,3.0262036766164063e-05,0.0003902981625091676,4.430084973774509e-06,0.0,0.0006123113932099732,0.00232174055381391,7.689405677828399e-05,0.0001964044856762736,0.005393142266522519,0.0001376242663875316,0.0008060688492637011,0.00011367381275075036,0.00044926344973486175,0.00014707532787472947,0.002722137191760465,0.0001388946255235552,0.0030262031645145056,2.123240481054633e-05,0.0
NeuralNetwork,0.0001,8.0,45.0,True,187.0,0.0001256085048627982,0.0004915899504227137,1.508047844401267e-05,3.830617107953023e-05,0.0011786027902542069,3.4414111282626254e-05,0.000163952827533943,2.588869908427935e-05,8.298634398337002e-05,3.141726585571978e-05,0.0006259338393044279,3.0247253589231692e-05,0.000389548083842604,4.4384358119410326e-06,0.0,0.0006118815087672299,0.0023216237811922277,7.682928592903809e-05,0.00019623683589809347,0.005394307967719688,0.00013734196435730413,0.0008048357078864139,0.00011364171433748689,0.00044755942229204957,0.00014699305518993042,0.002730625792869232,0.00013926374556133582,0.0030237059548216044,2.1264573512306003e-05,0.0
NeuralNetwork,0.0001,8.0,45.0,True,188.0,0.0001255616123946208,0.0004915727196999316,1.507406838418981e-05,3.8263021473775336e-05,0.0011789759910367007,3.4420311732112236e-05,0.00016314909866235326,2.592893924835236e-05,8.273770846928548e-05,3.138538500208739e-05,0.0006248177383145232,3.0187731784469678e-05,0.0003904923194180923,4.411334262262136e-06,0.0,0.0006116131004297509,0.0023215977275896373,7.676893154030326e-05,0.0001961486355501151,0.005395855672728787,0.0001375034990363151,0.0008026713845115038,0.00011381681469626397,0.0004457257828622494,0.00014707601904494208,0.0027226792566431395,0.00013874078743487784,0.0030336979800050365,2.118133728937158e-05,0.0
NeuralNetwork,0.0001,8.0,45.0,True,189.0,0.00012547521779158045,0.0004915427165532691,1.5038103266867667e-05,3.82258664726247e-05,0.0011786266884691236,3.44792662082978e-05,0.0001624340839141784,2.591448743147349e-05,8.271440783279604e-05,3.1447984438861476e-05,0.0006235694949517674,3.0189860521783084e-05,0.00038735315484820674,4.416822726936193e-06,0.0,0.0006118705906208206,0.0023215583660317666,7.680044421609843e-05,0.0001960054930276091,0.005394709408310791,0.00013747580536881333,0.0008006220531163726,0.00011386165875683791,0.000445620115822966,0.00014728345211196997,0.0027251579101730443,0.00013802525054358835,0.0030395086831266774,2.12695098148202e-05,0.0
NeuralNetwork,0.0001,8.0,45.0,True,190.0,0.00012539760925056479,0.0004915355672090844,1.5014775017040438e-05,3.8197705888683904e-05,0.0011788280258828842,3.436056651034445e-05,0.0001634250914632792,2.585633123178045e-05,8.266260019049168e-05,3.142323786759312e-05,0.0006236588617540756,3.013220638277717e-05,0.0003874009510256209,4.4242014500972715e-06,0.0,0.0006116889651466465,0.002321578046810702,7.679677164217212e-05,0.0001960286999461036,0.0053940687939101825,0.00013704448001189803,0.0008004092195498868,0.00011375598000280513,0.00044553651937148854,0.00014729616261503233,0.002729301745036863,0.00013834731243316482,0.0030396185206167355,2.1198830338862706e-05,0.0
NeuralNetwork,0.0001,8.0,45.0,True,191.0,0.00012531538175122758,0.0004915182159917373,1.4978296542665708e-05,3.817295429680868e-05,0.0011786010155651681,3.4437213605144276e-05,0.00016255855479973026,2.5904566712295914e-05,8.221966719049006e-05,3.138676817928042e-05,0.0006222547385891814,3.013404643519548e-05,0.00038788839170553614,4.419424970235143e-06,0.0,0.0006110445133545114,0.0023214211628871896,7.654277830378814e-05,0.00019572252325666777,0.005395584651336655,0.0001367862635063675,0.0007983657923884362,0.00011389496378928611,0.00044343451846320676,0.0001464937725719416,0.0027387918166394505,0.00013864634312548728,0.0030235108339561607,2.1228951888170633e-05,0.0
NeuralNetwork,0.0001,8.0,45.0,True,192.0,0.00012534253319318724,0.0004915129945605913,1.499639457528482e-05,3.8146601131341526e-05,0.0011789548973817681,3.44999636601245e-05,0.00016221193210133966,2.573792523932907e-05,8.241192128941056e-05,3.141367110119997e-05,0.0006226798434141832,3.008669960209623e-05,0.00038789718780877456,4.399226441216276e-06,0.0,0.0006110750654208585,0.0023214232246830777,7.655804262221234e-05,0.00019575108381562263,0.00539468513499865,0.00013645933999580407,0.000798319401980946,0.00011383445710880951,0.00044461447487837113,0.0001471410944776715,0.0027365159688505737,0.00013874547333462433,0.003023828350522983,2.1155515053081063e-05,0.0
NeuralNetwork,0.0001,8.0,45.0,True,193.0,0.00012528027766798384,0.0004914942375733204,1.4976102537462975e-05,3.811421570671858e-05,0.0011790758565576654,3.4555436345444854e-05,0.00016150236973222696,2.5825514746804765e-05,8.212564126500543e-05,3.137404094086182e-05,0.0006210965448312682,3.0073952281250144e-05,0.00038756719336034153,4.422080871270031e-06,0.0,0.000611097792034629,0.002321333442843935,7.659956555134095e-05,0.00019552191988852038,0.00539577203203607,0.00013711322216117906,0.0007939173740410955,0.00011361970232342774,0.000442836269642572,0.00014705892722561675,0.00272906538825365,0.00013822401469608522,0.0030300471017945486,2.1257942964164716e-05,0.0
NeuralNetwork,0.0001,8.0,45.0,True,194.0,0.00012523507212371517,0.0004914873693831204,1.4962240641891474e-05,3.8100371383271125e-05,0.0011788238650809152,3.4491142453851726e-05,0.0001613060439211339,2.5758376681419075e-05,8.2428710198788e-05,3.1437270463798246e-05,0.0006207596420277804,3.0122182741158733e-05,0.0003861497756284523,4.411345558627596e-06,0.0,0.0006100864811513409,0.0023211658750690004,7.627497327590138e-05,0.00019516991509956383,0.0053968276110863715,0.000136837585823341,0.0007916960701252679,0.00011337694928706067,0.0004446730486252023,0.00014669846438761778,0.0027202671428896348,0.00013824708103758735,0.0030083667557194546,2.11983895714178e-05,0.0
NeuralNetwork,0.0001,8.0,45.0,True,195.0,0.0001251789919449634,0.0004914664434936811,1.4942129345916995e-05,3.805427719158625e-05,0.001178990715279193,3.436509509774231e-05,0.00016125536591537557,2.570923749166679e-05,8.231373328082966e-05,3.1397444499792115e-05,0.0006202856164094252,3.0071469591152314e-05,0.00038667914841695615,4.4276236212558825e-06,0.0,0.0006104237722150934,0.002321189304567733,7.642223353280961e-05,0.00019512281009236222,0.005397394133936776,0.00013662223358574152,0.0007928158127286899,0.00011326451112264358,0.00044353071998500226,0.00014673336262597977,0.002723704531507672,0.00013786533249998993,0.0030239282539055784,2.1221432483421182e-05,0.0
NeuralNetwork,0.0001,8.0,45.0,True,196.0,0.00012513278227932047,0.0004914435093614933,1.492926780626459e-05,3.801839491427748e-05,0.0011790412343310175,3.448009460843156e-05,0.00016059888140210565,2.5744464579778862e-05,8.185038147268269e-05,3.141142940023196e-05,0.0006202615978261532,2.99922368838138e-05,0.000386309270267538,4.417084112281426e-06,0.0,0.0006104047943211202,0.002321087714261229,7.63257215701559e-05,0.00019493087563874587,0.005396879202587603,0.00013629597781589196,0.0007897488913446103,0.00011341324158059726,0.000442702627781802,0.00014655676277928383,0.0027299371530424875,0.00013777906508565698,0.003018324854988722,2.1219026566770093e-05,0.0
NeuralNetwork,0.0001,8.0,45.0,True,197.0,0.00012509758782515307,0.0004914321025426818,1.4912161343502549e-05,3.800069978535979e-05,0.0011789169528223062,3.4424606861290584e-05,0.0001603147050119796,2.5680082827565483e-05,8.205031710011619e-05,3.140210613327206e-05,0.0006190185758945435,3.0142862620861383e-05,0.0003865070821782649,4.411696059744795e-06,0.0,0.0006097727133043157,0.00232096569343183,7.619123039005688e-05,0.00019474382623561523,0.005398050107499197,0.00013670083955398895,0.0007862455252581423,0.00011341442477028325,0.0004418420622933586,0.00014635024346270652,0.0027243476243888807,0.00013792347280109453,0.0030133879784518067,2.1218112816319525e-05,0.0
NeuralNetwork,0.0001,8.0,45.0,True,198.0,0.00012500696587112715,0.0004914123414340366,1.4878511981099764e-05,3.795332031831587e-05,0.0011791291545166969,3.428060330470617e-05,0.00016039609909057617,2.5692508829571807e-05,8.186154730236434e-05,3.1374856789478397e-05,0.0006191071393997522,3.0035371427748082e-05,0.0003845901743099696,4.4312494407807075e-06,0.0,0.0006098915945808843,0.0023210067419136096,7.626758712642598e-05,0.00019481310726336714,0.00539691358742043,0.00013634323511483535,0.000788113793487069,0.00011338397813668041,0.0004412251635917328,0.00014688327627361946,0.0027168561827461673,0.00013781841492877816,0.0030216314132858373,2.1261081052651195e-05,0.0
NeuralNetwork,0.0001,8.0,45.0,True,199.0,0.0001250186337614959,0.000491411859455777,1.4896116739093775e-05,3.795406587843625e-05,0.001179066465034299,3.4323318627966706e-05,0.00016022361112090776,2.5672456525728066e-05,8.162961534734043e-05,3.145010313496114e-05,0.0006179014707832645,3.0128192407583613e-05,0.0003848484343274263,4.3988906881317615e-06,0.0,0.0006090338406322887,0.002320824741567456,7.596385296223298e-05,0.0001945501579990927,0.005398358363462155,0.00013646666171415796,0.0007831644524568282,0.0001133005808359422,0.00044106977915613906,0.00014644316485467948,0.0027176389154398217,0.00013841221214465376,0.003001515970290082,2.118824020543563e-05,0.0
NeuralNetwork,0.0001,8.0,45.0,True,200.0,0.00012496593747177536,0.0004913966369757434,1.4869955611839449e-05,3.794353264522038e-05,0.001178835892550333,3.446302454506933e-05,0.00016026503112759552,2.5671482527995044e-05,8.141015960039155e-05,3.1474932546242874e-05,0.0006174568056738922,3.0154477794858002e-05,0.00038309961637718017,4.409063692804617e-06,0.0,0.0006090673448154761,0.0023208088095083177,7.6007771557607e-05,0.00019440195470486047,0.005399210318133261,0.00013620712144194909,0.000784043808403255,0.00011326431197190434,0.0004404803398270277,0.00014606124059584155,0.002714852492014567,0.0001380035899720102,0.003008915568297764,2.109746846997138e-05,0.0
NeuralNetwork,0.0001,8.0,45.0,True,201.0,0.00012493570337719672,0.0004913788841098466,1.4861583749881652e-05,3.790019978731469e-05,0.0011789971260762972,3.4344324847115985e-05,0.00015953427175627243,2.5632196279227573e-05,8.119964053367347e-05,3.145641654810173e-05,0.0006165219686744669,3.010751001757753e-05,0.0003841859953744071,4.400980515741917e-06,0.0,0.0006088760195288269,0.002320713217153489,7.592834555690394e-05,0.00019429237493928873,0.0053981694705850115,0.00013622221003913279,0.0007834805163947291,0.00011337277883628629,0.0004384524698527354,0.0001466187689476793,0.002713732936847135,0.00013805280363409774,0.0030016265575240992,2.1098396863858654e-05,0.0
NeuralNetwork,0.0001,8.0,45.0,True,202.0,0.0001248881883537673,0.0004913654690482867,1.484197200429086e-05,3.787461477469884e-05,0.0011790929535873704,3.4410910645745834e-05,0.00015921374617239856,2.5640415012675798e-05,8.095198403792882e-05,3.1428331273264e-05,0.0006174899416792424,3.0129367229591482e-05,0.000382990207312242,4.397147282395723e-06,0.0,0.0006084250485372244,0.0023206020676115025,7.584143968873054e-05,0.00019391026324446097,0.0054006664070977385,0.0001360999549147468,0.0007811625423671314,0.00011326674863977253,0.0004368661053525577,0.0001457698479201059,0.0027120688801291603,0.00013745330133528078,0.0030068625819008304,2.113015701373418e-05,0.0
NeuralNetwork,0.0001,8.0,45.0,True,203.0,0.00012481764882722634,0.0004913445029939924,1.4824569325723417e-05,3.784789259462665e-05,0.001179464738792852,3.4390321136966867e-05,0.0001590721550174158,2.566000793099082e-05,8.091733682991038e-05,3.144461812195431e-05,0.000614716638773278,3.0158233208797693e-05,0.00038260273695634703,4.3972840939329645e-06,0.0,0.0006086963152735488,0.002320644053273231,7.596885516021237e-05,0.00019401607086073677,0.005399444465181141,0.000136068453953701,0.0007831797284900018,0.0001136352595105861,0.00043594766900224505,0.00014579234023888907,0.0027154678443692764,0.0001374303990002698,0.003012403189761084,2.110983631661478e-05,0.0
NeuralNetwork,0.0001,8.0,45.0,True,204.0,0.00012474318318611208,0.0004913281558980196,1.4797139240082383e-05,3.7831480230764556e-05,0.0011792167969004643,3.446546707031219e-05,0.00015861480785508682,2.5626221757050794e-05,8.074653076354384e-05,3.143281216489658e-05,0.0006142661497599353,3.0191509791140287e-05,0.00038186619384590826,4.446783198440332e-06,0.0,0.0006080370560382147,0.002320516971672106,7.568237096446115e-05,0.0001939048041712563,0.005399761723733198,0.00013583588103453317,0.0007799296352848316,0.00011336153267689471,0.0004358561065211986,0.00014599659860883868,0.0027134753997970678,0.000138047438278888,0.0029957337574389,2.1295780140273974e-05,0.0
NeuralNetwork,0.0001,8.0,45.0,True,205.0,0.00012468266479088611,0.000491316949903483,1.4769835924764849e-05,3.780990417273539e-05,0.0011790800712194016,3.4453246913187586e-05,0.00015756675617071495,2.5651907181804072e-05,8.037879139265282e-05,3.150603771611365e-05,0.0006137542888481983,3.0198131971603457e-05,0.0003826265547153442,4.405974136851226e-06,0.0,0.0006079744055586041,0.0023205120983363697,7.569125660185544e-05,0.0001938880169354145,0.005399031248756423,0.0001361110956413941,0.0007779592613004288,0.00011323249471262566,0.0004343253636510117,0.0001462458884753521,0.0027111691873778336,0.0001382895938630374,0.0029929329014424257,2.1072928998736466e-05,0.0
NeuralNetwork,0.0001,8.0,45.0,True,206.0,0.00012464753058400116,0.0004913039766553277,1.4762692856338788e-05,3.7770622944574796e-05,0.0011794478189335823,3.4401594909696244e-05,0.00015779435032140212,2.5651400100510074e-05,8.054500360373216e-05,3.142196012314439e-05,0.0006142108025897866,3.0133320957502588e-05,0.0003818151443152415,4.4059433856341394e-06,0.0,0.0006078554305640406,0.00232044480881601,7.564425117002343e-05,0.00019371898481680913,0.005398935715011984,0.00013601983774383112,0.0007751086410486474,0.0001133077268330556,0.0004341428009968884,0.0001460910546329786,0.0027140890652278685,0.00013791318725115098,0.003000341308941631,2.1193504520932083e-05,0.0
NeuralNetwork,0.0001,8.0,45.0,True,207.0,0.000124638061719442,0.0004912907222531876,1.4762180754437922e-05,3.774877075316771e-05,0.0011794430596125502,3.4376933688744705e-05,0.00015787861618712907,2.566692381695596e-05,8.028925891031795e-05,3.141275484044597e-05,0.0006131022927574713,3.0108094918278028e-05,0.0003815629893557402,4.407361707075265e-06,0.0,0.0006074160806038095,0.002320300670539808,7.550864708873462e-05,0.00019350572951934623,0.005400020701710497,0.00013613494687110374,0.0007718587352794671,0.00011306901538521988,0.00043391047408745725,0.00014588505076537344,0.0027058699970725197,0.0001381421168832659,0.0029915501861452307,2.1084961510679256e-05,0.0
NeuralNetwork,0.0001,8.0,45.0,True,208.0,0.00012448785520306817,0.0004912468220667055,1.4707923055980404e-05,3.7673838195614415e-05,0.0011798591628853952,3.434025564524684e-05,0.0001569722560698774,2.559276694316427e-05,7.984303239220879e-05,3.137754281415451e-05,0.0006119190361300569,3.017362136885805e-05,0.0003803697718442932,4.415443942774178e-06,0.0,0.0006072602275782412,0.0023201664663710683,7.536370049482621e-05,0.000193257821993258,0.005401675594544382,0.00013610312961182504,0.0007719118265235949,0.00011310435878405781,0.0004314658870487093,0.00014569276486927607,0.0027068656570506545,0.00013780490782275889,0.002987059219828192,2.1211496911614945e-05,0.0
NeuralNetwork,0.0001,8.0,45.0,True,209.0,0.00012457277374768836,0.0004912642536137624,1.4737415355893801e-05,3.771153040170027e-05,0.001179520241557913,3.454524451349624e-05,0.00015639458504327223,2.5618452367917547e-05,8.000086018981317e-05,3.144268518830888e-05,0.0006118015940941247,3.0128134670604594e-05,0.0003803581642012069,4.409918764912375e-06,0.0,0.0006071398936727512,0.002320155220211677,7.53881257472548e-05,0.0001932172421014534,0.005401317571480961,0.0001360449307369736,0.0007697289469856886,0.00011324568552041203,0.0004306616929342162,0.000145736296877921,0.002703849437101832,0.0001379157176370141,0.0029875156264635,2.1077459678053856e-05,0.0
NeuralNetwork,0.0001,8.0,45.0,True,210.0,0.0001245403807921551,0.0004912508787170575,1.472429902044268e-05,3.7688182069445555e-05,0.0011794204563323999,3.4484635747346596e-05,0.00015559637883924088,2.5552348547547333e-05,8.013581912311904e-05,3.1491076307637354e-05,0.0006117445600000675,3.0047825043092197e-05,0.0003807259136133117,4.427041544646748e-06,0.0,0.0006069920535357493,0.0023201488473880215,7.535134729161953e-05,0.00019310391361608445,0.005401887139543667,0.00013563230212004679,0.0007709559029753103,0.0001127496010290002,0.00043261468223055954,0.00014616026537223433,0.0026960552863354954,0.0001372603125542215,0.0029964000923828507,2.117857260852115e-05,0.0
NeuralNetwork,0.0001,8.0,45.0,True,211.0,0.00012450369019714007,0.0004912335274997105,1.4712644936742809e-05,3.763420803527626e-05,0.0011796329979968823,3.430976801002122e-05,0.00015606557463378597,2.5596078033395853e-05,7.98138927899281e-05,3.134546866715758e-05,0.0006125530785306123,3.0116740403310308e-05,0.0003801262523286105,4.4066158331669566e-06,0.0,0.0006067163351946657,0.0023200759347879662,7.530570662808868e-05,0.00019295944732690008,0.0054023172083537945,0.00013568924751671606,0.0007688661791243643,0.0001130373738471817,0.000430740088036975,0.00014561975855122573,0.0027006193526885793,0.0001373514767337895,0.002993550128157034,2.113195669210557e-05,0.0
NeuralNetwork,0.0001,8.0,45.0,True,212.0,0.0001244274271787659,0.0004912094285867284,1.4685499770541717e-05,3.76022091973824e-05,0.0011798383752031573,3.443723368757176e-05,0.00015511271365569287,2.5545856902862815e-05,7.958321598662199e-05,3.1298036483741515e-05,0.0006121306647508934,3.0082424555345365e-05,0.0003801947735711892,4.4305431041515095e-06,0.0,0.0006068206433230227,0.0023199730324295334,7.527731593299961e-05,0.00019285263224217878,0.00540209813328822,0.00013547075572628646,0.0007692791943280202,0.00011333477618934223,0.0004291825886792357,0.0001454314205256648,0.0026974256308573597,0.00013743603379471497,0.002989941048172285,2.133204900431183e-05,0.0
NeuralNetwork,0.0001,8.0,45.0,True,213.0,0.00012429811642819018,0.0004911901092914879,1.4641656065886875e-05,3.7563668508735306e-05,0.001179763432101691,3.439678516831359e-05,0.00015543994677034672,2.5501095682302253e-05,7.930891513021166e-05,3.1451626889146565e-05,0.0006091405519578014,3.0068833772544913e-05,0.00037921495193419754,4.399204476061214e-06,0.0,0.0006062007456455591,0.0023199846534609045,7.514786209512806e-05,0.00019280829191582757,0.005402361491073806,0.00013531825311903685,0.0007662036040294095,0.00011307555221536625,0.00042993317610062894,0.0001457029918454728,0.0026975444652749306,0.00013772815278491134,0.0029858716253964405,2.106955515091899e-05,0.0
NeuralNetwork,0.0001,8.0,45.0,True,214.0,0.00012431772691862925,0.0004911956118766189,1.4648987407070607e-05,3.757880061784523e-05,0.0011796126235801175,3.438144470401851e-05,0.0001553551185966502,2.557052314442123e-05,7.923134675405096e-05,3.1488912426075843e-05,0.0006094209428103465,3.0063885964473304e-05,0.0003793575371693408,4.403221275346138e-06,0.0,0.0006060914236044733,0.0023199220498402915,7.509644606015968e-05,0.0001926217462469197,0.005402949746673482,0.00013533525122036723,0.000765251007469945,0.00011287665920062634,0.0004302671401755615,0.00014514800559424753,0.002700051983947274,0.0001374493066057469,0.002988643991122456,2.1073170615442143e-05,0.0
NeuralNetwork,0.0001,8.0,45.0,True,215.0,0.00012419723235371943,0.0004911621143875739,1.4613569535897427e-05,3.752109376246717e-05,0.00118002519580484,3.443123657266406e-05,0.0001550241601916979,2.5532793283783842e-05,7.897591333826276e-05,3.140179736594948e-05,0.0006085207680807602,3.004300275019237e-05,0.0003775048127392874,4.424927869153955e-06,0.0,0.0006062291890570203,0.0023198697551991203,7.517432571394638e-05,0.00019254540122529997,0.005403149124046993,0.000135072020802108,0.0007661139627672592,0.00011309807967839751,0.00042733568815315294,0.00014553139419675622,0.0026940718386907997,0.0001374418091661525,0.0029892497842416823,2.1169713329312936e-05,0.0
NeuralNetwork,0.0001,8.0,45.0,True,216.0,0.00012419691103487967,0.0004911453656430514,1.460408560951765e-05,3.7475240559912115e-05,0.0011800465401593544,3.430254586703694e-05,0.00015515388263203706,2.54789071102348e-05,7.862853252823462e-05,3.138649455620593e-05,0.0006095636485400547,3.003889840407513e-05,0.0003771140488652849,4.424082838259939e-06,0.0,0.0006053744340842625,0.0023197550443733264,7.492393466099254e-05,0.00019223949397509954,0.005404653668339924,0.00013468671098070326,0.0007639557779210169,0.00011271676458652664,0.00042837600475587186,0.00014515715481350257,0.002700355817686837,0.00013708544649043174,0.002982238366169,2.109382371857481e-05,0.0
NeuralNetwork,0.0001,8.0,45.0,True,217.0,0.0001242050946240798,0.0004911574150995424,1.4614534747568423e-05,3.749771530657123e-05,0.001179910023544735,3.418550045904766e-05,0.00015491932992022636,2.5410079610636936e-05,7.91489184304389e-05,3.1525793804151996e-05,0.0006080675478572794,3.003797461241082e-05,0.00037783990812430165,4.395781363538815e-06,0.0,0.0006055436887831058,0.0023197333017985025,7.490216865667007e-05,0.00019232900637500692,0.005403791453857407,0.00013493750033513556,0.0007642058643904871,0.00011263710429083626,0.00042799302616959096,0.00014586719748733927,0.0026904994961600634,0.00013741478323936462,0.0029764837064083266,2.0997307362890093e-05,0.0
NeuralNetwork,0.0001,8.0,45.0,True,218.0,0.0001240748199169848,0.0004911131132645106,1.4565804737276144e-05,3.741294989046061e-05,0.0011802890949174066,3.427433256672399e-05,0.0001545422020144861,2.5411643529677325e-05,7.852523856246568e-05,3.136555360494598e-05,0.000606719936643328,3.0123302336491023e-05,0.00037592247811289167,4.405486510408857e-06,0.0,0.0006049104831503622,0.0023195854148025034,7.473308967906724e-05,0.0001919948900083326,0.005405991680125567,0.00013472889579317106,0.000759724035577954,0.00011290036985334361,0.0004257524163468079,0.00014508188754882453,0.0026821432248601376,0.00013734434245142547,0.002980481153764065,2.102043667117005e-05,0.0
NeuralNetwork,0.0001,8.0,45.0,True,219.0,0.00012411010474207588,0.0004911111451866171,1.457418287499253e-05,3.7407356934406046e-05,0.0011803025590893777,3.422760075796647e-05,0.00015425585672219165,2.550568451698257e-05,7.823798454032754e-05,3.13948287636122e-05,0.0006068100665778805,2.9923301441168208e-05,0.00037719144654081195,4.426549525173366e-06,0.0,0.000605146605638588,0.00231954942709245,7.47871883916405e-05,0.00019195483728024946,0.005405630472367622,0.0001351935496120333,0.0007584648874570739,0.00011292022635351937,0.0004258619726828809,0.0001448628100209266,0.0026893411417427304,0.00013702199940786422,0.002980722758754994,2.1167773073949155e-05,0.0
NeuralNetwork,0.0001,8.0,45.0,True,220.0,0.00012393988608671327,0.0004910729484095406,1.4520853988806193e-05,3.73320754446752e-05,0.0011808073571251577,3.429066460087614e-05,0.0001531976734531536,2.541067204224774e-05,7.792893104315447e-05,3.130459339631536e-05,0.0006055459179325567,3.002590256318892e-05,0.00037587227204417925,4.391826694263923e-06,0.0,0.0006047250620973935,0.002319436215754575,7.465647521821208e-05,0.0001916233333026838,0.005407701923791875,0.00013457697892338974,0.0007612138705433539,0.00011269349909428531,0.00042466481901564686,0.0001445712533386998,0.0026857907292228075,0.00013666812025900908,0.0029732697414902023,2.1120622672093738e-05,0.0
NeuralNetwork,0.0001,8.0,45.0,True,221.0,0.00012394980680589086,0.0004910861224819708,1.4526541081239592e-05,3.7357770910642216e-05,0.0011804342109313815,3.415915231418738e-05,0.000154113090745201,2.5493343865293056e-05,7.806277038112804e-05,3.139575757588338e-05,0.0006052903489603829,2.9934670605428137e-05,0.0003769811835250443,4.4152264877390665e-06,0.0,0.0006045178984696011,0.002319441276526301,7.461521587094421e-05,0.00019171340801056076,0.005405964174412277,0.0001348913793668807,0.0007579874879909012,0.00011302398388865609,0.0004232355258749716,0.00014457746215586393,0.0026919090148038085,0.0001369753512758879,0.0029766709549621964,2.114832805434488e-05,0.0
NeuralNetwork,0.0001,8.0,45.0,True,222.0,0.0001238891076688175,0.0004910690925834635,1.4496922011002697e-05,3.7322488595854564e-05,0.001180356100236711,3.418958472273742e-05,0.0001539378615241809,2.5368298120254454e-05,7.814649402131289e-05,3.132273535924459e-05,0.0006052959720400787,2.9988175212854965e-05,0.00037595657807476117,4.412647150958966e-06,0.0,0.0006044713206261209,0.0023193561805869047,7.457346450420296e-05,0.0001915060686615278,0.005407084569516867,0.00013437256826169836,0.000757735808315517,0.00011253527968934497,0.00042403405005077147,0.00014486202513271906,0.002685806286409966,0.00013679058624888366,0.002981677745123329,2.1204675998796456e-05,0.0
NeuralNetwork,0.0001,8.0,45.0,True,223.0,0.00012393201377513917,0.0004910745550037395,1.4521211707045768e-05,3.735981931824569e-05,0.0011801323081647493,3.419418861923835e-05,0.0001537575715314346,2.5459038058541854e-05,7.790951635638337e-05,3.147521621053109e-05,0.0006042075446352483,3.0058335683577143e-05,0.00037520151896618126,4.422389638592612e-06,0.0,0.0006040486056099897,0.0023192806438829916,7.448740209798393e-05,0.00019133312381663413,0.005407786762529626,0.00013412515275508353,0.0007575116348716448,0.0001125011311949424,0.0004227778071877342,0.00014470467261923185,0.0026788696552972374,0.0001368287997613163,0.0029802948423901443,2.1177607606042107e-05,0.0
NeuralNetwork,0.0001,8.0,45.0,True,224.0,0.00012373653142600048,0.0004910269596506001,1.4447024709612854e-05,3.7261576082989215e-05,0.0011807749563709636,3.409241840765483e-05,0.00015302051631909498,2.5479112955116517e-05,7.715940756617852e-05,3.1385651094251564e-05,0.0006025465672228215,3.0100546435847115e-05,0.00037387768534637205,4.38735113702614e-06,0.0,0.0006038544219244951,0.002319184114348214,7.44018961423598e-05,0.0001912087951816103,0.0054084676081783195,0.00013455858676688476,0.000752023087357575,0.0001127296508108295,0.0004206557037695399,0.00014463004966576895,0.0026852415417725184,0.00013690323527878936,0.0029773997060907713,2.104359233763608e-05,0.0
NeuralNetwork,0.0001,8.0,45.0,True,225.0,0.00012383121003037834,0.0004910328237194256,1.4485515192191235e-05,3.724465161722625e-05,0.0011806643430648267,3.406382103091623e-05,0.00015266293865651132,2.5404233113935374e-05,7.76793215313369e-05,3.132683468475496e-05,0.0006051907401200575,2.9974290724552547e-05,0.0003750147122257161,4.4117136318688445e-06,0.0,0.0006040871705649034,0.0023192034202551694,7.448687493426246e-05,0.00019105927983544907,0.005408857275081596,0.00013410562426789002,0.0007532055272996051,0.00011227175640235157,0.0004234259608406691,0.00014457151106318588,0.002684781198981423,0.00013631442854614379,0.002978541191269017,2.1129922718746856e-05,0.0
NeuralNetwork,0.0001,8.0,45.0,True,226.0,0.00012367998935141654,0.0004910064755745654,1.4437260884400006e-05,3.7218313513579716e-05,0.0011809170145017887,3.4059302484732114e-05,0.0001530573976971711,2.543186653415469e-05,7.727239130320897e-05,3.135364723575083e-05,0.0006019696794108882,3.0117631561029954e-05,0.0003714108402838283,4.4309607558856115e-06,0.0,0.0006035375145246398,0.0023190611563388658,7.428429763084687e-05,0.00019099056111566675,0.005408444134163241,0.00013488847410903786,0.0007496010863556052,0.00011273891717757819,0.0004196431276933202,0.0001445219576733667,0.0026774929379517177,0.00013681806905089684,0.0029673156498363183,2.1254929344890252e-05,0.0
NeuralNetwork,0.0001,8.0,45.0,True,227.0,0.00012365229568391477,0.0004910005713408848,1.442857774481619e-05,3.7190785526104695e-05,0.0011809554299060578,3.401688839788386e-05,0.00015213341524980138,2.5354614456226885e-05,7.734312161281103e-05,3.132540130149322e-05,0.000602794344213131,2.9992292110489386e-05,0.00037298875677617736,4.445959818913448e-06,0.0,0.0006034692409653333,0.002318991242714648,7.429703156340797e-05,0.0001907387525780396,0.005409431864228341,0.00013404937004143336,0.0007508519872929315,0.00011270408922771237,0.0004188271719704634,0.0001443326824678565,0.0026796840646731777,0.0001367036042348394,0.0029658032288341404,2.113357186317444e-05,0.0
NeuralNetwork,0.0001,8.0,45.0,True,228.0,0.00012364091898874453,0.0004909867144659201,1.442078199749687e-05,3.718038784927435e-05,0.0011807371229482634,3.404259390506462e-05,0.00015143371335258382,2.5439186578972963e-05,7.68967143528545e-05,3.139065412899876e-05,0.0006008754682669421,2.9972812155828965e-05,0.00037417108961192744,4.43731935448804e-06,0.0,0.0006034707404532523,0.00231901542195734,7.433127963318015e-05,0.00019073872914854086,0.0054087128588575,0.00013386721740353782,0.000750737135890145,0.00011286986464599393,0.00041842516863121174,0.0001446390817375303,0.0026791624303133983,0.0001363116404357946,0.002971678784808273,2.115506110654312e-05,0.0
NeuralNetwork,0.0001,8.0,45.0,True,229.0,0.00012362392925509223,0.0004909744240202994,1.4415686081522559e-05,3.715390414802854e-05,0.0011806945056835212,3.396456112276833e-05,0.00015260903742114168,2.535030426522792e-05,7.680422975367934e-05,3.134374659900074e-05,0.0006024726237248217,3.0010875886823288e-05,0.00037261542444923175,4.437529592400773e-06,0.0,0.000602867196565904,0.0023188898398441337,7.409195901837739e-05,0.0001905151531568863,0.00540962814902476,0.00013360999665170347,0.0007502932874661572,0.00011246495604889947,0.0004181211474556593,0.00014410843873548807,0.0026741114052586585,0.0001365253526084828,0.0029716962163553297,2.117957129090462e-05,0.0
NeuralNetwork,0.0001,8.0,45.0,True,230.0,0.0001235828908145267,0.0004909703272050924,1.4394128850769162e-05,3.7146676984437394e-05,0.001180436207786933,3.393174392595445e-05,0.00015211758025572949,2.5386593211693262e-05,7.70172290001918e-05,3.1417381329677817e-05,0.0006015720071818308,2.992298263263188e-05,0.00037312989607654173,4.429009308752345e-06,0.0,0.0006031086609798407,0.002318959191160382,7.418425952863393e-05,0.000190609761472768,0.0054086741769392675,0.00013382362682114608,0.0007488959053027555,0.0001124317095901981,0.00041922458312796345,0.00014447751191427123,0.002675440326426764,0.00013610188784839224,0.0029799580199163663,2.1151154237629482e-05,0.0
NeuralNetwork,0.0001,8.0,45.0,True,231.0,0.00012352220171866712,0.0004909471119189198,1.4374240971800451e-05,3.7103017787085065e-05,0.0011808163284050077,3.403245981009501e-05,0.00015176515373579576,2.53564971838036e-05,7.671300532682887e-05,3.1371457838626564e-05,0.000599747960458226,2.9957976262524443e-05,0.00037290790492312283,4.4560628488780355e-06,0.0,0.0006025342633889157,0.0023187753164543297,7.399161047530624e-05,0.00019024683853740212,0.005410664935753895,0.0001340170607626813,0.0007445704918237602,0.00011270609244985401,0.0004160342351445612,0.0001435113848192887,0.0026783002247600437,0.00013627222030417724,0.0029674940888986647,2.125864584912669e-05,0.0
NeuralNetwork,0.0001,8.0,45.0,True,232.0,0.00012351166848545127,0.0004909446618627666,1.4369407382535164e-05,3.709325772732737e-05,0.001180777373651093,3.4075536617050276e-05,0.000151985608583512,2.538910602543232e-05,7.64158556885475e-05,3.133628346688664e-05,0.0005992555795011495,2.9953648499401432e-05,0.0003724096598972207,4.4263226565003715e-06,0.0,0.0006022505321592655,0.002318729019764834,7.388458452509635e-05,0.0001902343974735752,0.005410149223733537,0.00013378939632349793,0.0007460800544270929,0.00011241706615349032,0.0004158797410299193,0.00014381637831903854,0.0026664255924944607,0.00013676358375159449,0.0029593884195171813,2.1121804397436057e-05,0.0
NeuralNetwork,0.0001,8.0,45.0,True,233.0,0.0001234867662753699,0.0004909190366852958,1.4360464426545762e-05,3.7030680883284205e-05,0.0011812176349013143,3.38994639340758e-05,0.00015158648037846197,2.5309027345836002e-05,7.657692679819072e-05,3.127170340070185e-05,0.0006004549422354068,2.998235381918776e-05,0.0003707790872800061,4.432476037796938e-06,0.0,0.0006023238196313006,0.002318690220514933,7.39603320944984e-05,0.0001900629052576029,0.005411863815797757,0.00013357655104226287,0.0007448112064937375,0.00011252994947838333,0.0004158893939833971,0.000143177256737865,0.0026801125433459972,0.00013628994471996835,0.0029650547969266305,2.1193508913963097e-05,0.0
NeuralNetwork,0.0001,8.0,45.0,True,234.0,0.00012339096305505286,0.0004909104012414773,1.4337272988255777e-05,3.7031009733034276e-05,0.0011812013880436116,3.396493515798024e-05,0.000151100746704883,2.528647477977038e-05,7.638340750633867e-05,3.138000291152142e-05,0.0005985015245139439,2.994667738676071e-05,0.00037097802380667223,4.450804076968338e-06,0.0,0.0006023458433601092,0.002318657231780718,7.390578236407454e-05,0.00018998180404774048,0.005411694545684628,0.0001335945800415375,0.0007467582446974029,0.00011238273022309789,0.00041466037619788693,0.00014366414515102434,0.002673732971995132,0.0001360287292386001,0.0029622419450268055,2.1295837249677135e-05,0.0
NeuralNetwork,0.0001,8.0,45.0,True,235.0,0.00012336162262849732,0.0004908941746400694,1.4323760024861827e-05,3.699633491167804e-05,0.0011812480636450334,3.385509181054776e-05,0.00015029618441255265,2.5360295272901694e-05,7.598513782506362e-05,3.1333476947645616e-05,0.0005983772946175218,2.9978784167702306e-05,0.0003703524963553704,4.429736041596957e-06,0.0,0.0006021048943951444,0.0023186098104752834,7.382269550419453e-05,0.00018988563767019309,0.005411577938167984,0.0001331061101372137,0.0007458042423680143,0.00011247484329736458,0.000413550614560925,0.00014348056331370612,0.0026697261528399008,0.00013634116160419753,0.0029654008037639113,2.119221736284547e-05,0.0
NeuralNetwork,0.0001,8.0,45.0,True,236.0,0.0001233686615193308,0.0004908911622759467,1.4327368586050533e-05,3.699191677763134e-05,0.0011811657023572193,3.384755838993746e-05,0.00015100925116526148,2.5356986692973544e-05,7.591779140449277e-05,3.136460219994388e-05,0.0005982943541920089,2.9987715827326247e-05,0.0003697078905979578,4.441490537434254e-06,0.0,0.0006014622701039105,0.002318424811153292,7.366490368760607e-05,0.00018952861896850777,0.005413689353670987,0.00013334973006503387,0.0007423671349039618,0.00011191266419002845,0.0004148689455956033,0.00014306081212916465,0.0026677903139366295,0.00013636061980289483,0.0029487373693934025,2.1252371136497402e-05,0.0
NeuralNetwork,0.0001,8.0,45.0,True,237.0,0.00012330366474277567,0.000490882767821258,1.4310137863268428e-05,3.698098440616921e-05,0.001181083814564665,3.3839826655355746e-05,0.00015029608400041522,2.534795462121218e-05,7.600738915471696e-05,3.1331079607864594e-05,0.0005970485207205513,3.00379520196799e-05,0.00036962736006374307,4.44525348228425e-06,0.0,0.0006013550098587132,0.0023184169388417177,7.361430182771862e-05,0.00018957881666954208,0.005412099204563282,0.0001330755463561172,0.0007412708686582697,0.00011247515959559746,0.0004123661128230065,0.00014327474688209077,0.0026697608284980247,0.00013652655922766752,0.002952491899706283,2.1210086748659985e-05,0.0
NeuralNetwork,0.0001,8.0,45.0,True,238.0,0.00012324349779003073,0.0004908577852814666,1.4291591741486058e-05,3.6931205089040845e-05,0.0011810245678726694,3.379452320925309e-05,0.0001498000781651777,2.5342248701503015e-05,7.575228207837539e-05,3.134242868969704e-05,0.0005961150493261949,2.9935398593424465e-05,0.0003695785196000996,4.462925390895165e-06,0.0,0.0006017095450335329,0.002318430996540957,7.374601661221786e-05,0.00018953276598978342,0.005413554592411211,0.00013320424459265464,0.0007400315418933173,0.00011257432494898262,0.0004116984189681287,0.0001432613803530639,0.002670476459107309,0.00013582887561441217,0.002970765784101666,2.1374914736586545e-05,0.0
NeuralNetwork,0.0001,8.0,45.0,True,239.0,0.00012320822300615337,0.0004908511982452516,1.4280011711737537e-05,3.691238785448743e-05,0.0011813262932704727,3.389275138268895e-05,0.00014935719035063792,2.5260091490662003e-05,7.577049684010426e-05,3.1313419623195e-05,0.0005960995456921766,2.9922636210757768e-05,0.0003703624572394029,4.462983755450043e-06,0.0,0.0006010051137246426,0.002318309725455518,7.352691565482121e-05,0.00018936405016941094,0.005414141091115378,0.00013318301746680303,0.0007378053646417533,0.00011212104615175499,0.0004118041328664096,0.0001434382847832434,0.002658244011537084,0.00013617007940445306,0.002958079179128011,2.1384895703046578e-05,0.0
NeuralNetwork,0.0001,8.0,45.0,True,240.0,0.0001231541510701501,0.0004908360560949279,1.425941216174483e-05,3.689361831569929e-05,0.0011812141412487307,3.3787785554831884e-05,0.00014881459328363526,2.524171355920982e-05,7.57786603468769e-05,3.134812958879933e-05,0.0005961459762645218,2.9984173789178587e-05,0.00036839269242196714,4.48352086164479e-06,0.0,0.0006007088711426693,0.0023182210682323144,7.34188880935405e-05,0.0001890938494752788,0.005414956826800352,0.00013315682328722013,0.000738614338373988,0.00011213601760144504,0.0004121885640816119,0.00014216136538757469,0.0026659547532879332,0.00013615103122198357,0.0029450045816553465,2.139883332610505e-05,0.0
NeuralNetwork,0.0001,8.0,45.0,True,241.0,0.00012311019063638548,0.0004908287460913234,1.4244612667840124e-05,3.6871301718156617e-05,0.001181258909794352,3.3977634783061046e-05,0.000148544384221825,2.530250306720682e-05,7.567867998164298e-05,3.121399152471691e-05,0.0005957302700155829,2.9947299942012745e-05,0.00036884587248059295,4.478895941352587e-06,0.0,0.0006006274302050753,0.002318252557478611,7.341297800248524e-05,0.00018911158560581926,0.005414280598935458,0.00013255151047271752,0.0007372722029685974,0.00011189941480849524,0.0004130440687983291,0.00014202014408396476,0.0026619434356689453,0.00013660543463515036,0.0029498104404353494,2.1326039337886954e-05,0.0
NeuralNetwork,0.0001,8.0,45.0,True,242.0,0.00012312859618117546,0.0004908200303177949,1.4242782656635558e-05,3.684334697909753e-05,0.0011815266247236055,3.377937101771568e-05,0.00014840910899028623,2.530617815143657e-05,7.532622835867488e-05,3.123418691585649e-05,0.000595695406921469,2.9876080123240735e-05,0.0003691136114038226,4.482360787669603e-06,0.0,0.000600697859278265,0.0023181251010055063,7.339070826394004e-05,0.00018889319924813398,0.005415334717781389,0.00013298371443583532,0.0007392520424704882,0.00011211432188561878,0.00040975044358451413,0.00014260934911808877,0.002662780337363669,0.00013580734390507705,0.002945261556397444,2.1427153732697918e-05,0.0
NeuralNetwork,0.0001,8.0,45.0,True,243.0,0.00012309112237148852,0.0004908060127834104,1.4232053619751712e-05,3.683419441277126e-05,0.001181483522744535,3.379936809488384e-05,0.00014844217470714023,2.5224947242563305e-05,7.539034652902753e-05,3.1309563797117887e-05,0.0005951636242416669,3.0074630063177762e-05,0.0003671657364323454,4.44091944340265e-06,0.0,0.0006003673159101474,0.002318058561229106,7.329655096590893e-05,0.00018878663017314934,0.005416159888503308,0.00013275685831435821,0.0007336046429550123,0.0001120129073003553,0.00041050557632866147,0.00014210378739443964,0.0026607659627806467,0.0001361914705367958,0.0029495472803055863,2.1323749104385855e-05,0.0
NeuralNetwork,0.0001,8.0,45.0,True,244.0,0.00012305268460528228,0.0004908142064138243,1.4229602308446828e-05,3.684271940323863e-05,0.0011812845711513258,3.379126232509022e-05,0.0001483066886101129,2.5292291152830714e-05,7.532868343543492e-05,3.129477057897177e-05,0.0005942819655102218,2.9944849885859578e-05,0.0003687691174427454,4.481118187468971e-06,0.0,0.000600268302848504,0.002318059685845045,7.32626719107418e-05,0.00018881555388933457,0.0054156014518477544,0.00013310435292480875,0.0007334129427963833,0.00011229886433238503,0.00040889029982704787,0.0001426007036330565,0.002661076731651834,0.00013561789297832633,0.002946749048412971,2.161365547129568e-05,0.0
NeuralNetwork,0.0001,8.0,45.0,True,245.0,0.00012297670274089289,0.0004907981404718363,1.4206290375591931e-05,3.681197822736601e-05,0.0011815148522626253,3.381258233216895e-05,0.00014869080520061792,2.5243927646840035e-05,7.507189947639835e-05,3.124804379082112e-05,0.0005950504396803616,2.993177371526343e-05,0.00036722244920756297,4.482109129750183e-06,0.0,0.0005998141923040714,0.0023178908060181814,7.309844869675126e-05,0.00018841348026158675,0.005417461968986973,0.00013268176677092065,0.0007340016792405326,0.00011156664563799804,0.00041052699089050293,0.00014159752278582855,0.0026588241259256997,0.0001360247462238156,0.002933854951798541,2.125680370478885e-05,0.0
NeuralNetwork,0.0001,8.0,45.0,True,246.0,0.00012301801229422948,0.0004907899066765674,1.4214205362324444e-05,3.6796765788546146e-05,0.0011814214874958757,3.3847811930584455e-05,0.0001480456973825182,2.5241851625898776e-05,7.503861285284201e-05,3.128510340044119e-05,0.000594269715229456,2.9944704288260314e-05,0.00036668146877597284,4.488013991006623e-06,0.0,0.0005996213206705057,0.0023178092713625927,7.30458436147222e-05,0.0001881746048072599,0.005419202342037279,0.00013223496623009255,0.0007355931045124366,0.00011147111185691642,0.0004083575130258716,0.00014174525749008612,0.002651146185473076,0.00013559633783949247,0.0029383894032652272,2.1368410122000945e-05,0.0
NeuralNetwork,0.0001,8.0,45.0,True,247.0,0.00012287824864014782,0.0004907672536983644,1.4158354876337025e-05,3.6765226336181e-05,0.0011812459620753736,3.3768039508007284e-05,0.00014805691341826857,2.5237222626363493e-05,7.504431124164088e-05,3.1355381855424844e-05,0.0005918531565653346,2.9945838945413213e-05,0.00036694278132240726,4.475808895702632e-06,0.0,0.0006001469849040673,0.0023179622191303183,7.3228915860443e-05,0.00018846932447181557,0.005415966680879245,0.00013274643218742226,0.0007329037729299293,0.0001117673192946416,0.0004086867443420602,0.00014240790228798705,0.0026575034519411484,0.00013533560266284822,0.0029509331820146093,2.1421390076009732e-05,0.0
NeuralNetwork,0.0001,8.0,45.0,True,248.0,0.00012278044721829602,0.0004907352824738083,1.4120903659380992e-05,3.6680395652181056e-05,0.0011815798031473872,3.364110350448166e-05,0.00014790646591276491,2.52249045674049e-05,7.498226156131919e-05,3.124766473500234e-05,0.0005902943987088062,2.9817168322213575e-05,0.0003667707150837161,4.47808009273601e-06,0.0,0.0005995412855028357,0.0023178441344567065,7.304829199733974e-05,0.0001881558729230233,0.005417461286520628,0.0001320839396812631,0.0007314503942645571,0.00011183886126902119,0.0004079079478041931,0.00014136083798963318,0.002658327982860541,0.00013530800271334138,0.0029459473846843408,2.1338616585675276e-05,0.0
NeuralNetwork,0.0001,8.0,45.0,True,249.0,0.0001227954487916273,0.0004907430744556725,1.4135978031511899e-05,3.6700563429982836e-05,0.0011815039877994748,3.359720582830295e-05,0.00014792608644441775,2.5240809849972994e-05,7.475965789386205e-05,3.1270493434445874e-05,0.0005911659760616539,2.9903723584673798e-05,0.00036663150369639023,4.455239783139081e-06,0.0,0.0005993656111213397,0.0023177783444242655,7.301954400239501e-05,0.00018804522711525924,0.005417608628467943,0.00013205895212086493,0.0007307000411381512,0.00011184146194338048,0.0004066174978730064,0.00014158843214032035,0.002653354181433624,0.00013519419392324844,0.0029496648026712284,2.1270761828658715e-05,0.0
NeuralNetwork,0.0001,8.0,45.0,True,250.0,0.00012278085890805946,0.0004907268880191196,1.4128812370354918e-05,3.667652225397989e-05,0.0011814988349634666,3.374760312773789e-05,0.00014654851224865875,2.5241952038036203e-05,7.460361743230383e-05,3.126608785191636e-05,0.0005916384352506653,2.9872400018404114e-05,0.000365989107006001,4.490939749660839e-06,0.0,0.0005992566639522336,0.0023177153659316727,7.295579233634396e-05,0.000187949353606446,0.005418463668339969,0.00013192938699287438,0.0007304718846794944,0.00011158217939565766,0.0004071635457704652,0.00014138721960520593,0.002656608819961548,0.00013538426573171555,0.0029436507315005896,2.1409253595666315e-05,0.0
NeuralNetwork,0.0001,8.0,45.0,True,251.0,0.00012271557093630582,0.0004907145574086438,1.4110874997155686e-05,3.6657356087248926e-05,0.0011817186188951313,3.385055820254303e-05,0.00014616250790997013,2.5159895239332614e-05,7.445519825197616e-05,3.1234094034629366e-05,0.0005895708288465228,2.988079447309283e-05,0.000367151598403396,4.523865517098306e-06,0.0,0.0005988819794085041,0.0023176366428159316,7.287819383654205e-05,0.00018777560044384604,0.00541954079000988,0.00013191187344257187,0.0007303688886030665,0.0001115369253188559,0.0004061069222366285,0.00014129846866400736,0.0026528689096558767,0.0001351526065629983,0.0029380786343940397,2.1518370628638087e-05,0.0
NeuralNetwork,0.0001,8.0,45.0,True,252.0,0.00012270804002599897,0.0004907123483416206,1.410676186497642e-05,3.6618491569458635e-05,0.0011820744994219426,3.3682001368054806e-05,0.0001468062400817871,2.518104705608116e-05,7.430557914660626e-05,3.1156771668205366e-05,0.0005906336712387372,2.9798358618570466e-05,0.0003666953256509375,4.471818454603782e-06,0.0,0.0005989202163504355,0.002317651262823141,7.286397798818612e-05,0.00018771994366960707,0.005419242996237594,0.00013194936064054382,0.0007294628698870821,0.00011126442853384797,0.00040675432614560396,0.00014154006194018717,0.002649855876118882,0.00013507211452010292,0.002942133812034655,2.13082870995661e-05,0.0
NeuralNetwork,0.0001,8.0,45.0,True,253.0,0.00012266476239476885,0.0004906912216279064,1.4097754896249412e-05,3.657965968561301e-05,0.0011822436708034943,3.3616211335614046e-05,0.0001462563028875387,2.513361738296853e-05,7.430115097134582e-05,3.112509916975813e-05,0.0005901271120878564,2.9897844454027573e-05,0.0003654092469948,4.468611228176847e-06,0.0,0.0005985083257627188,0.002317537301741306,7.271907825327519e-05,0.00018758495461265997,0.0054191976907631174,0.0001317987323931928,0.0007298888181740383,0.00011179877339668994,0.00040461680611724376,0.00014084687679068847,0.002649910982299901,0.0001352124923617585,0.002935815344816484,2.1288969477861183e-05,0.0
NeuralNetwork,0.0001,8.0,45.0,True,254.0,0.0001225551525055559,0.0004906775254123615,1.4064947740649277e-05,3.656292098230429e-05,0.0011823156640909619,3.361115307419126e-05,0.00014571651736038394,2.509083428151524e-05,7.464612189007577e-05,3.118492723153929e-05,0.0005891475716048495,2.976268720675029e-05,0.00036621358838042804,4.496340039926719e-06,0.0,0.0005985316146844588,0.0023175059999309996,7.270666061894699e-05,0.00018749866376882829,0.005420479922924922,0.00013179323817574004,0.0007286409162125497,0.0001114437462023969,0.00040479023126686143,0.00014162944547785154,0.002647163170688557,0.00013467054462657784,0.0029401685456809756,2.1411019594133274e-05,0.0
NeuralNetwork,0.0001,8.0,45.0,True,255.0,0.00012262281020375274,0.0004906739507402692,1.4079196222949863e-05,3.65495887607577e-05,0.0011821941849334593,3.365783216657664e-05,0.00014640169966252987,2.505677448450073e-05,7.441817629690762e-05,3.114194079550771e-05,0.0005900871882220163,2.9762749964336178e-05,0.00036547865186418803,4.47011176205549e-06,0.0,0.0005983119397043432,0.002317392038849165,7.267302757351654e-05,0.00018726031547822294,0.005421402719546703,0.00013160137401061988,0.000727951245487861,0.00011094173404780574,0.00040619487657487017,0.00014095578881554634,0.0026467909228126956,0.00013493330645486244,0.002927983894288165,2.129509043440504e-05,0.0
NeuralNetwork,0.0001,8.0,45.0,True,256.0,0.0001224368168016007,0.0004906423811642629,1.4020382323756693e-05,3.648671570090914e-05,0.001182551616231093,3.359640002090012e-05,0.00014604413204115997,2.510335065444525e-05,7.383625281628252e-05,3.1117565749147834e-05,0.0005883123836106046,2.977574580522239e-05,0.0003645553421781391,4.4749993228446445e-06,0.0,0.0005979650425461103,0.002317346117031649,7.25427361310653e-05,0.00018725630903393967,0.005420865758607503,0.00013217286634370216,0.0007247541498088236,0.00011153219256011196,0.0004021284527748636,0.00014125146908955003,0.002643534784796853,0.00013500678136288744,0.002923850930711758,2.1428190488016832e-05,0.0
NeuralNetwork,0.0001,8.0,45.0,True,257.0,0.00012245990155199468,0.000490636999073697,1.4024636032928353e-05,3.6488144063564e-05,0.0011822790958523441,3.365181998984833e-05,0.0001459519838226452,2.5033448744976937e-05,7.395213344347766e-05,3.1148866722686596e-05,0.0005884871007297238,2.9665877354755556e-05,0.0003658306566531446,4.52600743350475e-06,0.0,0.0005984453472701258,0.0023173502406234263,7.270890399345062e-05,0.00018724583604800627,0.005420766833886478,0.0001317556455450238,0.0007271010358378573,0.0001114973763249955,0.0004022618603406462,0.00014126726057169572,0.0026418238690814133,0.00013470655576612963,0.002935945987701416,2.1584869403415507e-05,0.0
NeuralNetwork,0.0001,8.0,45.0,True,258.0,0.00012249232463116915,0.0004906305726969018,1.4042789292223049e-05,3.6482380406875814e-05,0.0011825170825478432,3.3760154644916e-05,0.0001450128793073793,2.505074473564837e-05,7.360332176049122e-05,3.1146783170835024e-05,0.0005875202121760325,2.978582467351641e-05,0.00036566762750682164,4.496467124038148e-06,0.0,0.0005981345783989385,0.002317286137514894,7.260806928828078e-05,0.00018703330706500406,0.005422719176941039,0.000131441537970267,0.0007250014247384461,0.00011110263613035094,0.00040371500471103117,0.00014086024331971535,0.0026434416291098925,0.0001348644471580877,0.002929928917554939,2.1440168819243803e-05,0.0
NeuralNetwork,0.0001,8.0,45.0,True,259.0,0.00012238901058297274,0.0004906193667023651,1.400141949160401e-05,3.6436958976511686e-05,0.0011827670188383076,3.352974895438094e-05,0.00014520050942737136,2.5072624540393244e-05,7.352047170590197e-05,3.109502322429595e-05,0.0005873508369826242,2.975667251971854e-05,0.00036576687486345236,4.518544615178577e-06,0.0,0.0005976900739489862,0.0023172600839123036,7.249404963269924e-05,0.0001869554859849642,0.00542276872704412,0.00013111637167210848,0.0007265613139050562,0.00011114356746463656,0.0004026935722842906,0.0001408036025065296,0.0026422958329038798,0.00013501505197594,0.002919403074672387,2.1478858243369456e-05,0.0
NeuralNetwork,0.0001,8.0,45.0,True,260.0,0.00012244527150357187,0.0004906238250012668,1.4013536726287754e-05,3.646609857879238e-05,0.0011820933430985003,3.363302032741896e-05,0.00014558568034531936,2.5081084262971288e-05,7.313402053320183e-05,3.1195109022274175e-05,0.0005866493176257193,2.9840732540563753e-05,0.00036452092089742983,4.521756234636526e-06,0.0,0.0005977158463975918,0.002317234217745703,7.246475104453429e-05,0.00018709191595608332,0.005420517503857548,0.0001314438574906415,0.0007248143167615686,0.00011123828121326255,0.000402297520037717,0.00014132113670403101,0.002639106796972407,0.00013549717248610731,0.0029145563548465944,2.1539679757735264e-05,0.0
NeuralNetwork,0.0001,8.0,45.0,True,261.0,0.00012236189930586803,0.0004906003285611093,1.3982536989161268e-05,3.640424470213867e-05,0.001182466061709867,3.3355300437729316e-05,0.00014571128588802408,2.491947343808943e-05,7.326366766443793e-05,3.11644205627737e-05,0.0005872714310643487,2.9801187730542413e-05,0.00036429941172227065,4.495103087908817e-06,0.0,0.0005973640290446252,0.0023171345017990977,7.233167734910857e-05,0.00018680067557208944,0.005423083514859201,0.00013081580634761907,0.0007271704808721002,0.00011102693541994635,0.0004021366062404225,0.00014037840396353285,0.0026403204450067483,0.00013527984045586495,0.002917753263089642,2.1425053863874023e-05,0.0
NeuralNetwork,0.0001,8.0,45.0,True,262.0,0.00012231625194819467,0.0004905730566245848,1.3977571608965608e-05,3.6336295808743276e-05,0.0011831859335421078,3.346294224904875e-05,0.00014495686941712373,2.4959457551212003e-05,7.35276411325141e-05,3.096775084010996e-05,0.0005875402142738075,2.9751292939456004e-05,0.000363407711777083,4.472794962640239e-06,0.0,0.0005977091924199518,0.002317127379231483,7.248275661431019e-05,0.0001867410826420634,0.005423092175503382,0.00013124401558120295,0.0007238112530618344,0.00011127773648912801,0.0004014707398864458,0.00014057858560070303,0.00263860821723938,0.00013468891335358408,0.0029229926613141906,2.137491912961756e-05,0.0
NeuralNetwork,0.0001,8.0,45.0,True,263.0,0.00012226606596190973,0.0004905731369542947,1.39549776228933e-05,3.6350172766135385e-05,0.0011830300543325032,3.3480494290670614e-05,0.00014541804228188857,2.4926221133724377e-05,7.347693802372143e-05,3.109226691112364e-05,0.0005859608920115345,2.9722770871820476e-05,0.00036361913957364477,4.520416987753621e-06,0.0,0.0005974328649119012,0.002317083144337876,7.238954235360307e-05,0.0001866298979558285,0.005424215407534605,0.00013104707892960723,0.0007231795469170096,0.00011090923733306381,0.0004007262909937205,0.00014110517529946454,0.0026327054830467176,0.00013446623939763076,0.0029273312421714734,2.1528500958152535e-05,0.0
NeuralNetwork,0.0001,8.0,45.0,True,264.0,0.000122242700057531,0.0004905626539271475,1.3948425730926328e-05,3.633938850257596e-05,0.0011826179674916555,3.3431510739731336e-05,0.00014438660880626051,2.4894789624406963e-05,7.333586399124639e-05,3.119432831790569e-05,0.0005849602248148134,2.9775612759140302e-05,0.0003634406871230133,4.4978672457793654e-06,0.0,0.0005970833436498102,0.002317044532523965,7.231441566591743e-05,0.00018649175763130188,0.0054232311996106446,0.00013114600998800506,0.0007236629443348578,0.00011069482227541366,0.00040173240052828997,0.00014082575509758116,0.0026353539535834353,0.00013439845785779772,0.0029136960236531384,2.1329165711624068e-05,0.0
NeuralNetwork,0.0001,8.0,45.0,True,265.0,0.00012229215303521273,0.0004905581152985359,1.3965179496055664e-05,3.6337827093839e-05,0.001182888322699452,3.350815783453116e-05,0.00014415236737207583,2.4883513341374155e-05,7.337546151763988e-05,3.1096456607557694e-05,0.0005863099246012233,2.9787599458045395e-05,0.00036320242920333164,4.511149888833096e-06,0.0,0.0005967855547209206,0.002316926635286343,7.219274627899974e-05,0.00018637124800457145,0.005425600647173179,0.00013060830299209498,0.0007231889655755001,0.00011053652086722775,0.00040179673793180935,0.00014019891057374343,0.002635504277247303,0.00013494844191104362,0.0029084693710759,2.1429933056985056e-05,0.0
NeuralNetwork,0.0001,8.0,45.0,True,266.0,0.0001222200872441829,0.0004905479134253736,1.394352310831656e-05,3.632822769350119e-05,0.001182808828739039,3.3513650378448304e-05,0.00014424015770382636,2.4885054667683625e-05,7.338486511430971e-05,3.111855229839803e-05,0.0005843085902077812,2.9793305377754562e-05,0.00036243761003499405,4.527992455946467e-06,0.0,0.000596877820086929,0.002316954000940863,7.220120432804215e-05,0.00018637708194975584,0.005424731624055619,0.00013084685043343957,0.0007219198833471574,0.00011039840397219987,0.00040084887413108873,0.00014091608752994417,0.0026272046116163146,0.0001344651147816916,0.002915692966689104,2.151542583351615e-05,0.0
NeuralNetwork,0.0001,8.0,45.0,True,267.0,0.00012223579170247614,0.0004905408845757538,1.3943722677439692e-05,3.629831491776232e-05,0.0011828544285769087,3.357697278261185e-05,0.00014417338363243885,2.483175841544195e-05,7.336132348869046e-05,3.105052558559613e-05,0.0005842983080049088,2.975708420948198e-05,0.0003623278394863612,4.531439730139435e-06,0.0,0.0005966917430079958,0.002316840977038977,7.210534839135296e-05,0.00018617373733025678,0.005424784456187065,0.00013046791343569007,0.000721821666888471,0.00011056680349433947,0.0003992268499338402,0.00014032513699816459,0.002624884528933831,0.00013486659095722175,0.0029050256096342076,2.1597850810056963e-05,0.0
NeuralNetwork,0.0001,8.0,45.0,True,268.0,0.00012224813235416567,0.0004905423706753877,1.3943401358599933e-05,3.6291476851203694e-05,0.0011825746721446232,3.341558035412889e-05,0.00014450233379464266,2.483311648960062e-05,7.343427792713648e-05,3.108901355787107e-05,0.000585922815729023,2.9764682897981607e-05,0.00036132990349977805,4.517055691453324e-06,0.0,0.0005964640082803162,0.002316796367273391,7.206654328407731e-05,0.00018602275764042475,0.005425768968377419,0.0001302962454984773,0.0007220260189764155,0.0001101557915128252,0.0004015928544338394,0.0001401377595820517,0.0026293756826868595,0.00013476161508815094,0.0029061069278597082,2.1453778429320022e-05,0.0
NeuralNetwork,0.0001,8.0,45.0,True,269.0,0.0001221142528513371,0.0004905109617588013,1.3906807410267163e-05,3.623380011946686e-05,0.0011829742777966505,3.3411528724383796e-05,0.00014366339038645803,2.482250543697825e-05,7.305511165500651e-05,3.1053098646617644e-05,0.000583448178684615,2.972306708762588e-05,0.00036177191772872227,4.548743251721171e-06,0.0,0.0005964040287635611,0.0023167272033931324,7.203914834268437e-05,0.00018594253503676481,0.005425988649283865,0.0001308296648961193,0.0007169678244950637,0.00011061701291012314,0.0003983578966848505,0.00013987220964341795,0.002631027930937473,0.00013471557612314164,0.0029057448015272994,2.1681293505448964e-05,0.0
NeuralNetwork,0.0001,8.0,45.0,True,270.0,0.0001220577609828219,0.0004904994344454249,1.3887395233799504e-05,3.621862533519853e-05,0.0011830114185702402,3.335823247214212e-05,0.00014368906576999756,2.487789026167836e-05,7.301818007086165e-05,3.102895705847727e-05,0.0005823113927944008,2.976162032779015e-05,0.0003620400583005016,4.5055873702076885e-06,0.0,0.0005962053934733073,0.002316715957233741,7.200444339768692e-05,0.00018591058891524308,0.005426774004014114,0.00013051002795966165,0.0007175228693200357,0.00011042445757479038,0.00039784619643253353,0.00013984824126621461,0.00262924166595411,0.0001347800775331521,0.002909474402853528,2.1475736262663355e-05,0.0
NeuralNetwork,0.0001,8.0,45.0,True,271.0,0.00012203739740135214,0.0004904850152624906,1.3873307410918799e-05,3.619772454879355e-05,0.0011830595074585313,3.337205420285865e-05,0.00014345242448572844,2.476148498106517e-05,7.310465500361193e-05,3.107299029104151e-05,0.0005829107327602623,2.9747078139987595e-05,0.00036036988313628657,4.531607292893762e-06,0.0,0.0005960913386734777,0.0023166572897689148,7.19596286239864e-05,0.00018577739221494903,0.005425852016982906,0.0001306452395968467,0.0007197989982628973,0.00010985953721610256,0.00039964230180536425,0.00014001031482369645,0.00262554018002636,0.00013461969089957902,0.002898070234922493,2.1571745955437984e-05,0.0
NeuralNetwork,0.0001,8.0,45.0,True,272.0,0.00012198015244180623,0.0004904736084436792,1.3858507917014093e-05,3.616098625801323e-05,0.001183153714486586,3.328301373999716e-05,0.00014257300494494786,2.4820283818437725e-05,7.312433076194032e-05,3.10985853448711e-05,0.0005816747798431273,2.9617099648698e-05,0.0003616537527254007,4.519846521297876e-06,0.0,0.0005959839847102856,0.002316571818957539,7.192098166582719e-05,0.00018562553391891456,0.005426527307439419,0.0001308372326242099,0.0007149086058514673,0.0001100625772521181,0.0003974687472079535,0.00013977402832897955,0.002627789224468687,0.00013466651475279586,0.0028965664359758485,2.146435538365406e-05,0.0
NeuralNetwork,0.0001,8.0,45.0,True,273.0,0.00012193425405378933,0.000490447099639399,1.3843859041315525e-05,3.61037538499845e-05,0.0011838128043149395,3.337388170375978e-05,0.00014270642255194424,2.4682222150085428e-05,7.297679018781512e-05,3.098576728786741e-05,0.0005816135284392981,2.967292126619591e-05,0.0003605355229981826,4.50531751258836e-06,0.0,0.0005953376585582517,0.0023164076250304214,7.173398497906871e-05,0.00018531421445450692,0.005430333544593579,0.00013049035889547576,0.000715545044755036,0.00011041578866025936,0.00039580464363098145,0.0001395027147336576,0.0026207495035615357,0.00013447473259092126,0.0028916400558543654,2.1284293828520385e-05,0.0
NeuralNetwork,0.0001,8.0,45.0,True,274.0,0.0001219188608731221,0.0004904493890361323,1.3840255500733692e-05,3.609517363284155e-05,0.0011834521353648974,3.328873974213382e-05,0.00014292251951289627,2.468270412834507e-05,7.31211778208252e-05,3.102227965133852e-05,0.0005816134481095882,2.9612453077038666e-05,0.0003603396390004942,4.496675479223304e-06,0.0,0.0005956604701917877,0.002316514088672662,7.189788603745167e-05,0.0001853196032392154,0.005428717478536337,0.00013022780793267975,0.0007177667235428433,0.00010977789712776928,0.0003979275905111301,0.00013950440165756632,0.002627249221381901,0.00013380034961415536,0.0029053168851624496,2.1467553510231044e-05,0.0
NeuralNetwork,0.0001,8.0,45.0,True,275.0,0.00012191909182103818,0.0004904466979908493,1.3842436954419247e-05,3.612669049247577e-05,0.001183421797016624,3.3217163460273946e-05,0.0001430472414287917,2.472779168835226e-05,7.316900914248752e-05,3.107659759707849e-05,0.0005796865391924054,2.9738553149520226e-05,0.00035968350592970527,4.52887357245237e-06,0.0,0.0005953426724709805,0.002316416247085955,7.173297165324853e-05,0.00018529667747470567,0.005428535113457259,0.0001302565207833764,0.00071632131090704,0.00011013034707720174,0.00039736204927072585,0.0001391990215710874,0.002621911419262676,0.0001345583641866468,0.0028891053589634925,2.1562706561958265e-05,0.0
NeuralNetwork,0.0001,8.0,45.0,True,276.0,0.00012188633738181018,0.0004904265352336545,1.3819291956742818e-05,3.607866838775234e-05,0.00118335127047962,3.3401495041551616e-05,0.0001426625926539583,2.4752957480294363e-05,7.250490334798705e-05,3.0934906029958285e-05,0.0005813285186284314,2.9748273044422952e-05,0.00035948537270013854,4.513163152188464e-06,0.0,0.0005953588388251059,0.0023163783850160035,7.172725485555781e-05,0.00018519542689593332,0.005428689181718241,0.00013015887834740884,0.0007173090517146033,0.00011006175721966245,0.0003962338251887627,0.00013915719991584993,0.002624562701339242,0.00013408567404971932,0.002897961896920354,2.1554185546138e-05,0.0
NeuralNetwork,0.0001,8.0,45.0,True,277.0,0.00012188494165309999,0.0004904339255669689,1.3825202466181989e-05,3.6104200683996045e-05,0.0011832719815205936,3.3284299015356206e-05,0.0001426520995855974,2.4762928405540652e-05,7.260869435383625e-05,3.1092861853037884e-05,0.0005803813510185304,2.9704242322162155e-05,0.00035994505946526954,4.524251476251533e-06,0.0,0.000595245674346228,0.0023163343375583864,7.169920974557505e-05,0.00018506624835467188,0.005429401335413182,0.00012986207345746598,0.0007173985992587588,0.00010978156384432091,0.0003969632792022993,0.0001389280359887477,0.0026284255696542606,0.00013418492140635004,0.0028897739431393223,2.1549455716081384e-05,0.0
NeuralNetwork,0.0001,8.0,45.0,True,278.0,0.00012177481966198616,0.0004904035207717566,1.3791413781938527e-05,3.599689274303354e-05,0.0011840947376473157,3.320915308201088e-05,0.00014257993338243018,2.460323294218017e-05,7.291236576044335e-05,3.096597856588441e-05,0.0005805096375653044,2.9517641426578686e-05,0.0003589528268880921,4.494910735908062e-06,0.0,0.0005947311625540631,0.0023161915113341135,7.15909537466817e-05,0.00018479235751448937,0.005431860174637932,0.00013015070145235122,0.0007106411569523361,0.00011001222725934203,0.0003948346623834574,0.000138906773718648,0.0026262037034304637,0.0001339390756761503,0.0028910143945202137,2.1333706641347152e-05,0.0
NeuralNetwork,0.0001,8.0,45.0,True,279.0,0.00012177537192874199,0.0004903958894493124,1.3788088885038047e-05,3.600439855030605e-05,0.0011837193139662232,3.3264025804810124e-05,0.00014199454066245705,2.4642471495182367e-05,7.277684953977477e-05,3.096036552740236e-05,0.0005795502196746374,2.969274513242701e-05,0.0003585122184290719,4.504426668656644e-06,0.0,0.000594987246975209,0.0023162996619002624,7.167438033429332e-05,0.00018495881238823417,0.005430158577224466,0.00012929652050231238,0.0007157918042356863,0.0001098636842373782,0.0003958630768008202,0.0001390502208246375,0.002622428367722709,0.0001342903307211474,0.0028955053608372525,2.1530539324542263e-05,0.0
NeuralNetwork,0.0001,8.0,45.0,True,280.0,0.00012172214345469308,0.0004903805464747138,1.378214197619906e-05,3.594936516808692e-05,0.0011844248217397918,3.3242801189261945e-05,0.00014229454200544126,2.45129247760837e-05,7.310723057493687e-05,3.0891909552712965e-05,0.000580025128919802,2.9573091519168125e-05,0.00035856226383836445,4.513707260458135e-06,0.0,0.0005945120967409146,0.0023161195359140073,7.154878650633794e-05,0.00018450644734145712,0.005432350024332218,0.00013018493194999934,0.0007085588368229896,0.00010908713693138939,0.00039687958903282696,0.00013907592298474701,0.0026162287349221092,0.00013324031430595327,0.00289633757663223,2.1568571258359736e-05,0.0
NeuralNetwork,0.0001,8.0,45.0,True,281.0,0.00012166546080311676,0.0004903746824058882,1.3760548346045847e-05,3.594425921089887e-05,0.001184208021935708,3.3096849637211494e-05,0.00014244323229854,2.458144350835898e-05,7.283540487771407e-05,3.091344042528029e-05,0.000578638035653415,2.9566961358178337e-05,0.00035965241833195856,4.506975254219658e-06,0.0,0.0005941292587316261,0.002316011572783848,7.14046189432624e-05,0.0001845025229004194,0.005431534472346188,0.0001302500308122275,0.0007074309876130062,0.00010972126802933292,0.0003926767352617012,0.0001391314743262417,0.0026041023761221448,0.00013413933931656603,0.0028821329275767007,2.1421641943121107e-05,0.0
NeuralNetwork,0.0001,8.0,45.0,True,282.0,0.00012164853131674692,0.0004903471694802338,1.3751122156645089e-05,3.590247269990952e-05,0.0011844075739980686,3.322748833830466e-05,0.00014190979281847047,2.4572810574843877e-05,7.240213654593958e-05,3.08931170086655e-05,0.0005780669717454525,2.9577888709033595e-05,0.00035861046166432833,4.5201031998241686e-06,0.0,0.0005942445787243873,0.002316027504842986,7.144354705540639e-05,0.0001843741643916136,0.005433209117135839,0.00013000314246933416,0.0007079226790734057,0.00010971982711516086,0.00039390676051565687,0.00013828475567154915,0.0026173775301039596,0.00013346957195105042,0.002893753209204044,2.1465973483410272e-05,0.0
NeuralNetwork,0.0001,8.0,45.0,True,283.0,0.00012166059081445164,0.0004903481736016081,1.3754650388123855e-05,3.5906521819351175e-05,0.001184528235966742,3.3119372079635886e-05,0.00014161616764621273,2.4488160632691295e-05,7.265439693818516e-05,3.098221520850601e-05,0.0005779079992494815,2.9552737978912108e-05,0.0003582899862865232,4.500649603349822e-06,0.0,0.0005944761090308615,0.0023160402504902966,7.152716693638256e-05,0.00018447343517774306,0.005431904887288614,0.00013008699664529764,0.0007087904608474588,0.00010956894114332379,0.00039402901564004287,0.00013890915181276933,0.0026092227524931325,0.0001337959331536443,0.002891613627379795,2.146710249238044e-05,0.0
NeuralNetwork,0.0001,8.0,45.0,True,284.0,0.00012157749977073258,0.0004903301395817266,1.3713327028118375e-05,3.5893656514243614e-05,0.0011842967452545367,3.3079736898690864e-05,0.00014210643994840328,2.4491848268438222e-05,7.25981561000135e-05,3.100936916076912e-05,0.0005767175531130274,2.9510366567222255e-05,0.000357646223991065,4.549946942218552e-06,0.0,0.0005940435067662653,0.002315853939116376,7.134292321572514e-05,0.00018417142893908158,0.005434258350248009,0.00012973406639114115,0.000706226149070188,0.00010961672560598865,0.0003908951327485858,0.00013871512041901642,0.0026085483578016174,0.00013354280084933875,0.002889141159237556,2.1707077668804043e-05,0.0
NeuralNetwork,0.0001,8.0,45.0,True,285.0,0.0001215262393745772,0.0004903262837556494,1.3707783022980806e-05,3.587730439766398e-05,0.001184577341621857,3.310549512224377e-05,0.00014197752080516353,2.4447965654080127e-05,7.270717355761566e-05,3.0976690030644206e-05,0.0005767880825983547,2.9693018755501494e-05,0.0003567280152415972,4.50482392417533e-06,0.0,0.000593904382402792,0.0023158723078433824,7.127370076172008e-05,0.00018416294746054045,0.0054324936728661136,0.00012991524670483932,0.000706315556037351,0.00010936581910406269,0.0003924475947640977,0.0001386109528676519,0.0026129759707540835,0.00013365460641729006,0.002882696360162219,2.155869426030033e-05,0.0
NeuralNetwork,0.0001,8.0,45.0,True,286.0,0.00012157582288803759,0.0004903250788100003,1.3723176203648036e-05,3.5876654229074154e-05,0.0011843443517436062,3.307054918811649e-05,0.0001417287095698385,2.454980113355297e-05,7.230522879211086e-05,3.101851419618509e-05,0.0005772593770065719,2.9527205682668404e-05,0.00035885165161842283,4.525963503194627e-06,0.0,0.0005935406160054717,0.0023157427895743894,7.119440362326004e-05,0.00018393431069715967,0.005434440805282025,0.00012973869371714082,0.0007030870648300123,0.00010952400336475492,0.0003917746995605013,0.00013837145653160864,0.0026057621218123525,0.00013359694642090948,0.002875838452165232,2.162446232758603e-05,0.0
NeuralNetwork,0.0001,8.0,45.0,True,287.0,0.00012145260715420356,0.0004902919829695052,1.3684225080389219e-05,3.580567037882509e-05,0.001184763131122241,3.309701029663137e-05,0.00014135134067496841,2.450469600142173e-05,7.232457319038576e-05,3.091950782868419e-05,0.0005765584601224915,2.957113850309521e-05,0.0003561077092214415,4.475876673895394e-06,0.0,0.0005936447835568362,0.0023157877742119555,7.125520902984547e-05,0.00018397815900403748,0.005434708447389436,0.00012971287440953765,0.0007054009152658331,0.00010930814739293273,0.00039175684628246717,0.0001385200464125699,0.0026000584446409214,0.0001334189290895402,0.0028871998846905786,2.1434132794632853e-05,0.0
NeuralNetwork,0.0001,8.0,45.0,True,288.0,0.00012151758384833117,0.0004903106997919211,1.370552123958531e-05,3.583845494169431e-05,0.0011843321032183015,3.314355132232779e-05,0.00014140749114221638,2.4522092404230585e-05,7.239811503983572e-05,3.093660801568764e-05,0.0005770878329109953,2.9528305195573206e-05,0.0003573838269935464,4.517123469646086e-06,0.0,0.000593289592356052,0.0023156769995419484,7.111278110705082e-05,0.0001836647425994933,0.005435055301783206,0.00012927256383985842,0.0007034652637985517,0.00010952990759843551,0.00039079532308398555,0.0001379043777596276,0.0026071680791722902,0.00013302903880113326,0.002887584690777761,2.1523820915780727e-05,0.0
NeuralNetwork,0.0001,8.0,45.0,True,289.0,0.00012145996736387679,0.000490306843965844,1.3676389168214926e-05,3.5846440216923016e-05,0.0011837958311691045,3.309851647869275e-05,0.00014197342398995658,2.452504201076744e-05,7.212175573460818e-05,3.100385402412106e-05,0.0005762847768007263,2.961359526510187e-05,0.0003573466343378442,4.491896175269811e-06,0.0,0.0005933810142601061,0.0023156983672447925,7.10416374341497e-05,0.00018379981365968597,0.005432381406587437,0.0001290577270512311,0.0007052434221753534,0.00010968465943756344,0.0003908165736393359,0.00013830013713746702,0.0026052942815816627,0.0001335664763578079,0.0028759576614547826,2.147260256720789e-05,0.0
NeuralNetwork,0.0001,8.0,45.0,True,290.0,0.00012136784926900323,0.0004902765596651967,1.3650581993745023e-05,3.5766449397946945e-05,0.001184847015783231,3.299987410519001e-05,0.00014195731788311364,2.4445267077886832e-05,7.210307405644029e-05,3.090337159820001e-05,0.0005755258217012144,2.9518311677596e-05,0.00035658097170755226,4.476177910307668e-06,0.0,0.0005931994356449295,0.002315599026170167,7.108171359173157e-05,0.0001835186128158989,0.005436348484370967,0.00012927932325024276,0.0007039260283206244,0.00010936502250110578,0.00039054622065346194,0.00013720650671038238,0.002609645982958236,0.00013331415237120863,0.0028755364927855677,2.1356299999843605e-05,0.0
NeuralNetwork,0.0001,8.0,45.0,True,291.0,0.00012139511116431408,0.0004902811786235182,1.3646155073636305e-05,3.5785989599889824e-05,0.0011840904795017535,3.299003120541894e-05,0.00014171497318943876,2.4375081504130298e-05,7.228884153128313e-05,3.101039587487429e-05,0.000575054527292997,2.9566439215063727e-05,0.00035731132943032565,4.5192305555923605e-06,0.0,0.0005931851436507027,0.0023156531951712364,7.110180438689465e-05,0.00018371735353889704,0.005433910067913087,0.00012943293875868216,0.0007020264114223936,0.00010925104970452171,0.0003894414729292288,0.00013823728750711717,0.0026057561238606772,0.0001337504564966046,0.0028814268562028992,2.1436749576772535e-05,0.0
NeuralNetwork,0.0001,8.0,45.0,True,292.0,0.0001213824692762123,0.0004902684061996378,1.366400960682216e-05,3.575478401788161e-05,0.001184708866505257,3.3088530491625846e-05,0.00014105436173732068,2.4446567415066484e-05,7.185070823145041e-05,3.101124435743553e-05,0.0005750276570050222,2.943999272070805e-05,0.0003566268399719279,4.496933099113385e-06,0.0,0.0005933556635424776,0.0023156473846555506,7.117065196892001e-05,0.00018367757025004934,0.005434594753135993,0.00012972191819604837,0.0007033398691213355,0.00010926586886246999,0.0003902110382445953,0.00013877241725816666,0.0025995906044102316,0.00013317334108382651,0.0028757372367307077,2.1489530380042094e-05,0.0
NeuralNetwork,0.0001,8.0,45.0,True,293.0,0.00012132245294167347,0.0004902437048138312,1.3629883286766607e-05,3.570137982259221e-05,0.001184516280385651,3.295667680366984e-05,0.0001408071972610494,2.4398846546755326e-05,7.195178308898227e-05,3.089093806528338e-05,0.0005755330915399639,2.9447322806740063e-05,0.00035627503600724626,4.5293414302551845e-06,0.0,0.0005930177164527606,0.0023155188035665067,7.103371826357811e-05,0.00018330778247155485,0.005435020846847043,0.00012917205129029616,0.0007011708598466789,0.00010926282302763477,0.00038893534889761005,0.0001382003626171148,0.0025990161131013113,0.00013232656385538712,0.00288840078707761,2.1591600991270076e-05,0.0
NeuralNetwork,0.0001,8.0,45.0,True,294.0,0.00012126303907995918,0.0004902328201381344,1.3620256273091e-05,3.567480072981585e-05,0.0011846115554898899,3.303825413441722e-05,0.0001403884585655603,2.442030211021958e-05,7.190233011130052e-05,3.084713578063523e-05,0.0005735530846845108,2.944987076472722e-05,0.000356773722846553,4.510606721927214e-06,0.0,0.0005926143073435849,0.002315446640710411,7.094832945544765e-05,0.00018324440567748352,0.005436111867358992,0.00012933556576195002,0.0006982883286176238,0.000109195369500784,0.000388964167181051,0.0001378048375342627,0.002594640419918036,0.00013314589342606142,0.0028744347440371725,2.1591372553657436e-05,0.0
NeuralNetwork,0.0001,8.0,45.0,True,295.0,0.00012129162641548403,0.000490234748051173,1.3618637127375024e-05,3.567935944085494e-05,0.0011845626013994466,3.2892679127882114e-05,0.00014129540107320904,2.439830432121323e-05,7.17041818199132e-05,3.088526226921544e-05,0.0005745088877382304,2.940273479711656e-05,0.0003556344065704757,4.5243807568784675e-06,0.0,0.0005928143484037628,0.0023154550753299546,7.094600993507313e-05,0.00018333115339654046,0.005434760080796287,0.00012956498741353834,0.0006983934802079351,0.00010917452896166148,0.0003900983657851909,0.0001375992202533866,0.0025985940072521473,0.00013331992774264618,0.0028698251307385523,2.162162442955206e-05,0.0
NeuralNetwork,0.0001,8.0,45.0,True,296.0,0.00012117085069658943,0.0004902031784751665,1.3574025269868882e-05,3.560591298293553e-05,0.0011849864434224878,3.278540131056084e-05,0.00014130945877244852,2.4385988772558074e-05,7.146562768442612e-05,3.0830874034979275e-05,0.000573336274797383,2.9417653530434457e-05,0.0003557177888093933,4.50167098306019e-06,0.0,0.0005921791278341281,0.0023153161852614685,7.07563247133351e-05,0.00018303819094438973,0.0054373443684094785,0.00012923634183481804,0.0006987358789024113,0.000108874537659891,0.0003876717023129733,0.00013707856993255377,0.0026020077789354625,0.00013366123696543136,0.002859279419641075,2.1397341159904528e-05,0.0
NeuralNetwork,0.0001,8.0,45.0,True,297.0,0.00012115950412506042,0.0004902081990820379,1.3576574483007755e-05,3.5632815904855085e-05,0.0011848270986201516,3.295255237512511e-05,0.0001410531367092441,2.4352629350202103e-05,7.1654512956136e-05,3.0878419182049936e-05,0.0005726331488462793,2.950446484384511e-05,0.00035440616530549497,4.523482382036444e-06,0.0,0.0005919706521544067,0.0023153111244897423,7.073361567168865e-05,0.00018294385206774346,0.005438119385035147,0.00012925451141108506,0.0006980672478675842,0.00010898721011929542,0.00038878985171048145,0.00013782380371348663,0.002587560775145045,0.00013275146952964974,0.002866456718564783,2.15290691234968e-05,0.0
NeuralNetwork,0.0001,8.0,45.0,True,298.0,0.00012115949408384668,0.0004902089622142822,1.357662343392475e-05,3.564301275741058e-05,0.0011845565454486025,3.2909342522087766e-05,0.0001410264973691853,2.438509008392812e-05,7.16651265190618e-05,3.0917336416212374e-05,0.0005714896955901401,2.947833007477686e-05,0.0003543341898853888,4.521545369147933e-06,0.0,0.0005920347084039413,0.0023152869452470505,7.074671861885479e-05,0.00018296075645107894,0.005436261637777233,0.00012934763195379724,0.0006977344552675883,0.00010916157244886242,0.00038794055581092834,0.00013709514630290696,0.002599885253786291,0.00013306948983069487,0.002857921820766521,2.1523197105376976e-05,0.0
NeuralNetwork,0.0001,8.0,45.0,True,299.0,0.00012117792975227788,0.0004902117335892752,1.358329582045663e-05,3.563724659041896e-05,0.0011847461987029503,3.285154780608946e-05,0.00014109795064617682,2.4367490346540982e-05,7.154661007325925e-05,3.093058077713871e-05,0.0005716107524630195,2.9519591932348165e-05,0.00035504334056473807,4.521853195106726e-06,0.0,0.0005920868624681197,0.002315279822679436,7.080538608368088e-05,0.00018291543208578097,0.005436646499573897,0.00012982708150110903,0.0006932991574395377,0.0001094192032169246,0.0003863026229840405,0.0001372864013010601,0.0025940927319556663,0.00013290623308352705,0.0028678671743884777,2.1456141880004662e-05,0.0
NeuralNetwork,0.0001,8.0,45.0,True,300.0,0.00012113524455265857,0.0004901950651744626,1.3573966277738144e-05,3.558741957752531e-05,0.0011849735936460594,3.289964019930909e-05,0.0001406947858732023,2.429486726814846e-05,7.169189639489927e-05,3.0794411877576875e-05,0.0005723268918271335,2.9370683242850546e-05,0.0003550761552512485,4.541277923091563e-06,0.0,0.0005920813799654163,0.0023152610790804495,7.077293037056173e-05,0.00018277739719399865,0.00543684262663734,0.00012963362413007508,0.0006936552389612738,0.00010890709294837975,0.00038814561078383486,0.00013694131992897897,0.0026033974293642823,0.0001322965623822602,0.002872310157092112,2.18002245697023e-05,0.0
NeuralNetwork,0.0001,8.0,45.0,True,301.0,0.00012108193574889973,0.0004901900044027365,1.3552667608238616e-05,3.5591511372125375e-05,0.0011847834136850001,3.279503836545019e-05,0.00014130651669682197,2.4389721593766842e-05,7.137936863777129e-05,3.091277770517329e-05,0.0005708653329196323,2.934548481696378e-05,0.0003542349425287581,4.529064983089337e-06,0.0,0.0005913628440982891,0.0023151756082690736,7.057482224402938e-05,0.00018263318862930033,0.005437949131862878,0.00012902253594413492,0.0006966560891589279,0.0001091098518304105,0.00038687741887644404,0.00013672698687457437,0.0025938357572135684,0.00013282605733886454,0.002851942425254006,2.1723416815482596e-05,0.0
NeuralNetwork,0.0001,8.0,45.0,True,302.0,0.00012104710277842704,0.0004901669899408387,1.3539838702530874e-05,3.555207952575863e-05,0.0011849353936652324,3.27323686401799e-05,0.00014115486424566922,2.4299654416800188e-05,7.129246695343696e-05,3.088461712123249e-05,0.0005702333389266803,2.945222793965327e-05,0.00035305104326366414,4.518162107692575e-06,0.0,0.0005910798626125983,0.0023150652084710462,7.049523223683519e-05,0.00018253937691637556,0.005437842073686125,0.00012937399013987128,0.0006917765680349098,0.00010884225181063766,0.00038597751525962877,0.00013743618608645674,0.0025927081422985727,0.0001329948200182345,0.0028506541776957004,2.1623038985538033e-05,0.0
NeuralNetwork,0.0001,8.0,45.0,True,303.0,0.00012104961308186266,0.0004901560249354319,1.354296528545994e-05,3.550656270386395e-05,0.0011853559981899941,3.2779384113225655e-05,0.00014108808013306795,2.422502309565917e-05,7.114388711368941e-05,3.076419033451543e-05,0.0005717001594301826,2.9283635960916945e-05,0.00035487464817386433,4.525851167115882e-06,0.0,0.0005914589987610871,0.002315088263097799,7.058181594940102e-05,0.00018245601475988543,0.005439213905325293,0.00012922481452144166,0.000692590649397868,0.00010854805930980347,0.0003864889812169585,0.00013667159953957084,0.0025944340528932007,0.00013259955265986845,0.0028633016085474745,2.170671011854268e-05,0.0
NeuralNetwork,0.0001,8.0,45.0,True,304.0,0.00012094351761745957,0.0004901445779517654,1.3503320063301174e-05,3.549560522936746e-05,0.0011852251822457944,3.271099842703246e-05,0.0001407536575093745,2.4256233698274246e-05,7.130140363366778e-05,3.078993349624773e-05,0.0005698205647121543,2.938030021531241e-05,0.00035438118276570363,4.515898755357433e-06,0.0,0.0005913444285122854,0.0023150691446268334,7.056019052207095e-05,0.00018248216208047088,0.005438407692405257,0.00012926757335662842,0.0006949915638509787,0.00010915947550872586,0.0003850662483359283,0.00013679146485508613,0.002603282905974478,0.0001325044757540121,0.002857824166615804,2.1613607147954543e-05,0.0
NeuralNetwork,0.0001,8.0,45.0,True,305.0,0.00012096179262647088,0.0004901376695967106,1.3511058073641477e-05,3.5494583535869164e-05,0.0011852628354279413,3.262890899438421e-05,0.00014145248582099647,2.431354894631635e-05,7.100856669668881e-05,3.088046758965341e-05,0.0005697125212522851,2.9351675225236022e-05,0.0003529822007022457,4.5021278582854735e-06,0.0,0.0005911943860024026,0.0023150037294663722,7.050863976748485e-05,0.00018228588145483964,0.0054397937570344595,0.00012904798037975839,0.000694825495563963,0.00010828195877794949,0.0003881635343503652,0.0001373969885350773,0.0025782613259441446,0.00013219589754095618,0.0028546128258015373,2.164010151798995e-05,0.0
NeuralNetwork,0.0001,8.0,45.0,True,306.0,0.00012092618648254004,0.000490119796236249,1.3494920588005584e-05,3.543221504701116e-05,0.001185469043624238,3.267060011384301e-05,0.0001404472599132363,2.4253025530483523e-05,7.084197794009412e-05,3.0708732711015686e-05,0.0005713666706393671,2.9283317152380622e-05,0.0003535047053005496,4.522803031169179e-06,0.0,0.0005913464903081738,0.0023150462774360705,7.05762690155761e-05,0.0001823544127386321,0.005438477028773094,0.00012897954281396087,0.0006934796582977727,0.00010830837553777035,0.00038587147334836564,0.00013682867089907327,0.0025927321341052746,0.00013263598553039742,0.0028620307925362257,2.1654450621619913e-05,0.0
NeuralNetwork,0.0001,8.0,45.0,True,307.0,0.00012081970945201472,0.0004901062205152692,1.3462141045743243e-05,3.5436296800397475e-05,0.0011853332043931964,3.266215545308558e-05,0.0001397429892637659,2.423878206878981e-05,7.085617119571911e-05,3.083187815635352e-05,0.0005687148664196868,2.9347380096057675e-05,0.0003532197356545379,4.538014528625256e-06,0.0,0.0005908888184799338,0.00231495312174911,7.047577989551257e-05,0.00018223829614291402,0.005439642865556267,0.00012905835964769686,0.000690032663585255,0.00010914524208824589,0.00038314603690831165,0.00013675961245155935,0.0025953065674259976,0.00013241269069272767,0.002858589842634381,2.1781630333770745e-05,0.0
NeuralNetwork,0.0001,8.0,45.0,True,308.0,0.000120865437139398,0.0004901095140333767,1.3481567028879798e-05,3.543810672917456e-05,0.0011852110210782139,3.2708791870312546e-05,0.00014021867168238864,2.4213043927664383e-05,7.087413492710443e-05,3.088471251276304e-05,0.0005683637854223946,2.933760999508624e-05,0.0003526124832122474,4.526004923201314e-06,0.0,0.0005906817017111389,0.0023148794594050953,7.037803788417541e-05,0.0001820603608147903,0.005439846570479397,0.0001286136209027572,0.0006935219719724835,0.0001086818183180671,0.0003845295488084637,0.00013684578614789735,0.0025854275661444516,0.00013236871352360682,0.0028515714894300735,2.170675697754014e-05,0.0
NeuralNetwork,0.0001,8.0,45.0,True,309.0,0.00012077430308347121,0.0004900992318305044,1.344436558711561e-05,3.5395215684673534e-05,0.0011852666971872987,3.259936774355382e-05,0.00014029090817405207,2.4192823433490455e-05,7.080688389806413e-05,3.080288666197553e-05,0.0005683622591579056,2.9310312955527292e-05,0.00035235747654804324,4.521739917664193e-06,0.0,0.0005907688125874261,0.0023148937045403247,7.039615474407028e-05,0.0001820487749276671,0.005439316437457424,0.00012879532838017685,0.0006921247303860742,0.00010868832000396537,0.00038384599318294404,0.00013663439349558367,0.0025873993927577757,0.00013255453287805402,0.0028472904514216775,2.171336995355738e-05,0.0
NeuralNetwork,0.0001,8.0,45.0,True,310.0,0.00012079470682979594,0.0004901003162815885,1.345610627628401e-05,3.540360762905882e-05,0.001185379106312685,3.250408415604795e-05,0.00014066133859022607,2.414841365541088e-05,7.088341802920936e-05,3.0894972122904425e-05,0.0005675327745730665,2.9329735173208694e-05,0.0003527314916775233,4.479436284167105e-06,0.0,0.0005901814350542032,0.0023147349462569137,7.019834534364677e-05,0.00018169746130892317,0.005442145838535534,0.00012767304367614242,0.0006944268192135313,0.000108778160416855,0.0003832239165620984,0.00013623613887612924,0.0025923313959589542,0.00013254129521127016,0.002837271622891696,2.1564561885389144e-05,0.0
NeuralNetwork,0.0001,8.0,45.0,True,311.0,0.00012077632136743345,0.0004900885078142274,1.3449046047871324e-05,3.5411906692216983e-05,0.0011852087248833978,3.272438085464776e-05,0.0001390374735037914,2.4171018937848647e-05,7.062512286750454e-05,3.090538486155538e-05,0.000568431423038164,2.943689249596506e-05,0.00035182790293526457,4.5161362928200285e-06,0.0,0.0005904132465146622,0.0023148001739813845,7.026225515881424e-05,0.0001819837697834339,0.005439657051726902,0.00012881916789513715,0.0006903021496796758,0.0001084795631702591,0.00038219777480611263,0.00013696020410495734,0.002596166711183464,0.00013290459301861578,0.0028379861288850413,2.1656594420753936e-05,0.0
NeuralNetwork,0.0001,8.0,45.0,True,312.0,0.00012068836033504928,0.0004900631637907414,1.3420766224517334e-05,3.5325968964401925e-05,0.0011857421293142902,3.2529864972331776e-05,0.00013995888540044307,2.416127142960813e-05,7.043115674164096e-05,3.0782733945994364e-05,0.0005677709923278932,2.9200602654176903e-05,0.0003528933158781972,4.512346362208099e-06,0.0,0.0005905077611125491,0.002314770371658997,7.026262417341928e-05,0.00018176147069946024,0.005441072854667118,0.00012853419490205416,0.0006918914662966938,0.00010846320938014385,0.000383073756904722,0.00013603575808821984,0.0025976504544791934,0.00013236285614892372,0.0028436137070445896,2.15060071750257e-05,0.0
NeuralNetwork,0.0001,8.0,45.0,True,313.0,0.0001206410260534672,0.0004900427600444166,1.3404009949084561e-05,3.528192067001708e-05,0.001185817026693717,3.257966437188763e-05,0.00013947075187677963,2.414840863480401e-05,7.043818057065383e-05,3.069806141111086e-05,0.0005670246891576968,2.9302018912976e-05,0.00035140488668272115,4.485726477000913e-06,0.0,0.0005903465661612696,0.0023147253870214306,7.029799685913062e-05,0.0001816273602487156,0.005441736263812599,0.00012837110216137748,0.0006894558761854592,0.00010819887777544418,0.0003842080726563556,0.00013605236960282115,0.002598501039001177,0.0001322155900346408,0.0028465245879671108,2.1505809488630144e-05,0.0
NeuralNetwork,0.0001,8.0,45.0,True,314.0,0.00012062019053495155,0.0004900550906548924,1.3403835482995787e-05,3.53091875859348e-05,0.0011856736899234978,3.245143556209266e-05,0.0001403598812712492,2.4153075288890828e-05,7.049243826911134e-05,3.076671067916479e-05,0.0005657407392388727,2.9178255932993003e-05,0.0003523410491223605,4.532908571437202e-06,0.0,0.0005906698463847802,0.002314737008052802,7.03412652859148e-05,0.000181728259385007,0.005440825808089698,0.0001284947044819406,0.0006893264047754636,0.00010845443503286854,0.00038255223969243607,0.00013627123626523048,0.0025903659421692856,0.0001320487602889163,0.002854347603875886,2.1781123670860655e-05,0.0
NeuralNetwork,0.0001,8.0,45.0,True,315.0,0.00012063451934696208,0.000490059669448359,1.3409802474262259e-05,3.5303029811607214e-05,0.001185569224697088,3.248425777951341e-05,0.00013992402230632916,2.4093598669590655e-05,7.063198603709753e-05,3.079130663222701e-05,0.0005666413557818636,2.9280088902162413e-05,0.00035319752448973954,4.481397144938254e-06,0.0,0.0005898050635865649,0.0023145786246413706,7.005250257141185e-05,0.00018135419572299383,0.005443132687380735,0.00012834804753462473,0.0006893413996546524,0.0001080634318432718,0.00038105666449984665,0.000135978601826062,0.002591798702875773,0.00013203918933868408,0.0028373897075653076,2.1442737278042348e-05,0.0
NeuralNetwork,0.0001,8.0,45.0,True,316.0,0.00012060924561197224,0.0004900509536748305,1.3407867030313394e-05,3.526258882325936e-05,0.0011858989665364597,3.252968925109128e-05,0.00013985383422226918,2.4040832091373895e-05,7.064531072773381e-05,3.068791476462408e-05,0.0005667593601257654,2.919174630365603e-05,0.00035334858450928144,4.45644441500025e-06,0.0,0.0005898338350110084,0.0023145857472089853,7.009117881644447e-05,0.00018139069888201898,0.005442495945171897,0.0001284361775941069,0.0006883470048694491,0.00010813659045306392,0.0003819251022998642,0.0001358920415429949,0.002594285978461212,0.00013256101113445353,0.002829579249867853,2.141008827155866e-05,0.0
NeuralNetwork,0.0001,8.0,45.0,True,317.0,0.00012059402313193863,0.0004900326385009642,1.3392570496328436e-05,3.5261783015856526e-05,0.0011857860014662658,3.248296246294063e-05,0.00013980536528353422,2.4068568434034076e-05,7.05947180722923e-05,3.076510157466256e-05,0.0005664840300449464,2.920901970159654e-05,0.000351832722717861,4.489988344658739e-06,0.0,0.0005899143856276507,0.002314551071550861,7.014322744787864e-05,0.00018126139147851453,0.0054433173555510595,0.00012820236291150627,0.000687423179734428,0.0001079689992486306,0.00038280548914423527,0.00013552903660438346,0.0025928607151943185,0.00013207237722363862,0.0028403039623356467,2.150400981025876e-05,0.0
NeuralNetwork,0.0001,8.0,45.0,True,318.0,0.00012053678821360647,0.000490022316133237,1.3381325592088571e-05,3.522086758015934e-05,0.0011862124139029786,3.2381824847822885e-05,0.0001394239397383122,2.4133803689415563e-05,7.012846937398062e-05,3.070541911048067e-05,0.0005660574792851656,2.9281193435674088e-05,0.0003515569909884923,4.481809462277555e-06,0.0,0.0005892971120540451,0.002314429800465422,6.989424216484874e-05,0.0001811203458961451,0.005443370406997085,0.00012809545410879004,0.0006862110780470026,0.00010852240400869141,0.0003793000612618788,0.00013559554123653556,0.002595122880155935,0.00013269256776983634,0.0028215468679584047,2.158596619682492e-05,0.0
NeuralNetwork,0.0001,8.0,45.0,True,319.0,0.0001204465578669165,0.0004899984180445298,1.334072017886568e-05,3.518533674533155e-05,0.0011861836717167405,3.237419101507516e-05,0.0001395462818865506,2.412435239698045e-05,7.026241916530537e-05,3.0732864257942315e-05,0.0005643211526048152,2.9138342108366624e-05,0.0003505944804039927,4.495952825621775e-06,0.0,0.00058939073633098,0.0023144230527697867,6.987658218017914e-05,0.00018099964883342478,0.0054431182173094814,0.0001278267060435793,0.0006880318781114974,0.00010835645286916936,0.00037967097365631245,0.0001348454809788638,0.002607352891058292,0.00013192468937837853,0.0028295106482955643,2.1609754459756726e-05,0.0
NeuralNetwork,0.0001,8.0,45.0,True,320.0,0.00012037719316238342,0.0004899831152347863,1.3324238781659108e-05,3.514006593317356e-05,0.0011863704892402297,3.233833384080075e-05,0.00013973152219767197,2.4087481060118046e-05,7.007814783131016e-05,3.058046122606231e-05,0.0005644329715610515,2.9113678377111647e-05,0.00035221822499586244,4.502315189679357e-06,0.0,0.0005893956096667164,0.0023143904389075513,6.997954311235896e-05,0.00018084388952585136,0.005445087880145074,0.00012743983816050882,0.000687202052125391,0.00010839733734445752,0.00037977422745722643,0.0001353596881875452,0.0025983055432637534,0.00013148619459485108,0.0028329789638519287,2.1564280731404352e-05,0.0
NeuralNetwork,0.0001,8.0,45.0,True,321.0,0.00012044673860876386,0.0004899951245264223,1.3346698466497612e-05,3.517036780594494e-05,0.0011858838944522232,3.2272852575682564e-05,0.00014016597539266807,2.407486678535405e-05,6.990995750112354e-05,3.064062817880728e-05,0.0005657047113639647,2.9148415956053773e-05,0.00035228003870766116,4.5132930603912575e-06,0.0,0.0005895348277481847,0.002314373382232474,6.997807876868817e-05,0.00018090294357740654,0.005444182403408266,0.00012749079732025194,0.0006886603041264996,0.00010820262649524136,0.00037884648959591704,0.0001353499766603206,0.0025961299737294516,0.00013193765760592695,0.0028359468253153675,2.1610737034359818e-05,0.0
NeuralNetwork,0.0001,8.0,45.0,True,322.0,0.00012044758207071824,0.0004899830349050764,1.3337545900171336e-05,3.51474336737571e-05,0.0011859710257141052,3.230148258636583e-05,0.0001392385990150534,2.4075130367214788e-05,6.968558155944084e-05,3.065240652252722e-05,0.0005654840456507598,2.915515863108185e-05,0.0003521765740412586,4.509333998085354e-06,0.0,0.0005894460299479886,0.0023143606365851636,6.993498020576981e-05,0.0001808341311396293,0.0054438681130837005,0.00012741419457414614,0.0006862127181119139,0.00010825127784935933,0.000377999817800222,0.00013548775382761686,0.0025909402460422156,0.0001317676180188761,0.002842080293211547,2.160741150988348e-05,0.0
NeuralNetwork,0.0001,8.0,45.0,True,323.0,0.00012044478057208409,0.0004899885374902072,1.334735867630118e-05,3.5152250946050064e-05,0.0011859955200755996,3.236543005608484e-05,0.00013929211868430084,2.4014052174322687e-05,6.988103880554518e-05,3.074678640079627e-05,0.0005630353952675174,2.9120722288552e-05,0.00035278021164660185,4.4939041042303785e-06,0.0,0.0005892299631106778,0.002314317526307496,6.991900714500896e-05,0.00018076459238739134,0.005444367034332657,0.00012772716581821442,0.000687013585237587,0.00010810978710651398,0.0003785431947348253,0.00013535678292970238,0.0025945064031852867,0.00013183853911153924,0.0028289243485192833,2.1577228458141382e-05,0.0
NeuralNetwork,0.0001,8.0,45.0,True,324.0,0.00012027925116353922,0.0004899449987874198,1.3281724282673427e-05,3.504247286650691e-05,0.001186796034153894,3.214089345498227e-05,0.00013950799473855051,2.3967297772834242e-05,7.000152332924125e-05,3.051219352413059e-05,0.0005629472334108584,2.911377878924907e-05,0.0003514387456554608,4.4931845885081436e-06,0.0,0.000588987280362807,0.002314213311897134,6.978106597122157e-05,0.00018051674343504996,0.005446041612800717,0.00012743331304511184,0.0006854661605643027,0.00010846864502384978,0.0003764754243241916,0.00013418317590869447,0.0025966255544866406,0.00013177342853456175,0.00283444696252451,2.160364961099325e-05,0.0
NeuralNetwork,0.0001,8.0,45.0,True,325.0,0.00012031558027485952,0.0004899484931298022,1.329129606967345e-05,3.506045165971283e-05,0.0011861984307674428,3.2141292593228525e-05,0.00013946195577354122,2.3970912609781537e-05,6.99485458855359e-05,3.058968408088478e-05,0.0005634540335508691,2.9049602881917412e-05,0.00035226521787617727,4.497142395662329e-06,0.0,0.0005891453357612562,0.0023142247454925155,6.985876990376778e-05,0.0001805147167834096,0.005443801598424013,0.00012757717016732918,0.0006845755584584842,0.00010784460032511058,0.0003788587900827516,0.0001350567916279319,0.0025943665759368515,0.00013136192453357408,0.0028324084086987955,2.1649637323974064e-05,0.0
NeuralNetwork,0.0001,8.0,45.0,True,326.0,0.0001203248382739301,0.0004899602212674535,1.3302927560642402e-05,3.506629062550408e-05,0.0011866800601037395,3.206943515738387e-05,0.00013951636911081175,2.3932858920000954e-05,7.00182770943706e-05,3.0565494796979135e-05,0.0005639307903793622,2.903564057420849e-05,0.00035343867427897903,4.48961493702269e-06,0.0,0.0005888818476185108,0.0023141973798379957,6.97372410938425e-05,0.00018041286875241958,0.005446097083558809,0.00012681086155228645,0.000687728466102912,0.00010815764185767503,0.0003772253791491191,0.00013455555264679892,0.0025991722472808645,0.0001314954141026023,0.0028294971529042945,2.1599567020839117e-05,0.0
NeuralNetwork,0.0001,8.0,45.0,True,327.0,0.00012018858904465833,0.000489919373609949,1.324816780149776e-05,3.5003066123174526e-05,0.0011867247573819858,3.196553118788007e-05,0.00013935557915515333,2.3977713021788636e-05,6.972835210937695e-05,3.0628920123583546e-05,0.0005613928936883767,2.899072371483492e-05,0.0003518549338826593,4.491669934172675e-06,0.0,0.0005886632972543344,0.002314133839037433,6.972109231184113e-05,0.00018033555140660243,0.005445547413411858,0.00012750463243925346,0.0006799802840130884,0.00010811887775202217,0.0003759893793729866,0.00013504432713460623,0.0025917137943723668,0.00013119100634032075,0.0028318618453523647,2.1655916429634363e-05,0.0
NeuralNetwork,0.0001,8.0,45.0,True,328.0,0.00012026360695252842,0.0004899355600465018,1.3274209689338894e-05,3.502307324155643e-05,0.0011864791963094256,3.202731979664445e-05,0.00013940896828862213,2.3955406465459706e-05,6.963095233607485e-05,3.0609512967722754e-05,0.0005613267421722412,2.9053594264380053e-05,0.0003525720773681476,4.486028654776976e-06,0.0,0.0005885651745136429,0.0023141282159577377,6.966449835765286e-05,0.0001802894538678463,0.005445777094049898,0.00012710528834810797,0.0006841378017041668,0.00010772686709397994,0.00037830897003599684,0.0001346546008526904,0.002588483709959114,0.00013155644794680038,0.0028251486379395493,2.1604438892231798e-05,0.0
NeuralNetwork,0.0001,8.0,45.0,True,329.0,0.00012022084142319918,0.0004899171645429256,1.3259043691132588e-05,3.49989768388779e-05,0.0011864682823910454,3.201574729780624e-05,0.0001389600858694781,2.3920603618628254e-05,6.966005177350057e-05,3.066062023536857e-05,0.0005620411946124465,2.9085821539886555e-05,0.0003504119713030093,4.463348063236137e-06,0.0,0.0005881930672147739,0.002314070485672861,6.956964988940917e-05,0.00018021732615599844,0.0054454043483013175,0.00012699645832649567,0.0006826365800023828,0.00010757711745283139,0.00037726527958546047,0.00013542071031699392,0.002585293174539722,0.0001317573090394338,0.002820028261568561,2.148337867228115e-05,0.0
NeuralNetwork,0.0001,8.0,45.0,True,330.0,0.00012017484262304486,0.0004899186908074145,1.3249686535076311e-05,3.4994493436941884e-05,0.0011866093654240267,3.209299686543061e-05,0.0001385260343230317,2.394460211947279e-05,6.95474747056267e-05,3.061365245808809e-05,0.0005612788656651171,2.9025325737391522e-05,0.00035260918969413983,4.491501743842489e-06,0.0,0.0005884198179035067,0.002314117344670326,6.967122848116376e-05,0.0001802990013885798,0.005444586157403661,0.00012725324563260347,0.0006816614442651377,0.00010792265570013778,0.00037665777611282637,0.00013491482058036253,0.0025939236646928127,0.00013167050274663002,0.0028286203273437307,2.1560994744207124e-05,0.0
NeuralNetwork,0.0001,8.0,45.0,True,331.0,0.00012012447589491255,0.0004898910172223402,1.3233255343938453e-05,3.496386020411699e-05,0.001186577509466246,3.197066977901279e-05,0.00013889061071159384,2.400652879492613e-05,6.941552813644358e-05,3.069302825272244e-05,0.0005592965292480756,2.9053805129868643e-05,0.0003506171735470507,4.4576622259544556e-06,0.0,0.0005884511197138132,0.002314006007692349,6.965388479472706e-05,0.00018009495388411875,0.005446303877371557,0.00012709241383855447,0.0006810761285278033,0.00010804926871128802,0.00037480909494483995,0.00013531893257450007,0.002586414604067053,0.00013127083064250227,0.00282891553902776,2.1440842417332362e-05,0.0
NeuralNetwork,0.0001,8.0,45.0,True,332.0,0.00012015125581196376,0.0004898996125013038,1.3239709334071435e-05,3.495236050407841e-05,0.0011868639447561095,3.20645325347741e-05,0.0001390218694576356,2.3919207889918048e-05,6.95319007831121e-05,3.059137602540039e-05,0.0005610690042978991,2.8892646159605196e-05,0.0003521246007189275,4.456713017467861e-06,0.0,0.000588089977420351,0.002313939280479959,6.94738876707149e-05,0.0001798827177698507,0.0054464447090001936,0.00012687312544516798,0.0006820374408607962,0.00010769726392233147,0.00037604799997881526,0.00013438367384409754,0.002592859403142389,0.00013127227155667432,0.002817217846336605,2.140750956235442e-05,0.0
NeuralNetwork,0.0001,8.0,45.0,True,333.0,0.00012003548061751291,0.0004898705331463055,1.3196212051290708e-05,3.487959433839006e-05,0.0011869859829989058,3.198180548505321e-05,0.0001386995866613568,2.3920806953206538e-05,6.942441963121255e-05,3.0502016754002584e-05,0.0005614158278205645,2.8868120495039177e-05,0.00035126603677909006,4.446304044272058e-06,0.0,0.0005885057104458599,0.00231397807972986,6.960032496062465e-05,0.00017983978321342348,0.005446889905595923,0.00012691611857534204,0.000684863178984924,0.00010744321786757535,0.0003758593456550214,0.00013408494773525862,0.002592523142976581,0.00013099458513769714,0.002828275070250409,2.1386699774448977e-05,0.0
NeuralNetwork,0.0001,8.0,45.0,True,334.0,0.0001200506026854091,0.0004898602911082882,1.3200538559262e-05,3.489908433426423e-05,0.0011867583330553752,3.19717416785798e-05,0.00013766134524281133,2.3887199010810442e-05,6.942757759293457e-05,3.0639960438093404e-05,0.0005594683946624921,2.8863258037284378e-05,0.0003516378428415468,4.494825385591251e-06,0.0,0.0005881052534535246,0.002313852497616654,6.94927249876958e-05,0.0001797422579249496,0.005447218505322373,0.00012711181346350495,0.0006786790565124848,0.00010762499563349118,0.00037470225643061993,0.00013445860138104395,0.0025938679962038244,0.00013095100627005476,0.0028201097962241503,2.1650977198432827e-05,0.0
NeuralNetwork,0.0001,8.0,45.0,True,335.0,0.000119963535321048,0.0004898436628583306,1.3171254614533762e-05,3.48448542491445e-05,0.0011873073749456894,3.187827053015444e-05,0.00013808114830695715,2.382828218917641e-05,6.921124466345959e-05,3.0569990750432336e-05,0.0005597099862651362,2.8913767852712514e-05,0.00035025062908059505,4.466988003217789e-06,0.0,0.0005875908353793546,0.002313758967057714,6.93230134136272e-05,0.00017953747239127848,0.00544871133313709,0.0001272184059679883,0.0006785540367072483,0.00010762716286212394,0.0003737529400009779,0.0001343669686115013,0.0025806946199645035,0.00013109243843915328,0.002814601427354153,2.1359706063221836e-05,0.0
NeuralNetwork,0.0001,8.0,45.0,True,336.0,0.00011994683678259426,0.0004898382406029097,1.3169443430604961e-05,3.481571715716725e-05,0.0011872682462592738,3.1876181957696006e-05,0.00013825002143967827,2.3849690056875388e-05,6.91190813831242e-05,3.0460217691496055e-05,0.0005595810972455377,2.8851939079093162e-05,0.0003501172415972399,4.476635099320881e-06,0.0,0.0005880375422021878,0.002313827006322033,6.94879043683316e-05,0.00017958983732094553,0.005448735666718571,0.00012652038262700135,0.0006814856761656467,0.00010749231438216923,0.00037496691604830184,0.00013413243932918932,0.002590683083864128,0.00013107638923252153,0.002821718559325116,2.1613532466427335e-05,0.0
NeuralNetwork,0.0001,8.0,45.0,True,337.0,0.0001200187921202729,0.0004898441448365903,1.3185407705303793e-05,3.4849653949313406e-05,0.0011869772064303388,3.199608911160189e-05,0.0001377651914753361,2.3819250117415044e-05,6.944188130191072e-05,3.049990307850979e-05,0.0005598886797048975,2.8892776695383848e-05,0.0003510788685549302,4.4738219905333375e-06,0.0,0.00058779073586254,0.002313762528341521,6.941365042947373e-05,0.00017952415272124908,0.005448929736987559,0.00012676831358258828,0.0006793863930792179,0.0001069940392326259,0.00037587755037553653,0.00013460119331032975,0.002581055434244984,0.00013094990508361433,0.0028233629352641555,2.1498006001208563e-05,0.0
NeuralNetwork,0.0001,8.0,45.0,True,338.0,0.00011986724008125758,0.0004898106875124003,1.314476965813624e-05,3.4751119518858406e-05,0.0011876050684651992,3.185678735335239e-05,0.0001374130260269597,2.380476064598464e-05,6.91388073475213e-05,3.0416912446928152e-05,0.0005590236893882649,2.8720883667629683e-05,0.00035118847844414314,4.455102344025981e-06,0.0,0.0005872701324007046,0.0023137310390952247,6.924331797368871e-05,0.00017937630086949785,0.0054495986947179845,0.0001266375886944105,0.0006785834172986588,0.00010709246655680099,0.00037689656956390764,0.00013432599041821822,0.002584863196378984,0.00013063282196251852,0.002815392594667351,2.145339769996562e-05,0.0
NeuralNetwork,0.0001,8.0,45.0,True,339.0,0.00011985459819315578,0.0004898214918583872,1.314237231835522e-05,3.47859324069036e-05,0.0011872666506776285,3.193897719813807e-05,0.00013785186723236126,2.3825709128154898e-05,6.901474815173291e-05,3.0518645003960136e-05,0.000557826294731901,2.8739063285110453e-05,0.0003512084403770632,4.459046344511271e-06,0.0,0.0005876549384878866,0.0023137274778114174,6.937845932237758e-05,0.00017927371480929777,0.005449274310615787,0.00012650532917406573,0.0006807841032556018,0.00010713753319761288,0.00037411511319238434,0.00013345505737658568,0.002599026234644764,0.00013052717835273383,0.002819835202499006,2.1510375312195634e-05,0.0
NeuralNetwork,0.0001,8.0,45.0,True,340.0,0.00011991178290541924,0.0004898158286138365,1.3159280467145848e-05,3.478582195355243e-05,0.0011872943417105218,3.1862350185765735e-05,0.0001379454714268687,2.384047724326666e-05,6.879535767267335e-05,3.0563381121486345e-05,0.0005580448718726475,2.8851698089963344e-05,0.00035033228423074893,4.43956638985085e-06,0.0,0.0005875455227288061,0.0023137008619008572,6.936241011574584e-05,0.00017929842121571114,0.005448633781290817,0.00012632332882791197,0.0006796841820081075,0.00010708107982041701,0.0003753389764881734,0.00013426974790651093,0.002586724435758291,0.00013080299041181242,0.0028154921231779663,2.1440240572083672e-05,0.0
NeuralNetwork,0.0001,8.0,45.0,True,341.0,0.0001198640068104325,0.0004898146236681874,1.3145588017056252e-05,3.477622506351805e-05,0.0011871509224972905,3.188321833822605e-05,0.00013822429585007002,2.3799777693664933e-05,6.880487674330122e-05,3.056785197190519e-05,0.0005569376071508361,2.8785370852587357e-05,0.0003511254196218403,4.454757491091512e-06,0.0,0.000587461363969359,0.002313694676513192,6.933363283392768e-05,0.0001792403980621002,0.005447410147590775,0.00012654972807416375,0.0006766682900722672,0.00010726490766747193,0.00037379056777594224,0.00013346845904986063,0.0025918180087827285,0.00013107223049649652,0.0028128207854504856,2.14121910690699e-05,0.0
NeuralNetwork,0.0001,8.0,45.0,True,342.0,0.0001197862275687832,0.0004897976740993901,1.3121504165894902e-05,3.473585185336295e-05,0.0011875143009621794,3.185029570866788e-05,0.00013784294059334418,2.3774888035100746e-05,6.892729420064273e-05,3.0442670670481063e-05,0.0005564248224474349,2.8838516486622894e-05,0.00035129664239857717,4.446160956976228e-06,0.0,0.0005874258917082781,0.0023136528782874534,6.929086228399157e-05,0.00017922432542596972,0.00544948384579578,0.00012612655618280733,0.0006774513507789036,0.0001069499800602595,0.0003754620282155163,0.00013384097636495745,0.0025868584524910403,0.00013124037229415007,0.002813481309878751,2.1422633303786223e-05,0.0
NeuralNetwork,0.0001,8.0,45.0,True,343.0,0.00011979065574404365,0.0004897862672805786,1.3122144293270985e-05,3.4701438103564025e-05,0.0011879314634410244,3.1759447827332745e-05,0.00013796946992771324,2.3846818269745038e-05,6.864089368167271e-05,3.043484103406536e-05,0.000557690055543843,2.872775938873985e-05,0.0003497023788102554,4.449348728551537e-06,0.0,0.000586935043709833,0.0023135456649012536,6.91673478240487e-05,0.0001788548305162094,0.0054519475277344746,0.00012591361718357734,0.0006767995421241665,0.00010698474943637848,0.00037279577468926053,0.0001338593802362118,0.0025827942779229124,0.00013038874515947305,0.0028160514321717077,2.149169907301852e-05,0.0
NeuralNetwork,0.0001,8.0,45.0,True,344.0,0.00011979008339486032,0.0004897906050849154,1.3115647627979597e-05,3.4714526825677355e-05,0.0011873425784339493,3.181620327770871e-05,0.00013750666034510837,2.375548589984683e-05,6.861754785972143e-05,3.049854500435112e-05,0.000558486363958477,2.868197145407412e-05,0.00035129636124459236,4.446349229733899e-06,0.0,0.0005866895494221142,0.0023134789376888635,6.910605039798988e-05,0.00017883922647005357,0.005450010187268824,0.00012608865896860758,0.0006746362965061979,0.00010673893885042682,0.000372552271908934,0.0001338953562315155,0.002578489060671824,0.00013095204888274834,0.0028098055026816123,2.141371837951852e-05,0.0
NeuralNetwork,0.0001,8.0,45.0,True,345.0,0.00011975811217030426,0.0004897673897987428,1.3108379044381756e-05,3.4683273547903865e-05,0.0011876446664069507,3.185409881837285e-05,0.00013689879538877954,2.3776092980749847e-05,6.858683178688317e-05,3.04233639267577e-05,0.0005584107737014236,2.874209071105381e-05,0.00035004209315359113,4.444704039619779e-06,0.0,0.0005868584761079752,0.0023134551333181515,6.915938765185434e-05,0.00017871371464534377,0.00545230193962123,0.00012622069590871438,0.0006752574125175956,0.00010670006931202966,0.00037444024434629474,0.00013403173934363718,0.0025777486885118785,0.00012980877134784964,0.0028168673410355668,2.137984371738239e-05,0.0
NeuralNetwork,0.0001,8.0,45.0,True,346.0,0.00011961274551895429,0.0004897525689672588,1.3058244519317247e-05,3.4660886661865e-05,0.0011876245779989815,3.165023456606261e-05,0.00013733065795063008,2.383144015089842e-05,6.842158353232309e-05,3.0478831591471186e-05,0.0005556819734547658,2.875920344957444e-05,0.0003492936210812263,4.459343187892534e-06,0.0,0.000587099331354945,0.002313530482586075,6.924937449911106e-05,0.00017893549828034528,0.005449423066211135,0.0001264513007499887,0.0006746135698924274,0.00010699177828599822,0.000372670848602019,0.00013349970228642037,0.0025925261419524185,0.0001306019418831891,0.002812949928847499,2.1542851526126173e-05,0.0
NeuralNetwork,0.0001,8.0,45.0,True,347.0,0.00011964955660853424,0.0004897398768730883,1.306863089978213e-05,3.4624640390558066e-05,0.0011879499567751953,3.176708919099078e-05,0.0001367916958030022,2.375052554025804e-05,6.85286027883905e-05,3.040744358236899e-05,0.0005562528767033086,2.8699064110167266e-05,0.0003486418258147741,4.448557041605528e-06,0.0,0.0005867149469987402,0.002313385969437893,6.90923089969833e-05,0.00017861806371676848,0.0054520913854732185,0.00012618370073021583,0.0006736632225648412,0.00010679989069137933,0.0003734680841553886,0.0001332221915886837,0.0025735705528619154,0.00013037132532716546,0.002815858185666162,2.1392803158868782e-05,0.0
NeuralNetwork,0.0001,8.0,45.0,True,348.0,0.00011961856942292494,0.0004897449778096695,1.3065663721121225e-05,3.46038324853802e-05,0.0011882038102662058,3.1699727708599315e-05,0.00013670924739696267,2.3853056373782555e-05,6.835750050621855e-05,3.0285400160239392e-05,0.0005580319387893471,2.876176646938221e-05,0.0003473223701641566,4.413882220249292e-06,0.0,0.0005859260757764181,0.0023132888775951456,6.886474413316955e-05,0.00017842376288378014,0.005453018854652367,0.00012590402280384638,0.0006730700813749301,0.00010721196871508592,0.00037017295945365476,0.0001334190345222845,0.0025765965194822107,0.00013075684601405882,0.0027963052380759763,2.125789317647991e-05,0.0
NeuralNetwork,0.0001,8.0,45.0,True,349.0,0.0001196418650388075,0.0004897291126919564,1.3077695605488158e-05,3.4603400713189275e-05,0.0011881227916535966,3.170650301757206e-05,0.00013720094555150466,2.382325405139486e-05,6.82410274474126e-05,3.0347823875772986e-05,0.0005565090883131619,2.8732355754330473e-05,0.0003481646271728762,4.461176650764326e-06,0.0,0.0005862046993753445,0.002313257763220829,6.899026181525405e-05,0.00017834399715534546,0.005452169204330005,0.00012588502148037437,0.0006737548319048852,0.00010679807490522756,0.00037179995070463456,0.00013341075219448258,0.0025742322019061204,0.00013058337400544365,0.0027961581008239364,2.1418317882988436e-05,0.0
NeuralNetwork,0.0001,8.0,45.0,True,350.0,0.00011955407470705696,0.0004897342537933926,1.3032919323106981e-05,3.458976223462354e-05,0.0011876974420467208,3.1732316467800554e-05,0.00013698667609145378,2.3810366153556382e-05,6.81319296601005e-05,3.0346890042894933e-05,0.000555256948959474,2.864986718343596e-05,0.0003506562539509365,4.4302654018339445e-06,0.0,0.0005858996004428504,0.0023133160558136755,6.893985324873115e-05,0.00017837319031076612,0.005452451511728695,0.0001259768065416588,0.0006742666727341946,0.00010679645826981503,0.00037111117030089755,0.0001333990140156176,0.002575489897398079,0.00013034954760809364,0.0028021982255971656,2.1208164065420254e-05,0.0
NeuralNetwork,0.0001,8.0,45.0,True,351.0,0.00011950374814377962,0.0004897066605380282,1.3027237251280453e-05,3.45449106431393e-05,0.0011880936707922077,3.162893464141136e-05,0.00013729353558342413,2.376264528524522e-05,6.817890747859472e-05,3.036901083676963e-05,0.0005538653572293305,2.8688681495157534e-05,0.0003469881985708067,4.444523297772414e-06,0.0,0.0005861864712253307,0.002313262261684586,6.896776949647087e-05,0.0001784212442126664,0.00545277614086927,0.0001259253905066904,0.0006718972475273804,0.00010661069748911468,0.0003724472140366176,0.00013362893940142866,0.0025760062835501426,0.0001307223343624259,0.002797927496568212,2.1415137328535507e-05,0.0
NeuralNetwork,0.0001,8.0,45.0,True,352.0,0.00011945271869554032,0.000489709592572441,1.300946681325969e-05,3.453004211589011e-05,0.001188424014391954,3.147657930529664e-05,0.0001379080076583955,2.3676873237456915e-05,6.826981560721231e-05,3.0369568124132337e-05,0.0005548277071544103,2.8576325333986e-05,0.00034954175955523054,4.4309522836115165e-06,0.0,0.0005857304863209994,0.00231321652730306,6.886248318654186e-05,0.00017820169809479384,0.005454054943701048,0.00012540413101889053,0.0006728924389155405,0.00010653669541736819,0.00037127182637370607,0.00013339902573036698,0.0025781151258720543,0.00013032328314001456,0.0027996543443427895,2.133343573776806e-05,0.0
NeuralNetwork,0.0001,8.0,45.0,True,353.0,0.00011953289778727406,0.0004896980652590646,1.3033658607468772e-05,3.454263128761975e-05,0.0011881985506120363,3.16125524011905e-05,0.00013660825286914075,2.376350129871677e-05,6.811232921087517e-05,3.0428301693615566e-05,0.0005549094426342741,2.865728513008822e-05,0.0003487072141986652,4.440959294469691e-06,0.0,0.0005857269718961896,0.0023130528956839124,6.882573987515468e-05,0.00017789869610243623,0.005454343222196749,0.00012616845984129036,0.0006665757991982706,0.00010649543607010032,0.00037057711830678974,0.00013304681007592184,0.002568375014658994,0.00012989479275244586,0.002799594927134004,2.146685794698742e-05,0.0
NeuralNetwork,0.0001,8.0,45.0,True,354.0,0.00011945017826846346,0.000489682842779031,1.2995263516420946e-05,3.4489709070589985e-05,0.0011883359164866162,3.156165097842641e-05,0.00013700649744738145,2.366314689827094e-05,6.814231227511023e-05,3.032501525875693e-05,0.0005545162287041184,2.8592341069905263e-05,0.00034743840643016474,4.4567368653505e-06,0.0,0.0005852290481891272,0.0023130230933615247,6.86387080441481e-05,0.00017783352695171188,0.00545442377525232,0.00012583287913094527,0.0006688359023639991,0.00010600394376044003,0.00037186351493469574,0.00013340591400299432,0.0025653423003430638,0.00012967675783724154,0.0027914748251813013,2.149750666001683e-05,0.0
NeuralNetwork,0.0001,8.0,45.0,True,355.0,0.00011941949231926643,0.0004896746893134721,1.2997075955501464e-05,3.444595197140367e-05,0.0011887535853123464,3.15105939168493e-05,0.00013666776714299245,2.3727081816472774e-05,6.782250463801896e-05,3.018774684629029e-05,0.0005551078168529706,2.8476068835374158e-05,0.00034888912082682404,4.453085629003388e-06,0.0,0.0005854285269413354,0.002313010722586194,6.872379226879504e-05,0.00017763707060484016,0.005457038635325689,0.00012531948023997012,0.0006708722069578351,0.00010644608183102038,0.00037016991361881954,0.00013225587705771127,0.0025807227353629824,0.00012948365190868858,0.0027977529936616527,2.140554002011722e-05,0.0
NeuralNetwork,0.0001,8.0,45.0,True,356.0,0.00011940321551178986,0.0004896889880018414,1.2987587008514816e-05,3.450832046026168e-05,0.0011882618656869012,3.158145978283689e-05,0.00013695246567623314,2.3731575259622537e-05,6.797488507716803e-05,3.035247044743232e-05,0.0005538343097964387,2.8674676512290205e-05,0.00034766967566508166,4.457633671252875e-06,0.0,0.0005855049539662008,0.002313101629041276,6.874726862652497e-05,0.0001779705543750487,0.005454551007487546,0.00012562060787242913,0.000669089175245297,0.00010620423083035451,0.0003705050491686887,0.00013281861847301698,0.002579144149456384,0.0001302914190217384,0.002796230638552012,2.1438347175717354e-05,0.0
NeuralNetwork,0.0001,8.0,45.0,True,357.0,0.00011931713218637554,0.0004896649292537145,1.2966563217241487e-05,3.44307320016735e-05,0.0011885864710428349,3.150274419800612e-05,0.0001368319209052546,2.3747862108312847e-05,6.758371453400893e-05,3.0246952352819416e-05,0.0005542468831866899,2.8593453134327243e-05,0.0003464900740394695,4.408583283484625e-06,0.0,0.0005854395388057397,0.0023130249677214233,6.869821311355388e-05,0.00017782285481503923,0.005455568970446222,0.00012556045263443353,0.0006681708794719768,0.00010628112644519446,0.0003691733398902341,0.00013290756856495478,0.002573089966983915,0.0001302964797934646,0.0027984144552698673,2.1312135394732906e-05,0.0
NeuralNetwork,0.0001,8.0,45.0,True,358.0,0.00011934211472616684,0.0004896490641360013,1.2971506004706226e-05,3.440046527315022e-05,0.0011891110399212402,3.1428321232050256e-05,0.00013776532201111477,2.3709544836671526e-05,6.774909332434764e-05,3.0169632496698847e-05,0.0005544771884650876,2.8516105664868883e-05,0.0003481588032689056,4.436414076311569e-06,0.0,0.0005847671590511154,0.0023128405307074012,6.852721877442966e-05,0.00017735253105748375,0.005458482469351573,0.0001248280699335554,0.0006688282643474123,0.00010659893588075097,0.0003677399465872807,0.00013203025098491766,0.0025718453920112465,0.0001297457108520112,0.0027920929890758585,2.1436305880640288e-05,0.0
NeuralNetwork,0.0001,8.0,45.0,True,359.0,0.00011928907703517903,0.0004896524379838187,1.2939908815362062e-05,3.443433930771049e-05,0.00118823033889252,3.154698829605894e-05,0.00013687562026746188,2.37352302614248e-05,6.752968276286061e-05,3.030158659679228e-05,0.0005543755312171587,2.8631516865321567e-05,0.00034543329654035545,4.438329437832948e-06,0.0,0.0005850291477059418,0.002312952992301317,6.857981214170936e-05,0.00017768558138196573,0.0054541015691161425,0.00012524365066732252,0.0006686853912641418,0.00010634054365397999,0.00036851473668086455,0.00013321204661573255,0.0025607711114223647,0.00013009681360526656,0.0027966992285266613,2.1433428445327207e-05,0.0
NeuralNetwork,0.0001,8.0,45.0,True,360.0,0.00011936654499920231,0.0004896565347990257,1.2973700009908958e-05,3.44592590899159e-05,0.0011882032478994773,3.1452949819057135e-05,0.00013678464687095498,2.3732109954254326e-05,6.773576863371137e-05,3.0401627209308656e-05,0.0005532735682562033,2.8676258003454645e-05,0.00034705776409961464,4.4331036136558435e-06,0.0,0.0005850901112616437,0.0023128620858462352,6.858304541253444e-05,0.00017760089545879723,0.005456097583693465,0.00012586031507396097,0.0006645451176841303,0.00010634784194283516,0.00036650317363769,0.00013339560502355203,0.002563412459391468,0.0001296887068815951,0.002801482594987881,2.14317049128267e-05,0.0
NeuralNetwork,0.0001,8.0,45.0,True,361.0,0.0001192887858399805,0.000489649425619696,1.2952215577955195e-05,3.440662053717436e-05,0.0011887691993379493,3.1370913102781035e-05,0.00013712358804083256,2.371504742180241e-05,6.75640237138599e-05,3.0219389221096295e-05,0.0005533001172253385,2.861005126064357e-05,0.0003476998394711641,4.448757238304518e-06,0.0,0.0005847522110309241,0.002312857025074509,6.85052419046186e-05,0.00017734700169578287,0.005457548042518072,0.00012491125636880502,0.0006660108671248334,0.00010623672754509644,0.0003673908236266682,0.00013217440097586914,0.0025692104168657985,0.00012975344258659292,0.0027989064747432494,2.142435537194306e-05,0.0
NeuralNetwork,0.0001,8.0,45.0,True,362.0,0.00011932148003192604,0.0004896438025400003,1.2961842591630803e-05,3.441931263134486e-05,0.0011883587490475423,3.1493006730979345e-05,0.00013622643571658275,2.3775417709125662e-05,6.719842312149603e-05,3.0334810462762726e-05,0.0005528542873351721,2.8557126533310367e-05,0.00034817531102429827,4.427404597281124e-06,0.0,0.0005848004289393155,0.0023128219745444053,6.853783819473015e-05,0.00017738913964925323,0.005457227975294969,0.00012542237088365374,0.0006664186809797707,0.00010615799271460599,0.00036890214344240585,0.00013237436003280136,0.0025583218853428677,0.00012973877572038637,0.0027951307641635153,2.1371166016789352e-05,0.0
NeuralNetwork,0.0001,8.0,45.0,True,363.0,0.00011923739490804646,0.0004896289013788064,1.2933378260974292e-05,3.43656297923741e-05,0.0011887790957483904,3.1328059712831544e-05,0.0001356588059037201,2.3664439704540284e-05,6.742504327445017e-05,3.0244389333011648e-05,0.000553401091670733,2.851603788667612e-05,0.00034786154317727305,4.449326135820616e-06,0.0,0.0005846649595776444,0.002312786174270342,6.848968471746025e-05,0.0001772275112522473,0.005458522745322101,0.00012501171034462046,0.0006666777643767542,0.00010594097698259654,0.00036819616578659923,0.00013197894038269355,0.0025596358116317846,0.00012963307353685487,0.002797310082417614,2.1472539600430043e-05,0.0
NeuralNetwork,0.0001,8.0,45.0,True,364.0,0.00011922735369430398,0.0004896171330763002,1.2920442667370536e-05,3.435727801284379e-05,0.0011886136532266128,3.13581482098109e-05,0.0001368278140488339,2.365669792874483e-05,6.723513379893855e-05,3.02674163464266e-05,0.0005531141539468277,2.8607066509858617e-05,0.000346763355712685,4.450535474500727e-06,0.0,0.0005846210058380222,0.0023127820506785653,6.847888371854458e-05,0.00017730683182020607,0.005457881577058598,0.00012514775372901053,0.0006658928761692167,0.00010622357188155816,0.0003671536233815007,0.00013290676024724853,0.002551723763627826,0.00012952966744419914,0.002799454162705619,2.1489968218799657e-05,0.0
NeuralNetwork,0.0001,8.0,45.0,True,365.0,0.00011918649599558581,0.0004896108271940699,1.2920649767403975e-05,3.4335292775354615e-05,0.0011888208465390862,3.143532999924251e-05,0.00013543733689341583,2.3656371589298196e-05,6.727383765730896e-05,3.02161408884506e-05,0.0005526805743374272,2.8551224809933224e-05,0.00034712821325523193,4.4537401906242266e-06,0.0,0.0005842906499058945,0.0023127200093659215,6.835828037381923e-05,0.00017718542015777444,0.005458020515235862,0.00012521171626055016,0.0006618336217958222,0.00010581994019214462,0.00036833297062969806,0.00013220922892573494,0.0025538303567178592,0.00013006636697166372,0.002793605035206057,2.159555325483751e-05,0.0
NeuralNetwork,0.0001,8.0,45.0,True,366.0,0.00011918844399105185,0.0004896152051632616,1.2913492892309019e-05,3.434365710640211e-05,0.0011886483734777878,3.1354626254090725e-05,0.00013580341946403936,2.36410160631825e-05,6.730743053788445e-05,3.030511106281589e-05,0.0005524103451931894,2.852193207914296e-05,0.00034716251404137623,4.44178518430001e-06,0.0,0.0005842351688528961,0.0023127267570615564,6.835532239960425e-05,0.00017717594292553717,0.005458242100458448,0.00012504343388590423,0.0006623499142298908,0.00010632710683645692,0.0003676642224473773,0.0001327446866897667,0.002558329945090432,0.00012944411462957755,0.0027912446537857534,2.14085126377689e-05,0.0
NeuralNetwork,0.0001,8.0,45.0,True,367.0,0.00011906998779253175,0.0004895769682213303,1.2877119850678585e-05,3.424883290442495e-05,0.0011894265681247087,3.133363509676206e-05,0.0001360860997133178,2.3582726817407375e-05,6.727931513940549e-05,3.010769326972833e-05,0.0005518001205516311,2.8484887531343497e-05,0.0003465237723527893,4.441757884750147e-06,0.0,0.0005839437058886642,0.002312571185189973,6.826751449572965e-05,0.00017689403919678815,0.00545948106006965,0.00012509688828726235,0.0006588101855613901,0.00010636506262440352,0.00036489368422226335,0.00013240534554487504,0.0025519359411683472,0.0001295399529941427,0.0027885993696608632,2.142206367409829e-05,0.0
NeuralNetwork,0.0001,8.0,45.0,True,368.0,0.00011914245523211128,0.0004895919095473791,1.290714056946518e-05,3.42953764404248e-05,0.0011890693321918659,3.140295712613674e-05,0.00013475691412658382,2.3585124157188395e-05,6.729309670526705e-05,3.0283763442399367e-05,0.0005521344528044009,2.8531483783715496e-05,0.00034649915129669273,4.457185895877546e-06,0.0,0.000583942065823753,0.002312603236744239,6.827912381235158e-05,0.00017684911313296865,0.005458984451676607,0.00012520794411125422,0.0006600700365672321,0.00010557468019941318,0.0003677986374816055,0.00013246516105513902,0.00254944735353098,0.00012940872437174216,0.0027901078545072545,2.1565994013499164e-05,0.0
NeuralNetwork,0.0001,8.0,45.0,True,369.0,0.00011911019281235666,0.0004895780526724145,1.2883464642612118e-05,3.428549337579876e-05,0.0011892407424334407,3.143204652234872e-05,0.0001349504083154015,2.3703783690286775e-05,6.6917871609531e-05,3.0214845571877822e-05,0.0005502098332839514,2.8558883745715303e-05,0.0003468512765802142,4.451855894107864e-06,0.0,0.0005838328843596597,0.0023125423200475344,6.820153702729903e-05,0.00017678538489641633,0.005460256365545005,0.0001250557929464856,0.0006619617811538888,0.00010598647706913498,0.00036561514877673216,0.00013205004891134658,0.0025530659927512113,0.00012933503859822854,0.002783207211104579,2.1610782429013613e-05,0.0
NeuralNetwork,0.0001,8.0,45.0,True,370.0,0.00011904603949775593,0.0004895794182774835,1.2868756774782813e-05,3.430072840734955e-05,0.0011886201056367249,3.1258082494260166e-05,0.00013517059205034673,2.371564738432352e-05,6.681519015780036e-05,3.0320288357387655e-05,0.0005512274098846148,2.8633035598900118e-05,0.0003451716225102263,4.4721061981350905e-06,0.0,0.0005841449652827761,0.0023126242295751034,6.829179917116585e-05,0.0001770418090452938,0.00545783668819495,0.00012521838195293954,0.0006598363507468745,0.00010596951411205268,0.0003670749002657596,0.00013287532957469893,0.0025473611909638413,0.0001298033708483918,0.002786165325896545,2.1619360554237034e-05,0.0
NeuralNetwork,0.0001,8.0,45.0,True,371.0,0.0001190724780135399,0.0004895677303046872,1.2874127568983325e-05,3.4267805777791376e-05,0.0011889284744977303,3.127569478316449e-05,0.00013524342097362096,2.3683036032391365e-05,6.67549679783798e-05,3.0260977418114234e-05,0.0005520730809060069,2.8496977152689448e-05,0.0003455359177448036,4.467903322608002e-06,0.0,0.0005839006893289914,0.0023125691233940844,6.823303213097015e-05,0.00017679912629742293,0.0054588099695315855,0.00012491096350007087,0.0006619150627334162,0.00010595330089892982,0.0003666502406012337,0.00013191450926117927,0.0025550057678102697,0.0001291749214038909,0.002793977470517908,2.1569829129572935e-05,0.0
NeuralNetwork,0.0001,8.0,45.0,True,372.0,0.00011900931877909966,0.000489561183433327,1.2860494111024466e-05,3.423598266113801e-05,0.0011891025834862969,3.135230924401965e-05,0.00013499803379218213,2.3666641240653323e-05,6.656868338102922e-05,3.0253730172095594e-05,0.0005507225778224975,2.839988363640649e-05,0.00034604464579785285,4.455350236490248e-06,0.0,0.0005834792395057919,0.002312469969755449,6.814156922529328e-05,0.0001765323814543538,0.005460157413390889,0.00012515623520755167,0.0006582453940649453,0.00010564677276701298,0.00036563138541935376,0.00013198625038629807,0.00255382979440989,0.00012877870515082618,0.002791875001019652,2.1546916544156255e-05,0.0
NeuralNetwork,0.0001,8.0,45.0,True,373.0,0.0001190258265344923,0.0004895521061761039,1.2870481353243084e-05,3.419943264311536e-05,0.0011894198718940122,3.137197998174117e-05,0.00013514879257531178,2.363228773813685e-05,6.661791043140175e-05,3.0102235870059288e-05,0.000552250529235264,2.846653470292567e-05,0.00034463839389564535,4.438268562974634e-06,0.0,0.0005833844906129177,0.0023124542251323006,6.812501628443879e-05,0.0001764081933963224,0.005461496457296989,0.00012472487470638826,0.0006620847391632368,0.00010567880089178025,0.0003664054023394795,0.0001313382958841024,0.0025480470192507376,0.00012875166750928892,0.002789454452646603,2.1489594811163608e-05,0.0
NeuralNetwork,0.0001,8.0,45.0,True,374.0,0.00011897954658035319,0.0004895474068880724,1.2849539146831414e-05,3.418356250479536e-05,0.0011893992422921764,3.1166333413991646e-05,0.00013480857617128892,2.3534107260466265e-05,6.707452458512751e-05,3.015786670449609e-05,0.000551796385220119,2.840704804241175e-05,0.0003454522945167562,4.438062718092913e-06,0.0,0.0005831123335556414,0.0023123657553450866,6.799874300102017e-05,0.0001763253466888044,0.005460702402709411,0.00012494051981272187,0.0006581477399142283,0.00010534359505341488,0.0003655430093501349,0.00013176082346424368,0.0025465252264490665,0.00012910437518320742,0.002780437282046432,2.1419307779309884e-05,0.0
NeuralNetwork,0.0001,8.0,45.0,True,375.0,0.00011895948423529571,0.0004895240309424799,1.2838812620251005e-05,3.4153875656365705e-05,0.00118968832344193,3.117693442540027e-05,0.00013524869261083577,2.3564552220533478e-05,6.686813747786447e-05,3.0066235608489044e-05,0.0005500470852916132,2.842093002041074e-05,0.00034545839957471163,4.456961537507988e-06,0.0,0.0005835467633211388,0.0023123670673970156,6.809408348873726e-05,0.00017637334201695785,0.005460721828510674,0.0001249358924867222,0.0006594699602456962,0.00010573429365952809,0.00036486606084325777,0.0001319545619892624,0.0025464571871847475,0.00012862642512381453,0.0027914583308141934,2.1597164032875367e-05,0.0
NeuralNetwork,0.0001,8.0,45.0,True,376.0,0.00011896257692912839,0.0004895269228120377,1.2846214249930934e-05,3.416632676140639e-05,0.0011892352983555968,3.121103940787662e-05,0.0001348861445474496,2.3563259414264133e-05,6.655423909506066e-05,3.0134862283812058e-05,0.0005510135721967548,2.8469471757945345e-05,0.0003442764683875112,4.459609280056709e-06,0.0,0.0005836213159861054,0.0023124184248582372,6.814877379615352e-05,0.00017657235217919138,0.005458466121407282,0.00012516374436189544,0.0006577992964090791,0.00010630561027136989,0.00036323129099869876,0.0001314485082461399,0.0025460976849561966,0.00012941045815464836,0.0027919301072006704,2.1659417675351198e-05,0.0
NeuralNetwork,0.0001,8.0,45.0,True,377.0,0.00011894406093098726,0.0004895274449551523,1.2834565186837935e-05,3.416585482436049e-05,0.001189332395131503,3.1212465260228055e-05,0.00013447218546970192,2.3581157877760114e-05,6.648566764641322e-05,3.0186240664228917e-05,0.0005496739939537974,2.8375935341630664e-05,0.000346498789812998,4.482475006475924e-06,0.0,0.0005829915310601768,0.0023123166471157434,6.796799764130851e-05,0.00017630044113165177,0.005461400064295746,0.00012478941126064684,0.0006575613464199522,0.00010574155680413516,0.00036467304863269974,0.00013173459414041267,0.0025424908542033262,0.0001290840618078064,0.0027832655036974254,2.1618868534763653e-05,0.0
NeuralNetwork,0.0001,8.0,45.0,True,378.0,0.00011889501964306896,0.0004895094109352708,1.2827443455991076e-05,3.410323028455205e-05,0.0011899259667847383,3.107490063195601e-05,0.0001349353063299328,2.355128526687622e-05,6.655522815461429e-05,3.0053420509450196e-05,0.0005501268526935835,2.8382509826328554e-05,0.0003461401176581164,4.419968137141026e-06,0.0,0.0005827257936855532,0.002312224616044722,6.78912953198331e-05,0.0001761232321179888,0.00546224013873852,0.00012448563609483108,0.0006548456332218722,0.00010618787704023925,0.0003626084646338937,0.00013186552989407905,0.0025350871326038672,0.00012912082269131761,0.0027809039976611828,2.1323352267251074e-05,0.0
NeuralNetwork,0.0001,8.0,45.0,True,379.0,0.00011887996786366897,0.0004894981246110243,1.283129426146132e-05,3.406881904505655e-05,0.0011900305007160078,3.130041876170192e-05,0.00013380532838263602,2.3568746937574402e-05,6.649845513211427e-05,2.9967922084736375e-05,0.0005500298144039761,2.8293597388942288e-05,0.0003456542835724,4.4280045598022375e-06,0.0,0.0005826341843455093,0.0023121923770544664,6.785165846535245e-05,0.0001759049394782984,0.005463064870911303,0.00012471378083873846,0.0006542376377297647,0.00010568198730360787,0.0003637028799491858,0.00013137915692989181,0.002548562468222852,0.00012847549229297997,0.002782773109352064,2.1369991613165388e-05,0.0
NeuralNetwork,0.0001,8.0,45.0,True,380.0,0.00011886432365265817,0.0004895036673610102,1.2816416948150111e-05,3.411912050529953e-05,0.0011896274969412938,3.133391374044341e-05,0.0001329783440600187,2.358850804621961e-05,6.626392250273105e-05,3.021109266824157e-05,0.0005488027379197894,2.8361649204778543e-05,0.0003444121051027447,4.442409308491691e-06,0.0,0.0005824622586838104,0.0023121668857598453,6.783403948230564e-05,0.00017589922268060768,0.005463054428880021,0.00012482739047809218,0.0006548534118154514,0.00010546522929608447,0.00036338536338236346,0.0001317686840610684,0.0025387588162092294,0.0001285123937534836,0.002783697356218062,2.142202999419386e-05,0.0
NeuralNetwork,0.0001,8.0,45.0,True,381.0,0.00011890997101033152,0.0004895068002196978,1.2827671893603718e-05,3.413403923861742e-05,0.0011894290606781202,3.131342715410531e-05,0.0001337871738681896,2.3535826818319666e-05,6.624314723149785e-05,3.016357764481213e-05,0.0005493272909256969,2.8490560817108e-05,0.0003437467742801677,4.461259176989772e-06,0.0,0.0005827594853047305,0.0023121873162827403,6.788294856090965e-05,0.0001760848194548169,0.005461778132831599,0.0001245976759577697,0.0006564921178157974,0.0001057693676191306,0.0003620283971042753,0.0001315964772453848,0.002541839139266584,0.00012935435621993347,0.002776837761297166,2.1449716339977283e-05,0.0
NeuralNetwork,0.0001,8.0,45.0,True,382.0,0.00011886311870700908,0.0004895100134080953,1.2821451361690248e-05,3.413287194751986e-05,0.001189480146194182,3.114483266506555e-05,0.00013458335174704498,2.3617599952735025e-05,6.620445843494806e-05,3.022303920229169e-05,0.0005490363768811496,2.8366474007981807e-05,0.0003452755289900335,4.457335572719895e-06,0.0,0.0005824761758060575,0.0023121865665387807,6.781519630795005e-05,0.00017596593817824837,0.005462683214539653,0.0001246199222668162,0.0006575324812775138,0.00010562360099276657,0.00036191244451504835,0.00013157363348412064,0.002539604902267456,0.0001289121595756063,0.002777525838815941,2.1499492310034406e-05,0.0
NeuralNetwork,0.0001,8.0,45.0,True,383.0,0.00011877497693277755,0.0004894675591563921,1.2789795180215347e-05,3.404269933780891e-05,0.0011898021126190788,3.1116441133208675e-05,0.00013370998705815112,2.349595315854826e-05,6.636166869790728e-05,3.0115836694073484e-05,0.0005473743551824934,2.8358586634587084e-05,0.00034440375081291094,4.4407534495879695e-06,0.0,0.0005825703155319646,0.0023121145911186745,6.786305691648579e-05,0.00017578721796191713,0.0054628393421968305,0.00012467707852897405,0.0006560044562291799,0.00010527433745516171,0.0003632782671436574,0.00013121345180010645,0.0025370580220372423,0.00012851467812961004,0.0027791046121585293,2.1490410450588234e-05,0.0
NeuralNetwork,0.0001,8.0,45.0,True,384.0,0.00011880856479274616,0.0004894696878937055,1.280140909906025e-05,3.403033860369191e-05,0.0011905987544754467,3.10131873322947e-05,0.00013384674838932376,2.3429774029074975e-05,6.632097165860899e-05,2.99970993415686e-05,0.0005499541438172127,2.8325074083721543e-05,0.00034486793604179855,4.450868403493876e-06,0.0,0.0005822244961306734,0.0023120197485078054,6.769617445438912e-05,0.0001755579486020706,0.00546551950908237,0.0001237924743748311,0.0006563531808883139,0.00010492530821254418,0.00036369041545586015,0.0001307050551071107,0.0025377252941611427,0.0001286548099615289,0.0027767031822564466,2.1480695994676284e-05,0.0
NeuralNetwork,0.0001,8.0,45.0,True,385.0,0.00011871865576489595,0.0004894577589317795,1.278880737581343e-05,3.3983772474961136e-05,0.0011905909256376762,3.1022003517960604e-05,0.0001338455233612472,2.3429349787794353e-05,6.627463145718741e-05,3.0002260525432236e-05,0.0005483600810531657,2.8194857113605562e-05,0.0003452785011893013,4.450744771049672e-06,0.0,0.000581942451824932,0.002311996506445063,6.770096578687992e-05,0.00017534770399519484,0.0054665860726444485,0.0001241840398723974,0.0006535701313108768,0.00010463643420792225,0.00036519381610102626,0.0001307045748023867,0.002534280408103511,0.00012803311992741232,0.0027776735383759506,2.145405665461747e-05,0.0
NeuralNetwork,0.0001,8.0,45.0,True,386.0,0.00011873593669374677,0.0004894547867325117,1.2773697859434426e-05,3.402348296500923e-05,0.0011898209068525627,3.128179482051304e-05,0.00013297096376791798,2.352404345399286e-05,6.597246121203482e-05,3.0173771987064186e-05,0.0005462848834914338,2.824025595123877e-05,0.00034505791580580637,4.467317794331643e-06,0.0,0.0005818228676634015,0.002311948710267649,6.764431325894482e-05,0.00017534686053324045,0.005464333727188815,0.00012412409549989042,0.0006543144396266098,0.00010520018309167346,0.00036158023765252073,0.00013144666903048942,0.002536201814435563,0.00012793395457402716,0.0027727137946482725,2.1393160458724453e-05,0.0
NeuralNetwork,0.0001,8.0,45.0,True,387.0,0.00011874929150802427,0.00048945040876332,1.2782261759605049e-05,3.401113478240941e-05,0.00119016202954344,3.110518493260335e-05,0.0001339988727775224,2.3411393587319356e-05,6.61452504181155e-05,3.013798510128597e-05,0.0005465324596574685,2.8378342722625424e-05,0.00034352510444558853,4.457070735707437e-06,0.0,0.0005823324124018351,0.0023119901336214077,6.777350351495563e-05,0.00017544365950725364,0.005465152067203693,0.0001238472525428676,0.0006579834054101188,0.00010532821358749702,0.0003617790838082631,0.00013056902343747,0.0025309046859261376,0.00012833982378056963,0.0027817189693450928,2.1441996320144937e-05,0.0
NeuralNetwork,0.0001,8.0,45.0,True,388.0,0.0001186979407409452,0.0004894453078267388,1.276787144516035e-05,3.4016785475443e-05,0.0011899774163647413,3.1051544768790995e-05,0.00013319983315275043,2.3453217752860242e-05,6.583683453801507e-05,3.0249362244117614e-05,0.0005453002822367008,2.829370031138315e-05,0.00034586454658816767,4.429770872057127e-06,0.0,0.000581863634991196,0.0023119397133401355,6.765089109071396e-05,0.00017540374735616288,0.005465274824383914,0.00012393554660884088,0.0006535799717003445,0.00010543395091527663,0.0003616328368771751,0.00013118138853109108,0.0025303605592475746,0.00012813854095695902,0.002782174063928472,2.134653429190318e-05,0.0
NeuralNetwork,0.0001,8.0,45.0,True,389.0,0.00011856257513848276,0.0004894119308322587,1.2723312304026354e-05,3.3928274686606426e-05,0.0011904083937317475,3.0985493664792925e-05,0.00013348639935174722,2.3527633187905798e-05,6.564791914266396e-05,3.0025513466156398e-05,0.0005448025995187682,2.827077873071249e-05,0.00034393860162750407,4.464824749232142e-06,0.0,0.0005816506139887204,0.0023118489943210435,6.754599722488872e-05,0.00017511265926391074,0.005466009496833855,0.00012375476459662119,0.0006555261664420554,0.00010535126821424976,0.00036142243997855757,0.00013062202096360284,0.0025257151456748914,0.00012776055285390817,0.0027764497687981565,2.1597415899986742e-05,0.0
NeuralNetwork,0.0001,8.0,45.0,True,390.0,0.0001185925280790766,0.0004894132161076178,1.2731672869618692e-05,3.392692916396493e-05,0.0011902930766580693,3.110865417195138e-05,0.00013292708366386332,2.350393090286666e-05,6.572721962819523e-05,3.0017191810267313e-05,0.0005456985971034376,2.8297679142328607e-05,0.00034492083315579395,4.414855590406454e-06,0.0,0.0005816233889111933,0.0023118611776603844,6.750908990701039e-05,0.00017525381027902448,0.005465575075391848,0.00012412205713350068,0.0006526406362371625,0.00010504961341806927,0.000361119215405962,0.00013092954484921583,0.0025288710054361596,0.00012827775903842735,0.002780193990131594,2.1256133035387632e-05,0.0
NeuralNetwork,0.0001,8.0,45.0,True,391.0,0.00011862060331270059,0.0004894174735822446,1.2743510205469363e-05,3.394110233716245e-05,0.0011903752457948851,3.097386091867226e-05,0.00013309486230428648,2.3421954433873015e-05,6.594848781422463e-05,3.012086734215847e-05,0.0005445698843490724,2.8230867416389546e-05,0.00034552684048758044,4.435625841032784e-06,0.0,0.0005816290588498865,0.0023118559294526683,6.750958778385846e-05,0.00017528008646185294,0.0054658825155156346,0.00012391640470837647,0.0006548213602611853,0.0001052027017627872,0.00036072067963252276,0.00013094382512869325,0.002524098697698341,0.00012848675016712092,0.002767161565756648,2.1398607817179753e-05,0.0
NeuralNetwork,0.0001,8.0,45.0,True,392.0,0.00011859377318958066,0.0004894003633540274,1.2731503424136786e-05,3.389736029979675e-05,0.0011906658532333243,3.107534997627099e-05,0.0001327099926227508,2.3362354809704496e-05,6.568962532394337e-05,3.0030099790533278e-05,0.0005458168826013241,2.8190165356484384e-05,0.0003436602190177074,4.423757126389166e-06,0.0,0.0005815767173497182,0.002311852368168861,6.753411261165667e-05,0.0001751373422408254,0.005466456850789095,0.00012347453607703155,0.0006543714201675271,0.00010505506077652458,0.00036179431298243925,0.00013057632172632516,0.0025222946262959413,0.00012825667248956811,0.002778009798541759,2.129719616060362e-05,0.0
NeuralNetwork,0.0001,8.0,45.0,True,393.0,0.00011845340706267447,0.0004893828916421155,1.2689962922884126e-05,3.385999694346096e-05,0.0011911174347207722,3.0942389244499876e-05,0.00013243125857047316,2.3406034089484303e-05,6.560560546795312e-05,3.004322616719814e-05,0.0005447718332398612,2.8205656438985602e-05,0.0003435693661157654,4.411680056560393e-06,0.0,0.000581352543905846,0.002311740094010935,6.747146798942074e-05,0.0001749454546462065,0.005467311900623613,0.00012383488176753686,0.0006530420772684445,0.00010508298873901367,0.00036043516776096895,0.00013001860593849757,0.0025228153234757716,0.0001281087503493207,0.002776149871214381,2.142634687933532e-05,0.0
NeuralNetwork,0.0001,8.0,45.0,True,394.0,0.00011853307405250734,0.0004893772283975648,1.2719790348306178e-05,3.384718435472555e-05,0.0011911226044086143,3.105709002908028e-05,0.00013172066195634498,2.3392749563702996e-05,6.55451171963684e-05,2.9944054119670486e-05,0.0005459387829361579,2.8236096378445947e-05,0.0003419727328010004,4.426989455850459e-06,0.0,0.0005808800646344071,0.002311716102204233,6.735049563009034e-05,0.00017487214374467262,0.0054673030866799616,0.0001232339619840466,0.0006550841455189687,0.00010528359210716103,0.0003593810980424941,0.00013059050828780769,0.002517846207948601,0.00012779335415213363,0.002781156286503534,2.1347471471852476e-05,0.0
NeuralNetwork,0.0001,8.0,45.0,True,395.0,0.00011850237806209657,0.0004893804415859623,1.2706817100150887e-05,3.3869453256502945e-05,0.0011906698941169353,3.104321307168817e-05,0.0001320904798584807,2.3288260693498697e-05,6.558723506741125e-05,3.0112068728616618e-05,0.0005442539877647338,2.8238001698753585e-05,0.0003423231711606131,4.471279053153054e-06,0.0,0.0005808914045117936,0.0023116686808987985,6.729676593212212e-05,0.0001748902898914409,0.005467476209587427,0.00012398628318834604,0.0006511449907560769,0.00010477348506075782,0.00036080612701440006,0.00013027258170475749,0.0025169710693119457,0.00012845318741018668,0.0027704570653303614,2.1556093585941027e-05,0.0
NeuralNetwork,0.0001,8.0,45.0,True,396.0,0.00011847524670256438,0.0004893759431222057,1.2691810506212744e-05,3.386660406210352e-05,0.0011906949162573898,3.105753686309182e-05,0.0001320821858159294,2.3404530417726368e-05,6.565939624997163e-05,3.0107427177564153e-05,0.0005422755875034795,2.824805295370981e-05,0.000341862399944398,4.461307814118837e-06,0.0,0.0005811952382513562,0.002311722849899868,6.743005049303642e-05,0.0001748845730937502,0.005467337389265609,0.00012325680574531075,0.0006528445665941299,0.00010512145997593238,0.0003602007790556494,0.0001304955836736931,0.0025226700605836304,0.0001278537319703672,0.002783990131234223,2.147657386724304e-05,0.0
NeuralNetwork,0.0001,8.0,45.0,True,397.0,0.0001184817534090695,0.0004893669060298375,1.2697395931357001e-05,3.384728978746985e-05,0.0011907702027372763,3.106017519200266e-05,0.00013186448226077858,2.3419097708563277e-05,6.540144248953406e-05,2.9971951121750547e-05,0.0005442128187883896,2.8254732871152e-05,0.0003418564957107174,4.4631921106352e-06,0.0,0.0005807979676708485,0.002311582085471483,6.726743805708375e-05,0.00017466916228240392,0.005467273517028037,0.0001233637848365232,0.0006532580972467578,0.00010556951399494267,0.0003569864158360463,0.00013027078934810447,0.002517164315817491,0.000127720722706063,0.0027745926530106262,2.156337576701581e-05,0.0
NeuralNetwork,0.0001,8.0,45.0,True,398.0,0.00011845121807807861,0.0004893574672889195,1.2685799584636149e-05,3.381337809835804e-05,0.0011910324073556066,3.0881848256543e-05,0.00013250991139771804,2.339440636397051e-05,6.57685492639593e-05,3.001184486394944e-05,0.0005432540033705472,2.8123767830612204e-05,0.00034215668783676273,4.45086024500771e-06,0.0,0.0005809221908731281,0.0023116025159943777,6.73125222700197e-05,0.0001746191754468582,0.005468460328301995,0.00012347174796668238,0.0006508745206227093,0.00010469906125803414,0.00036095356884992345,0.00013010135892802064,0.0025101647062121695,0.00012751202444610357,0.002778920550016487,2.149305505525766e-05,0.0
NeuralNetwork,0.0001,8.0,45.0,True,399.0,0.00011842207847579792,0.0004893478678885818,1.2678803368961072e-05,3.381022013663603e-05,0.0011909042743544157,3.0973702769555816e-05,0.000131563988898321,2.333549456294335e-05,6.529724983513516e-05,3.002079158539399e-05,0.0005437320454743994,2.819391072921033e-05,0.00034286073757953077,4.4714484986349575e-06,0.0,0.0005807657755395901,0.002311527166726454,6.72587515704287e-05,0.00017457911100402567,0.005468672811506986,0.00012349073757540505,0.0006492188516652809,0.00010458281580007301,0.00035990992525838456,0.00013014211454106576,0.0025180600724130308,0.00012776151346335622,0.0027733583870174,2.1579357613838693e-05,0.0
NeuralNetwork,0.0001,8.0,45.0,True,400.0,0.00011841677671494189,0.0004893424857980158,1.2663844470788204e-05,3.380098473029638e-05,0.0011908227417359934,3.09824260739946e-05,0.00013198342043755832,2.3342543494990574e-05,6.572298725660278e-05,3.0048517886840428e-05,0.0005420882586198997,2.8222108967702664e-05,0.0003411751391110073,4.447416108694038e-06,0.0,0.0005808541984678064,0.0023116519990957008,6.735744247646451e-05,0.00017474460526832245,0.005467362069815089,0.00012316661388994012,0.0006522378362949539,0.00010494223602537839,0.0003592376860807527,0.00013012044225473824,0.002514395886247263,0.00012773569415575303,0.002784058170498542,2.156614044786624e-05,0.0
NeuralNetwork,0.0001,8.0,45.0,True,401.0,0.00011836349803482426,0.0004893294723850055,1.2654541286255794e-05,3.376415104798551e-05,0.001191195805570262,3.10517355518521e-05,0.0001308449777470766,2.338105908060331e-05,6.527543027767275e-05,3.0003819423865757e-05,0.00054302984331496,2.815211417700724e-05,0.0003403785495423885,4.4503933285686845e-06,0.0,0.0005803273627593082,0.002311543473657572,6.716751710236447e-05,0.00017457146127268953,0.005468591582230518,0.00012329624930642685,0.0006498027616326914,0.0001048188328555545,0.0003584744467300439,0.00013074014078146256,0.00250114528638012,0.00012802747341821778,0.0027658900000014394,2.1437240131902245e-05,0.0
NeuralNetwork,0.0001,8.0,45.0,True,402.0,0.00011838245584637007,0.0004893281469447914,1.2659098742143163e-05,3.375988604244839e-05,0.0011909160493326816,3.0993704867330844e-05,0.00013149891179205594,2.3337638362077368e-05,6.518279506029145e-05,3.0053169479106637e-05,0.0005429224424927703,2.814666681855194e-05,0.0003412161875927866,4.457654381256219e-06,0.0,0.0005804295622327792,0.002311510484923357,6.716970190312127e-05,0.00017445621156842453,0.005468703095442138,0.0001232902747842501,0.0006483651744494648,0.00010455949173408485,0.00035946881808574844,0.00013025213946711342,0.0025116308305248524,0.0001277069813050564,0.0027693650632534387,2.1476884308101245e-05,0.0
NeuralNetwork,0.0001,8.0,45.0,True,403.0,0.0001183904988585778,0.0004893400759067175,1.2664539824839871e-05,3.3805207060675096e-05,0.0011904818228777557,3.097663731427206e-05,0.00013155201977153993,2.3331789355072372e-05,6.5390487525341e-05,3.013334606053694e-05,0.0005410837757619564,2.826417914298024e-05,0.00034206635707793534,4.4611364859093556e-06,0.0,0.0005804871519406637,0.0023115161080030527,6.722798278121829e-05,0.00017446417759799356,0.0054687575104572375,0.00012321929511784006,0.0006493526809620407,0.00010474336644013722,0.00035885323143605165,0.00013018338560308302,0.00251016433134019,0.0001276140716278328,0.002782536752568851,2.1495887095916947e-05,0.0
NeuralNetwork,0.0001,8.0,45.0,True,404.0,0.00011831257903993612,0.0004893169007853999,1.2642235778814377e-05,3.372686802135966e-05,0.0011913064670572323,3.095457174707295e-05,0.00013167677181107656,2.3333001831631775e-05,6.509820285511788e-05,2.9995015789717034e-05,0.0005424236753237536,2.815428558947905e-05,0.00034003526052696044,4.446972412561792e-06,0.0,0.0005801746961455675,0.002311432698987565,6.718103006575843e-05,0.0001743268573059226,0.0054698759727960415,0.000123481459493907,0.0006450991491851566,0.00010446664063060809,0.00035891138345190565,0.0001308267244940284,0.002504094404244573,0.00012778043278358268,0.0027686093213423243,2.1485548829601247e-05,0.0
NeuralNetwork,0.0001,8.0,45.0,True,405.0,0.00011824466027018196,0.0004893137277618573,1.261942841695004e-05,3.371135936673439e-05,0.0011913340774062425,3.0815119370617316e-05,0.00013172592355234603,2.3263777704091085e-05,6.518632454692193e-05,2.991683740982148e-05,0.0005415751927625137,2.811833553397752e-05,0.00034181781695538134,4.463460085526952e-06,0.0,0.0005802107775736155,0.0023114360728353823,6.710800617558402e-05,0.0001742595209265655,0.005469958611832078,0.00012294866097798136,0.000650887594283002,0.00010498138671776034,0.0003566420724931753,0.0001300304612648562,0.002514482481674578,0.00012728761670724402,0.0027731347758814975,2.1666386486880435e-05,0.0
NeuralNetwork,0.0001,8.0,45.0,True,406.0,0.0001182848753312206,0.0004893058956151381,1.262742624369593e-05,3.371890282855844e-05,0.0011914459083526023,3.089915679873161e-05,0.00013109353795205808,2.329117766609089e-05,6.516559948175744e-05,3.0021720397665173e-05,0.0005412729923937199,2.817482238188587e-05,0.0003397329396636017,4.4482953424723645e-06,0.0,0.0005799855263728016,0.002311362035619388,6.700902825818871e-05,0.0001741714377260808,0.00546937515954283,0.00012307301304250395,0.0006476570881387723,0.00010468072767527599,0.00035757063038694033,0.00013011176162545785,0.0025071574831908605,0.00012767203620769692,0.0027660285151979457,2.1534870853120425e-05,0.0
NeuralNetwork,0.0001,8.0,45.0,True,407.0,0.00011834784378259972,0.0004893122014973684,1.2651472440305747e-05,3.375016112693879e-05,0.0011908535579829677,3.1042397223071586e-05,0.00013006290777352943,2.327658778252306e-05,6.502684999026379e-05,3.008365962463569e-05,0.0005414310812628815,2.821190207393343e-05,0.0003414210685179883,4.487504399409192e-06,0.0,0.0005802942334481006,0.0023114115187207107,6.714697528935078e-05,0.00017435299291175866,0.005468462320206437,0.00012314599593105555,0.0006477815924950366,0.00010470223595511238,0.0003570061669034778,0.00013026563485838333,0.0025091070049213914,0.00012780681439915543,0.002773183134366881,2.1662510369183883e-05,0.0
NeuralNetwork,0.0001,8.0,45.0,True,408.0,0.00011825160879009175,0.0004892983446224037,1.2628815696647546e-05,3.373480811112653e-05,0.0011912604244027941,3.1048459605868614e-05,0.00012977319867463124,2.3333092202555458e-05,6.48731089666526e-05,3.0088805746678716e-05,0.0005406432074677913,2.8300076482109627e-05,0.00034002815134763075,4.463800545430408e-06,0.0,0.0005801884258318247,0.0023113612858754284,6.70612116092406e-05,0.00017416017985193985,0.005469238639720771,0.00012290446122862258,0.0006485190125381421,0.00010478815192696434,0.00035733856120199526,0.00013004346463665274,0.002512498096849933,0.00012752346975623436,0.002767055851858367,2.156029185924515e-05,0.0
NeuralNetwork,0.0001,8.0,45.0,True,409.0,0.00011810374187651991,0.0004892697472456652,1.257130087948231e-05,3.366634460552683e-05,0.0011914486510408466,3.084463551841335e-05,0.00013005265569429836,2.3367967848186545e-05,6.467547779777301e-05,3.0005393384119894e-05,0.0005389615451550548,2.8265908742047386e-05,0.0003394609834306002,4.452101590056625e-06,0.0,0.0005797221319480512,0.002311284624555576,6.694428083844155e-05,0.00017402904494753424,0.005470070897824538,0.00012335489334175422,0.0006452225757844793,0.00010437218460646816,0.0003576296492942474,0.00013000072923096472,0.0025073207399380283,0.0001275161363231311,0.0027625633860534093,2.15114896777291e-05,0.0
NeuralNetwork,0.0001,8.0,45.0,True,410.0,0.0001181711686268007,0.0004892647266387939,1.2603890893835264e-05,3.3634433628253215e-05,0.001191839237127426,3.0857099174971207e-05,0.00012946668058392815,2.3237148405246016e-05,6.517282915565203e-05,2.9885418452021246e-05,0.0005409342821717584,2.813357307583174e-05,0.0003407732495721781,4.466174351116717e-06,0.0,0.0005796286013891113,0.002311263069416742,6.693667210872818e-05,0.00017379146983038704,0.005472431207820869,0.0001221928722078695,0.0006505591127107728,0.00010429340291698024,0.0003582263283384671,0.00012919400473060847,0.0025120385038027975,0.00012699445510435403,0.002769516886405225,2.15833713798403e-05,0.0
NeuralNetwork,0.0001,8.0,45.0,True,411.0,0.00011817934217478709,0.000489264686473939,1.2597084206069577e-05,3.363849529921205e-05,0.0011916305066282697,3.098368624631928e-05,0.00012943628582992966,2.325574975370397e-05,6.493598704710803e-05,2.9939015940675194e-05,0.0005421120362140419,2.798602497079623e-05,0.00034091981112796343,4.472188410572607e-06,0.0,0.0005795063931237226,0.0023111912814326257,6.68857715227319e-05,0.00017378692450763296,0.005470732447412756,0.000122652031809279,0.0006464850040351819,0.00010418744300896267,0.0003581434347719516,0.00013016127987102892,0.0025030245196144534,0.00012702602635389603,0.0027685289113026745,2.1659922873917616e-05,0.0
NeuralNetwork,0.0001,8.0,45.0,True,412.0,0.0001181340864244497,0.0004892533198199825,1.2585452715100626e-05,3.3648702192981286e-05,0.0011915587972858531,3.097566331653903e-05,0.00012945901913784263,2.3346971670251007e-05,6.457029608382048e-05,3.004573647063376e-05,0.0005394846120613283,2.8158470265306233e-05,0.00033906668504936035,4.459180645745077e-06,0.0,0.0005797789719119762,0.0023111633534701366,6.696044719256695e-05,0.00017383326805612577,0.005471544332854734,0.0001229275978586209,0.0006467564113484988,0.00010475510461900219,0.00035506240882963503,0.00012997461705462738,0.0025033885203067613,0.00012720332908555397,0.002763723614830641,2.1570073674965954e-05,0.0
NeuralNetwork,0.0001,8.0,45.0,True,413.0,0.00011812013917856139,0.0004892421941551558,1.2583202228070591e-05,3.3555595038554094e-05,0.0011923494291086203,3.086407279791536e-05,0.00013004538585554879,2.3147166578596173e-05,6.504071690644216e-05,2.9847984807189262e-05,0.000540044831458449,2.7919273492139625e-05,0.00034035927041200294,4.45904697208713e-06,0.0,0.0005795400847429,0.002311180035273234,6.692783333033135e-05,0.00017358065120079232,0.0054727485939056065,0.00012214041356020753,0.0006486575277346485,0.00010403695533860405,0.000357892059680051,0.00012957222712864665,0.0024979275727421983,0.00012699115154503275,0.0027674425323054477,2.148123194445979e-05,0.0
NeuralNetwork,0.0001,8.0,45.0,True,414.0,0.00011801897395010586,0.0004892350849758262,1.2547780591442257e-05,3.3603699983290904e-05,0.0011915854234292478,3.09746742569854e-05,0.000129167924351448,2.3329803705054795e-05,6.445647892604941e-05,2.9986357753167575e-05,0.0005377445098846106,2.818601833520874e-05,0.000337755021380607,4.4597128300734284e-06,0.0,0.0005793668470292721,0.002311112183444905,6.683934597099353e-05,0.00017368239379903806,0.00547157887376417,0.00012293537645220008,0.0006438602910101789,0.00010473745049170728,0.0003553498184905862,0.0001303164065821366,0.0024928653015280668,0.0001270667351079437,0.0027652817702143446,2.1501709326351965e-05,0.0
NeuralNetwork,0.0001,8.0,45.0,True,415.0,0.00011805167818326513,0.0004892382981642237,1.2563823940699312e-05,3.359337008465333e-05,0.0011917092552795328,3.0794050393882145e-05,0.00012973209998678325,2.3215976506069986e-05,6.462918278181328e-05,2.9916548724926387e-05,0.0005385320221960063,2.8261452953449158e-05,0.0003379379321301401,4.458776486891942e-06,0.0,0.0005792953401991406,0.002311135987815617,6.685561775786322e-05,0.0001736116718571141,0.0054727529185804175,0.00012248631496474427,0.0006467077717091302,0.00010389088412875649,0.0003576547657168886,0.00012988804505681092,0.0024966290162044503,0.00012715386941372972,0.0027606043050873953,2.1615821235584763e-05,0.0
NeuralNetwork,0.0001,8.0,45.0,True,416.0,0.00011805574487483084,0.0004892162878237002,1.2561287279077617e-05,3.3551701557925446e-05,0.0011922204989272547,3.0809046946606544e-05,0.00012954183906879066,2.3215276131411448e-05,6.453597019464179e-05,3.0015158464484457e-05,0.0005377810599026333,2.8009019350266522e-05,0.000339351735025082,4.447821522698891e-06,0.0,0.0005793452918904382,0.0023110420823846973,6.687277986568475e-05,0.0001733902279498442,0.005473741280113372,0.0001223711004047274,0.0006431418488610465,0.00010431796874640122,0.00035676428075856383,0.0001295099398062664,0.0024990600609929308,0.00012670196124217796,0.002764551894469831,2.145759011589506e-05,0.0
NeuralNetwork,0.0001,8.0,45.0,True,417.0,0.00011798175117076247,0.0004892243609595492,1.2533371449721791e-05,3.352803692743785e-05,0.0011920643853784467,3.0767197678031305e-05,0.00013013362804191776,2.3170886435759356e-05,6.459063958286275e-05,2.983251380711553e-05,0.0005395509242368837,2.7916391663795534e-05,0.0003397230591092791,4.4778667169439825e-06,0.0,0.0005790412707148858,0.0023110302739173362,6.674900182388114e-05,0.00017334183432021232,0.005474027873226922,0.00012234100521360552,0.0006450006515724854,0.00010418142162778843,0.00035615787847237016,0.0001290530762957327,0.0024963186222052426,0.0001268283633878396,0.002765650456806399,2.160489723180075e-05,0.0
NeuralNetwork,0.0001,8.0,45.0,True,418.0,0.0001180110213088218,0.0004892268110157023,1.2544505900610489e-05,3.355813546563095e-05,0.0011918066369079412,3.073362236957987e-05,0.00012957672224533204,2.3200877030904723e-05,6.45549982946838e-05,2.9956419874394356e-05,0.0005386465321975256,2.797864216839207e-05,0.00034056611941509814,4.458230495894694e-06,0.0,0.000578815738360087,0.0023109560492653516,6.66315497467353e-05,0.00017332149751531252,0.005474044977659761,0.00012203199355482305,0.0006458012844031711,0.00010419920461732636,0.00035597758847962386,0.00012940449534722093,0.0024985395512490904,0.00012715724326154722,0.0027529404223340112,2.1584579463368692e-05,0.0
NeuralNetwork,0.0001,8.0,45.0,True,419.0,0.00011790155199660124,0.0004892079335338665,1.2519709123273422e-05,3.350292636217133e-05,0.0011923812227501544,3.068498021990784e-05,0.00012942703787207282,2.3186608466176652e-05,6.460885936519848e-05,2.988837056886154e-05,0.0005382670948126246,2.7951400355508708e-05,0.00033889481963494397,4.443548986251463e-06,0.0,0.0005788073505995408,0.002310937118230376,6.666983940503883e-05,0.00017315120020377562,0.005474680110265095,0.00012166183090434884,0.0006469021428306147,0.00010472841841994591,0.00035444162083121965,0.0001287767136434339,0.0025001007056086317,0.00012659444327249467,0.0027634733877841783,2.155583586145497e-05,0.0
NeuralNetwork,0.0001,8.0,45.0,True,420.0,0.00011796069474554448,0.0004892027121027203,1.2534586436584632e-05,3.349649245446583e-05,0.0011925063011732167,3.0779237093308546e-05,0.00013002235131122353,2.3254828472343095e-05,6.42552730850775e-05,2.9846985706421886e-05,0.0005380112848513209,2.800752320941889e-05,0.0003394123839560866,4.4595951595998835e-06,0.0,0.0005785574984250579,0.002310893070772759,6.662045587908547e-05,0.00017308031425536055,0.005475836126017414,0.00012237689920566367,0.0006409896619664798,0.00010445259464611797,0.00035342056327645886,0.00012914066747674402,0.002496346175295752,0.00012651983203378113,0.002764334093849614,2.1480861465511083e-05,0.0
NeuralNetwork,0.0001,8.0,45.0,True,421.0,0.00011801876308461727,0.0004892027121027203,1.2548437035790672e-05,3.350596131902499e-05,0.001192070951368716,3.0913927424146804e-05,0.00012843563871563606,2.3281427647546938e-05,6.4289839963386e-05,2.9838322649265556e-05,0.0005383400743541049,2.796334688955883e-05,0.000339303617528828,4.45776263809188e-06,0.0,0.0005787532753164663,0.0023108878225650427,6.666316199790007e-05,0.00017304534572850234,0.005475275113486564,0.00012208938411196823,0.0006426109832787664,0.0001045040341105851,0.00035332483034463796,0.00012904477053843203,0.0024932414855597155,0.00012609218510816682,0.002770284061911721,2.155203881831664e-05,0.0
NeuralNetwork,0.0001,8.0,45.0,True,422.0,0.00011793078196980562,0.0004891946389668714,1.2517122255583014e-05,3.352031272376644e-05,0.001192091085251527,3.090865076632513e-05,0.00012912365264005737,2.322605286406057e-05,6.433525637314325e-05,3.000303118858697e-05,0.0005364477875419062,2.799488885222741e-05,0.0003368467534327443,4.4457615049420344e-06,0.0,0.0005787581955112002,0.002310899443596414,6.666177965747486e-05,0.00017316203634693938,0.0054741347387407034,0.00012222883648842385,0.0006385499482634683,0.00010451969673048775,0.0003544266728110283,0.00012967381743515062,0.0024927228501757737,0.00012656464095010697,0.0027628377923425637,2.149856684483447e-05,0.0
NeuralNetwork,0.0001,8.0,45.0,True,423.0,0.00011786954060719019,0.0004891705802187444,1.250124458635271e-05,3.3458378517402796e-05,0.0011923791785987202,3.07542093680554e-05,0.0001285728719838546,2.318112345316982e-05,6.42860694876257e-05,2.986076476198001e-05,0.0005368322856985334,2.793333370168254e-05,0.0003386726678221052,4.469805191248414e-06,0.0,0.0005784894123017413,0.002310783420718691,6.658274024350089e-05,0.0001729744480653379,0.005475425590451099,0.00012202145028039345,0.0006392728888763572,0.00010466794688371742,0.00035337590665187474,0.00012881776212521318,0.0025011779002423557,0.0001267846908022023,0.0027555285384819944,2.153986133635044e-05,0.0
NeuralNetwork,0.0001,8.0,45.0,True,424.0,0.00011793383449878333,0.0004891769262658297,1.2522624840713897e-05,3.344639683910457e-05,0.0011925757460073188,3.079130161162014e-05,0.00012931483734971428,2.3150645859157944e-05,6.449267248098419e-05,2.9901808223152416e-05,0.0005364529688081973,2.7871226284381835e-05,0.0003387650068236811,4.440952704923173e-06,0.0,0.0005783542240940549,0.002310785669950569,6.656263773358844e-05,0.000172816275519395,0.005476662439741268,0.00012162991992707523,0.0006410403165427393,0.00010435319499774548,0.0003531000008748012,0.0001291269377904868,0.002495490904874022,0.000126402274523891,0.0027555052964192517,2.1520868798940438e-05,0.0
NeuralNetwork,0.0001,8.0,45.0,True,425.0,0.0001178564970705387,0.0004891783320357537,1.2498825908992489e-05,3.345736184451137e-05,0.0011921151731005355,3.0659038744204126e-05,0.00012915250104713954,2.3253126486613744e-05,6.416381268970407e-05,2.989007255459089e-05,0.000537112114243109,2.797071965074925e-05,0.00033745972936686803,4.456483324703502e-06,0.0,0.0005783941948188926,0.002310823344584531,6.65542558304169e-05,0.0001729032575334393,0.005475912794298199,0.0001216962605527362,0.0006423233627523266,0.00010470399316751732,0.0003520967263095784,0.00012856518041412786,0.0025056191960220815,0.0001264810210691308,0.002763397288772295,2.1523756484659213e-05,0.0
NeuralNetwork,0.0001,8.0,45.0,True,426.0,0.00011783013888446468,0.000489171022032149,1.2499742169746492e-05,3.343333573032904e-05,0.001192423165482505,3.077515533992222e-05,0.000129022949307434,2.3265010263077973e-05,6.411017754649859e-05,2.9733489867490578e-05,0.0005377752761635176,2.802116168798462e-05,0.00033692525564178304,4.445073995588603e-06,0.0,0.0005785772260629906,0.002310830092280166,6.66210709034272e-05,0.0001730944539578456,0.005475242295379956,0.00012174614195553761,0.0006398091432433459,0.00010479001457211357,0.0003509000880913165,0.0001294244924243891,0.0024917993530537345,0.0001271670602215161,0.0027608483467461927,2.1571873353337343e-05,0.0
NeuralNetwork,0.0001,8.0,45.0,True,427.0,0.0001177493573199064,0.0004891594947187728,1.2465543050891305e-05,3.340800425836018e-05,0.001192779407132421,3.075154342580677e-05,0.00012859145827049192,2.312492529015657e-05,6.435150807758548e-05,2.982276127826814e-05,0.0005357294792756237,2.7988319388136388e-05,0.0003375950447632617,4.4352951085551405e-06,0.0,0.000577853816860127,0.0023106996368312234,6.636123776248416e-05,0.0001726976285378138,0.005476790981209358,0.00012188059213401386,0.0006388139049961881,0.00010396804918283187,0.0003538025109647955,0.00012924267951422517,0.002488840675953799,0.00012643642301829355,0.002751662296319158,2.1519439599517756e-05,0.0
NeuralNetwork,0.0001,8.0,45.0,True,428.0,0.0001178391960592604,0.0004891602980158721,1.249945097454796e-05,3.342539564056217e-05,0.0011923965056385216,3.07661684536227e-05,0.00012863381211005774,2.3291192727911505e-05,6.380291640597855e-05,2.988252658246341e-05,0.0005362564823376844,2.79283130948113e-05,0.0003369910055093688,4.437704372277479e-06,0.0,0.0005779100945160824,0.002310701698627112,6.642772482251221e-05,0.00017279248286343222,0.0054765439835340515,0.00012161343727471694,0.0006419120344725794,0.00010476626877514821,0.0003510792300386249,0.00012947540472513474,0.0024804394200163065,0.0001266706594318714,0.0027556535582872305,2.1437202058966806e-05,0.0
NeuralNetwork,0.0001,8.0,45.0,True,429.0,0.000117789963988281,0.0004891358376191954,1.2463823493037904e-05,3.3397900287031806e-05,0.0011924385909153866,3.077647073892249e-05,0.00012821127783577398,2.325447451955867e-05,6.385604948849691e-05,2.9869199381523696e-05,0.0005352426009036782,2.78996027544181e-05,0.00033650711941911847,4.480679825731526e-06,0.0,0.0005780041405239945,0.002310669647072846,6.646782440959282e-05,0.00017259835775168436,0.005476876124259617,0.00012156810119466961,0.0006396351089267611,0.00010427320668907285,0.00035276931692969127,0.00012837576463162523,0.0024995515181583427,0.00012620777454016343,0.002762880340312262,2.164148971578985e-05,0.0
NeuralNetwork,0.0001,8.0,45.0,True,430.0,0.00011777611715453011,0.0004891469632840221,1.2470033983737632e-05,3.3387615573856066e-05,0.0011926347395740053,3.071414994582976e-05,0.00012885481922452984,2.301855620267899e-05,6.454007705106247e-05,2.9815983458991962e-05,0.0005353904075699675,2.7893678438310033e-05,0.0003377014414640771,4.472769859605883e-06,0.0,0.0005778078950426114,0.0023106025449884764,6.635260399220124e-05,0.00017242162904274538,0.005477092135568388,0.0001213923916689255,0.0006403891639139667,0.00010403950915396588,0.0003518118236049916,0.0001286618856701461,0.002488569830948452,0.00012610275181209517,0.002755571836195652,2.158021864791711e-05,0.0
NeuralNetwork,0.0001,8.0,45.0,True,431.0,0.00011781961569246257,0.0004891307366826143,1.2486260585145488e-05,3.3376919170916884e-05,0.001192809939462121,3.064706208651278e-05,0.00012850954204878074,2.313238089136036e-05,6.376792779669285e-05,2.9870908898163357e-05,0.000536104619021043,2.7906229955488137e-05,0.00033690408876321386,4.46809347809325e-06,0.0,0.000577639952395697,0.002310515199817202,6.632276652556545e-05,0.00017225286636337545,0.005479513381120726,0.00012114983778329765,0.000639186902616009,0.00010408286544137031,0.000352363072851169,0.00012833136573152723,0.0024860276366179845,0.0001256584699423808,0.002760807110828424,2.16679416198588e-05,0.0
NeuralNetwork,0.0001,8.0,45.0,True,432.0,0.00011770119965879743,0.0004891285276155909,1.2451939716573675e-05,3.336511572416259e-05,0.0011926120845678592,3.071654477530734e-05,0.00012902005743787616,2.3137511951582773e-05,6.402379800527886e-05,2.9828251311881844e-05,0.0005355472513286252,2.7854146179805868e-05,0.0003362996880256262,4.474341623344512e-06,0.0,0.0005776974015265891,0.0023105684316383217,6.629712879657745e-05,0.0001724177046017077,0.005476327866962091,0.00012157210763895287,0.0006373064979067389,0.00010458593192340443,0.00035035005717907314,0.00012849949581443139,0.0024858145218975137,0.0001257810999387465,0.0027673934240761045,2.170374482260935e-05,0.0
NeuralNetwork,0.0001,8.0,45.0,True,433.0,0.0001177150665749758,0.0004891308571771791,1.2451172818874091e-05,3.338590605721641e-05,0.0011923446364971247,3.065092042289333e-05,0.0001283985665544988,2.31714462334255e-05,6.401848118260222e-05,2.989155614392134e-05,0.0005346369148907314,2.7894295972955194e-05,0.0003366859534358721,4.50094895703452e-06,0.0,0.0005776210682197187,0.0023105513749632446,6.631337129657374e-05,0.00017232556809794228,0.005477990120840615,0.00012123645664011158,0.0006377957526992702,0.00010438415708032044,0.00035157197582646733,0.00012858753215591864,0.002487137445113944,0.00012561677714938637,0.002764401008497994,2.1777328092065995e-05,0.0
NeuralNetwork,0.0001,8.0,45.0,True,434.0,0.00011759291520979849,0.0004890938251808968,1.2419254310690168e-05,3.329524644863895e-05,0.0011930638390290499,3.062937197820196e-05,0.00012852509588886786,2.3123346309295563e-05,6.379266432674748e-05,2.9781813208626287e-05,0.0005344870999816935,2.7766373420179372e-05,0.0003378866416103435,4.472258699068804e-06,0.0,0.0005775087472027952,0.0023105472513714675,6.62913534251399e-05,0.0001722441037308495,0.005479553762294373,0.00012117744944755386,0.0006394472043469267,0.00010364658474547309,0.0003528750308279721,0.00012842543516893807,0.002490457873674309,0.00012548252612164934,0.0027597132343916025,2.1550305035410436e-05,0.0
NeuralNetwork,0.0001,8.0,45.0,True,435.0,0.00011762242633698764,0.0004890965965558898,1.2413808207386588e-05,3.3301956489722365e-05,0.0011927048074380495,3.057195380771899e-05,0.00012821339653187365,2.3135624203399185e-05,6.376901726838393e-05,2.977995307378049e-05,0.0005343713850345252,2.78624075884125e-05,0.0003377638576487004,4.47399269116696e-06,0.0,0.0005772746396514605,0.0023104554077364365,6.617206213234356e-05,0.00017218084408427185,0.005479356158790402,0.00012124354406347815,0.0006376591118626624,0.00010426725559639481,0.00035102904405233994,0.00012832167763380135,0.0024841793303219777,0.00012588122590157972,0.002756060669257206,2.1556443564078342e-05,0.0
NeuralNetwork,0.0001,8.0,45.0,True,436.0,0.00011760023525461674,0.0004890888447388806,1.2411167368172314e-05,3.3263405759861525e-05,0.0011931689099189066,3.0590022971848595e-05,0.0001282505891875758,2.3112664968176993e-05,6.374682618601303e-05,2.9634955437035574e-05,0.000533925314155229,2.7860926509385483e-05,0.0003369450569152832,4.453239071300891e-06,0.0,0.0005774405205024863,0.0023104734015914627,6.622746703947116e-05,0.0001720873603843293,0.005479535371508697,0.00012067430096227418,0.0006408409783675235,0.00010441093699737164,0.0003510980907851045,0.00012787677488237058,0.0024817786501638546,0.00012573755621535224,0.0027571513592821997,2.152194509153846e-05,0.0
NeuralNetwork,0.0001,8.0,45.0,True,437.0,0.00011755457785572968,0.0004890766747878246,1.2395317312279802e-05,3.324886608236241e-05,0.0011931950961568153,3.0491593974137883e-05,0.00012855112271488838,2.3088907456462275e-05,6.372060355632453e-05,2.9705203768378e-05,0.0005343990184547445,2.7771604892539207e-05,0.0003367682512237055,4.4537110083467875e-06,0.0,0.0005771368741989136,0.0023104162336145557,6.619130946555228e-05,0.00017187870898336733,0.005480980681730403,0.00012050719006256488,0.0006396024013465305,0.00010389758496539398,0.0003508176865442744,0.00012757912653047333,0.0024847243941804897,0.00012531063560419862,0.002760541888902772,2.156779515621422e-05,0.0
NeuralNetwork,0.0001,8.0,45.0,True,438.0,0.00011752671348759428,0.0004890726984671826,1.238959131014315e-05,3.3235102088624896e-05,0.0011931252426097766,3.0486101430220745e-05,0.00012812887963580314,2.3095220869602862e-05,6.385780670090185e-05,2.9689396387643893e-05,0.0005342064681400186,2.7659052927699692e-05,0.00033747732157334486,4.508433740515754e-06,0.0,0.0005776437011154943,0.0023104246682340993,6.6268597524496e-05,0.000171953835671053,0.0054792849509498415,0.00012048767329012073,0.0006395792530017829,0.00010404465192893765,0.000350789875729279,0.00012813329274924295,0.002494976393081857,0.000125280036678854,0.002760201505145187,2.1828837845029323e-05,0.0
NeuralNetwork,0.0001,8.0,45.0,True,439.0,0.00011754518932088045,0.0004890653482987232,1.2393630388371064e-05,3.3236942141043205e-05,0.001193061284997906,3.0582753133099037e-05,0.0001279043179316662,2.310730798064538e-05,6.337574811155263e-05,2.9709604330300642e-05,0.0005336904300833648,2.7828837300567935e-05,0.00033560353067685973,4.457127217534739e-06,0.0,0.0005769119510110819,0.0023103041468926196,6.609701159052879e-05,0.00017179007518966242,0.0054807877786703,0.00012091031801775566,0.0006361513299012334,0.000103736882033588,0.0003509115451161966,0.00012796986028083465,0.0024844496130193554,0.00012527750629299093,0.0027603265249504234,2.15432761857907e-05,0.0
NeuralNetwork,0.0001,8.0,45.0,True,440.0,0.00011752437388479228,0.0004890734615994271,1.239598881844883e-05,3.325819939053605e-05,0.0011930124603493901,3.0475048564193705e-05,0.0001284696382653681,2.3227631844921574e-05,6.325227130616129e-05,2.977353422789561e-05,0.0005338891657857561,2.781099908435441e-05,0.00033584172834925897,4.462615995996725e-06,0.0,0.0005769341621758803,0.0023103631892294253,6.609667772017185e-05,0.000171893539856065,0.00548015095653578,0.00012072680646893364,0.000638481393550177,0.0001041683479674957,0.0003498071722639432,0.0001283897286128698,0.0024854344017100783,0.00012505455118305277,0.0027604997158050537,2.1575282345402916e-05,0.0
NeuralNetwork,0.0001,8.0,45.0,True,441.0,0.00011743870224914139,0.0004890450650469634,1.2357118024899953e-05,3.318367601244276e-05,0.0011932925800314886,3.0467572880562424e-05,0.00012721609314175628,2.313391217645609e-05,6.328620056739714e-05,2.9702859144969128e-05,0.000532525086981267,2.77642471931694e-05,0.00033593219968507874,4.462474163852612e-06,0.0,0.000576760877603255,0.0023103330120350578,6.604701889760839e-05,0.00017182466884454092,0.005480165233849122,0.00012062650478485996,0.0006354796530315711,0.00010384150646017783,0.00035058767915521776,0.00012831339530599943,0.0024872744608225314,0.00012542356578808912,0.002752625342435057,2.167737052875495e-05,0.0
NeuralNetwork,0.0001,8.0,45.0,True,442.0,0.00011741803743125937,0.0004890511701049188,1.2355978347140182e-05,3.32048981176875e-05,0.001193224213127049,3.02415602210397e-05,0.0001296912724117063,2.3101313376041115e-05,6.325552968002073e-05,2.9772505003487005e-05,0.0005313381753520503,2.7750058958151268e-05,0.0003357061719637354,4.488089613897621e-06,0.0,0.0005773257628176947,0.002310402738223286,6.62330022585467e-05,0.00017198748043123282,0.005479635287558207,0.00012089526456482006,0.0006369130229050259,0.00010461868636263241,0.0003488310993467487,0.00012830156340913954,0.002486400821673795,0.00012525528341344316,0.0027648334233266003,2.1785421519534394e-05,0.0
NeuralNetwork,0.0001,8.0,45.0,True,443.0,0.0001174958267141224,0.0004890635408802495,1.2374648728942614e-05,3.322158661492751e-05,0.001192817768893078,3.0500774153801952e-05,0.00012845310038633423,2.3102435481676836e-05,6.333586943117434e-05,2.973634910310375e-05,0.0005324447572713271,2.774603996235084e-05,0.0003377571099530654,4.466247149916351e-06,0.0,0.0005767284043180118,0.0023103324497270885,6.60561739742381e-05,0.0001717895597406903,0.0054806512655307124,0.00012049492471997844,0.0006366128441672655,0.00010395847823259965,0.00034964651619113466,0.00012812445982822082,0.002496444766626418,0.00012533583403008538,0.00275474618066032,2.1645039284847816e-05,0.0
NeuralNetwork,0.0001,8.0,45.0,True,444.0,0.00011734828111939031,0.0004890319311393882,1.2333281438627012e-05,3.3169952183560217e-05,0.001193209594893537,3.0372334478518392e-05,0.00012814823909589865,2.308638209120604e-05,6.333231484150951e-05,2.9747630406743434e-05,0.0005298457698359322,2.777912576163233e-05,0.00033517567455929243,4.473891023877817e-06,0.0,0.0005762892417937705,0.0023101937470945922,6.584796187637737e-05,0.000171552172059533,0.005481097361476056,0.00012082394517067844,0.0006345916750296107,0.00010343022503942814,0.0003498425273775305,0.0001279498280594184,0.002486655922055994,0.0001254364754418907,0.0027400249580167373,2.1685406846820183e-05,0.0
NeuralNetwork,0.0001,8.0,45.0,True,445.0,0.00011742275680171833,0.0004890359074600302,1.2358956822166546e-05,3.318666076322771e-05,0.0011931660224226983,3.0364878877314596e-05,0.00012842887093757362,2.3068112102801587e-05,6.31319625037057e-05,2.9723549065885518e-05,0.0005316147907082283,2.783101875425349e-05,0.0003359339870211249,4.484580209694622e-06,0.0,0.0005763324457894331,0.0023101360168097155,6.592436547174393e-05,0.00017145672028169692,0.005482437951677232,0.00012018963835149441,0.000637615626713015,0.00010345322109243405,0.0003492613118024742,0.0001279921534488786,0.002481254204264227,0.00012552739361172203,0.002741078535715739,2.17354537204564e-05,0.0
NeuralNetwork,0.0001,8.0,45.0,True,446.0,0.00011734588126930587,0.0004890253039383181,1.234123407991106e-05,3.312976975646623e-05,0.0011938122704795622,3.033050780267407e-05,0.0001283979038343918,2.307762866312603e-05,6.314392660987988e-05,2.9702201445468994e-05,0.0005319535410950447,2.7641905044930965e-05,0.0003350919308366801,4.455631390475038e-06,0.0,0.0005762692798608504,0.0023101761281115454,6.595375192052913e-05,0.00017133840131309798,0.005484304216861057,0.00012033802908171647,0.000636033666958599,0.00010372131313168027,0.00035008174255958893,0.00012710134047757155,0.002486209824400128,0.0001249531014535412,0.002748324061339756,2.1604996807170364e-05,0.0
NeuralNetwork,0.0001,8.0,45.0,True,447.0,0.00011737598482810583,0.0004890303647100444,1.2347031625695627e-05,3.318552610607481e-05,0.001192972298589751,3.0448017616798937e-05,0.0001272356132612717,2.309213068607361e-05,6.304844972900946e-05,2.9907531714985633e-05,0.0005298138387762312,2.779341691909132e-05,0.00033528761401009367,4.4733877080389755e-06,0.0,0.0005767255459191665,0.0023102347955763717,6.602796485776421e-05,0.00017156198901950188,0.005481020412553373,0.00012083796772566982,0.0006348118654586984,0.00010347672087966271,0.0003478168832056177,0.0001279310610309337,0.002487651582034129,0.0001251545717131417,0.0027627643174345387,2.1686609072973892e-05,0.0
NeuralNetwork,0.0001,8.0,45.0,True,448.0,0.00011729528359325749,0.0004890028116195349,1.2316400903174177e-05,3.3083783507829086e-05,0.0011938712041950539,3.0239328561285434e-05,0.00012847694826897263,2.3018787150595067e-05,6.318672728345721e-05,2.9604194178735472e-05,0.0005313583782741002,2.763008151574919e-05,0.00033692911146786014,4.473071409806087e-06,0.0,0.0005763769149780273,0.002310149887072965,6.590645947733765e-05,0.00017136345916199234,0.005483105413475096,0.0001200702650554525,0.0006382207169472796,0.00010407638718497078,0.0003474977265738841,0.00012741447572813094,0.0024898181546409177,0.0001246673084280026,0.0027565476279588614,2.1755701200392263e-05,0.0
NeuralNetwork,0.0001,8.0,45.0,True,449.0,0.00011722363953320485,0.0004889813234221261,1.2295426062817844e-05,3.304784098323786e-05,0.001194063437222121,3.0200923429023865e-05,0.00012793902036636025,2.2948897792643937e-05,6.359444072625707e-05,2.956144873183371e-05,0.0005292700468047931,2.7617309091868748e-05,0.00033619985827859844,4.4990662294578036e-06,0.0,0.0005766405905567625,0.002310154947844691,6.598569218467617e-05,0.00017131873224891206,0.005482351292397278,0.00012008424075144642,0.0006363157581233378,0.00010314958650361068,0.00034963409855680647,0.00012761025261953942,0.00248202475361854,0.00012481008779327826,0.0027570471448718375,2.188219852839251e-05,0.0
NeuralNetwork,0.0001,8.0,45.0,True,450.0,0.00011726418595429701,0.000488998674639473,1.2299505305900728e-05,3.311800647456691e-05,0.0011935422157707003,3.026695194029101e-05,0.0001276015552549028,2.2981730051278425e-05,6.315166838567533e-05,2.9788407775751666e-05,0.0005290280937184542,2.7747794664452338e-05,0.0003354619093982357,4.452218319166381e-06,0.0,0.000576061413348096,0.00231003630086311,6.57284362885937e-05,0.00017111681682883568,0.005483590080353136,0.00012004904964435025,0.000635547270564913,0.00010327799187141395,0.0003489605004682481,0.0001267585317668675,0.0024836683798136203,0.00012504020061507914,0.002749207447159965,2.1641375496983528e-05,0.0
NeuralNetwork,0.0001,8.0,45.0,True,451.0,0.00011719439951878674,0.0004889734109456969,1.2280425744638289e-05,3.3039845666795407e-05,0.0011939879931381035,3.0233783300996148e-05,0.00012682305995344794,2.3013307158195103e-05,6.315593088090902e-05,2.965237443257535e-05,0.0005297697779303291,2.7602862295596747e-05,0.0003358809091652821,4.46150612809025e-06,0.0,0.0005763565781731275,0.002310121959110476,6.59661519827333e-05,0.00017123163308737412,0.005484154228985215,0.00011991582951455746,0.0006356587949788795,0.00010383649254744908,0.0003475087618677871,0.00012789742798550324,0.0024726407707862134,0.00012446464326396677,0.0027575472240927833,2.1662535263026285e-05,0.0
NeuralNetwork,0.0001,8.0,45.0,True,452.0,0.00011718587452831936,0.0004889660607772375,1.2290765684489612e-05,3.302427174428081e-05,0.0011940460978190597,3.0147002111226722e-05,0.00012776644202576814,2.3065664556951857e-05,6.291157794448565e-05,2.9537216772769662e-05,0.0005303868305972323,2.768920920287181e-05,0.0003357413162118341,4.480827306058368e-06,0.0,0.0005763451914367435,0.002309999938281077,6.585701737763747e-05,0.00017102184535572364,0.005483628082076495,0.00011991485719036007,0.0006362603239293368,0.0001037423996805395,0.00034720506870521687,0.0001275297371471453,0.002485088957180767,0.00012436072172233894,0.0027471008540699317,2.17309435419504e-05,0.0
NeuralNetwork,0.0001,8.0,45.0,True,453.0,0.00011718814384262517,0.0004889818054003857,1.2294209820803284e-05,3.30585273449633e-05,0.0011937946436332923,3.0261351453326142e-05,0.00012741497946235368,2.2954965196047833e-05,6.326218198412512e-05,2.9662473383296854e-05,0.0005304372374902196,2.7695356935985646e-05,0.0003344959044713537,4.458907022670594e-06,0.0,0.0005763193252701429,0.0023100747252410314,6.594137528782371e-05,0.00017118389548370674,0.005483512409435689,0.00012005764827038507,0.0006340086553831521,0.00010346129255474739,0.0003484016834939801,0.00012757065676668154,0.0024792415166051134,0.00012492676669696593,0.0027502891402574454,2.1650712152228414e-05,0.0
NeuralNetwork,0.0001,8.0,45.0,True,454.0,0.00011719541368137472,0.0004889669845689017,1.2289578310964563e-05,3.301309587338543e-05,0.0011943942718999718,3.0181571499838662e-05,0.00012680412222432962,2.296104264066547e-05,6.309471964193483e-05,2.9610015572402677e-05,0.0005303604422875171,2.7583221681516446e-05,0.00033575408863571456,4.464202193980108e-06,0.0,0.000575554352136528,0.0023098925374588877,6.566903665193222e-05,0.00017080799260604307,0.005486141705679469,0.00011987465217053516,0.000635511892021827,0.00010317988084547175,0.00034689975890723416,0.00012764605289360261,0.0024665736552304442,0.00012464466381747767,0.0027419572356362013,2.1539644613487166e-05,0.0
NeuralNetwork,0.0001,8.0,45.0,True,455.0,0.00011711047505432705,0.0004889502358243793,1.2264357292346877e-05,3.3006172456509985e-05,0.0011941033226625134,3.0182028375063946e-05,0.00012760974888531668,2.2905544852310755e-05,6.308467842819235e-05,2.9637161993755484e-05,0.0005279167723462909,2.7682200435679556e-05,0.00033511145095619553,4.470331413606107e-06,0.0,0.0005761646905785087,0.002309961513903156,6.58345953473505e-05,0.00017090870430634455,0.005485206504123213,0.00011965169706059701,0.0006355180305504949,0.0001031649796842779,0.00034779492976530545,0.00012717342133042198,0.0024857071210753244,0.00012478159752281958,0.0027434599099669067,2.165916141520881e-05,0.0
NeuralNetwork,0.0001,8.0,45.0,True,456.0,0.00011712353867340602,0.0004889605983569616,1.2262660327224397e-05,3.29975545848155e-05,0.001194114299816728,3.0108456401972758e-05,0.0001276362476483831,2.2921605773691862e-05,6.295877164907533e-05,2.954697934283079e-05,0.000530381930484926,2.7571664244498846e-05,0.00033560620163971525,4.478304451105569e-06,0.0,0.0005755194421834165,0.002309882603351425,6.564220987588355e-05,0.0001706331616865014,0.005486200818671003,0.00011987222721741634,0.0006359082722813828,0.00010255198199419106,0.0003490806000787507,0.0001268899361105085,0.0024815289854253613,0.00012402121657095614,0.0027451488956715324,2.167278420437807e-05,0.0
NeuralNetwork,0.0001,8.0,45.0,True,457.0,0.00011703049678686815,0.0004889324829584826,1.2238417071794885e-05,3.291904986547331e-05,0.0011947881387794196,3.0054693233292057e-05,0.00012721466728940486,2.279411248280353e-05,6.329608614232663e-05,2.9450302536918146e-05,0.0005300942296287763,2.7503835845668362e-05,0.0003349873415543384,4.465871859552725e-06,0.0,0.000575434814833995,0.0023098580492367533,6.566118191248216e-05,0.0001704602285563571,0.005487483477933264,0.0001192333516459795,0.0006354902900239957,0.00010254161444100194,0.00034873782651229475,0.00012677770881158002,0.0024798480594682994,0.0001238384079070961,0.002743701327521846,2.1606695445828467e-05,0.0
NeuralNetwork,0.0001,8.0,45.0,True,458.0,0.00011701165946988725,0.000488933286255582,1.22328366672575e-05,3.293324312109832e-05,0.0011946492164796691,3.00236181870625e-05,0.00012749424480363686,2.2907512930204285e-05,6.314894721675112e-05,2.9493288972949726e-05,0.0005289280832295791,2.7547919284301306e-05,0.0003353419369764405,4.447198339870998e-06,0.0,0.0005755058999331492,0.002309845116153453,6.566705685928932e-05,0.000170559194759003,0.005486769635613384,0.000119276262772908,0.0006349750753468687,0.00010316906813180672,0.000348396083843783,0.0001269678274790446,0.0024770657596348217,0.00012429338534298182,0.002738266808431853,2.1520209844288587e-05,0.0
NeuralNetwork,0.0001,8.0,45.0,True,459.0,0.0001169958847230978,0.0004889215581179308,1.2218099930938684e-05,3.2897052076466966e-05,0.00119448436410945,3.003428195605702e-05,0.00012801901871624662,2.2874261450896043e-05,6.299504051311318e-05,2.937800830827569e-05,0.0005290679372545844,2.7430522433831042e-05,0.0003360118666749116,4.486287216030845e-06,0.0,0.0005755959629262768,0.002309874543603861,6.565682402571792e-05,0.00017055388797754012,0.00548613910928108,0.00011950624673246587,0.0006337390287117388,0.00010267738838615658,0.00034892306012927364,0.00012706990980502196,0.002468116065991,0.0001237208972562034,0.0027544607156477635,2.173868699128148e-05,0.0
NeuralNetwork,0.0001,8.0,45.0,True,460.0,0.00011701433043274276,0.0004889362584548498,1.2223997888860676e-05,3.2942794825670854e-05,0.0011942765242518075,2.9979793309683426e-05,0.0001278007729355537,2.28374227479783e-05,6.326456677238896e-05,2.952220766852808e-05,0.0005273823789509159,2.755474981994963e-05,0.00033604351658062795,4.47990320060613e-06,0.0,0.0005753955469941193,0.002309866671292287,6.562878477310985e-05,0.00017058276483472787,0.005485787791273925,0.00011895089732401027,0.0006364169735578621,0.00010317456234925948,0.0003488118871577881,0.0001270738108165609,0.0024841450295358335,0.0001241139270974405,0.0027450296863819816,2.1673516376213457e-05,0.0
NeuralNetwork,0.0001,8.0,45.0,True,461.0,0.00011691069506570657,0.0004889126013552725,1.2190118833693533e-05,3.291154154789737e-05,0.0011944753759883452,3.0010926092892e-05,0.00012719001610966705,2.2800902853596886e-05,6.282285880046392e-05,2.958312018139343e-05,0.0005268266178526968,2.7520004710097198e-05,0.0003354179891293261,4.474998381480856e-06,0.0,0.0005752026285015562,0.0023097527102104525,6.555639347940121e-05,0.0001704276849826177,0.005486892558452936,0.00011905985620786559,0.0006353418875790243,0.00010307871226994496,0.00034705931379360225,0.00012690671163160096,0.002475286992091053,0.00012397570476966834,0.0027444780622638246,2.1614602901650675e-05,0.0
NeuralNetwork,0.0001,8.0,45.0,True,462.0,0.00011698147558137735,0.0004889108341016538,1.2211002047974466e-05,3.2885263691533284e-05,0.0011943774050289116,2.9936194359613557e-05,0.00012697162975198174,2.2868294459629574e-05,6.306644860464286e-05,2.950427155048057e-05,0.0005276677100806223,2.7468829664258622e-05,0.0003357769826030474,4.465578154050758e-06,0.0,0.0005751624234817313,0.0023098181253709132,6.564687234613131e-05,0.00017041750486541845,0.005486410186857661,0.00011932391837332984,0.0006325552298587823,0.0001024823378092088,0.00034999955187803544,0.00012743403935957254,0.002464877172086224,0.00012361528879066682,0.0027514339992835085,2.164449747768963e-05,0.0
NeuralNetwork,0.0001,8.0,45.0,True,463.0,0.00011698476909948488,0.0004889215581179308,1.221302911799873e-05,3.294121584480985e-05,0.001194131905342425,3.0082002824368182e-05,0.00012729268752018397,2.2880866059235166e-05,6.299759098140377e-05,2.9622830671441522e-05,0.0005258288425255336,2.7512518985252174e-05,0.00033535555286227535,4.496300816435538e-06,0.0,0.0005755351868065649,0.002309791884332333,6.567795157619992e-05,0.0001705480657471051,0.00548634515577503,0.00011936495514035975,0.000633786122004191,0.00010359598874296032,0.0003469084043922664,0.00012685988777838412,0.0024719888684134814,0.00012429805952797896,0.0027439163166022153,2.1735217961125403e-05,0.0
NeuralNetwork,0.0001,8.0,45.0,True,464.0,0.00011693842889806332,0.0004889001100853768,1.2201554520994505e-05,3.28858285098063e-05,0.0011947003663787487,2.996633055235819e-05,0.00012737904195836934,2.282660585047421e-05,6.296275299032423e-05,2.9500345435907257e-05,0.0005274425860685158,2.7567559898381607e-05,0.0003336005696067913,4.515236662826287e-06,0.0,0.0005754017323817847,0.0023097708915014686,6.558798815844193e-05,0.00017049655599414177,0.005486805730091242,0.00011900369569940387,0.000634406769425614,0.00010308125437055744,0.00034753720527924833,0.00012682852739433073,0.002470607652604205,0.00012452129579190187,0.0027419840389827513,2.181240644469951e-05,0.0
NeuralNetwork,0.0001,8.0,45.0,True,465.0,0.00011696755845913027,0.0004889124005309977,1.2210604164879919e-05,3.2880190368289895e-05,0.001194573074823425,2.9958455730480646e-05,0.0001267032481910726,2.2855057629613542e-05,6.303381968058666e-05,2.9424207932704863e-05,0.0005294260471014964,2.740899658187059e-05,0.00033579792857491426,4.48344053193485e-06,0.0,0.0005748366128723577,0.0023096494329800394,6.544888136709262e-05,0.00017014437548394472,0.005489029444065084,0.00011880499012065384,0.0006352917953107342,0.00010272383736739369,0.00034714485489347445,0.00012697742185877555,0.0024693175306860007,0.00012403697290885374,0.002730222618055044,2.1685578175029666e-05,0.0
NeuralNetwork,0.0001,8.0,45.0,True,466.0,0.00011685755696258133,0.000488882477714045,1.2173942438354389e-05,3.284522686203856e-05,0.0011948605333205334,2.9864628118967433e-05,0.00012679817782579406,2.2781666398369718e-05,6.28282057467818e-05,2.9409296730297274e-05,0.000526878430515608,2.7572331985212724e-05,0.0003337188149398228,4.495819779539686e-06,0.0,0.0005745773420393842,0.00230962206732552,6.54008391799417e-05,0.0001701172558391619,0.0054883572907954295,0.00011914392124931767,0.0006337066491444906,0.00010259684948426373,0.00034929162957383404,0.0001262901175134587,0.0024615038865767186,0.0001240395852979624,0.0027322381172540052,2.1771646438623373e-05,0.0
NeuralNetwork,0.0001,8.0,45.0,True,467.0,0.00011684023586887555,0.0004888725168300125,1.2164472318643509e-05,3.281499527776338e-05,0.0011948868379828687,2.999657719845399e-05,0.00012578256930302417,2.2916896444446637e-05,6.261890668753343e-05,2.934492501929764e-05,0.0005261620099975093,2.745883363597798e-05,0.0003362833409296534,4.4496082311691944e-06,0.0,0.0005750088196880413,0.0023096162568098343,6.54959980890436e-05,0.00017006689413163648,0.005489191116443671,0.0001190216895544304,0.0006323380384055323,0.00010300110205539368,0.00034731066545600414,0.0001264937198574438,0.0024737040951566874,0.00012344387857794013,0.002741605043411255,2.161660758813597e-05,0.0
NeuralNetwork,0.0001,8.0,45.0,True,468.0,0.00011678079188352004,0.0004888690224876301,1.2145727882889724e-05,3.279859295511503e-05,0.001195108885741891,2.9908568470304547e-05,0.00012621047562666015,2.274214920168617e-05,6.307934152308821e-05,2.935737612433832e-05,0.0005263548816310749,2.7458891372956997e-05,0.00033439201807397394,4.458512277455343e-06,0.0,0.0005746388679030557,0.0023095536531892212,6.537317479931333e-05,0.00016996708446703616,0.005490463444054509,0.00011938954439927947,0.0006289992879771586,0.00010247500437610554,0.00034772300120419677,0.0001262784964820874,0.0024558495050706203,0.0001237152156027608,0.002741773360930149,2.157526916630988e-05,0.0
NeuralNetwork,0.0001,8.0,45.0,True,469.0,0.00011687068082894277,0.0004888763726560896,1.2162364918909304e-05,3.284452899768346e-05,0.001194705519340466,2.9880382783329392e-05,0.00012600970155787918,2.2753671494455672e-05,6.293246366907002e-05,2.9609275032889167e-05,0.0005261394775138711,2.7405359152192374e-05,0.0003351637255149389,4.469887403685931e-06,0.0,0.0005748561530743005,0.002309628815021155,6.548287171237873e-05,0.00017013780350955026,0.005488263091912065,0.00011891712370158741,0.0006326538211894485,0.00010246068895238,0.00034879368243727294,0.00012721347405850511,0.002461412417813667,0.00012361958810368424,0.0027406086336891605,2.1649356169989273e-05,0.0
NeuralNetwork,0.0001,8.0,45.0,True,470.0,0.00011680525228019674,0.0004888610698463461,1.214977700233138e-05,3.279515132910479e-05,0.0011949845956705507,2.9881916578728556e-05,0.0001263066302894582,2.2801500305814563e-05,6.255288068656973e-05,2.946869050958407e-05,0.000525280431595774,2.7397195645419735e-05,0.0003361522026781766,4.473514792150403e-06,0.0,0.0005746226078309353,0.002309594139363031,6.540484562422494e-05,0.00017003034411361382,0.0054890015103144325,0.00011867583500889112,0.000632876307709412,0.00010259506884236007,0.00034684486359170397,0.00012685357352847573,0.002475806189782964,0.0001235398809489964,0.002743578182076508,2.165699857960707e-05,0.0
NeuralNetwork,0.0001,8.0,45.0,True,471.0,0.00011677713688171778,0.0004888686208390804,1.215785013818034e-05,3.281380288363146e-05,0.001194960958613931,2.9760796948263265e-05,0.0001271395188457561,2.2667545493882942e-05,6.300470518134032e-05,2.9540482677539405e-05,0.0005247241081895854,2.755235248016861e-05,0.00033463618022733623,4.438569799386909e-06,0.0,0.0005744876539182363,0.0023094917993125674,6.532024170430202e-05,0.00016983469608444838,0.0054902885823335836,0.00011852839317336772,0.0006330759738976101,0.00010240650823656118,0.00034694996832301784,0.00012650651236375174,0.0024676727798749816,0.00012385771381405165,0.0027337807154505507,2.1434646779261295e-05,0.0
NeuralNetwork,0.0001,8.0,45.0,True,472.0,0.00011673604823508353,0.0004888391800003875,1.2129028089284254e-05,3.27705503554357e-05,0.0011950682395700843,2.994658701583703e-05,0.00012663123260611152,2.2801688578572234e-05,6.265212804320046e-05,2.9417839292888694e-05,0.0005238571096302043,2.742784645036867e-05,0.0003340263973991826,4.473150484364309e-06,0.0,0.0005744425755626751,0.002309430132871904,6.533387767256431e-05,0.00016984424360518187,0.005489988535103944,0.00011954258588499993,0.0006295758879409646,0.00010343978427491098,0.0003451140796613393,0.00012628257321486684,0.002458052065387462,0.00012342793480405267,0.002735992647566885,2.1611655177841396e-05,0.0
NeuralNetwork,0.0001,8.0,45.0,True,473.0,0.000116744764008612,0.0004888482572576107,1.2127297235065394e-05,3.2778455300954474e-05,0.0011950805767136723,2.9850083420861443e-05,0.00012646023073607698,2.2683629007994968e-05,6.287559023443257e-05,2.9441215238481198e-05,0.0005244513084946296,2.7428767731729544e-05,0.00033529831794394313,4.489508562914605e-06,0.0,0.0005743765043762495,0.0023094826149490646,6.52868722407323e-05,0.00016990944790015432,0.005489428933545685,0.00011858204672546506,0.000634499784535582,0.00010275513917770026,0.0003452256977933008,0.0001267561068137487,0.002457995647154514,0.00012385230159984444,0.002737404040570529,2.1776235691687595e-05,0.0
NeuralNetwork,0.0001,8.0,45.0,True,474.0,0.00011676770818201358,0.00048882239109101,1.212846829161811e-05,3.272827182497297e-05,0.0011955108156662504,2.9815426171629255e-05,0.00012612221335786373,2.2697694238144755e-05,6.289135494000828e-05,2.941099620572319e-05,0.0005241667806620225,2.7297551660846185e-05,0.0003351785262639953,4.490543121718011e-06,0.0,0.0005744154910621403,0.002309353658988041,6.53087612499231e-05,0.00016953566539212593,0.005491021060276097,0.00011883212148018603,0.0006311354022355949,0.00010269225440310233,0.00034491043045835676,0.00012623587822389304,0.0024557276716772117,0.0001227888600818766,0.0027409400205192324,2.1813577919636133e-05,0.0
NeuralNetwork,0.0001,8.0,45.0,True,475.0,0.0001166540516836624,0.0004888221099370252,1.2104720821117133e-05,3.271300918008439e-05,0.001195475332376283,2.9874827481826362e-05,0.00012640909083448651,2.2724511809747495e-05,6.275539690593503e-05,2.936449032427487e-05,0.0005235398474407967,2.7277155445431764e-05,0.00033381717866964416,4.500127146447283e-06,0.0,0.0005739916045710726,0.0023093165466620486,6.515793385183286e-05,0.00016954042158036863,0.005491323682132866,0.00011858888813909495,0.0006284737643205895,0.00010225387676706855,0.00034737139471671864,0.00012671597208241997,0.002458329658088444,0.00012346232930819193,0.0027297928273302954,2.1829616875862177e-05,0.0
NeuralNetwork,0.0001,8.0,45.0,True,476.0,0.00011666697472574898,0.0004888225517504298,1.2100990510211801e-05,3.272138104204219e-05,0.0011951030754748361,2.9764346517321234e-05,0.00012639293452157486,2.2780180298735833e-05,6.298834804415381e-05,2.939844217824165e-05,0.0005241811596801018,2.7299087966548787e-05,0.00033421583493764833,4.501649959268917e-06,0.0,0.0005744959011017901,0.002309473805457541,6.534993859394542e-05,0.000169902337047289,0.005488562643455664,0.00011901157972572735,0.0006316977570641715,0.00010246109896860783,0.0003457154446053055,0.00012691919955442536,0.002459492136097554,0.00012377548798825006,0.002736339591584116,2.181551231762523e-05,0.0
NeuralNetwork,0.0001,8.0,45.0,True,477.0,0.00011662568525483988,0.0004888027504769297,1.2082882436378947e-05,3.271044867058006e-05,0.001195256594089935,2.9816829431249767e-05,0.0001257120498589107,2.2762166361281813e-05,6.25871212254316e-05,2.9461980468500657e-05,0.0005229872593661203,2.7441289125266423e-05,0.00033174991366676887,4.477459420211553e-06,0.0,0.000574226789879349,0.0023094059536292117,6.529760880852646e-05,0.0001698080450296402,0.0054900280071193686,0.00011881183153428372,0.0006299063375910873,0.00010228863442843815,0.0003467257948791456,0.0001270460234310642,0.0024631968084371314,0.00012366415101027338,0.002733201725677874,2.1759173159235678e-05,0.0
NeuralNetwork,0.0001,8.0,45.0,True,478.0,0.0001167546445629346,0.0004888298215891795,1.213590381039442e-05,3.27302399028665e-05,0.0011950775662465066,2.9820409123948965e-05,0.00012620038420684896,2.2597608440166536e-05,6.308330278190963e-05,2.9506458024772994e-05,0.0005245497525541609,2.725756754772361e-05,0.0003355982489984312,4.503681736112123e-06,0.0,0.0005745250942572108,0.002309443253391194,6.53616006269395e-05,0.0001697732756535212,0.005488855864780817,0.00011856506033888404,0.0006316287806199032,0.0001023019072394701,0.000348439873576914,0.00012682802366010797,0.0024557019929466006,0.000123442531381763,0.002734437866030999,2.1867436479847385e-05,0.0
NeuralNetwork,0.0001,8.0,45.0,True,479.0,0.00011663235262076488,0.0004887995372885321,1.2093548715676902e-05,3.267356227189704e-05,0.0011954431085926516,2.985985352183288e-05,0.00012585192396634352,2.267669052929891e-05,6.284313201101e-05,2.934525135874427e-05,0.0005239220160358357,2.7301379873585507e-05,0.00033249095524096425,4.4763655554894806e-06,0.0,0.0005740046782313653,0.0023092888061355494,6.524300636173045e-05,0.00016956094582125825,0.005491090154838975,0.00011833444378286038,0.0006300125669383402,0.00010236426485034655,0.00034585201515341705,0.00012697429402069475,0.0024467746041855723,0.0001239219106405786,0.00272803655210531,2.164540244207817e-05,0.0
NeuralNetwork,0.0001,8.0,45.0,True,480.0,0.0001165750875787915,0.0004887866845349417,1.2077465201564876e-05,3.2658518023407364e-05,0.0011954831574337347,2.9685748916751935e-05,0.0001265582731470586,2.266729948414625e-05,6.288606824097286e-05,2.9427446224136815e-05,0.0005216800138314136,2.738545746655477e-05,0.00033162311321962873,4.4987919788074625e-06,0.0,0.0005742378017437533,0.002309320295381846,6.524759854348201e-05,0.00016949253168495947,0.005490445100155106,0.00011844096599884753,0.0006290645625606273,0.00010229322661018971,0.00034648990668590714,0.0001261496108095601,0.002452895701306421,0.0001234367794398242,0.002734328215976931,2.1881103199326766e-05,0.0
NeuralNetwork,0.0001,8.0,45.0,True,481.0,0.00011657184426675267,0.00048877567936468,1.2072763403229958e-05,3.26426503953908e-05,0.001195863229435727,2.974321729330361e-05,0.00012498361000796212,2.2642824025648945e-05,6.287547476047454e-05,2.931334038147065e-05,0.0005232812259396453,2.7381757279290664e-05,0.0003327502193797952,4.505385290781121e-06,0.0,0.000573592834502646,0.002309169221974019,6.505454533130118e-05,0.00016934527728542593,0.005492599994409381,0.00011801599003608872,0.0006288945112588271,0.00010234970341688432,0.0003469177761917594,0.00012667098744485365,0.002449083815580644,0.00012379089288366667,0.0027139430525917677,2.186616396519748e-05,0.0
NeuralNetwork,0.0001,8.0,45.0,True,482.0,0.0001165555674592761,0.0004887874075023312,1.2071087775686681e-05,3.265996897879315e-05,0.001195682365242699,2.980705430967146e-05,0.00012532709984766505,2.2662527397315135e-05,6.29242097913737e-05,2.936364184171363e-05,0.0005216306913895106,2.735168635443536e-05,0.00033309089767965026,4.5023013830104605e-06,0.0,0.0005737666345242434,0.0023092263899509263,6.511183045570206e-05,0.0001693349448764849,0.005491657837896246,0.00011817085902271031,0.0006289819032890991,0.00010208728131633134,0.0003479288293505615,0.00012659580218342116,0.00245621069422308,0.00012349569291438697,0.002721082676881514,2.1754049420731622e-05,0.0
NeuralNetwork,0.0001,8.0,45.0,True,483.0,0.00011647510721355757,0.000488766200458907,1.203867975833281e-05,3.259059674334976e-05,0.0011961302699576484,2.9638763567347412e-05,0.0001260863059775206,2.264258554682256e-05,6.297077592010447e-05,2.9254147426458704e-05,0.0005230117599276519,2.717692907046115e-05,0.0003321919479781405,4.4554707310551585e-06,0.0,0.0005736929721802286,0.002309253380733466,6.509867479216378e-05,0.00016925294163092127,0.0054924839875259215,0.00011762770466834495,0.0006309661943957491,0.0001020427184097422,0.0003456124719583763,0.0001254321292698758,0.00246772807349199,0.00012334364718236265,0.002733716050034049,2.1668919801430883e-05,0.0
NeuralNetwork,0.0001,8.0,45.0,True,484.0,0.00011651947933708561,0.0004887715022197631,1.2051546318592087e-05,3.263749925274091e-05,0.001195716986442556,2.9672589906142407e-05,0.00012561366604666184,2.263280038403051e-05,6.304694354694809e-05,2.9425106621334815e-05,0.0005215371876071405,2.7251964550455305e-05,0.0003330981675183998,4.459796925238522e-06,0.0,0.0005736755406331716,0.002309213269431636,6.511037782678064e-05,0.00016929284206726266,0.005492819744604237,0.00011802501039310071,0.0006285537994882596,0.00010161258795726224,0.00034735703243399566,0.00012647017321121767,0.002454226684270415,0.00012308587583730805,0.0027329717417183164,2.175480062903473e-05,0.0
NeuralNetwork,0.0001,8.0,45.0,True,485.0,0.00011645968390924912,0.0004887443507778034,1.2034656997077227e-05,3.25609450391682e-05,0.0011963943319911424,2.9680856335355908e-05,0.0001252652359297976,2.2591413011287423e-05,6.284468337853322e-05,2.9236856456394143e-05,0.000522149942634562,2.7273098795079798e-05,0.000331810542515346,4.467779376375868e-06,0.0,0.0005731981411669989,0.0023090672567955355,6.493428171430744e-05,0.00016894974048782446,0.005494440763699536,0.00011773928765605831,0.0006282040439311813,0.00010144348555016068,0.00034775589622041715,0.00012566846262359018,0.002447722280550303,0.0001233032078675504,0.0027186958669866406,2.166485331905713e-05,0.0
NeuralNetwork,0.0001,8.0,45.0,True,486.0,0.00011645131957820162,0.0004887495722089495,1.2036051470635715e-05,3.259683484738728e-05,0.0011958717147915255,2.9596319356857927e-05,0.0001252854890579162,2.2675445418794844e-05,6.273971253006927e-05,2.9341126930199545e-05,0.0005211855844667337,2.725234611657752e-05,0.00033232322680660977,4.503417526675523e-06,0.0,0.0005735747469296246,0.0023091246122084325,6.50262659263311e-05,0.0001692197654607161,0.0054915325198254894,0.00011846511009729134,0.0006267468696870144,0.000101956474424908,0.00034635842033902054,0.00012623114546514907,0.0024522700399722693,0.00012322398101758658,0.0027276506214021887,2.1933039076298287e-05,0.0
NeuralNetwork,0.0001,8.0,45.0,True,487.0,0.00011650782148793059,0.0004887485279227203,1.2050465632963053e-05,3.2584705061186354e-05,0.0011960077609538629,2.9629400135532544e-05,0.00012548868305920912,2.270019450036663e-05,6.24372761927525e-05,2.9346785154143432e-05,0.0005210457304417284,2.7246966536314983e-05,0.00033314636534436374,4.4782391832162425e-06,0.0,0.0005734970547118277,0.002309145417603307,6.505477376891381e-05,0.00016918689387399445,0.005493482761153944,0.00011808324441220025,0.0006288948861308068,0.00010229213713849865,0.0003444261895785542,0.00012641921405147455,0.0024577411090802846,0.00012316387263858842,0.0027280984059819637,2.1749129225997803e-05,0.0
NeuralNetwork,0.0001,8.0,45.0,True,488.0,0.00011641132542386531,0.0004887500541872091,1.2023248923114046e-05,3.26023399428216e-05,0.001195667324492517,2.958296454258042e-05,0.00012566291820006873,2.256172365255433e-05,6.29975508165488e-05,2.9384482380836158e-05,0.000520426267883527,2.7364172603724137e-05,0.00033048970117723205,4.524781777852308e-06,0.0,0.0005734353414121664,0.002309144855295337,6.504462293858798e-05,0.0001692651483997609,0.005492058429332991,0.00011832781323471909,0.0006278341390051932,0.0001018689769618916,0.0003461486091778713,0.00012644105034429322,0.00244886207880464,0.000123586857093955,0.0027200737089480994,2.197357064476178e-05,0.0
NeuralNetwork,0.0001,8.0,45.0,True,489.0,0.00011637023677723105,0.000488727602033281,1.200000602360363e-05,3.254888303116004e-05,0.0011960978919119635,2.9586483987997162e-05,0.00012484217951239923,2.2593933355936784e-05,6.276408757642915e-05,2.927713929562556e-05,0.000520590582305209,2.7307648101264253e-05,0.0003304392340369623,4.488477141990494e-06,0.0,0.0005734075071676722,0.0023090846883425924,6.500630985078572e-05,0.00016907519373878744,0.00549309065332805,0.00011770667379382271,0.0006292910789543728,0.00010154021423567765,0.0003459613840535002,0.0001261946423061239,0.002445866101942722,0.00012356976527462966,0.0027239243939237772,2.1788228666351278e-05,0.0
NeuralNetwork,0.0001,8.0,45.0,True,490.0,0.0001164034330298637,0.0004887341890694961,1.201307717359291e-05,3.255060258901344e-05,0.0011958991096070936,2.955190957877835e-05,0.0001251192868880506,2.2623103081858706e-05,6.270830361348278e-05,2.9299654207139645e-05,0.0005215885584566472,2.7271640308783704e-05,0.0003310081290427565,4.479322065360784e-06,0.0,0.0005730154847948806,0.0023090200229260904,6.484243807927617e-05,0.00016888773431942896,0.005493485479610319,0.00011738669712963344,0.000629478468085235,0.00010150934587109764,0.00034594116439609407,0.00012580766899030914,0.0024509148777655835,0.00012339505150258165,0.0027204785706861963,2.1798208168467636e-05,0.0
NeuralNetwork,0.0001,8.0,45.0,True,491.0,0.00011635113838869285,0.0004887132230152017,1.1990205798990964e-05,3.25099231218392e-05,0.001196194589918667,2.952911100297604e-05,0.00012524925031751955,2.2630320204236114e-05,6.262669364879073e-05,2.924188710447913e-05,0.0005202274116865709,2.7250076802271718e-05,0.0003296157540979411,4.4850104129459015e-06,0.0,0.0005734842153465223,0.0023090627583317786,6.501035729669175e-05,0.00016900615872077223,0.005493214180040051,0.00011754540855404716,0.0006286505164590271,0.0001023591455048735,0.00034410379967599546,0.00012589357324741172,0.002449591579677174,0.00012315131442726783,0.002726536876750442,2.1798243312715733e-05,0.0
NeuralNetwork,0.0001,8.0,45.0,True,492.0,0.00011634837705491366,0.0004887173599952636,1.1998393153646243e-05,3.2519291574260936e-05,0.0011963028010609168,2.94507995769984e-05,0.00012489430345293646,2.2568930733717996e-05,6.275331335408347e-05,2.9255251959970378e-05,0.0005202222705851347,2.726094390584452e-05,0.00033104355444484,4.4995563662036085e-06,0.0,0.0005729590665619329,0.0023089358641666434,6.485404153852343e-05,0.0001687556153760766,0.00549472539976296,0.0001178222397963206,0.000627591831129302,0.0001019822820177618,0.00034474379986337145,0.00012510267537344926,0.002449339853142792,0.0001231074309761419,0.002720846507534291,2.1811669879833107e-05,0.0
NeuralNetwork,0.0001,8.0,45.0,True,493.0,0.00011635856888686229,0.000488708724551445,1.1994843584588274e-05,3.251557130456935e-05,0.001196289258049348,2.948877293706904e-05,0.00012536536691323767,2.2577897537590037e-05,6.266751118265393e-05,2.9214755744946934e-05,0.0005218293467621919,2.7273191676306918e-05,0.0003298922288771267,4.532355990893436e-06,0.0,0.000573048473529096,0.0023089628549491834,6.486071894566219e-05,0.00016892011388667724,0.005494030295172032,0.00011799475119548774,0.0006236477093126789,0.00010173706888402783,0.0003452674960190395,0.000125931775045095,0.00244501364306084,0.00012328365595085816,0.0027238211166933646,2.2084687971187838e-05,0.0
NeuralNetwork,0.0001,8.0,45.0,True,494.0,0.00011630666585302739,0.0004886922569609074,1.1972983862270884e-05,3.247384002025558e-05,0.0011967970997647569,2.9593879341918504e-05,0.0001243388235087022,2.2494600648989254e-05,6.28806158619107e-05,2.9218649225575583e-05,0.0005193099259044925,2.7164216893863163e-05,0.00033133452873666976,4.5165815578919215e-06,0.0,0.0005731122954836432,0.002308944673658167,6.488895734900948e-05,0.00016863573834581194,0.005496142781609101,0.00011708057901394443,0.0006319668682866126,0.00010152240781664098,0.00034515747109299183,0.0001252216503680127,0.002451294997953019,0.00012258794041549635,0.002723390951096637,2.1924696710405858e-05,0.0
NeuralNetwork,0.0001,8.0,45.0,True,495.0,0.00011626681227568346,0.0004887043867471084,1.1969899954500225e-05,3.2480728292882925e-05,0.0011963304514516976,2.9363129739812765e-05,0.00012509254713585435,2.2519859322158474e-05,6.296575531323323e-05,2.926096541058985e-05,0.0005185284383213424,2.713217789111433e-05,0.000332440548347977,4.494885946661636e-06,0.0,0.0005728709247877013,0.00230900746471477,6.484535505186837e-05,0.00016889156504247175,0.005493155973447372,0.00011772833436540088,0.0006321703769126028,0.00010177110023093674,0.0003448707643170027,0.00012528644464675735,0.0024453585252821822,0.00012325114752136687,0.0027198159844620423,2.1817360319337756e-05,0.0
NeuralNetwork,0.0001,8.0,45.0,True,496.0,0.00011623060365892806,0.0004886947873467705,1.1964270599045844e-05,3.244762994208426e-05,0.0011964242665330363,2.9489483352941322e-05,0.00012436655734105893,2.251203721665308e-05,6.272505235800524e-05,2.9122130568779384e-05,0.0005203147702461305,2.71796176054407e-05,0.00033073073047190665,4.489552179436799e-06,0.0,0.0005728708310697064,0.0023089405500663902,6.480044070279823e-05,0.0001685939869790707,0.005495574069051353,0.0001173103521080137,0.000627259225965296,0.00010149720939075421,0.0003444749229359177,0.00012515912875064514,0.0024486566489597536,0.00012259932715188033,0.0027312979383288687,2.184304783601056e-05,0.0
NeuralNetwork,0.0001,8.0,45.0,True,497.0,0.0001162339674655318,0.0004886869150351964,1.1952079310410749e-05,3.2459209971832776e-05,0.0011963923274507144,2.951376300777065e-05,0.00012446563399705603,2.2607318293855518e-05,6.248788391001463e-05,2.9206052522935634e-05,0.0005198602647472906,2.7104880851555386e-05,0.0003303139196894561,4.5044759333615675e-06,0.0,0.0005728368114375468,0.0023088830072175034,6.476065155657582e-05,0.00016857326358744184,0.005495150984936843,0.00011759758604772435,0.0006270910021643969,0.00010155334646971721,0.00034507275002557526,0.00012552814335568146,0.002446113330013347,0.00012245979277217912,0.002726467525434194,2.1924518060478026e-05,0.0
NeuralNetwork,0.0001,8.0,45.0,True,498.0,0.00011619723670566178,0.0004886685998613301,1.1945292705072547e-05,3.2426232115599024e-05,0.0011967016494502957,2.941255510415671e-05,0.00012443671530147768,2.255816906288949e-05,6.236815749795611e-05,2.9198112433168767e-05,0.0005186515034369702,2.7186315095006937e-05,0.0003297440607271426,4.514648310458563e-06,0.0,0.0005728897152456848,0.0023088612646426795,6.476679594261841e-05,0.0001686137614760009,0.00549605704206005,0.00011748107115052781,0.0006261974479417381,0.00010188506131277145,0.00034369453319213673,0.00012529976431678675,0.0024449819663785537,0.0001231561526187561,0.0027210886748331897,2.182970327213875e-05,0.0
NeuralNetwork,0.0001,8.0,45.0,True,499.0,0.00011618680388458335,0.0004886893249264946,1.195190107886682e-05,3.2475363774441e-05,0.0011963023252240604,2.946450583375689e-05,0.00012462741803287496,2.2551835567321417e-05,6.276002590547032e-05,2.9272819063412855e-05,0.0005169742190934256,2.7293693324465637e-05,0.00033036446715943574,4.526129810797236e-06,0.0,0.000572432371430427,0.002308843270787653,6.46827074716676e-05,0.00016848719532384812,0.005495283104779302,0.00011735333352343841,0.0006261408891317979,0.00010131933263637734,0.00034592244422660686,0.00012540192864600967,0.002444788907308998,0.00012291956154055565,0.0027146153854873947,2.1986060031929856e-05,0.0
