Model Name,Learning Rate,Down Scale Factor,Batch Size,Noise,Epoch,train D BCE Loss,train G BCE Loss,train D BCELogits Loss,train G BCELogits Loss,train D MSE Loss,train G MSE Loss,train D MAE Loss,train G MAE Loss,train D SSIM Loss,train G SSIM Loss,train D N White MAE Loss,train G N White MAE Loss,train D N Black MAE Loss,train G N Black MAE Loss,train D S White MAE Loss,train G S White MAE Loss,train D S Black MAE Loss,train G S Black MAE Loss,train D T White MAE Loss,train G T White MAE Loss,train D T Black MAE Loss,train G T Black MAE Loss,train D X White MAE Loss,train G X White MAE Loss,train D X Black MAE Loss,train G X Black MAE Loss,train D _ White MAE Loss,train G _ White MAE Loss,train D _ Black MAE Loss,train G _ Black MAE Loss,test D BCE Loss,test G BCE Loss,test D BCELogits Loss,test G BCELogits Loss,test D MSE Loss,test G MSE Loss,test D MAE Loss,test G MAE Loss,test D SSIM Loss,test G SSIM Loss,test D N White MAE Loss,test G N White MAE Loss,test D N Black MAE Loss,test G N Black MAE Loss,test D S White MAE Loss,test G S White MAE Loss,test D S Black MAE Loss,test G S Black MAE Loss,test D T White MAE Loss,test G T White MAE Loss,test D T Black MAE Loss,test G T Black MAE Loss,test D X White MAE Loss,test G X White MAE Loss,test D X Black MAE Loss,test G X Black MAE Loss,test D _ White MAE Loss,test G _ White MAE Loss,test D _ Black MAE Loss,test G _ Black MAE Loss
GenerativeAdversarialNetwork,0.0001,8.0,45.0,1.0,0.0,6.485698277738217e-05,0.0003655250824365333,0.0007047858039002534,0.0005596683754753874,3.393370133505838e-06,8.731698893472513e-05,6.309192818451442e-05,0.00020212999411991665,0.0,0.0004960005342602673,0.0,0.00012950602205937122,0.0,0.001123893775065954,0.0,0.00012569864483856448,0.0,0.0010827784589680057,0.0,0.00012546659238897565,0.0,0.001094760840151188,0.0,0.00013035582001961145,0.0,0.0010472175406638503,0.0,0.0001344610497636615,0.0,0.0,0.00028334951625680024,0.0017886148683679927,0.0032826755781593564,0.0026533704883647414,1.4280084719729123e-05,0.0004382222515981902,0.00027593087006664874,0.0009777950790693176,0.0,0.0022421010102927816,0.0,0.0005869899155958643,0.0,0.005017686564967317,0.0,0.0005837126441721646,0.0,0.005027457228246724,0.0,0.0005936817084468386,0.0,0.004946953845473955,0.0,0.0006133167998595807,0.0,0.005222219341206101,0.0,0.0006237584371236886,0.0,0.0
GenerativeAdversarialNetwork,0.0001,8.0,45.0,True,1.0,6.796991718666894e-06,0.00033697236901666277,0.0006810347185623293,0.0005500342325380227,4.653377425348552e-08,8.062482623237805e-05,6.773608242164082e-06,0.0001712073534325448,0.0,0.0007445245810980153,0.0,9.862166851999947e-05,0.0,0.0011011199809791586,0.0,9.084980924817109e-05,0.0,0.0010397308116974536,0.0,9.98548199385003e-05,0.0,0.001075096528806455,0.0,9.982436493721933e-05,0.0,0.0010184819164944466,0.0,9.920227158101743e-05,0.0,0.0,3.13318762108215e-05,0.001647031344707657,0.00317792959933011,0.0026067735264136355,2.456529630837177e-07,0.0004033513320317058,3.1208227031260914e-05,0.0008309846216777585,0.0,0.003363058717464418,0.0,0.00043685584323211287,0.0,0.0049138623963362014,0.0,0.00041768760801111376,0.0,0.0047983418470658595,0.0,0.00046087122000988175,0.0,0.004878297916748239,0.0,0.0004826680575526735,0.0,0.005126119409717104,0.0,0.00046202770006731624,0.0,0.0
GenerativeAdversarialNetwork,0.0001,8.0,45.0,True,2.0,1.6559767310891672e-06,0.0003248753573373964,0.0006788818020062305,0.0005457071522175463,4.525619895606003e-09,7.571306109749724e-05,1.6537052202678594e-06,0.00016414246589668355,0.0,0.0008516562235330113,0.0,9.524548109972252e-05,0.0,0.0010698449740191354,0.0,8.94736307811223e-05,0.0,0.000978322202625943,0.0,0.00010028790752842742,0.0,0.0010604219777243479,0.0,9.66451961717837e-05,0.0,0.0009965421054562468,0.0,8.550324449642007e-05,0.0,0.0,8.71794295362519e-06,0.0015867487439569438,0.003168259026869288,0.0025855306559388743,4.5054817380773126e-08,0.0003777278481789355,8.695264663195835e-06,0.0007974014342206079,0.0,0.003850301678243076,0.0,0.0004205588930807773,0.0,0.004824879409382178,0.0,0.00041019560406043093,0.0,0.0044709515271696655,0.0,0.00044733829468301256,0.0,0.004854074439162728,0.0,0.00047398667852833587,0.0,0.005049279275930153,0.0,0.000399833064784044,0.0,0.0
GenerativeAdversarialNetwork,0.0001,8.0,45.0,True,3.0,1.700401727883321e-06,0.00031981271794542793,0.0006788707968359688,0.0005400457954149683,9.938043703336388e-09,6.728437089052484e-05,1.6953936725292565e-06,0.000155800305849137,0.0,0.0008878687724130226,0.0,9.396105924385256e-05,0.0,0.001017358987479197,0.0,9.471897005713532e-05,0.0,0.0008707239300092918,0.0,0.00010161049603773256,0.0,0.0010530103570367448,0.0,9.539093812199616e-05,0.0,0.0009716355575705474,0.0,6.681969364216386e-05,0.0,0.0,8.157917163656942e-06,0.0015577384323444006,0.003167831672812408,0.0025577115937598844,6.944131046283182e-08,0.0003344928084304498,8.122879080474377e-06,0.0007582481645937985,0.0,0.004013618430216309,0.0,0.00042014934544293384,0.0,0.004687602040152879,0.0,0.00043189905162127515,0.0,0.003917438803978686,0.0,0.00043418338088869297,0.0,0.004850128911576181,0.0,0.00046610640092465864,0.0,0.005003568136467124,0.0,0.00031268252235538556,0.0,0.0
GenerativeAdversarialNetwork,0.0001,8.0,45.0,True,4.0,2.984301754426603e-06,0.0003711311723986726,0.0006792895556138853,0.0005330591188929473,2.618791444733553e-08,5.7602818362475084e-05,2.9711207786620147e-06,0.00013984797015344357,0.0,0.000900678753553291,0.0,8.896732266058498e-05,0.0,0.0009348481652550299,0.0,9.19911839730656e-05,0.0,0.0007499263614335793,0.0,9.387947438219486e-05,0.0,0.0010446367077429019,0.0,8.615437704276524e-05,0.0,0.0009377236475520378,0.0,4.440798070231538e-05,0.0,0.0,1.1198253388393601e-05,0.0018034804167237671,0.003168962286703242,0.002523749129577253,1.0154081626396931e-07,0.0002858790586579521,1.1147133150846704e-05,0.0006827954788627865,0.0,0.004059181320059111,0.0,0.00041032657495834545,0.0,0.00434945027033488,0.0,0.000410106009657278,0.0,0.003383053923552891,0.0,0.0003958681844315439,0.0,0.004763659066374197,0.0,0.00040518703325739445,0.0,0.004976990087976995,0.0,0.00020503376921017966,0.0,0.0
GenerativeAdversarialNetwork,0.0001,8.0,45.0,True,5.0,3.890093601738025e-06,0.0006309164100580138,0.00067967080041726,0.0005265934608695963,4.981694716522144e-08,5.0144024052709903e-05,3.864944440556183e-06,0.00012355286758543668,0.0,0.0009298919361335626,0.0,8.507317931182944e-05,0.0,0.0008388343204385187,0.0,8.336529436940453e-05,0.0,0.0006481381760774597,0.0,8.233165182675313e-05,0.0,0.0010316507674934408,0.0,7.514990966596373e-05,0.0,0.0008964020447589638,0.0,2.9358535884525576e-05,0.0,0.0,1.454702432050645e-05,0.003101581297580551,0.003170588106479285,0.002490936022884441,2.1305461373888894e-07,0.000246208629705621,1.4439201767339646e-05,0.0006039191810589917,0.0,0.004189404852889311,0.0,0.00040641712879984634,0.0,0.0038316441032121766,0.0,0.0003666746072799155,0.0,0.002941395876542577,0.0,0.00036213071372524,0.0,0.004578059949215103,0.0,0.00032916062939092046,0.0,0.004936593508570449,0.0,0.00013190944848945305,0.0,0.0
GenerativeAdversarialNetwork,0.0001,8.0,45.0,True,6.0,6.051508162542173e-06,0.0006612387869878599,0.0006805416548027182,0.0005207677093156264,1.4668059908104633e-07,4.437895155338586e-05,5.976422476479307e-06,0.0001091909998992704,0.0,0.0009627192415451208,0.0,8.209379053501427e-05,0.0,0.0007442216667524888,0.0,7.536149310133849e-05,0.0,0.0005423361962696292,0.0,7.12711092918067e-05,0.0,0.0010164253152605658,0.0,6.682430255927166e-05,0.0,0.0008463833049301188,0.0,2.0551299450371787e-05,0.0,0.0,2.3681026116107245e-05,0.003264925389919641,0.003174311709853838,0.002460884598066222,7.273356116130808e-07,0.00021452273962632666,2.3306508507556135e-05,0.0005342800099894686,0.0,0.004337767846900221,0.0,0.0003984437423682063,0.0,0.0032950909632556845,0.0,0.0003357849452855452,0.0,0.0024660173452125404,0.0,0.00033409457724049407,0.0,0.004375993830602874,0.0,0.00027038934845594493,0.0,0.004860012036449504,0.0,9.00882325551045e-05,0.0,0.0
GenerativeAdversarialNetwork,0.0001,8.0,45.0,True,7.0,1.1610138327927603e-05,0.0006357469568355385,0.0006827888784382863,0.0005157971478536765,5.996818770340711e-07,4.0271033274356247e-05,1.1292170743254638e-05,9.708403737718526e-05,0.0,0.0009979023788547774,0.0,7.794704037213904e-05,0.0,0.0006641966875672662,0.0,6.881440083453597e-05,0.0,0.00044175122947384405,0.0,6.146234964746028e-05,0.0,0.001003877493249117,0.0,6.0712843330079975e-05,0.0,0.0007993754029595306,0.0,1.5463661201639638e-05,0.0,0.0,4.596952290373778e-05,0.003189187004881085,0.0031835564277456993,0.0024352634103043274,3.078134229652724e-06,0.00019225755811862227,4.432085643774309e-05,0.0004749880084451639,0.0,0.00449807397420304,0.0,0.0003776359108259093,0.0,0.0028555385721554544,0.0,0.0003136901782368714,0.0,0.002010221001487108,0.0,0.00030564448837214295,0.0,0.004203043643783474,0.0,0.00022883497694003508,0.0,0.004776795705159505,0.0,6.741505561384765e-05,0.0,0.0
GenerativeAdversarialNetwork,0.0001,8.0,45.0,True,8.0,2.0422081581023182e-05,0.0006115814906888895,0.0006862582382808799,0.0005121013787236175,1.755632482710071e-06,3.754187907491412e-05,1.9453196080948785e-05,8.831235437059017e-05,0.0,0.001025231435502102,0.0,7.384671576100218e-05,0.0,0.0006077661106207301,0.0,6.418325247950953e-05,0.0,0.000361713477864741,0.0,5.4632130297367786e-05,0.0,0.0009929656661103036,0.0,5.662654629454137e-05,0.0,0.0007627891562377025,0.0,1.2795565112662122e-05,0.0,0.0,8.090640529521606e-05,0.0030945151481988294,0.0031978472973565636,0.002416603407769833,9.174608777763334e-06,0.00017858795681089724,7.571872768911926e-05,0.00043188002686830434,0.0,0.004624824374026969,0.0,0.0003557917925546754,0.0,0.00255043570350551,0.0,0.00029724238897269625,0.0,0.0016572239264002386,0.0,0.00028345457412911663,0.0,0.004079159700645591,0.0,0.00020274498833800262,0.0,0.004709639639224646,0.0,5.644012195696621e-05,0.0,0.0
GenerativeAdversarialNetwork,0.0001,8.0,45.0,True,9.0,3.109315806884329e-05,0.0005949907547058763,0.0006899141237099537,0.00050951934085702,3.4913089944707417e-06,3.5902974760596644e-05,2.913505361086596e-05,8.235518341115864e-05,0.0,0.0010464971895934906,0.0,6.985466555765055e-05,0.0,0.0005699108151412717,0.0,6.027479538056407e-05,0.0,0.00030976861233338515,0.0,5.0275634241232656e-05,0.0,0.0009844148094763333,0.0,5.377663896893555e-05,0.0,0.0007370841310352006,0.0,1.1452704647962616e-05,0.0,0.0,0.00012337702250330703,0.003019806349052573,0.0032145662127800708,0.00240349975771874,1.934040982112195e-05,0.0001706598127413096,0.00011184026703894513,0.00040210146199232377,0.0,0.004726525176868597,0.0,0.00033718635732272887,0.0,0.0023470404762891855,0.0,0.00028252456360643017,0.0,0.0014183703083662116,0.0,0.0002674361304292139,0.0,0.003988772818127518,0.0,0.00018668899886638114,0.0,0.004661310393855257,0.0,5.1245380357001566e-05,0.0,0.0
GenerativeAdversarialNetwork,0.0001,8.0,45.0,True,10.0,4.106842614007446e-05,0.000580304234496988,0.0006931288383720377,0.000507736945088019,5.614159960108947e-06,3.477922989673049e-05,3.7876311739821316e-05,7.837170840434308e-05,0.0,0.0010604550992255192,0.0,6.697143144363342e-05,0.0,0.0005438886884087822,0.0,5.721844572101963e-05,0.0,0.0002747525503693244,0.0,4.7659240361815194e-05,0.0,0.0009763008661347258,0.0,5.189381600068907e-05,0.0,0.0007195213252322051,0.0,1.0826178095893397e-05,0.0,0.0,0.000158251960228824,0.0029289894883737623,0.0032272428836462633,0.002394388869123639,2.8840670326970657e-05,0.00016535387474036066,0.0001405566321603907,0.00038170531017225494,0.0,0.004796509315723535,0.0,0.0003225462007447609,0.0,0.0022130439866263913,0.0,0.0002691425008218993,0.0,0.0012550162819196593,0.0,0.000256934255923865,0.0,0.0039315572324788795,0.0,0.00017769126303540834,0.0,0.004620907066753076,0.0,4.911053422018417e-05,0.0,0.0
GenerativeAdversarialNetwork,0.0001,8.0,45.0,True,11.0,5.116203242556426e-05,0.0005605340887594094,0.0006946979989260033,0.0005064560075333176,8.581609106208437e-06,3.397877446082082e-05,4.618386976481127e-05,7.560430973205926e-05,0.0,0.0010700144630874928,0.0,6.459044377919478e-05,0.0,0.0005250993282647146,0.0,5.458593067293861e-05,0.0,0.00025173883152136586,0.0,4.611725635284362e-05,0.0,0.0009684365072019017,0.0,5.066846660526615e-05,0.0,0.000706635636460749,0.0,1.0564146347524664e-05,0.0,0.0,0.00016917262530926637,0.0028056596060219052,0.0032268608890989293,0.0023878355446101734,2.9279686416844902e-05,0.0001617018719139339,0.00015194054528977136,0.000367520716767641,0.0,0.004846839733261018,0.0,0.000312561977584407,0.0,0.002116140142176886,0.0,0.0002578091602655327,0.0,0.0011425538445418736,0.0,0.0002504060946920383,0.0,0.003890778658524999,0.0,0.00017233706026707055,0.0,0.00458650881389402,0.0,4.840322401163713e-05,0.0,0.0
GenerativeAdversarialNetwork,0.0001,8.0,45.0,True,12.0,5.423233435160388e-05,0.0005450910635071624,0.0006955894177172062,0.0005055593673109687,9.311115208541286e-06,3.3355714637796193e-05,4.87979993505298e-05,7.364631823773654e-05,0.0,0.0010771303564852416,0.0,6.265900627461405e-05,0.0,0.0005106374902545281,0.0,5.229748785495758e-05,0.0,0.00023663230742405688,0.0,4.528206835859869e-05,0.0,0.0009608522579676379,0.0,4.9864767857317656e-05,0.0,0.0006981565945874649,0.0,1.041911168380407e-05,0.0,0.0,0.0001767391467806678,0.002705782839337235,0.003227549154053694,0.002383033621985957,3.131735577898205e-05,0.00015857087085082097,0.0001583657221599195,0.00035707064488398955,0.0,0.004885598491948266,0.0,0.00030495376332001115,0.0,0.002042477048418057,0.0,0.00024807549216462383,0.0,0.0010635938097096089,0.0,0.0002457307147904762,0.0,0.003852507228371482,0.0,0.0001693171150279495,0.0,0.00455636460826082,0.0,4.806568400946053e-05,0.0,0.0
GenerativeAdversarialNetwork,0.0001,8.0,45.0,True,13.0,5.297957746327084e-05,0.0005321618360329189,0.0006955131044927633,0.0005048753999956856,8.39883579578843e-06,3.2839234767737736e-05,4.814581749734853e-05,7.227702302270822e-05,0.0,0.001082236634315448,0.0,6.119739214043733e-05,0.0,0.0004982129341829819,0.0,5.0477799018116975e-05,0.0,0.0002262192876191152,0.0,4.502991841970428e-05,0.0,0.0009534377454104771,0.0,4.934395018292245e-05,0.0,0.0006911567439930137,0.0,1.0356787125256183e-05,0.0,0.0,0.00017162024646810015,0.002612669700346653,0.0032262524718758446,0.0023792910875764283,2.9727763865353927e-05,0.00015581446061344267,0.00015424897179663557,0.0003494100422604279,0.0,0.004914838544761637,0.0,0.00029915479837723497,0.0,0.0019831659284027868,0.0,0.00023954870097292295,0.0,0.001006824790306811,0.0,0.00024313847505071627,0.0,0.003818401000784628,0.0,0.0001678586170171042,0.0,0.004531677788908377,0.0,4.801160286901132e-05,0.0,0.0
GenerativeAdversarialNetwork,0.0001,8.0,45.0,True,14.0,5.326568176643547e-05,0.0005219763099665269,0.0006956121510251191,0.0005043200003811613,8.186201170849994e-06,3.239071383228842e-05,4.858408635356677e-05,7.114793372282763e-05,0.0,0.001086644837113213,0.0,5.9958818466515554e-05,0.0,0.00048720073507159867,0.0,4.893812448830618e-05,0.0,0.00021766401285109815,0.0,4.505136143165136e-05,0.0,0.0009459293274223965,0.0,4.888810920265486e-05,0.0,0.000684257787514247,0.0,1.0286552600582654e-05,0.0,0.0,0.00016781695936835786,0.0025223079342512216,0.003224885313765808,0.0023764188184678178,2.8641053926457398e-05,0.0001535694694743966,0.0001511310561085647,0.00034351204082650957,0.0,0.00493898939321922,0.0,0.0002946975471088721,0.0,0.0019370309961666851,0.0,0.00023267788332213395,0.0,0.0009616276940459725,0.0,0.00024104038686872278,0.0,0.003791870935907904,0.0,0.00016774836951081857,0.0,0.004506032047031811,0.0,4.7899407785643574e-05,0.0,0.0
GenerativeAdversarialNetwork,0.0001,8.0,45.0,True,15.0,5.0433361626699604e-05,0.0005180900389293454,0.0006951951595008213,0.0005038295071722684,7.245886689328119e-06,3.197393066317566e-05,4.6328392954206854e-05,7.021084247091709e-05,0.0,0.0010900759829891805,0.0,5.898922882632747e-05,0.0,0.0004770655355684841,0.0,4.735724081729621e-05,0.0,0.00021175893570856265,0.0,4.511444535698852e-05,0.0,0.000938440831202381,0.0,4.859476016377503e-05,0.0,0.0006778347845668741,0.0,1.029569324296761e-05,0.0,0.0,0.0001594042698354841,0.002482638419049341,0.003223344215057181,0.0023739566593050207,2.630024492365759e-05,0.00015170330990035578,0.0001441066229493363,0.0003385642930021826,0.0,0.0049588234996267855,0.0,0.0002906237195872661,0.0,0.0018985734420752375,0.0,0.00022548373858883696,0.0,0.0009310925906559207,0.0,0.00023956664796895202,0.0,0.003764702464049717,0.0,0.00016761745718665093,0.0,0.004483166730628823,0.0,4.808675005750836e-05,0.0,0.0
GenerativeAdversarialNetwork,0.0001,8.0,45.0,True,16.0,4.65208980834709e-05,0.0005163933951257052,0.0006943802145934812,0.0005034205486189645,6.332013861469503e-06,3.160384164826889e-05,4.293761062975521e-05,6.948772948385892e-05,0.0,0.0010924592340768751,0.0,5.813486713444126e-05,0.0,0.00046833787324293606,0.0,4.592071465565509e-05,0.0,0.00020729768469005902,0.0,4.536972815457059e-05,0.0,0.0009310235071053723,0.0,4.8480174853152665e-05,0.0,0.0006719148865928547,0.0,1.0322745527941584e-05,0.0,0.0,0.0001484460472685736,0.0024806965821943944,0.0032211917001496323,0.0023718862413610303,2.3668847169797375e-05,0.0001500053975567128,0.00013464179663163312,0.0003346910219897264,0.0,0.004973524385834994,0.0,0.0002873269079616235,0.0,0.001864680141772864,0.0,0.00021889730819366264,0.0,0.0009062949029154748,0.0,0.00023895178763371595,0.0,0.0037440061569213867,0.0,0.00016849717629030815,0.0,0.0044588900212221925,0.0,4.825221210624437e-05,0.0,0.0
GenerativeAdversarialNetwork,0.0001,8.0,45.0,True,17.0,4.266126136574141e-05,0.0005157955814243327,0.0006933736833279344,0.0005030509114586761,5.570293662723184e-06,3.122848350645076e-05,3.950505936643827e-05,6.885220600427643e-05,0.0,0.0010947600471054887,0.0,5.7354499146623434e-05,0.0,0.0004615130209215889,0.0,4.468786447356653e-05,0.0,0.00020390188677934303,0.0,4.553953009956288e-05,0.0,0.0009244797686039599,0.0,4.832988800706889e-05,0.0,0.0006660039052166386,0.0,1.0356111226056142e-05,0.0,0.0,0.0001375689259115255,0.0024751456653546986,0.003218632074272108,0.002370111035101069,2.1288317844927685e-05,0.00014850770199448807,0.00012512575342970075,0.0003314197016587047,0.0,0.004986679240935377,0.0,0.00028433873312278365,0.0,0.001837167350001305,0.0,0.00021264617735484862,0.0,0.0008889321448667994,0.0,0.00023817842673955474,0.0,0.0037244442124036875,0.0,0.0001693201257185366,0.0,0.004438029520166745,0.0,4.843425345402094e-05,0.0,0.0
GenerativeAdversarialNetwork,0.0001,8.0,45.0,True,18.0,3.9403984508906414e-05,0.0005159232654982822,0.0006922516379394943,0.0005027304360808709,4.941458886644911e-06,3.0914662943053436e-05,3.660673581846962e-05,6.829774524323702e-05,0.0,0.0010967111587431879,0.0,5.674907420523405e-05,0.0,0.0004550721446137544,0.0,4.352080432391874e-05,0.0,0.000201232952249018,0.0,4.5705104693569586e-05,0.0,0.0009185307109452322,0.0,4.8222306443031907e-05,0.0,0.0006611737199228086,0.0,1.0391718625138713e-05,0.0,0.0,0.00012660271388554724,0.0024773397910519968,0.0032149384606559323,0.0023684840907090866,1.8502184359719917e-05,0.00014700390304784355,0.00011587705252305516,0.0003284205383849594,0.0,0.004997637864946368,0.0,0.00028110726636910587,0.0,0.001811334734442849,0.0,0.00020693973550256692,0.0,0.0008747675133951055,0.0,0.00023787569418643256,0.0,0.0037042303655132557,0.0,0.0001701395607219552,0.0,0.004416554978808517,0.0,4.860736816278044e-05,0.0,0.0
GenerativeAdversarialNetwork,0.0001,8.0,45.0,True,19.0,3.613012709787914e-05,0.0005166113296287721,0.0006910625172432542,0.0005024523747899141,4.301843926250292e-06,3.062339745602518e-05,3.3702026058560756e-05,6.782970920887918e-05,0.0,0.0010982977370069737,0.0,5.625205420740852e-05,0.0,0.0004495030866478974,0.0,4.255357436896013e-05,0.0,0.00019879438324437308,0.0,4.592159326185756e-05,0.0,0.0009133660729040675,0.0,4.8080494381346794e-05,0.0,0.0006565886205740052,0.0,1.0406954911841215e-05,0.0,0.0,0.00011491533017383431,0.0024782325486716983,0.0032106353052007326,0.0023670361476874203,1.5455416737581198e-05,0.00014566182621619987,0.00010608083937527999,0.0003257975591428625,0.0,0.0050069810168290865,0.0,0.00027860956465673145,0.0,0.0017877577235863643,0.0,0.00020207110909545946,0.0,0.0008606458984830844,0.0,0.00023796086041432508,0.0,0.0036833668654819704,0.0,0.00017089552521330756,0.0,0.004396460716079616,0.0,4.870860702680342e-05,0.0,0.0
GenerativeAdversarialNetwork,0.0001,8.0,45.0,True,20.0,3.253802345849754e-05,0.0005175853675266482,0.0006897198864713191,0.0005021833505913254,3.615571838625358e-06,3.033243320540919e-05,3.0507946090717522e-05,6.737816586809338e-05,0.0,0.001099711252932239,0.0,5.585313686784708e-05,0.0,0.00044287801431517075,0.0,4.165139390692878e-05,0.0,0.00019671838238554182,0.0,4.6060764484328404e-05,0.0,0.0009084519028984955,0.0,4.7991117537824934e-05,0.0,0.0006522444701901665,0.0,1.0462218614400558e-05,0.0,0.0,0.00010304613355195747,0.0024872017356584657,0.0032060086352270352,0.0023656449977706813,1.2587323937119928e-05,0.00014426897766080292,9.595125374741524e-05,0.0003233098383969481,0.0,0.005016020303407935,0.0,0.0002763755853820897,0.0,0.001765119954475067,0.0,0.000197385865374931,0.0,0.0008491711609018674,0.0,0.00023764959952366426,0.0,0.003659536253731206,0.0,0.00017179006347491308,0.0,0.0043759878326511984,0.0,4.88975132177086e-05,0.0,0.0
GenerativeAdversarialNetwork,0.0001,8.0,45.0,True,21.0,2.8627179060984816e-05,0.0005185847092831552,0.0006883156428118601,0.0005019508362459044,2.8924494379292922e-06,3.009159469379569e-05,2.7018112213303138e-05,6.699863811226868e-05,0.0,0.001100720968993458,0.0,5.542866965991789e-05,0.0,0.0004370510176506968,0.0,4.088883652198668e-05,0.0,0.00019486935312214567,0.0,4.626934559679417e-05,0.0,0.0009033005995891807,0.0,4.794386860655967e-05,0.0,0.0006484746772323979,0.0,1.0507144259836154e-05,0.0,0.0,9.00791067653482e-05,0.002493199312461997,0.00320092537118204,0.002364443345639691,9.675808221617209e-06,0.00014308763890521332,8.471972022041584e-05,0.0003211844079899338,0.0,0.005022666607858776,0.0,0.00027407520690804005,0.0,0.0017427865814113018,0.0,0.00019309795080865705,0.0,0.000839539387690946,0.0,0.00023765608949481316,0.0,0.0036420492256212535,0.0,0.0001728898324306656,0.0,0.004358226398252092,0.0,4.9079024473076345e-05,0.0,0.0
GenerativeAdversarialNetwork,0.0001,8.0,45.0,True,22.0,2.5425743904075213e-05,0.0005191060892655201,0.0006872046829233915,0.0005017160325037502,2.323795735052814e-06,2.9829448726620635e-05,2.4147936697758113e-05,6.661318604033591e-05,0.0,0.0011016143238562223,0.0,5.500633620990897e-05,0.0,0.0004312778418918826,0.0,4.0140725933316584e-05,0.0,0.00019322815690079147,0.0,4.641544023614045e-05,0.0,0.0008991954300924132,0.0,4.783383196576265e-05,0.0,0.0006445081969798414,0.0,1.0554681248420654e-05,0.0,0.0,7.973302085444612e-05,0.0024970235689631046,0.0031968475137866517,0.002363344408431143,7.551970288344899e-06,0.0001420355255498826,7.561433755751675e-05,0.0003192593232265808,0.0,0.005028175831492868,0.0,0.0002721624694905191,0.0,0.001722945732140691,0.0,0.00018917541927511588,0.0,0.0008300668413534104,0.0,0.0002379113070245059,0.0,0.003629022424326003,0.0,0.00017345670915249758,0.0,0.004342606982345101,0.0,4.932708429090632e-05,0.0,0.0
GenerativeAdversarialNetwork,0.0001,8.0,45.0,True,23.0,2.2226126206852996e-05,0.0005196284733692591,0.0006860778177523549,0.0005014892617325898,1.804390263234107e-06,2.9558855588384714e-05,2.124558160247186e-05,6.624637046110919e-05,0.0,0.0011025868649662243,0.0,5.4522128800818864e-05,0.0,0.0004261580278288643,0.0,3.948745209814082e-05,0.0,0.0001915947928261564,0.0,4.658459954345323e-05,0.0,0.0008946703772017898,0.0,4.778675875573788e-05,0.0,0.0006403728636769914,0.0,1.0597311221364374e-05,0.0,0.0,6.94283348678043e-05,0.0025012644956696707,0.0031927287953454745,0.0023622987030437158,5.700414247646834e-06,0.00014095204009574914,6.636320584037769e-05,0.0003174428107603541,0.0,0.005033388247407408,0.0,0.0002701467125670715,0.0,0.0017028025486184367,0.0,0.0001856263188071221,0.0,0.0008222844990544349,0.0,0.0002377168890440239,0.0,0.003616383615529762,0.0,0.00017452399310825755,0.0,0.004326099494718156,0.0,4.949900409523046e-05,0.0,0.0
GenerativeAdversarialNetwork,0.0001,8.0,45.0,True,24.0,1.9170857232937593e-05,0.0005200502846761534,0.0006850151360195602,0.0005012883169631752,1.351963295638963e-06,2.934309500809307e-05,1.8445821353447726e-05,6.590869950477003e-05,0.0,0.001103306542507072,0.0,5.424688407031674e-05,0.0,0.00042133197951509625,0.0,3.8866352822099414e-05,0.0,0.00019041227924855892,0.0,4.66708485488943e-05,0.0,0.0008909417130555104,0.0,4.7713673781513204e-05,0.0,0.0006359450499002503,0.0,1.0631146346221395e-05,0.0,0.0,5.956941266667168e-05,0.002504172939924324,0.0031887817682710084,0.002361240252008978,4.1442522017648386e-06,0.0001398528217332168,5.7372211847665175e-05,0.00031547754440667495,0.0,0.005039377586465493,0.0,0.0002682783506201498,0.0,0.0016860234662421844,0.0,0.00018223926846711142,0.0,0.0008147171458358285,0.0,0.000237394077410488,0.0,0.0036023131706429726,0.0,0.00017479951229860198,0.0,0.004306103823319921,0.0,4.9698951437413315e-05,0.0,0.0
GenerativeAdversarialNetwork,0.0001,8.0,45.0,True,25.0,1.687010765236343e-05,0.0005207538524406618,0.0006842291901375085,0.0005010776121340029,1.0501517885367103e-06,2.91127520751439e-05,1.6312482653843425e-05,6.553833937709222e-05,0.0,0.0011043531833754452,0.0,5.3810969878721106e-05,0.0,0.0004169989949609391,0.0,3.830575938976679e-05,0.0,0.0001891446965081351,0.0,4.667270115282979e-05,0.0,0.0008869767992322978,0.0,4.7535161083599304e-05,0.0,0.0006319245479177593,0.0,1.0663340987783236e-05,0.0,0.0,5.2344598719533884e-05,0.002507925221005326,0.0031859023765947836,0.0023601866743099766,3.1716259834854483e-06,0.0001387898956642211,5.0678532922042994e-05,0.0003135284678366199,0.0,0.005045562339504224,0.0,0.0002662427957702733,0.0,0.0016696220673854997,0.0,0.00017926383927558204,0.0,0.0008065493414237064,0.0,0.00023683622104566802,0.0,0.003586345873538803,0.0,0.00017492792938115462,0.0,0.004290750941390511,0.0,4.989167077923721e-05,0.0,0.0
GenerativeAdversarialNetwork,0.0001,8.0,45.0,True,26.0,1.451062826776119e-05,0.0005215918921396097,0.000683377293563596,0.0005008803625312456,7.774316388209955e-07,2.8900139415360527e-05,1.4101796484780761e-05,6.520174283062351e-05,0.0,0.00110541783435313,0.0,5.3624790714114824e-05,0.0,0.0004123731282843412,0.0,3.7677460563472016e-05,0.0,0.0001879337863780739,0.0,4.671567252704075e-05,0.0,0.0008832266067237545,0.0,4.7385963709206594e-05,0.0,0.0006289783353111494,0.0,1.0683276562517222e-05,0.0,0.0,4.423233686284449e-05,0.002512617306139484,0.003182509035434363,0.002359256054620323,2.2043490126354138e-06,0.00013790512750358702,4.308695360174719e-05,0.00031187741449044187,0.0,0.005051318905003701,0.0,0.00026451817379807526,0.0,0.00165179727962182,0.0,0.0001765758197450038,0.0,0.0007995001549990672,0.0,0.00023693654615924043,0.0,0.00357276126273773,0.0,0.0001750913735643123,0.0,0.0042765118041128486,0.0,5.007992680155256e-05,0.0,0.0
GenerativeAdversarialNetwork,0.0001,8.0,45.0,True,27.0,1.276678699407616e-05,0.0005225809516932444,0.0006827681533731219,0.0005006706618234475,6.017802161418123e-07,2.8656225782038388e-05,1.2452599926377243e-05,6.485418629935488e-05,0.0,0.0011061923523757072,0.0,5.3366184274783994e-05,0.0,0.0004072331514641281,0.0,3.7121373125806334e-05,0.0,0.0001866900816439297,0.0,4.676675720195564e-05,0.0,0.0008794245212225901,0.0,4.730657787335851e-05,0.0,0.0006248668197672964,0.0,1.0713951215348796e-05,0.0,0.0,3.863010356355013e-05,0.0025169885008590027,0.003180239185597162,0.002358340617245848,1.6631488248987018e-06,0.00013689720218286575,3.777116056789392e-05,0.00031026553526614445,0.0,0.005055850929562996,0.0,0.0002627335488796234,0.0,0.0016356001859940822,0.0,0.00017380259884228495,0.0,0.0007936942314951675,0.0,0.00023709022024142668,0.0,0.0035556311127524706,0.0,0.0001753070889591421,0.0,0.0042608560256238255,0.0,5.028316013093265e-05,0.0,0.0
GenerativeAdversarialNetwork,0.0001,8.0,45.0,True,28.0,1.1471382560675356e-05,0.0005235199658375866,0.0006823334893126372,0.0005004616037533289,4.82786067440162e-07,2.8428365539187047e-05,1.1220854277800358e-05,6.448414246990996e-05,0.0,0.0011074610969930814,0.0,5.3003520737439796e-05,0.0,0.00040303415686615074,0.0,3.6606228737175625e-05,0.0,0.00018520398201004194,0.0,4.673786360941165e-05,0.0,0.0008754264312291724,0.0,4.7153133065552725e-05,0.0,0.0006220954849392256,0.0,1.0722767401014698e-05,0.0,0.0,3.47723311645055e-05,0.0025229281599416674,0.003178714206383663,0.0023573830067736548,1.3501737369283003e-06,0.00013600418683867784,3.407738294522717e-05,0.00030845537219407424,0.0,0.005063113281408884,0.0,0.0002612618717757411,0.0,0.001614751305970006,0.0,0.00017119454419088065,0.0,0.0007885397417740252,0.0,0.0002362611674287784,0.0,0.003543319567194525,0.0,0.00017512142189643668,0.0,0.00424784946741548,0.0,5.037519705932845e-05,0.0,0.0
GenerativeAdversarialNetwork,0.0001,8.0,45.0,True,29.0,1.0133180591576504e-05,0.0005243893341234109,0.0006818571341326937,0.0005002566826632723,3.7537885182148043e-07,2.8196260373226075e-05,9.939457965146179e-06,6.411114150301786e-05,0.0,0.00110852370630814,0.0,5.265027585858605e-05,0.0,0.000398170273259001,0.0,3.608812721109776e-05,0.0,0.00018404213325032647,0.0,4.665019879283288e-05,0.0,0.0008727088771419062,0.0,4.6992503769314194e-05,0.0,0.0006180631343245185,0.0,1.0745006179150866e-05,0.0,0.0,3.0684100358553654e-05,0.0025286584530236586,0.0031770377788903578,0.002356514240960655,1.0527605952331854e-06,0.00013507370772601675,3.0144126558641217e-05,0.0003069292215056389,0.0,0.005068006225992115,0.0,0.0002596931262586102,0.0,0.001598156473171786,0.0,0.00016899884871716768,0.0,0.0007823233334523327,0.0,0.0002358691450559868,0.0,0.003533484051062626,0.0,0.00017528732617696127,0.0,0.004232317771551744,0.0,5.052638175727436e-05,0.0,0.0
GenerativeAdversarialNetwork,0.0001,8.0,45.0,True,30.0,9.039140775839917e-06,0.0005253097117750472,0.0006814902683473983,0.0005000481467362684,2.979801368718902e-07,2.7966690613735076e-05,8.88602983839107e-06,6.372712532465027e-05,0.0,0.0011097990891689895,0.0,5.221776563844912e-05,0.0,0.00039265266647236043,0.0,3.5642859628901e-05,0.0,0.00018285357486205603,0.0,4.654594589115153e-05,0.0,0.000869184491448004,0.0,4.681673734335886e-05,0.0,0.0006156224767474151,0.0,1.0775161199171266e-05,0.0,0.0,2.7476607839453896e-05,0.002534300838626406,0.0031758033254611416,0.002355582684091052,8.581829097695977e-07,0.0001341368206454523,2.7037316452969544e-05,0.0003051242597822873,0.0,0.005074110027700896,0.0,0.00025782961421792614,0.0,0.0015804259657110058,0.0,0.0001667592815070782,0.0,0.0007769628515783346,0.0,0.00023505928100280043,0.0,0.003521422545115153,0.0,0.0001749081314547257,0.0,0.004218783393595954,0.0,5.071529380555423e-05,0.0,0.0
GenerativeAdversarialNetwork,0.0001,8.0,45.0,True,31.0,7.796784702216518e-06,0.0005264779869115577,0.0006810179296529517,0.000499861661314643,2.2147834549514912e-07,2.7729881139135748e-05,7.683466467253281e-06,6.341665099573264e-05,0.0,0.0011105298429601959,0.0,5.1929151031848876e-05,0.0,0.000388580632980943,0.0,3.519217732219362e-05,0.0,0.00018166505663864054,0.0,4.653840493963093e-05,0.0,0.0008649891920166838,0.0,4.67392342350875e-05,0.0,0.0006123285971561854,0.0,1.081580050149054e-05,0.0,0.0,2.3333382142602272e-05,0.002540081926861649,0.0031740384281806226,0.0023548509339866397,6.216483918434513e-07,0.00013336466637047583,2.3016266805945702e-05,0.0003038137542001856,0.0,0.005077659101531612,0.0,0.000255933090013528,0.0,0.001568265306124897,0.0,0.00016492429488110092,0.0,0.0007719427066029242,0.0,0.00023449233399247223,0.0,0.0035117800880528098,0.0,0.0001751680114546662,0.0,0.004203597329697519,0.0,5.093467005956098e-05,0.0,0.0
GenerativeAdversarialNetwork,0.0001,8.0,45.0,True,32.0,6.953276307234225e-06,0.0005277001231185831,0.0006806974141102917,0.0004996807588078584,1.7642336059738243e-07,2.753632419273217e-05,6.8632599639121415e-06,6.308381990441736e-05,0.0,0.0011116385527175233,0.0,5.1625263739146314e-05,0.0,0.0003847890305069258,0.0,3.479652086679505e-05,0.0,0.00018058022398832995,0.0,4.644111059907312e-05,0.0,0.000862435590867405,0.0,4.651971322024929e-05,0.0,0.0006094110220911689,0.0,1.0854162958593703e-05,0.0,0.0,2.0524245282670238e-05,0.002546152228829246,0.0031728414619493785,0.0023540230292194296,4.866805221188415e-07,0.00013253978400860192,2.027651201347885e-05,0.00030224807794738864,0.0,0.0050827793825543475,0.0,0.00025422522013292373,0.0,0.0015531199158362622,0.0,0.00016275439528549242,0.0,0.0007663433844188474,0.0,0.00023423486723090118,0.0,0.0035004124701397974,0.0,0.00017489293742479768,0.0,0.004189817410595012,0.0,5.1168092298057843e-05,0.0,0.0
GenerativeAdversarialNetwork,0.0001,8.0,45.0,True,33.0,6.150476875491541e-06,0.0005286073266977891,0.0006803986679190252,0.0004994715802431749,1.3841272840424468e-07,2.7307085793294674e-05,6.080030857753561e-06,6.268969724441796e-05,0.0,0.0011130268475862879,0.0,5.118411305458398e-05,0.0,0.00038017424933029957,0.0,3.4395457217796154e-05,0.0,0.00017898511693805377,0.0,4.629337924188681e-05,0.0,0.0008593291606543199,0.0,4.633840906491498e-05,0.0,0.0006055848376770225,0.0,1.0877553966006821e-05,0.0,0.0,1.7853453755378723e-05,0.0025523721047167507,0.0031717348398652466,0.0023531761934172434,3.747158211951712e-07,0.00013171157465790802,1.766309786423947e-05,0.0003006917032055885,0.0,0.0050885436601333135,0.0,0.00025262472764501034,0.0,0.0015381465917863185,0.0,0.00016121050846651665,0.0,0.0007595933458340243,0.0,0.00023347158102119493,0.0,0.003491879259265444,0.0,0.0001748458909913429,0.0,0.00417371928316992,0.0,5.136622971146362e-05,0.0,0.0
GenerativeAdversarialNetwork,0.0001,8.0,45.0,True,34.0,5.433393009709862e-06,0.0005299953035909854,0.000680122494376252,0.0004992736880027381,1.0834699085564666e-07,2.709780430617037e-05,5.378369041128621e-06,6.230811103977605e-05,0.0,0.0011143922273796035,0.0,5.082404015038534e-05,0.0,0.00037584142543556234,0.0,3.4039865205230096e-05,0.0,0.00017740021176093992,0.0,4.6110438368712475e-05,0.0,0.0008560268062786915,0.0,4.611454522513315e-05,0.0,0.0006030124795404728,0.0,1.0902967022837333e-05,0.0,0.0,1.550323780883783e-05,0.002559591014430208,0.0031707264342398012,0.0023523730302006944,2.867579593765403e-07,0.00013094469202014634,1.5357859233546555e-05,0.0002991232154129436,0.0,0.005094091883913068,0.0,0.0002510999124380028,0.0,0.0015236611636179798,0.0,0.0001594143679494378,0.0,0.0007545773244503909,0.0,0.00023278729908121458,0.0,0.0034810034733898233,0.0,0.0001744374913989373,0.0,0.004160538034619026,0.0,5.153768678318779e-05,0.0,0.0
GenerativeAdversarialNetwork,0.0001,8.0,45.0,True,35.0,5.027747115577167e-06,0.0005313213462778179,0.0006799783828766199,0.0004990915805503043,9.235167076354319e-08,2.6894361784837318e-05,4.980916149833935e-06,6.19800244219541e-05,0.0,0.0011153878145403302,0.0,5.048951209394758e-05,0.0,0.00037174284297500983,0.0,3.3678740483891935e-05,0.0,0.00017606232044189125,0.0,4.604888070786417e-05,0.0,0.0008529705018046088,0.0,4.594881499231344e-05,0.0,0.0005999472584685868,0.0,1.0926045497472717e-05,0.0,0.0,1.4235611138103894e-05,0.0025667551928346263,0.0031702319780985513,0.002351605667258209,2.4884969395813795e-07,0.00013018592770369547,1.4109545791486525e-05,0.0002977122909992746,0.0,0.005098989493969451,0.0,0.00024965030592192643,0.0,0.0015076746543248494,0.0,0.00015789949856464218,0.0,0.0007488041085267217,0.0,0.00023275620813639658,0.0,0.003467841343309894,0.0,0.0001741298035068332,0.0,0.004147889479151312,0.0,5.170921414340817e-05,0.0,0.0
GenerativeAdversarialNetwork,0.0001,8.0,45.0,True,36.0,4.467247192047516e-06,0.0005325172548345478,0.0006797813340981372,0.0004989222455217511,7.316078833019426e-08,2.669722765603798e-05,4.430208606218714e-06,6.166973083488382e-05,0.0,0.001116123538107507,0.0,5.023206541480401e-05,0.0,0.0003686496671640648,0.0,3.333050366039225e-05,0.0,0.00017492455051273029,0.0,4.589071652959942e-05,0.0,0.0008499166875515344,0.0,4.580545658371198e-05,0.0,0.0005968511907880839,0.0,1.0961405631666877e-05,0.0,0.0,1.2498738466756149e-05,0.0025743547850434886,0.0031694938551704837,0.0023509237751270988,1.9564631313770869e-07,0.0001294893687063793,1.2399779585828571e-05,0.00029656665879975325,0.0,0.005100901017121494,0.0,0.0002482928007653674,0.0,0.0014948773683991822,0.0,0.00015654321174201727,0.0,0.0007433441450011056,0.0,0.00023281911634049325,0.0,0.003454922505144803,0.0,0.0001742963286690742,0.0,0.004134317239125569,0.0,5.1925737855944247e-05,0.0,0.0
GenerativeAdversarialNetwork,0.0001,8.0,45.0,True,37.0,4.217160408789257e-06,0.0005338700874796454,0.0006797101619751306,0.0004987536736254422,6.498603912439409e-08,2.6527199783736482e-05,4.1842873577239376e-06,6.135578726661816e-05,0.0,0.0011171450995010584,0.0,4.9837947775411475e-05,0.0,0.000365112669705702,0.0,3.301385649532642e-05,0.0,0.0001738542776223463,0.0,4.57928649016789e-05,0.0,0.0008470709272472043,0.0,4.5655149655200723e-05,0.0,0.0005944890153375919,0.0,1.0979637965519794e-05,0.0,0.0,1.1825992626214177e-05,0.0025832036381247658,0.0031692561863353418,0.0023501444162812623,1.7882688461551033e-07,0.0001287321390220954,1.173557599409009e-05,0.00029502014787691943,0.0,0.005105583172882984,0.0,0.0002465611733730484,0.0,0.0014808419740424965,0.0,0.00015494359786030632,0.0,0.0007386655083992196,0.0,0.00023179473179691244,0.0,0.0034429730859192663,0.0,0.00017400937588334833,0.0,0.0041205868031243854,0.0,5.1994368715106316e-05,0.0,0.0
GenerativeAdversarialNetwork,0.0001,8.0,45.0,True,38.0,3.7203500213006114e-06,0.000535069048565353,0.0006795815541095168,0.0004985724899646729,5.23067563267003e-08,2.6326691807119673e-05,3.693908367637354e-06,6.102313691715025e-05,0.0,0.001118136025591517,0.0,4.957489307839273e-05,0.0,0.0003608602960154695,0.0,3.27781189202941e-05,0.0,0.0001724816437037486,0.0,4.5672064079749935e-05,0.0,0.0008436233367560044,0.0,4.544643298634943e-05,0.0,0.0005914872145717035,0.0,1.1007503588806907e-05,0.0,0.0,1.0377960279583931e-05,0.002591543789929564,0.0031688183358630296,0.0023493864251382694,1.4507131480447853e-07,0.00012792823777633643,1.0304643520675365e-05,0.00029364230591546065,0.0,0.005109388355812197,0.0,0.0002453353654288646,0.0,0.0014669211967936102,0.0,0.00015385796860703882,0.0,0.0007329714373222687,0.0,0.00023114676557996737,0.0,0.003423576459944623,0.0,0.00017379392992775396,0.0,0.004106503987462266,0.0,5.218418865646206e-05,0.0,0.0
GenerativeAdversarialNetwork,0.0001,8.0,45.0,True,39.0,3.501889295876026e-06,0.0005366494151138552,0.0006795441204646848,0.0004983817470684206,4.868211840954672e-08,2.6140698404967624e-05,3.477271063870818e-06,6.0642354009607734e-05,0.0,0.001119618876078547,0.0,4.923921028237458e-05,0.0,0.0003569574368931855,0.0,3.247921709021468e-05,0.0,0.00017118807430215922,0.0,4.540169937912666e-05,0.0,0.0008408522830819184,0.0,4.5182067910937286e-05,0.0,0.000588775363893843,0.0,1.104480669786024e-05,0.0,0.0,9.757667961501101e-06,0.002602433258632444,0.0031687186199164242,0.0023486421168225366,1.398169637091001e-07,0.000127293310075436,9.686940162202472e-06,0.00029219705728614854,0.0,0.0051144313247819305,0.0,0.00024413401788135744,0.0,0.0014513344884668506,0.0,0.000152729369653096,0.0,0.0007284472479760272,0.0,0.000230286106373529,0.0,0.003413664844800841,0.0,0.00017315038017131997,0.0,0.004096452170198069,0.0,5.235722721935068e-05,0.0,0.0
GenerativeAdversarialNetwork,0.0001,8.0,45.0,True,40.0,3.2879063242047304e-06,0.0005387187486067615,0.0006794593726206983,0.0004982385191955978,4.28125435863609e-08,2.5994606275924774e-05,3.2662715878327582e-06,6.0365121118784594e-05,0.0,0.0011204202408463607,0.0,4.8944882225154866e-05,0.0,0.0003545725682996354,0.0,3.222647220940603e-05,0.0,0.00017033159893478024,0.0,4.528838930264959e-05,0.0,0.0008382844635739802,0.0,4.4978517446556505e-05,0.0,0.0005866921735259722,0.0,1.1047422434040157e-05,0.0,0.0,9.115896650455283e-06,0.002613807811677081,0.0031684610828663566,0.002347977843674474,1.2429771220396453e-07,0.00012662438617187476,9.053056538339306e-06,0.00029090292892366087,0.0,0.005117947726482564,0.0,0.00024278272154196252,0.0,0.0014391253766773632,0.0,0.00015139989789177038,0.0,0.000724889431734505,0.0,0.00022953507379165985,0.0,0.0033963851208956737,0.0,0.00017285925693481973,0.0,0.00408604235019324,0.0,5.23748110581494e-05,0.0,0.0
GenerativeAdversarialNetwork,0.0001,8.0,45.0,True,41.0,3.060461536571986e-06,0.000540596696565736,0.0006793784806027888,0.0004980758515329695,3.7213064174919647e-08,2.5829162217696723e-05,3.041668463689137e-06,6.006300610030758e-05,0.0,0.0011211552692975387,0.0,4.8540161064050266e-05,0.0,0.0003506654115378696,0.0,3.196396977914312e-05,0.0,0.0001690057972370775,0.0,4.517870912494042e-05,0.0,0.0008356280403959783,0.0,4.484024993332248e-05,0.0,0.0005843463050065979,0.0,1.1083706359898626e-05,0.0,0.0,8.470894265099892e-06,0.0026272972049953052,0.0031682249135191335,0.002347298575647222,1.0969301196234007e-07,0.0001259814221529091,8.415463731958056e-06,0.0002896996835867564,0.0,0.005121073839552371,0.0,0.00024172047492843003,0.0,0.0014247043327715412,0.0,0.0001502687451224657,0.0,0.000718775785194253,0.0,0.0002287458745563555,0.0,0.0033930555079718055,0.0,0.00017301773406424613,0.0,0.004072142472057222,0.0,5.255815274310562e-05,0.0,0.0
GenerativeAdversarialNetwork,0.0001,8.0,45.0,True,42.0,2.9667111168894164e-06,0.0005426399630677668,0.0006793371911318797,0.0004979203733793809,3.464013553269062e-08,2.5685306769015012e-05,2.9492252845206672e-06,5.975649805081823e-05,0.0,0.0011222923496665767,0.0,4.824223825231074e-05,0.0,0.00034837991079551513,0.0,3.1681359818360874e-05,0.0,0.00016769192450130082,0.0,4.504368492374523e-05,0.0,0.0008331999142536256,0.0,4.460013438909844e-05,0.0,0.0005827185840940861,0.0,1.1097730170041724e-05,0.0,0.0,8.159856686848889e-06,0.0026404152876176173,0.0031680948329421707,0.0023466537958421047,1.0269450171302957e-07,0.00012544649155259881,8.1079793836242e-06,0.00028842270561734085,0.0,0.00512469853696016,0.0,0.0002406919667930723,0.0,0.001412882463737104,0.0,0.00014925334579164878,0.0,0.0007149741615889207,0.0,0.00022794807669501634,0.0,0.003383767304930297,0.0,0.0001723964071873599,0.0,0.0040605960402098846,0.0,5.261864185145816e-05,0.0,0.0
GenerativeAdversarialNetwork,0.0001,8.0,45.0,True,43.0,2.8622611563883703e-06,0.0005448178219988019,0.0006792934917696724,0.000497758468848997,3.208462212054621e-08,2.551846949238019e-05,2.846072209532049e-06,5.94432975323695e-05,0.0,0.001123281551042917,0.0,4.7942964897322845e-05,0.0,0.00034394490750973435,0.0,3.140816851606909e-05,0.0,0.00016663458469421715,0.0,4.487595648939076e-05,0.0,0.0008304451675106573,0.0,4.44096174201554e-05,0.0,0.0005811897892193653,0.0,1.1117260330770857e-05,0.0,0.0,7.882829222523566e-06,0.002653905805551781,0.0031679700005729245,0.0023459297306132765,9.61223328354294e-08,0.00012477835253724511,7.834291355040088e-06,0.0002870116406266794,0.0,0.0051295280616777406,0.0,0.00023933148609017426,0.0,0.0013976430742995544,0.0,0.00014819668711356398,0.0,0.0007105465954954519,0.0,0.00022736829031938277,0.0,0.00337402325756145,0.0,0.00017186236690800146,0.0,0.004047959480645522,0.0,5.26971013853385e-05,0.0,0.0
GenerativeAdversarialNetwork,0.0001,8.0,45.0,True,44.0,2.691279054993407e-06,0.000546928806446312,0.0006792238459111546,0.0004976070473457604,2.8238930412966036e-08,2.5366711608483142e-05,2.677039044966916e-06,5.9144767227198556e-05,0.0,0.0011243997836319854,0.0,4.7643259770144026e-05,0.0,0.0003405772852447798,0.0,3.119184562780786e-05,0.0,0.00016569892431526494,0.0,4.4674077887098104e-05,0.0,0.0008283598082406181,0.0,4.423410704515051e-05,0.0,0.0005788787837941049,0.0,1.114310892524745e-05,0.0,0.0,7.389961894156423e-06,0.002666743109061283,0.003167755573800525,0.002345343805708975,8.432913240105347e-08,0.0001242457648868081,7.347410995770925e-06,0.00028585682406365496,0.0,0.005133236009917479,0.0,0.0002379228343378823,0.0,0.0013897535186143792,0.0,0.0001471543438592047,0.0,0.0007065202829972753,0.0,0.00022663433784208956,0.0,0.0033636539237304306,0.0,0.00017155218377428236,0.0,0.004037380218505859,0.0,5.27793564980135e-05,0.0,0.0
GenerativeAdversarialNetwork,0.0001,8.0,45.0,True,45.0,2.515831751362333e-06,0.0005490764614064096,0.0006791542000526366,0.0004974414476487194,2.470916431510791e-08,2.5208303930785135e-05,2.50337860670011e-06,5.881924613948781e-05,0.0,0.0011255506871214777,0.0,4.7347059026561334e-05,0.0,0.0003370427378425701,0.0,3.09588041186654e-05,0.0,0.00016485204834822375,0.0,4.4467595388304515e-05,0.0,0.0008252573945130299,0.0,4.396618235946666e-05,0.0,0.0005772462832638517,0.0,1.118010828758507e-05,0.0,0.0,6.894627146704017e-06,0.0026805050343087634,0.003167546770107821,0.0023446780330729933,7.359353702262032e-08,0.00012370707385195127,6.8575177493991345e-06,0.0002845175236276111,0.0,0.005137680011188838,0.0,0.0002370877132850623,0.0,0.0013745545216326445,0.0,0.0001460095668363871,0.0,0.0007049789031346639,0.0,0.00022567923432626066,0.0,0.0033553745011863467,0.0,0.00017070410620866332,0.0,0.004025351326420622,0.0,5.2921889853552454e-05,0.0,0.0
GenerativeAdversarialNetwork,0.0001,8.0,45.0,True,46.0,2.3560352482885684e-06,0.0005512671329261801,0.000679066961987642,0.0004973029592287829,2.071356777863632e-08,2.507091251345015e-05,2.345607918498892e-06,5.8572337714166976e-05,0.0,0.0011261216149907394,0.0,4.728138446807861e-05,0.0,0.0003336730069227296,0.0,3.0791273998282346e-05,0.0,0.00016359570172597778,0.0,4.436820243407453e-05,0.0,0.000822516946458431,0.0,4.3790240212270836e-05,0.0,0.000576032702170935,0.0,1.121033861670854e-05,0.0,0.0,6.4178214718898135e-06,0.002693686657731638,0.0031672899828017135,0.0023440765509815335,6.143311809224177e-08,0.000123109352195038,6.386881354469923e-06,0.0002834226162928455,0.0,0.00513959947938489,0.0,0.00023594695442127732,0.0,0.0013611035526923413,0.0,0.00014518733200786997,0.0,0.0007010055881626202,0.0,0.00022511378680385133,0.0,0.0033423330798838875,0.0,0.0001705857403810669,0.0,0.0040161077331447,0.0,5.308178446765216e-05,0.0,0.0
GenerativeAdversarialNetwork,0.0001,8.0,45.0,True,47.0,2.109093561447213e-06,0.0005536596328421745,0.00067896269402414,0.0004971621412472584,1.640642027744353e-08,2.4926519859833216e-05,2.100842194054326e-06,5.8303554504708135e-05,0.0,0.0011267955998376076,0.0,4.700838394884793e-05,0.0,0.00033125102600318725,0.0,3.057641712722753e-05,0.0,0.0001625892708725685,0.0,4.427189715307035e-05,0.0,0.0008197532027879494,0.0,4.357404785978826e-05,0.0,0.0005743565022784745,0.0,1.1245460272076317e-05,0.0,0.0,5.754179822034993e-06,0.0027065770056262707,0.00316701370215266,0.0023435307373790622,4.9189723500580696e-08,0.00012265705743675712,5.7294269227100616e-06,0.00028230908250658767,0.0,0.005142348694346227,0.0,0.00023473895289613015,0.0,0.0013501618830662854,0.0,0.00014448714143825027,0.0,0.0006988376566449051,0.0,0.0002244439608645889,0.0,0.0033290273738357254,0.0,0.00016992864837436555,0.0,0.004008944679356221,0.0,5.326560059995771e-05,0.0,0.0
GenerativeAdversarialNetwork,0.0001,8.0,45.0,True,48.0,1.9409871695317187e-06,0.000556247012634483,0.0006789115239989083,0.0004970007990248441,1.4271349595944997e-08,2.4765456281100323e-05,1.9338109964791014e-06,5.797992618578785e-05,0.0,0.001128040249104098,0.0,4.669277353910102e-05,0.0,0.00032803607035197335,0.0,3.0380811773220483e-05,0.0,0.00016168655571590536,0.0,4.403400573769027e-05,0.0,0.000817555783572544,0.0,4.3265913133672625e-05,0.0,0.0005730547593288987,0.0,1.1271361582925056e-05,0.0,0.0,5.376079696693323e-06,0.0027263550638402783,0.0031668956174790482,0.002342931317083491,4.423914935568687e-08,0.00012208674829336082,5.353820574639728e-06,0.00028112050403588973,0.0,0.0051465611806202904,0.0,0.00023325668565882078,0.0,0.0013379108793330641,0.0,0.000143432450838059,0.0,0.0006970191995302836,0.0,0.00022359996003174933,0.0,0.0033249866287663296,0.0,0.00016945315841233955,0.0,0.003995157637686099,0.0,5.3336509977871516e-05,0.0,0.0
GenerativeAdversarialNetwork,0.0001,8.0,45.0,True,49.0,1.8219697612997978e-06,0.0005587594046425627,0.0006788593900171573,0.0004968596597244797,1.2543266761882954e-08,2.462996767376954e-05,1.8156652911151997e-06,5.771363319733715e-05,0.0,0.0011289363456274512,0.0,4.647947807678315e-05,0.0,0.0003247396603748805,0.0,3.019831773405769e-05,0.0,0.00016065291317325398,0.0,4.3881921514346596e-05,0.0,0.000814940971184291,0.0,4.308434288617414e-05,0.0,0.0005719356459748713,0.0,1.1302095227887366e-05,0.0,0.0,5.065950377604122e-06,0.002745338018585301,0.0031667659117740653,0.002342308654725177,3.922495920245489e-08,0.00012146672175365424,5.046222739671386e-06,0.0002799123150747527,0.0,0.00514989804270238,0.0,0.00023193008401108987,0.0,0.0013264284568762629,0.0,0.00014279457102031828,0.0,0.0006924301104725532,0.0,0.0002227606216691575,0.0,0.0033116872955418234,0.0,0.00016902900248203637,0.0,0.003986478976483615,0.0,5.344091182422338e-05,0.0,0.0
GenerativeAdversarialNetwork,0.0001,8.0,45.0,True,50.0,1.5988830173252568e-06,0.0005614048226503027,0.0006787892621803798,0.0004967169941596265,9.992034838947836e-09,2.448266557847072e-05,1.5938622535600496e-06,5.744554283162654e-05,0.0,0.0011295101913877871,0.0,4.6137755490698906e-05,0.0,0.0003210690545264601,0.0,3.004300777079924e-05,0.0,0.00015950237082021257,0.0,4.382044418320823e-05,0.0,0.0008121357773834805,0.0,4.288378470348862e-05,0.0,0.0005705271448407855,0.0,1.132822372119703e-05,0.0,0.0,4.473219936092694e-06,0.002759132557695017,0.003166566105008875,0.002341813823711947,3.178959691153148e-08,0.00012107037663834649,4.457236624926141e-06,0.00027899329298697176,0.0,0.0051512998337381105,0.0,0.00023095309734344482,0.0,0.0013152892297168947,0.0,0.00014214464844022906,0.0,0.0006892146460665097,0.0,0.0002227197137643706,0.0,0.0032978890077123104,0.0,0.00016876306595667352,0.0,0.003977481674098369,0.0,5.3521052424637776e-05,0.0,0.0
GenerativeAdversarialNetwork,0.0001,8.0,45.0,True,51.0,1.4526776108398753e-06,0.0005642449197100822,0.0006787318264377727,0.0004965875829969134,8.329457073760183e-09,2.4364852017630144e-05,1.4484940332704477e-06,5.719215280283494e-05,0.0,0.001130578706310812,0.0,4.591296785925277e-05,0.0,0.00031839943719360063,0.0,2.9871363263085203e-05,0.0,0.00015876950279400355,0.0,4.363671005414824e-05,0.0,0.0008100411801967981,0.0,4.2663209361207456e-05,0.0,0.0005687084802077465,0.0,1.136566489693932e-05,0.0,0.0,4.055837693524623e-06,0.002774042903252368,0.0031663989121059203,0.0023412271490636863,2.636668041133199e-08,0.00012044152889236714,4.042587579819579e-06,0.00027777868434318207,0.0,0.005155262606277037,0.0,0.00022946483215445992,0.0,0.0013036054072889892,0.0,0.0001413613885828534,0.0,0.0006883814930915833,0.0,0.0002216131385392363,0.0,0.0032865123928717847,0.0,0.0001680240995666516,0.0,0.003968091131006397,0.0,5.3688093035850886e-05,0.0,0.0
GenerativeAdversarialNetwork,0.0001,8.0,45.0,True,52.0,1.2800162733404463e-06,0.000567100560568735,0.0006786692495937296,0.0004964592964501394,6.578752091159163e-09,2.42382599256752e-05,1.2767133415950277e-06,5.6931327255267015e-05,0.0,0.0011312437687639564,0.0,4.563708551167799e-05,0.0,0.0003149128064633701,0.0,2.9708886383518054e-05,0.0,0.0001579840087665702,0.0,4.348458064534272e-05,0.0,0.0008082821202085345,0.0,4.239592229259625e-05,0.0,0.0005679635024777641,0.0,1.139696084987121e-05,0.0,0.0,3.5799670021442124e-06,0.0027874117752291123,0.0031662189735556547,0.0023406539698066953,2.0804016332144982e-08,0.00011988456284849899,3.5695174457095328e-06,0.0002765417708165991,0.0,0.005158623909110333,0.0,0.0002278720479716295,0.0,0.0012953243915389918,0.0,0.00014045337835947672,0.0,0.000684947337744371,0.0,0.00022028679461599145,0.0,0.0032832540056240635,0.0,0.00016756811466232035,0.0,0.003958091046075401,0.0,5.378861144278784e-05,0.0,0.0
GenerativeAdversarialNetwork,0.0001,8.0,45.0,True,53.0,1.219710312542729e-06,0.0005696707096382614,0.0006786502114524738,0.0004963094815411015,6.061196286417042e-09,2.408580417742305e-05,1.2166674325438442e-06,5.665572104107016e-05,0.0,0.001132272227052744,0.0,4.544877258915143e-05,0.0,0.00031089033640298563,0.0,2.958172194237979e-05,0.0,0.00015691671811666772,0.0,4.338395764242928e-05,0.0,0.0008047582968226019,0.0,4.221547666103692e-05,0.0,0.0005654207458393272,0.0,1.139997697944911e-05,0.0,0.0,3.4210846156069317e-06,0.002802886115679951,0.003166169490454332,0.002340128774163108,1.9529032032316662e-08,0.00011935488045590478,3.4112753434423006e-06,0.0002754243477335516,0.0,0.005162360567013658,0.0,0.00022648593539711814,0.0,0.0012863851943106022,0.0,0.00013983141888612472,0.0,0.0006840706527607996,0.0,0.0002191013791276224,0.0,0.0032750401856764307,0.0,0.00016688870605807634,0.0,0.003946196733030883,0.0,5.383354336398203e-05,0.0,0.0
GenerativeAdversarialNetwork,0.0001,8.0,45.0,True,54.0,1.1247588695601793e-06,0.0005727044012989959,0.0006786164729742991,0.0004961791064218691,5.21468225414074e-09,2.395817281984576e-05,1.1221415644406147e-06,5.641518376586894e-05,0.0,0.0011329540443047942,0.0,4.524071864040714e-05,0.0,0.000308069197154752,0.0,2.948433221029143e-05,0.0,0.00015608904095030217,0.0,4.324407349378272e-05,0.0,0.0008018478711017701,0.0,4.204101810317155e-05,0.0,0.0005637998529521603,0.0,1.1444611429686174e-05,0.0,0.0,3.145180302877096e-06,0.0028164416739025954,0.003166066400659909,0.002339537038743121,1.682198540352976e-08,0.00011872137023967767,3.1367328703262898e-06,0.0002743543693854374,0.0,0.005165290641146296,0.0,0.00022550580917664293,0.0,0.0012740611842593306,0.0,0.000139197697804409,0.0,0.000680912122036676,0.0,0.00021868803591098426,0.0,0.0032587043894161966,0.0,0.00016658248250964302,0.0,0.003929805080845671,0.0,5.401971416091019e-05,0.0,0.0
GenerativeAdversarialNetwork,0.0001,8.0,45.0,True,55.0,1.0501607314926997e-06,0.0005756741906754733,0.0006785956675794246,0.0004960622668587616,4.8230948363629425e-09,2.384597480779067e-05,1.0477396222760253e-06,5.619467871208397e-05,0.0,0.0011336453242819606,0.0,4.501164341069296e-05,0.0,0.00030503717233549876,0.0,2.9281705537574954e-05,0.0,0.00015532876041057618,0.0,4.320068038859457e-05,0.0,0.0008002423211892017,0.0,4.192046078067584e-05,0.0,0.0005613543755924606,0.0,1.1452069541193404e-05,0.0,0.0,2.9804072278381894e-06,0.002831709272456619,0.0031660270391020385,0.0023389691076938462,1.6055124067392423e-08,0.00011812974025243484,2.9723438194150446e-06,0.0002731588323536159,0.0,0.005169090959438876,0.0,0.00022429002905791662,0.0,0.0012620291994802607,0.0,0.00013829950454100122,0.0,0.0006786093303242569,0.0,0.0002177203741838347,0.0,0.003254732995663049,0.0,0.00016603211186966806,0.0,0.003919772756924419,0.0,5.4010447794161505e-05,0.0,0.0
GenerativeAdversarialNetwork,0.0001,8.0,45.0,True,56.0,1.022976577141375e-06,0.0005787820668233372,0.0006785877149381406,0.0004958986754044689,4.726340902357825e-09,2.367285173135305e-05,1.020603948159801e-06,5.587347534628248e-05,0.0,0.0011348730126366693,0.0,4.4729861850044475e-05,0.0,0.0003011782535645518,0.0,2.9159519028149527e-05,0.0,0.00015416758441218147,0.0,4.292186600660699e-05,0.0,0.0007980248195463114,0.0,4.1668617098800575e-05,0.0,0.0005590418037378564,0.0,1.1484070889390704e-05,0.0,0.0,2.89996698610016e-06,0.0028473067583527955,0.0031660049216552352,0.0023383610653427414,1.5764433258442273e-08,0.0001175929587217247,2.89204891378634e-06,0.00027193550793629774,0.0,0.005172937739371678,0.0,0.00022290014433410933,0.0,0.0012510200528978552,0.0,0.00013770595333486234,0.0,0.0006760508759216693,0.0,0.0002166870395717381,0.0,0.0032472846642980038,0.0,0.00016552778019470238,0.0,0.003906437810861839,0.0,5.413952676005333e-05,0.0,0.0
GenerativeAdversarialNetwork,0.0001,8.0,45.0,True,57.0,9.179293213166156e-07,0.0005817884463826923,0.000678552369865767,0.0004957659707236483,4.1087845004147365e-09,2.3535603401313894e-05,9.158667932563233e-07,5.562539209895378e-05,0.0,0.0011355874225912204,0.0,4.4580990815098394e-05,0.0,0.00029808823069472196,0.0,2.903861026317283e-05,0.0,0.0001532474477496751,0.0,4.2769088939515085e-05,0.0,0.0007951804248470502,0.0,4.1525354081729675e-05,0.0,0.0005573584545012112,0.0,1.1508236325413712e-05,0.0,0.0,2.645256668446386e-06,0.002862789345987188,0.003165919450843859,0.0023378000694250912,1.3992454434811641e-08,0.00011704814087294933,2.6382287340414413e-06,0.0002707760991915217,0.0,0.005176813478275545,0.0,0.00022184448140972067,0.0,0.001237908717971178,0.0,0.00013715190426358636,0.0,0.000673609990743721,0.0,0.00021599643166709997,0.0,0.0032398333339571203,0.0,0.0001646036739056965,0.0,0.0038996799936834373,0.0,5.4280185755693686e-05,0.0,0.0
GenerativeAdversarialNetwork,0.0001,8.0,45.0,True,58.0,8.873837137710293e-07,0.0005849453236536195,0.0006785132492970263,0.0004956486090174261,3.1676370541253217e-09,2.3433775452751356e-05,8.857954761661047e-07,5.540283361695847e-05,0.0,0.0011362637401096261,0.0,4.4364577555913486e-05,0.0,0.00029363246217892176,0.0,2.892486841450483e-05,0.0,0.00015253627878636361,0.0,4.2657144468106994e-05,0.0,0.0007940509087955856,0.0,4.137976150307051e-05,0.0,0.0005557292073242106,0.0,1.1527204178173265e-05,0.0,0.0,2.4927147069606206e-06,0.0028790430452838634,0.003165803240530146,0.0023373061755918106,1.0667612794510297e-08,0.00011652324981284591,2.487362347800964e-06,0.00026975126948746494,0.0,0.0051804787051579195,0.0,0.00022037692789761526,0.0,0.0012328811224151708,0.0,0.0001366105891248715,0.0,0.0006708021058976275,0.0,0.00021499041585052537,0.0,0.0032308397802916712,0.0,0.00016410321981277106,0.0,0.0038904037865452796,0.0,5.4337605599712276e-05,0.0,0.0
GenerativeAdversarialNetwork,0.0001,8.0,45.0,True,59.0,8.733424883978466e-07,0.0005880504284264907,0.000678529797217274,0.0004955198806572475,3.743748015398097e-09,2.330978152485228e-05,8.714635262762841e-07,5.517436086006884e-05,0.0,0.0011366424703440822,0.0,4.440091168784067e-05,0.0,0.00028967879451510076,0.0,2.8787512141417942e-05,0.0,0.00015152915508920612,0.0,4.253494289686095e-05,0.0,0.000791419387827665,0.0,4.122618113887921e-05,0.0,0.0005534561576868968,0.0,1.1581642618478148e-05,0.0,0.0,2.4282206186684987e-06,0.002894275593307783,0.003165761629740397,0.0023367558635255825,9.894148326634852e-09,0.00011595411214438625,2.4232575918823108e-06,0.00026870671214547547,0.0,0.005182797768513436,0.0,0.0002193463111073716,0.0,0.0012227788848697015,0.0,0.00013595093158805894,0.0,0.0006702807526918327,0.0,0.00021470577087042466,0.0,0.0032165950199343125,0.0,0.00016364838295387772,0.0,0.0038734190868881515,0.0,5.456038498840992e-05,0.0,0.0
GenerativeAdversarialNetwork,0.0001,8.0,45.0,True,60.0,1.0395441091345808e-06,0.000591275425291447,0.0006786116531917027,0.0004954139257698368,5.839813386384747e-09,2.321909681324046e-05,1.0366089368424807e-06,5.4979611519533345e-05,0.0,0.0011372003957426909,0.0,4.406096137598197e-05,0.0,0.00028716140198257735,0.0,2.8716159276563846e-05,0.0,0.0001506381178641255,0.0,4.2513464740665776e-05,0.0,0.0007893602963727761,0.0,4.1087170575828244e-05,0.0,0.0005518688426184847,0.0,1.1599851104448427e-05,0.0,0.0,2.7687597797258094e-06,0.0029106906749917275,0.0031659614365055874,0.00233618455862849,1.4999935750515675e-08,0.00011537411490326408,2.7612253654537335e-06,0.00026756628129467273,0.0,0.005186190547108248,0.0,0.00021857840928641504,0.0,0.0012110245865096087,0.0,0.0001356439582956662,0.0,0.0006677386520793603,0.0,0.0002137879436870791,0.0,0.003212815560634781,0.0,0.00016284577033054903,0.0,0.00385903075056256,0.0,5.4651730746593115e-05,0.0,0.0
GenerativeAdversarialNetwork,0.0001,8.0,45.0,True,61.0,1.1111699694873028e-06,0.000594333858502843,0.0006785665882244264,0.0004952762406469998,4.736631552989543e-09,2.3068177370690912e-05,1.108794359520399e-06,5.470673651547445e-05,0.0,0.0011381384887818907,0.0,4.3781434067818676e-05,0.0,0.0002836820009262414,0.0,2.8602194010890078e-05,0.0,0.00014981618427202065,0.0,4.2253447510804126e-05,0.0,0.0007866625837238651,0.0,4.0958311679870935e-05,0.0,0.0005494223611374107,0.0,1.1622436304458711e-05,0.0,0.0,3.0537342371524503e-06,0.0029258999809529044,0.0031658935846772584,0.002335711657626074,1.3870243229295578e-08,0.00011482732897659518,3.046777323415538e-06,0.00026662151018778485,0.0,0.005188727346032309,0.0,0.00021693461908484405,0.0,0.0012026309217297057,0.0,0.00013484388777294998,0.0,0.0006658223065190345,0.0,0.00021299752611784065,0.0,0.003195345026891936,0.0,0.0001627530832335634,0.0,0.0038499138640157833,0.0,5.479619117840281e-05,0.0,0.0
GenerativeAdversarialNetwork,0.0001,8.0,45.0,True,62.0,1.2353815093154535e-06,0.0005975739573532681,0.000678609885938084,0.0004951558264117999,5.8583630333783864e-09,2.2943656279070358e-05,1.232442336227253e-06,5.448975090710622e-05,0.0,0.0011387988906694957,0.0,4.3576648534147566e-05,0.0,0.00028075018742013813,0.0,2.848679285165113e-05,0.0,0.0001490688870216637,0.0,4.221540637254072e-05,0.0,0.0007842089127337515,0.0,4.075238646844005e-05,0.0,0.0005476827409389526,0.0,1.1654659814510063e-05,0.0,0.0,3.343696249121765e-06,0.002940688305680857,0.003166019541662444,0.0023351017409150706,1.6720702586316288e-08,0.00011415301628832547,3.3353070242318716e-06,0.0002653712887059218,0.0,0.005194090387624623,0.0,0.0002157946802535147,0.0,0.0011919485697956206,0.0,0.00013441225783255114,0.0,0.0006626853777927423,0.0,0.00021186412411665766,0.0,0.0031820505670031663,0.0,0.00016193884957886343,0.0,0.0038369537899329226,0.0,5.488891341963654e-05,0.0,0.0
GenerativeAdversarialNetwork,0.0001,8.0,45.0,True,63.0,1.2730833643801369e-06,0.0006008085937834172,0.0006786600920067965,0.0004950239250280787,6.7531519902934696e-09,2.2814752197651207e-05,1.2696921013325775e-06,5.422683176647299e-05,0.0,0.0011399650301785746,0.0,4.325720740135789e-05,0.0,0.0002786172930442419,0.0,2.842133668956731e-05,0.0,0.0001481609805574957,0.0,4.200730723833459e-05,0.0,0.0007814755336936272,0.0,4.059934079888053e-05,0.0,0.0005456080253554805,0.0,1.1667591642658666e-05,0.0,0.0,3.4710198330382505e-06,0.0029571644914974955,0.003166160118654839,0.002334600349642196,1.9798275354573115e-08,0.00011361676192133682,3.4610769395136608e-06,0.00026427286694634633,0.0,0.005199118021580862,0.0,0.00021445256827762292,0.0,0.0011838805750480988,0.0,0.00013369602977104906,0.0,0.0006623831372590934,0.0,0.00021083681088573527,0.0,0.0031752091533732863,0.0,0.0001611953612955861,0.0,0.003826467121172251,0.0,5.490496848364296e-05,0.0,0.0
GenerativeAdversarialNetwork,0.0001,8.0,45.0,True,64.0,1.290052701817007e-06,0.0006041415939433876,0.0006786610559633157,0.000494891140017548,6.8908049939940825e-09,2.267210420492203e-05,1.2865925623189327e-06,5.397903971434282e-05,0.0,0.001140783913573331,0.0,4.305525851056904e-05,0.0,0.00027442327888828083,0.0,2.8337186297798412e-05,0.0,0.00014704078275238407,0.0,4.1925647067573835e-05,0.0,0.0007782519024337398,0.0,4.040101427594928e-05,0.0,0.0005448250918375514,0.0,1.168623817657846e-05,0.0,0.0,3.520494148299192e-06,0.0029733591484573654,0.0031661552453191026,0.0023341103919647024,1.978740431884532e-08,0.00011318351534552544,3.510558576492956e-06,0.0002632576901957674,0.0,0.005201779929579218,0.0,0.00021347867430381056,0.0,0.0011733066548341475,0.0,0.00013326319321146552,0.0,0.0006600928568989975,0.0,0.00021060087583349936,0.0,0.0031637193271948855,0.0,0.000160309281083023,0.0,0.0038213456201853244,0.0,5.49817645231133e-05,0.0,0.0
GenerativeAdversarialNetwork,0.0001,8.0,45.0,True,65.0,1.5008029517920994e-06,0.0006069199977859332,0.0006787952065789154,0.0004947881974942601,1.2176073597718377e-08,2.2573476893239907e-05,1.4946699667109473e-06,5.376721026923136e-05,0.0,0.0011411302201145706,0.0,4.289820388642283e-05,0.0,0.0002722841388774368,0.0,2.8233535868941613e-05,0.0,0.00014637715893614324,0.0,4.174895182934733e-05,0.0,0.0007771485738677156,0.0,4.019189846885172e-05,0.0,0.0005424206629596309,0.0,1.1710920735109207e-05,0.0,0.0,3.953382325997143e-06,0.002987043287769054,0.0031663771695310964,0.002333617810183351,2.6585742792425055e-08,0.00011264625351009129,3.940015064798436e-06,0.0002622698556702092,0.0,0.005203232960453706,0.0,0.00021236689772995764,0.0,0.0011656602973458153,0.0,0.00013259834604068373,0.0,0.0006577290079128817,0.0,0.00020980912278283317,0.0,0.0031602532608703995,0.0,0.0001600013588959316,0.0,0.0038027849587254554,0.0,5.510529069780554e-05,0.0,0.0
GenerativeAdversarialNetwork,0.0001,8.0,45.0,True,66.0,1.5880491752729744e-06,0.0006100353847616766,0.0006787392167710872,0.0004946795113967114,9.807909352601646e-09,2.2485897426977955e-05,1.5831233323564267e-06,5.355537580351303e-05,0.0,0.0011420952587806931,0.0,4.275922344701309e-05,0.0,0.0002697045912318474,0.0,2.8136557826616692e-05,0.0,0.00014537900204285778,0.0,4.165501125417951e-05,0.0,0.0007749613565254726,0.0,4.002035939388198e-05,0.0,0.0005414520071523208,0.0,1.1712234878957754e-05,0.0,0.0,4.4114114540927815e-06,0.003003067003106171,0.0031663692972195225,0.002333146221232864,2.893003688740058e-08,0.00011214475680447224,4.396880771847641e-06,0.0002612678462979179,0.0,0.00520857877800812,0.0,0.00021162380774815878,0.0,0.0011592547661103542,0.0,0.00013225654479842515,0.0,0.0006549839141233912,0.0,0.00020916132057237924,0.0,0.0031512735774682004,0.0,0.0001589819296913327,0.0,0.003792751135316285,0.0,5.510779765416991e-05,0.0,0.0
GenerativeAdversarialNetwork,0.0001,8.0,45.0,True,67.0,1.669628074960005e-06,0.0006126637327060545,0.0006787580139232132,0.0004945536749060905,1.0955224048680151e-08,2.2341570041250346e-05,1.6641247053592995e-06,5.331863410710646e-05,0.0,0.001143066557429849,0.0,4.2482929409674877e-05,0.0,0.0002673943489388314,0.0,2.7949100917561677e-05,0.0,0.00014444044979434773,0.0,4.157285655364193e-05,0.0,0.0007717585306604596,0.0,3.98738706368963e-05,0.0,0.0005389329076134613,0.0,1.1745936957732687e-05,0.0,0.0,4.538001767916124e-06,0.0030176157846390824,0.003166422903912622,0.002332557109916735,3.075736904580515e-08,0.00011149797377721318,4.522551111759817e-06,0.0002601055088658003,0.0,0.005212063590155277,0.0,0.00021043213658362815,0.0,0.00114668737042625,0.0,0.00013171237126086493,0.0,0.0006513208994325602,0.0,0.0002079181747991334,0.0,0.00314164049220535,0.0,0.000158798652437498,0.0,0.0037784868816159805,0.0,5.5300698574608976e-05,0.0,0.0
GenerativeAdversarialNetwork,0.0001,8.0,45.0,True,68.0,1.6082975965726246e-06,0.0006162244675937046,0.0006787758471188198,0.0004944321762198065,1.0613825232903862e-08,2.2230268207521773e-05,1.6029630448779648e-06,5.307685674200804e-05,0.0,0.0011438548879157762,0.0,4.2260832823511724e-05,0.0,0.0002646349430726866,0.0,2.7925458879804998e-05,0.0,0.00014314458095481133,0.0,4.134345247417769e-05,0.0,0.0007697120509700312,0.0,3.969085947522577e-05,0.0,0.0005374391766571292,0.0,1.1789612472057343e-05,0.0,0.0,4.371692962452488e-06,0.0030344048011227975,0.003166485507533235,0.0023319753086042103,3.0649628244199844e-08,0.00011088448406765296,4.356286236606304e-06,0.00025896962333775165,0.0,0.005216707623544985,0.0,0.00020952431379624132,0.0,0.0011360094232379266,0.0,0.00013145001944880815,0.0,0.0006471473559643488,0.0,0.0002072224124047741,0.0,0.0031292254819810014,0.0,0.0001580959197672658,0.0,0.003764930011341407,0.0,5.5487414107382675e-05,0.0,0.0
GenerativeAdversarialNetwork,0.0001,8.0,45.0,True,69.0,1.5789668974428967e-06,0.0006191084246751112,0.0006787740798652012,0.0004943281894102894,1.0603000775071844e-08,2.211569795872002e-05,1.5736365818852844e-06,5.287992845809042e-05,0.0,0.0011443374904949813,0.0,4.2036492026077123e-05,0.0,0.00026287642530996525,0.0,2.7802273269612192e-05,0.0,0.00014237464076746506,0.0,4.1289091853279307e-05,0.0,0.0007677584324242934,0.0,3.9558503726582645e-05,0.0,0.0005349908877575815,0.0,1.1802825454190735e-05,0.0,0.0,4.293268206734328e-06,0.0030500510203763376,0.0031664656393183103,0.0023316596663972866,3.009506241977068e-08,0.00011056822097901279,4.278139706185591e-06,0.00025833869036638514,0.0,0.005217590289980642,0.0,0.00020841485674276292,0.0,0.0011282508853096632,0.0,0.00013099842757548926,0.0,0.0006472144111897211,0.0,0.00020690016307920779,0.0,0.0031254874460352293,0.0,0.0001579665889342626,0.0,0.0037571585403298434,0.0,5.558281316884659e-05,0.0,0.0
GenerativeAdversarialNetwork,0.0001,8.0,45.0,True,70.0,1.8478624429804777e-06,0.0006228413061311624,0.0006788011509774508,0.0004942313921098118,1.3318158699261687e-08,2.2036186607700152e-05,1.8411696602331821e-06,5.26762625197516e-05,0.0,0.0011454441555354257,0.0,4.1793379179550955e-05,0.0,0.00026056349197166626,0.0,2.7680784624541865e-05,0.0,0.0001416444537453253,0.0,4.1121109878277844e-05,0.0,0.0007669092670605189,0.0,3.936820766434194e-05,0.0,0.0005337498740687203,0.0,1.1822763539228157e-05,0.0,0.0,4.912143040143843e-06,0.0030669907353958995,0.003166487381893134,0.0023311481535809595,3.6165227402593214e-08,0.00011002102503611607,4.8939672404162166e-06,0.00025721273894579907,0.0,0.005222317261690702,0.0,0.00020736013099832354,0.0,0.0011193480506633063,0.0,0.00013049005431199225,0.0,0.0006454903749549914,0.0,0.00020550835713650445,0.0,0.0031148517656626193,0.0,0.0001571408748251837,0.0,0.003752150625552771,0.0,5.564121705181194e-05,0.0,0.0
GenerativeAdversarialNetwork,0.0001,8.0,45.0,True,71.0,1.8014692113988323e-06,0.0006254535479686973,0.0006787937606441365,0.0004941118615014213,1.2665574187525821e-08,2.1887102196962043e-05,1.7951049646136734e-06,5.243991745128786e-05,0.0,0.0011459756631505764,0.0,4.15521214472637e-05,0.0,0.0002586467849276458,0.0,2.7557568890707834e-05,0.0,0.00014079659373933734,0.0,4.100988335365234e-05,0.0,0.0007627050510313954,0.0,3.917333280863466e-05,0.0,0.000532517013845418,0.0,1.1855888248212897e-05,0.0,0.0,4.791377519356942e-06,0.0030846220892180435,0.0031664813839414586,0.002330673378218645,3.4199649189472925e-08,0.00010945241453137787,4.7741927142085145e-06,0.0002563969003704359,0.0,0.005224007673954806,0.0,0.00020658501289175742,0.0,0.0011101324790678685,0.0,0.00012998783129191248,0.0,0.0006422833451684916,0.0,0.0002054012140388009,0.0,0.0031108172059808887,0.0,0.00015739287079880073,0.0,0.003725330784635724,0.0,5.572132250797823e-05,0.0,0.0
GenerativeAdversarialNetwork,0.0001,8.0,45.0,True,72.0,1.76011619843402e-06,0.0006285903829769947,0.0006788193858216072,0.0004940363114092228,1.2464561149624812e-08,2.180049672843311e-05,1.7538503241647446e-06,5.234446065284492e-05,0.0,0.001145919095318319,0.0,4.155953437330909e-05,0.0,0.0002574629258274068,0.0,2.7584386462310574e-05,0.0,0.0001395056049296798,0.0,4.1118659822124674e-05,0.0,0.0007603493019576985,0.0,3.9101570764320556e-05,0.0,0.0005307498807213056,0.0,1.188822597707057e-05,0.0,0.0,4.693950707994917e-06,0.003099877316996736,0.003166564980392936,0.002330274889304203,3.4090873051131633e-08,0.00010896831422856769,4.676814592273543e-06,0.00025562126681489763,0.0,0.005226162282248492,0.0,0.0002054981418750571,0.0,0.0010999768222652892,0.0,0.0001299697202893923,0.0,0.0006395941541629767,0.0,0.00020434400476749588,0.0,0.003106106939555714,0.0,0.00015727960088717863,0.0,0.003719335082192091,0.0,5.587879802633381e-05,0.0,0.0
GenerativeAdversarialNetwork,0.0001,8.0,45.0,True,73.0,1.8046739275223322e-06,0.0006319049474685339,0.0006788675033178612,0.0004939063781033951,1.4315748136494348e-08,2.1682499915441735e-05,1.7974685721922757e-06,5.2075702546420445e-05,0.0,0.0011470777314590247,0.0,4.131334138446741e-05,0.0,0.0002544880154319208,0.0,2.7506413927296743e-05,0.0,0.00013838083837231535,0.0,4.086212689343167e-05,0.0,0.0007581304347097392,0.0,3.891581835129833e-05,0.0,0.0005295931328981713,0.0,1.1912494335534438e-05,0.0,0.0,4.859602023150373e-06,0.003115421571071793,0.0031667070568732495,0.002329702084919192,3.957513468296109e-08,0.00010843706205955841,4.839688047485531e-06,0.00025436778863271076,0.0,0.005231493089451257,0.0,0.00020451841395606034,0.0,0.0010889484634939229,0.0,0.00012955342495591385,0.0,0.0006360557844054025,0.0,0.00020328356222536578,0.0,0.00309136116279746,0.0,0.0001561823271730411,0.0,0.003718345045293652,0.0,5.6045985071914e-05,0.0,0.0
GenerativeAdversarialNetwork,0.0001,8.0,45.0,True,74.0,1.8740017619737075e-06,0.000635094197612567,0.000678898430256188,0.0004937971698627318,1.5794439433485198e-08,2.1579130640569724e-05,1.8660478655379416e-06,5.187726305983459e-05,0.0,0.0011478493450652355,0.0,4.113882759992646e-05,0.0,0.0002518019505909511,0.0,2.7467589574361425e-05,0.0,0.0001373002431142041,0.0,4.079920864812126e-05,0.0,0.0007558909227263253,0.0,3.882681554298838e-05,0.0,0.0005270283659192109,0.0,1.1918422417097657e-05,0.0,0.0,4.999721774233962e-06,0.003135252298798951,0.0031667520415108157,0.002329307532160537,4.150017460078915e-08,0.00010801783803873841,4.978837304801311e-06,0.00025372821017631195,0.0,0.005232908922518956,0.0,0.0002035512442483842,0.0,0.0010824210051470582,0.0,0.0001293791563443418,0.0,0.000632512260158107,0.0,0.00020258573803511804,0.0,0.0030935595995225246,0.0,0.00015681446676359237,0.0,0.003691813106057029,0.0,5.606413121868229e-05,0.0,0.0
GenerativeAdversarialNetwork,0.0001,8.0,45.0,True,75.0,1.5838152347408696e-06,0.0006377583324427232,0.0006787756864593999,0.0004937155548774329,1.0958200131073555e-08,2.1488594036860607e-05,1.5783049618057163e-06,5.1714188728049756e-05,0.0,0.0011482507912335272,0.0,4.0962288000512956e-05,0.0,0.00024906294847113104,0.0,2.728447800055347e-05,0.0,0.00013652523211391787,0.0,4.0799911533083234e-05,0.0,0.0007538584204054264,0.0,3.863536725147072e-05,0.0,0.0005259952053548191,0.0,1.1972548324624805e-05,0.0,0.0,4.221718178464556e-06,0.0031522178799851136,0.0031664427721275474,0.002328817387047054,2.9511038119152023e-08,0.00010747982645934483,4.206882546649976e-06,0.00025271582153608215,0.0,0.005235826783071805,0.0,0.00020298525784750405,0.0,0.0010722518529532091,0.0,0.00012901538994702154,0.0,0.0006297323501335,0.0,0.0002017631283346212,0.0,0.0030920940375178114,0.0,0.00015625085845683356,0.0,0.0036738436177091776,0.0,5.63611645462378e-05,0.0,0.0
GenerativeAdversarialNetwork,0.0001,8.0,45.0,True,76.0,1.970835304957114e-06,0.0006402573897189528,0.0006788378616548934,0.0004936066679556094,1.5574441000118203e-08,2.1381040086161415e-05,1.9630047271776232e-06,5.151920843959819e-05,0.0,0.001149260386883721,0.0,4.069889190222696e-05,0.0,0.0002482276600647487,0.0,2.7272436074972795e-05,0.0,0.00013540341767339373,0.0,4.067293536470264e-05,0.0,0.0007513920573211423,0.0,3.859613622937884e-05,0.0,0.0005229082550963944,0.0,1.1988600459943885e-05,0.0,0.0,5.160783470239279e-06,0.0031634925296471555,0.003166568729112733,0.002328449825070939,4.017683978938591e-08,0.0001070795920472475,5.140586876245977e-06,0.0002520778831445946,0.0,0.005239166635847397,0.0,0.00020186143851130264,0.0,0.0010662709579527753,0.0,0.00012884550265171243,0.0,0.0006254800835495475,0.0,0.00020126993738630282,0.0,0.00309403343770489,0.0,0.0001564556322757553,0.0,0.0036685744171622413,0.0,5.648546389438821e-05,0.0,0.0
GenerativeAdversarialNetwork,0.0001,8.0,45.0,True,77.0,1.801980842617805e-06,0.0006429339354892947,0.0006787939213035562,0.0004934992671334198,1.292939261494724e-08,2.1254887297307707e-05,1.7954835497505582e-06,5.128820027623858e-05,0.0,0.0011502315737102497,0.0,4.041419085868285e-05,0.0,0.0002460729762550313,0.0,2.7101532106772266e-05,0.0,0.00013464168115767506,0.0,4.053658321299e-05,0.0,0.0007488784603674136,0.0,3.834473436090824e-05,0.0,0.0005217111817588703,0.0,1.2021897124713964e-05,0.0,0.0,4.684504593060639e-06,0.0031777912715695938,0.003166455142902878,0.002327904386340447,3.2893955143228605e-08,0.00010649896220965955,4.667978010392227e-06,0.00025085929148602036,0.0,0.0052443400971401485,0.0,0.00020110895330051207,0.0,0.0010590693860683801,0.0,0.0001284723293106511,0.0,0.0006229175992731778,0.0,0.00019985376476491773,0.0,0.003084888435759634,0.0,0.0001553798551267048,0.0,0.0036495567867590945,0.0,5.663711718230877e-05,0.0,0.0
GenerativeAdversarialNetwork,0.0001,8.0,45.0,True,78.0,1.7778006585621127e-06,0.0006458444415398364,0.0006788176185679886,0.0004934068879669888,1.2940356806466592e-08,2.1182522780169053e-05,1.7712952072087002e-06,5.1099405375452376e-05,0.0,0.0011509537090751846,0.0,4.028488261841057e-05,0.0,0.0002447050014596101,0.0,2.7081979353312213e-05,0.0,0.00013342963637046095,0.0,4.03031651583322e-05,0.0,0.0007477094220986585,0.0,3.824019528463523e-05,0.0,0.0005211057367350535,0.0,1.20390173941449e-05,0.0,0.0,4.759523285400567e-06,0.003195301541742289,0.003166567604496794,0.0023274297984141224,3.4990846658998266e-08,0.00010610484289673139,4.741935419656758e-06,0.000249762790945341,0.0,0.005248104395864201,0.0,0.0002001154956952581,0.0,0.0010518497266109636,0.0,0.0001281819909623584,0.0,0.0006199212943982778,0.0,0.0001990310144874285,0.0,0.003081950564054573,0.0,0.00015404558031813904,0.0,0.003651270701450372,0.0,5.671028750685026e-05,0.0,0.0
GenerativeAdversarialNetwork,0.0001,8.0,45.0,True,79.0,1.7694286397103512e-06,0.0006482558992673766,0.0006788238842853638,0.0004933267590813238,1.3218512645648979e-08,2.1094350882296293e-05,1.7627813562128261e-06,5.097334295752235e-05,0.0,0.0011513399820840772,0.0,4.013577059433467e-05,0.0,0.00024288816432747236,0.0,2.7065752751904357e-05,0.0,0.0001326253150672604,0.0,4.038297774576434e-05,0.0,0.0007441269580244697,0.0,3.817093852314988e-05,0.0,0.000519778207948587,0.0,1.2052260499919522e-05,0.0,0.0,4.694707407586792e-06,0.003207009918284866,0.003166563855776997,0.002326988011786023,3.471931958982557e-08,0.00010548102077823014,4.677253163202941e-06,0.0002489655319624727,0.0,0.005251804457657975,0.0,0.0001991173287607589,0.0,0.0010431160529454548,0.0,0.00012813806065223502,0.0,0.0006165226581711439,0.0,0.000198434757174186,0.0,0.0030723678990729948,0.0,0.00015407049759004102,0.0,0.0036365374829034386,0.0,5.6853207449118294e-05,0.0,0.0
GenerativeAdversarialNetwork,0.0001,8.0,45.0,True,80.0,3.174198615663456e-05,0.000651292482797669,0.0006837758895843176,0.0004932137351794384,1.1087478090810648e-05,2.0988151240300617e-05,1.52998952812583e-05,5.074721984464846e-05,0.0,0.0011522835084774828,0.0,4.0001798210278994e-05,0.0,0.00023982936963238164,0.0,2.694900104941705e-05,0.0,0.00013160753764232213,0.0,4.016647662595919e-05,0.0,0.000743474439790628,0.0,3.805502275170663e-05,0.0,0.0005166326571667612,0.0,1.209133086259153e-05,0.0,0.0,0.0011195250839557288,0.0032274816770973447,0.003220598277805736,0.002326567217988788,0.00013977250541156194,0.00010514891934844683,0.00014684302439479707,0.00024814720986024387,0.0,0.005254429170256112,0.0,0.00019835120758170601,0.0,0.0010339168819991297,0.0,0.00012764190587232697,0.0,0.0006138631757700219,0.0,0.00019803394873936972,0.0,0.003062841090016395,0.0,0.000153865395758137,0.0,0.003627564922068854,0.0,5.7023446186908383e-05,0.0,0.0
GenerativeAdversarialNetwork,0.0001,8.0,45.0,True,81.0,1.8608287878013204e-06,0.0006539001056768824,0.0006789222881800403,0.000493128866840887,1.8245668614184675e-08,2.0901311058400455e-05,1.8516255447244388e-06,5.058427102803541e-05,0.0,0.0011526903981306583,0.0,3.971675074486077e-05,0.0,0.00023889521543549077,0.0,2.6910809292947508e-05,0.0,0.00013105094312336246,0.0,4.003844613013563e-05,0.0,0.000740501597885173,0.0,3.804944736777611e-05,0.0,0.0005147822622982961,0.0,1.2123652274476872e-05,0.0,0.0,4.961331442303066e-06,0.003239441967610293,0.0031667752835735584,0.0023263055573469436,4.3435299041631204e-08,0.0001048645203780828,4.939460005236309e-06,0.00024762238908863666,0.0,0.005255929591735914,0.0,0.00019759726974199403,0.0,0.0010289349271066534,0.0,0.00012723479490235167,0.0,0.00061270978840642,0.0,0.00019715267157404678,0.0,0.0030595669581455253,0.0,0.00015399087243859872,0.0,0.0036204153636716445,0.0,5.7118511378015363e-05,0.0,0.0
GenerativeAdversarialNetwork,0.0001,8.0,45.0,True,82.0,1.879323919045154e-06,0.000656380526460406,0.0006788280614302807,0.0004930570119153458,1.4661542434751173e-08,2.0834179268773353e-05,1.8719522561124875e-06,5.044982419663041e-05,0.0,0.0011529944212804487,0.0,3.9581051272041394e-05,0.0,0.00023780349451255284,0.0,2.6921400263142392e-05,0.0,0.00012959613191149626,0.0,4.00027922904395e-05,0.0,0.0007397198291480381,0.0,3.7921286336173906e-05,0.0,0.0005133836417185329,0.0,1.2145570988924999e-05,0.0,0.0,5.1227013826510814e-06,0.003255357157509282,0.003166575476808368,0.0023258834514977796,3.960704707881764e-08,0.00010442647075503128,5.102791800017252e-06,0.00024681168157349593,0.0,0.0052584668784418035,0.0,0.00019687594576451765,0.0,0.0010218093605161463,0.0,0.00012754976936856156,0.0,0.000607239656478354,0.0,0.00019715400705547453,0.0,0.0030538507227627736,0.0,0.00015333625224401366,0.0,0.0036073184613161866,0.0,5.721225280244396e-05,0.0,0.0
GenerativeAdversarialNetwork,0.0001,8.0,45.0,True,83.0,2.32504806267926e-06,0.0006588966537999978,0.0006789437362125941,0.0004929559169753864,2.275211557700748e-08,2.072872518689806e-05,2.3135927636326966e-06,5.025534094825909e-05,0.0,0.0011539476266456236,0.0,3.958767847311143e-05,0.0,0.0002355514912592433,0.0,2.6855314014896228e-05,0.0,0.0001285513134979495,0.0,3.987909457834583e-05,0.0,0.0007384352767563895,0.0,3.771665644131581e-05,0.0,0.0005108699242702392,0.0,1.215218061787099e-05,0.0,0.0,6.206224543634076e-06,0.003268807189269636,0.003166890744143312,0.0023255353828646103,5.891039143294483e-08,0.00010407129126899647,6.176574512988141e-06,0.0002460279414113962,0.0,0.00526260014587587,0.0,0.00019599721069980718,0.0,0.0010153824615778413,0.0,0.00012665801921730522,0.0,0.0006074688906939524,0.0,0.00019607841734241388,0.0,0.0030532872901772555,0.0,0.0001531534435801536,0.0,0.0035971879209362487,0.0,5.721816289349922e-05,0.0,0.0
GenerativeAdversarialNetwork,0.0001,8.0,45.0,True,84.0,2.1713749741547997e-06,0.0006618711022996517,0.0006789264653249571,0.0004929059117309488,1.9574245481753115e-08,2.069146851845829e-05,2.161524857261351e-06,5.018113135809526e-05,0.0,0.0011540359662129379,0.0,3.9475169183430324e-05,0.0,0.00023465963065463576,0.0,2.6780710307093e-05,0.0,0.0001280210470414226,0.0,3.999648891851266e-05,0.0,0.0007365438334061451,0.0,3.757183452581138e-05,0.0,0.0005095723183007253,0.0,1.2192552572874367e-05,0.0,0.0,5.746814539456892e-06,0.0032848547089774655,0.0031668435102738673,0.002325196311158954,4.974890829967452e-08,0.0001036755787501545,5.721790370466949e-06,0.0002454167126484637,0.0,0.00526515833435972,0.0,0.00019524976283124407,0.0,0.00101043387029156,0.0,0.00012660488111418,0.0,0.0006037599073266083,0.0,0.0001953840490032292,0.0,0.0030440459461332117,0.0,0.0001531610464524923,0.0,0.003591372157042881,0.0,5.74040525364426e-05,0.0,0.0
GenerativeAdversarialNetwork,0.0001,8.0,45.0,True,85.0,2.1294273330636743e-06,0.0006644506097803861,0.0006789360245604399,0.0004928228909757259,1.9115043813149343e-08,2.061851533516398e-05,2.1198067520406207e-06,5.002690835622443e-05,0.0,0.0011545911658775354,0.0,3.9357694513553556e-05,0.0,0.00023244194826989805,0.0,2.6774309033332166e-05,0.0,0.00012698774590003844,0.0,3.9900017957481735e-05,0.0,0.0007347678238490842,0.0,3.751312605936251e-05,0.0,0.0005088505156920605,0.0,1.2209802122932238e-05,0.0,0.0,5.672744009643793e-06,0.0032965810793750693,0.0031668877451674743,0.0023247987594244616,4.938593411228016e-08,0.00010323360468606529,5.647898490581685e-06,0.0002446268339576961,0.0,0.005268079461875468,0.0,0.00019485296084071106,0.0,0.0009996316530419597,0.0,0.00012599729563830033,0.0,0.000602981391942726,0.0,0.0001951709694270068,0.0,0.0030450736576656126,0.0,0.00015257058794018608,0.0,0.0035814361752204175,0.0,5.7438113170224915e-05,0.0,0.0
GenerativeAdversarialNetwork,0.0001,8.0,45.0,True,86.0,2.4174950073028832e-06,0.0006672905060158907,0.0006789616497379108,0.0004927303109850202,2.528304811752203e-08,2.050810465915505e-05,2.4047591397162235e-06,4.988060285138955e-05,0.0,0.0011550956694694502,0.0,3.915944832033224e-05,0.0,0.00023044203972880732,0.0,2.6696223534663734e-05,0.0,0.0001259328461078942,0.0,3.9953231369710034e-05,0.0,0.0007314519740821859,0.0,3.750633317826572e-05,0.0,0.0005047324131119926,0.0,1.2221585487259044e-05,0.0,0.0,6.437676507721907e-06,0.0033109480479978164,0.0031669451005803713,0.002324489490041193,6.415217548517991e-08,0.00010290602514953733,6.4053760150318625e-06,0.0002441394066660659,0.0,0.00526879012225318,0.0,0.00019372901264226662,0.0,0.0009948011464292897,0.0,0.000126058060043263,0.0,0.000598705086693074,0.0,0.00019516914192610566,0.0,0.003035615825053281,0.0,0.00015302919694837533,0.0,0.0035717341135132986,0.0,5.751062161142721e-05,0.0,0.0
GenerativeAdversarialNetwork,0.0001,8.0,45.0,True,87.0,2.3586287055254946e-06,0.0006701910511823999,0.0006789717712813632,0.0004926716301319092,2.3440549133949214e-08,2.04544293510946e-05,2.3468263570289566e-06,4.9755303565703953e-05,0.0,0.0011555799635737192,0.0,3.901908721403292e-05,0.0,0.00022967224011845343,0.0,2.6680714880038465e-05,0.0,0.00012527018624817264,0.0,3.983764946862372e-05,0.0,0.0007315192903791155,0.0,3.7371617744393106e-05,0.0,0.000503855293009159,0.0,1.2229623478859904e-05,0.0,0.0,6.2833603108360335e-06,0.003322798875892687,0.0031669987072734714,0.002324081816763248,5.943449490495706e-08,0.00010239013101694718,6.2534496270167e-06,0.0002433539795800575,0.0,0.005271812636821264,0.0,0.00019318202756485848,0.0,0.0009892552903613204,0.0,0.00012584287181215467,0.0,0.0005948752071122703,0.0,0.00019368761271800635,0.0,0.0030279963646294935,0.0,0.00015310424163281542,0.0,0.0035563583643931263,0.0,5.7532621910737e-05,0.0,0.0
GenerativeAdversarialNetwork,0.0001,8.0,45.0,True,88.0,2.1544570979383596e-06,0.0006725367992072093,0.000678914656857596,0.0004925577627680693,1.9539606236103378e-08,2.0334022646805027e-05,2.1446243962749958e-06,4.9518838002675304e-05,0.0,0.0011566847991922873,0.0,3.8859878749538944e-05,0.0,0.0002275424786012449,0.0,2.666666722201273e-05,0.0,0.0001242783954843999,0.0,3.9550802115642155e-05,0.0,0.000730353545628468,0.0,3.721722404188866e-05,0.0,0.0005014177682907434,0.0,1.2235241537948824e-05,0.0,0.0,5.723804941272023e-06,0.0033359939947068314,0.0031668300148825976,0.002323717253762971,4.9528393015095604e-08,0.00010205763128568542,5.698892428486977e-06,0.00024255454165380706,0.0,0.005276982482017014,0.0,0.00019256825670131348,0.0,0.0009828952123534004,0.0,0.0001256607660332566,0.0,0.0005919325089304702,0.0,0.0001931780679795727,0.0,0.003017188805454182,0.0,0.00015225663265717104,0.0,0.003556583662452938,0.0,5.756568679082319e-05,0.0,0.0
GenerativeAdversarialNetwork,0.0001,8.0,45.0,True,89.0,2.5082617744582523e-06,0.000675272186490082,0.0006790116951472033,0.0004924872734475971,2.6492092621448697e-08,2.0259628549338673e-05,2.494916844500525e-06,4.938653999101119e-05,0.0,0.0011572913023201493,0.0,3.8741668560755545e-05,0.0,0.00022775619579453994,0.0,2.6672900305443374e-05,0.0,0.00012311599445792863,0.0,3.9429554459701654e-05,0.0,0.0007281220666160481,0.0,3.714860238717252e-05,0.0,0.0005003808322299844,0.0,1.2254072579171138e-05,0.0,0.0,6.9141534373820205e-06,0.0033502211360811438,0.0031671066704036304,0.0023234291646465565,7.326739451060154e-08,0.00010177018648048617,6.8772475838473755e-06,0.0002419127842540261,0.0,0.005278808180255768,0.0,0.00019182961832427378,0.0,0.0009781710756649761,0.0,0.0001252753273496088,0.0,0.0005897397421440988,0.0,0.00019200466010930404,0.0,0.0030155223120683396,0.0,0.00015199579204778251,0.0,0.0035530726114908853,0.0,5.76902262913356e-05,0.0,0.0
GenerativeAdversarialNetwork,0.0001,8.0,45.0,True,90.0,2.7018025607834607e-06,0.0006776103433573022,0.000679040131864522,0.0004924069839025122,3.219144239584285e-08,2.0193027688888205e-05,2.6855687422532278e-06,4.922806453512043e-05,0.0,0.0011581186621219485,0.0,3.858436290626577e-05,0.0,0.00022574359515927872,0.0,2.6560787643705097e-05,0.0,0.00012247178030785202,0.0,3.9375658244938864e-05,0.0,0.0007272521761871091,0.0,3.698105469466541e-05,0.0,0.0004988444060328193,0.0,1.2276362818527737e-05,0.0,0.0,7.192737499029381e-06,0.003363444745165747,0.0031671351606740892,0.0023230627272863807,8.22425399117652e-08,0.00010143988912210525,7.151281197537791e-06,0.00024108230224195517,0.0,0.005280997741780997,0.0,0.00019070945398987464,0.0,0.0009744412869027576,0.0,0.0001250503455880303,0.0,0.000587307666457674,0.0,0.00019097653856067537,0.0,0.0030142807360715087,0.0,0.00015149795034396574,0.0,0.0035474127943410814,0.0,5.774583620657711e-05,0.0,0.0
GenerativeAdversarialNetwork,0.0001,8.0,45.0,True,91.0,2.5708775282046703e-06,0.0006808202382367897,0.0006790410154913313,0.0004923393864515978,2.791860686929525e-08,2.0121697416765027e-05,2.5568108860092023e-06,4.909250814959688e-05,0.0,0.0011588653102071684,0.0,3.846286170967827e-05,0.0,0.0002240906908827008,0.0,2.6542414732859784e-05,0.0,0.00012143118924529083,0.0,3.921274708287735e-05,0.0,0.0007257526614916613,0.0,3.68691654499329e-05,0.0,0.0004996650945144201,0.0,1.2293199423670447e-05,0.0,0.0,6.7063952860592295e-06,0.0033760408185563,0.0031671295375943933,0.0023227274043005216,6.763591771907285e-08,0.00010100529535011676,6.672342706167098e-06,0.0002404229258591274,0.0,0.005285995863042969,0.0,0.0001898861531191652,0.0,0.0009714123213066245,0.0,0.000124783881898946,0.0,0.0005835642885861907,0.0,0.00019024378098781754,0.0,0.0030075922702093544,0.0,0.0001513038955207141,0.0,0.003541944536772914,0.0,5.7837550979365345e-05,0.0,0.0
GenerativeAdversarialNetwork,0.0001,8.0,45.0,True,92.0,2.2645757942789326e-06,0.0006825522271128035,0.0006789654252342779,0.0004922749218593711,2.1682066868487345e-08,2.0061536739778647e-05,2.253660367364993e-06,4.899568574608497e-05,0.0,0.001158972051856943,0.0,3.8361357590258925e-05,0.0,0.0002231782457899212,0.0,2.657495579629574e-05,0.0,0.00012033581332055063,0.0,3.930293475440892e-05,0.0,0.0007236454525405185,0.0,3.6846821239052435e-05,0.0,0.0004968470881248742,0.0,1.2307583462356557e-05,0.0,0.0,6.021086475079727e-06,0.0033877776853693357,0.0031669675928991544,0.0023224604954509617,5.4835569164378907e-08,0.00010071090369854333,5.9934938472912376e-06,0.00023991103817082052,0.0,0.005286299852799632,0.0,0.0001891483464893305,0.0,0.00096473753827173,0.0,0.00012447055921239672,0.0,0.0005815612070215573,0.0,0.00019019917122223092,0.0,0.0030019000266333046,0.0,0.00015128873663503419,0.0,0.003537818320892142,0.0,5.786936823864403e-05,0.0,0.0
GenerativeAdversarialNetwork,0.0001,8.0,45.0,True,93.0,2.1095738138732404e-06,0.0006849340030125209,0.0006789422902778152,0.0004921862780244523,1.9426663418980114e-08,1.9967748037968685e-05,2.0997932010061656e-06,4.881485352779656e-05,0.0,0.0011598116241638453,0.0,3.820034421759474e-05,0.0,0.00022131381330464406,0.0,2.6528173781469504e-05,0.0,0.00011946319168147373,0.0,3.913568829831409e-05,0.0,0.0007210896824890713,0.0,3.669519640123748e-05,0.0,0.0004959324138826437,0.0,1.2324707497242648e-05,0.0,0.0,5.662671155618422e-06,0.003397643566131592,0.0031669274815973245,0.002322028455494335,5.072898894245297e-08,0.00010029300344440173,5.637140689804306e-06,0.0002390395076769703,0.0,0.005289801568457341,0.0,0.0001883143149082016,0.0,0.0009595504346883521,0.0,0.0001239039402150508,0.0,0.0005798598505416006,0.0,0.0001902474359896198,0.0,0.003002702440105894,0.0,0.00015072727212740941,0.0,0.003511070080523221,0.0,5.7951441772703856e-05,0.0,0.0
GenerativeAdversarialNetwork,0.0001,8.0,45.0,True,94.0,2.371192303538885e-06,0.0006872209095247993,0.000678980045241487,0.0004921128165047124,2.388237969889594e-08,1.991413799779756e-05,2.359166224248647e-06,4.865540909477964e-05,0.0,0.0011605508517302835,0.0,3.800727929066455e-05,0.0,0.0002212325196381849,0.0,2.651665399900344e-05,0.0,0.00011873368746186845,0.0,3.8955892835344586e-05,0.0,0.0007197100197208538,0.0,3.65985522292695e-05,0.0,0.000494093465997845,0.0,1.233006573992598e-05,0.0,0.0,6.520119056386768e-06,0.0034098478983033377,0.0031670088288169237,0.0023216475855629398,6.484153242847654e-08,0.0001000170039493333,6.4874744429340905e-06,0.00023816247125091791,0.0,0.005294174198176192,0.0,0.00018769929056647438,0.0,0.0009509204131252361,0.0,0.0001238539065205076,0.0,0.0005767151900807267,0.0,0.00018884331784533255,0.0,0.0029961333709692807,0.0,0.00015013245572833894,0.0,0.0035124672283916355,0.0,5.7957058995024964e-05,0.0,0.0
GenerativeAdversarialNetwork,0.0001,8.0,45.0,True,95.0,2.580838098449286e-06,0.0006900154998038978,0.0006790018145928807,0.0004920391139958425,2.9531449860531707e-08,1.9844666605368457e-05,2.565951057712264e-06,4.8531846939071494e-05,0.0,0.0011612910709786603,0.0,3.7837012939536667e-05,0.0,0.00021980283154310242,0.0,2.6458118743491622e-05,0.0,0.00011785970021772256,0.0,3.896880081561055e-05,0.0,0.0007181080846452327,0.0,3.655546789140393e-05,0.0,0.0004928248590536195,0.0,1.234306283596391e-05,0.0,0.0,6.8631408290949255e-06,0.003426255295111698,0.003167029446775808,0.0023213315684840366,7.466616876146599e-08,9.977368860499664e-05,6.82551891150527e-06,0.00023745883654498453,0.0,0.005298894283462263,0.0,0.00018673401864819557,0.0,0.0009497282265117334,0.0,0.00012340826573986678,0.0,0.0005745525067707278,0.0,0.0001879286770738146,0.0,0.0029901485398130595,0.0,0.00014978411765593401,0.0,0.003512436863761278,0.0,5.7965932917669885e-05,0.0,0.0
GenerativeAdversarialNetwork,0.0001,8.0,45.0,True,96.0,2.3791284709566364e-06,0.0006915246540645383,0.0006789762697451198,0.0004919708337423936,2.4159606431630966e-08,1.9777237344784235e-05,2.366962442249863e-06,4.8401602355617716e-05,0.0,0.0011615607834366422,0.0,3.794295025482332e-05,0.0,0.0002181273345356039,0.0,2.6472603194315158e-05,0.0,0.00011672549491944018,0.0,3.879966661133213e-05,0.0,0.0007164299970045887,0.0,3.645944878499142e-05,0.0,0.0004926568896301351,0.0,1.2356715121198535e-05,0.0,0.0,6.250515814472294e-06,0.003437609042761461,0.003166972466234891,0.0023210251106406156,5.8767903929667066e-08,9.931302951566829e-05,6.2209411975254055e-06,0.0002368764729244904,0.0,0.005298298821273657,0.0,0.0001860255574655233,0.0,0.0009430679697660531,0.0,0.00012336952506371263,0.0,0.0005722152268361746,0.0,0.0001872281233469645,0.0,0.002992742841348708,0.0,0.00014962848721060363,0.0,0.0035002973844420237,0.0,5.803152379937142e-05,0.0,0.0
GenerativeAdversarialNetwork,0.0001,8.0,45.0,True,97.0,2.1946403095021725e-06,0.0006938436121310828,0.0006789447001691135,0.0004918882949654304,2.0468507985872494e-08,1.9683980827302624e-05,2.1843375535204888e-06,4.8243307641574317e-05,0.0,0.001162360573655288,0.0,3.7643747188331625e-05,0.0,0.00021595098178663023,0.0,2.6415787496656742e-05,0.0,0.00011604077451312638,0.0,3.877445563392819e-05,0.0,0.0007149866327763889,0.0,3.6356508772006894e-05,0.0,0.0004904355321611677,0.0,1.237342370086603e-05,0.0,0.0,5.7780863307182144e-06,0.003449681045124366,0.003166890744143312,0.00232069878458227,5.078275209152192e-08,9.898007290918122e-05,5.752538658865967e-06,0.00023625638781103698,0.0,0.005301369113705046,0.0,0.0001856720766181466,0.0,0.0009396843752771054,0.0,0.0001230341317893574,0.0,0.0005683180108760138,0.0,0.00018708817895103552,0.0,0.0029867023417034988,0.0,0.00014935355375772752,0.0,0.0034918620151543765,0.0,5.8173840432047096e-05,0.0,0.0
GenerativeAdversarialNetwork,0.0001,8.0,45.0,True,98.0,2.436054778860184e-06,0.0006966602930804147,0.0006789957095349252,0.0004918359199945497,2.5209209895372702e-08,1.965292711865227e-05,2.423358134764706e-06,4.81153574754607e-05,0.0,0.0011632198219979808,0.0,3.75847600782014e-05,0.0,0.00021465086551368076,0.0,2.6370762694235438e-05,0.0,0.00011554854417425603,0.0,3.8542234994009174e-05,0.0,0.0007159893082158584,0.0,3.629092709475129e-05,0.0,0.0004893983149464239,0.0,1.2368096836975642e-05,0.0,0.0,6.649903835927915e-06,0.003460413255031754,0.0031670215744642343,0.002320415006493622,6.780009009288155e-08,9.862156643432641e-05,6.6157626632437016e-06,0.0002355920912334754,0.0,0.005305299833748455,0.0,0.00018492151262625208,0.0,0.0009376229542606281,0.0,0.00012282005645943887,0.0,0.0005665987542590255,0.0,0.00018595788135843458,0.0,0.00298326664000937,0.0,0.00014902425215304274,0.0,0.003485734357773883,0.0,5.8121188491020563e-05,0.0,0.0
GenerativeAdversarialNetwork,0.0001,8.0,45.0,True,99.0,2.6541915182476096e-06,0.0006988214032669273,0.000679017478886319,0.000491752577920487,3.174618958129053e-08,1.9586904883143715e-05,2.638181430511076e-06,4.796787212801108e-05,0.0,0.0011641084842841961,0.0,3.751382141341417e-05,0.0,0.00021353747565148654,0.0,2.6287992969356137e-05,0.0,0.00011463816757150738,0.0,3.8456407719545286e-05,0.0,0.0007130636198501381,0.0,3.6239701842844004e-05,0.0,0.0004867489607828968,0.0,1.2395583404443977e-05,0.0,0.0,7.052468018805456e-06,0.0034752435654214343,0.003167056812430328,0.0023200489440054262,8.054720174701322e-08,9.830058230169164e-05,7.011863965330259e-06,0.00023473396241290015,0.0,0.005310203904129048,0.0,0.00018395538553126953,0.0,0.0009312005537860798,0.0,0.00012242567942202467,0.0,0.0005656258208946612,0.0,0.00018494776537958182,0.0,0.002979840684986714,0.0,0.00014809676030147002,0.0,0.0034850903277127247,0.0,5.821063645980643e-05,0.0,0.0
GenerativeAdversarialNetwork,0.0001,8.0,45.0,True,100.0,2.4089979439612346e-06,0.0007017641215311549,0.0006789658268828276,0.0004917077539423405,2.527461506691799e-08,1.9545984426839653e-05,2.3962664694055874e-06,4.789805054825271e-05,0.0,0.0011640583382089092,0.0,3.7544916542071214e-05,0.0,0.00021141072649840076,0.0,2.634757251109717e-05,0.0,0.00011405174060651876,0.0,3.855942806223975e-05,0.0,0.0007115174335932153,0.0,3.608005909585567e-05,0.0,0.00048595682951317967,0.0,1.2397395843524495e-05,0.0,0.0,6.2706066096353834e-06,0.0034915699898821753,0.0031669034897906225,0.0023197876582355618,6.047715907938392e-08,9.800104201777176e-05,6.240164369063557e-06,0.00023429451873467402,0.0,0.005309300220455105,0.0,0.00018352594624900217,0.0,0.0009263960070580057,0.0,0.00012238468951399222,0.0,0.0005635899380318024,0.0,0.00018508229756130363,0.0,0.002967047428934829,0.0,0.00014806513047818117,0.0,0.003475200080271787,0.0,5.827046368481978e-05,0.0,0.0
GenerativeAdversarialNetwork,0.0001,8.0,45.0,True,101.0,2.225892959699798e-06,0.0007040468508985164,0.0006789721729299129,0.0004916567445765287,2.129514428825843e-08,1.9494100220280517e-05,2.2151712968322946e-06,4.7816556057518706e-05,0.0,0.0011641499443704683,0.0,3.7371542435290036e-05,0.0,0.0002106302229541974,0.0,2.633132080665496e-05,0.0,0.00011360787879424596,0.0,3.855439239354789e-05,0.0,0.0007103215652013404,0.0,3.60149518659494e-05,0.0,0.0004851287908631194,0.0,1.2426094887552235e-05,0.0,0.0,5.9158792397089345e-06,0.0035013953844706216,0.0031669814631624044,0.0023195016309150358,5.41289775824883e-08,9.765755385160446e-05,5.888638054401432e-06,0.00023380357701823396,0.0,0.00531073227056267,0.0,0.00018290485366710327,0.0,0.0009233619806901464,0.0,0.00012233984545341828,0.0,0.0005615250025905154,0.0,0.00018406639449626395,0.0,0.0029573873528894387,0.0,0.0001484867091636238,0.0,0.0034622422554208047,0.0,5.837861425096884e-05,0.0,0.0
GenerativeAdversarialNetwork,0.0001,8.0,45.0,True,102.0,2.214397809586194e-06,0.0007056617993871478,0.0006789414066510059,0.0004915918381708973,2.102747337856252e-08,1.9407453331744897e-05,2.203813742725756e-06,4.772141053670179e-05,0.0,0.0011641241452977726,0.0,3.7389310363007366e-05,0.0,0.00020929652886249306,0.0,2.6311313688273056e-05,0.0,0.00011286349349587433,0.0,3.851057002647225e-05,0.0,0.0007078766501496101,0.0,3.614012061585634e-05,0.0,0.00048157142982328675,0.0,1.2438923793259979e-05,0.0,0.0,6.0692205497959875e-06,0.00351223368314827,0.003166885121063616,0.002319123572523489,5.5920115855827036e-08,9.713043113174679e-05,6.041083552247886e-06,0.000233203242972212,0.0,0.00531282213535731,0.0,0.0001823809232164479,0.0,0.0009162808364292361,0.0,0.00012260608656226464,0.0,0.0005573747949030414,0.0,0.00018385504870294776,0.0,0.0029487592994042163,0.0,0.0001487424890012861,0.0,0.0034465351194705603,0.0,5.844059113249089e-05,0.0,0.0
GenerativeAdversarialNetwork,0.0001,8.0,45.0,True,103.0,2.524651231801494e-06,0.0007077573605303494,0.0006789807682088764,0.000491516087254424,2.887914604190461e-08,1.934133319440235e-05,2.5100928839205732e-06,4.756636917591095e-05,0.0,0.0011654024366343225,0.0,3.717655461592816e-05,0.0,0.00020842306376146177,0.0,2.625329053466211e-05,0.0,0.00011232541497505579,0.0,3.8341877635598504e-05,0.0,0.0007066687323012442,0.0,3.611310473028219e-05,0.0,0.00047995539688357126,0.0,1.2449121900967189e-05,0.0,0.0,6.703608640053737e-06,0.0035217250668027867,0.003166968342643114,0.0023188529149541317,7.227149781216018e-08,9.683364967130265e-05,6.667196270336145e-06,0.00023266077978805925,0.0,0.005315528337124527,0.0,0.00018198649932003622,0.0,0.000912319189347561,0.0,0.00012195706601787663,0.0,0.0005561078213295847,0.0,0.00018313251810628663,0.0,0.002953700486968898,0.0,0.00014868574275535607,0.0,0.003438943587009262,0.0,5.8478646495807095e-05,0.0,0.0
GenerativeAdversarialNetwork,0.0001,8.0,45.0,True,104.0,2.289042466714215e-06,0.0007102769822123237,0.0006789591595169026,0.000491457245741893,2.2427918713582514e-08,1.929931699064864e-05,2.2777512787547556e-06,4.744842507929172e-05,0.0,0.0011657176736919466,0.0,3.7199624304501515e-05,0.0,0.0002081270889451883,0.0,2.627888809879514e-05,0.0,0.00011146622847996632,0.0,3.8219520425539456e-05,0.0,0.0007060230420927474,0.0,3.595027389793062e-05,0.0,0.00047841242381504605,0.0,1.2450028120507448e-05,0.0,0.0,6.0380684686297514e-06,0.003537026216398995,0.0031669259821094056,0.0023185882553364494,5.530543471964767e-08,9.663066235165925e-05,6.0102408136821014e-06,0.00023208502328620766,0.0,0.005318049667970973,0.0,0.0001814531150666423,0.0,0.0009074674087500422,0.0,0.00012153551076193276,0.0,0.0005564978287654853,0.0,0.00018273177995996656,0.0,0.002935238791711675,0.0,0.00014823758330360148,0.0,0.0034308830897013345,0.0,5.851608097740689e-05,0.0,0.0
GenerativeAdversarialNetwork,0.0001,8.0,45.0,True,105.0,2.2243823846074127e-06,0.0007126579548149417,0.0006789859896400225,0.0004913943074141551,2.1498768139791216e-08,1.921770828110831e-05,2.2135557596775078e-06,4.732520934545769e-05,0.0,0.001166773513306503,0.0,3.7054523745315734e-05,0.0,0.00020619716766388267,0.0,2.6276807057247008e-05,0.0,0.00011104848386463771,0.0,3.8107327434091233e-05,0.0,0.0007052583032541198,0.0,3.577929462062702e-05,0.0,0.0004784068409002052,0.0,1.2477220982473815e-05,0.0,0.0,5.894598665313339e-06,0.0035496481559561485,0.0031669938339377347,0.0023183076636596298,5.445979913014263e-08,9.627777309912556e-05,5.867187616140025e-06,0.0002315001058503517,0.0,0.0053206743926039754,0.0,0.00018098752406783074,0.0,0.0009047576466446402,0.0,0.00012174787573844382,0.0,0.00055269016034948,0.0,0.0001816749338458919,0.0,0.002931465892671789,0.0,0.00014762170378517054,0.0,0.003433353121175706,0.0,5.865244651740452e-05,0.0,0.0
GenerativeAdversarialNetwork,0.0001,8.0,45.0,True,106.0,2.3167601389925918e-06,0.0007148870239360634,0.0006789250997198881,0.0004913301641407681,2.3977271129936986e-08,1.917447709049176e-05,2.304683382951747e-06,4.718280485216177e-05,0.0,0.001166906885249145,0.0,3.6989014866859765e-05,0.0,0.00020511028660596863,0.0,2.6261027289850692e-05,0.0,0.00011052731474776153,0.0,3.792032237965463e-05,0.0,0.000704019297808007,0.0,3.569874149368137e-05,0.0,0.00047718623095766873,0.0,1.2484788292180497e-05,0.0,0.0,6.15260613578483e-06,0.0035649174414340806,0.0031668097717956925,0.0023179740275976793,6.019079981045212e-08,9.591769099048099e-05,6.122303007861728e-06,0.00023076268580724609,0.0,0.00532313188708648,0.0,0.0001801908976814282,0.0,0.0009016186561224595,0.0,0.00012127431871006324,0.0,0.0005501730824416538,0.0,0.00018039326997672987,0.0,0.0029289748683665536,0.0,0.0001475409891620372,0.0,0.0034246905794683494,0.0,5.864547038415693e-05,0.0,0.0
GenerativeAdversarialNetwork,0.0001,8.0,45.0,True,107.0,1.9777654682730407e-06,0.000717153767691147,0.0006788776248613137,0.0004912678282858548,1.6877648849030857e-08,1.9114632711738268e-05,1.9692748375839462e-06,4.7082508188694957e-05,0.0,0.0011671640056807582,0.0,3.6802767924060717e-05,0.0,0.00020438954836596055,0.0,2.6183775211922883e-05,0.0,0.00010977853139777068,0.0,3.783282575340605e-05,0.0,0.0007021664930482438,0.0,3.5829628714814665e-05,0.0,0.00047512256070931326,0.0,1.2529845728546461e-05,0.0,0.0,5.262045763760993e-06,0.0035763296691126794,0.003166728049704114,0.002317762412365128,4.272176898758179e-08,9.579583416757344e-05,5.240563109938829e-06,0.00023044687959383118,0.0,0.00532332611058638,0.0,0.00017950744748865282,0.0,0.0008967631268051435,0.0,0.00012131960793111309,0.0,0.0005465744520133396,0.0,0.00018062494086019647,0.0,0.0029412498639064767,0.0,0.00014780810887708604,0.0,0.0034194599907353238,0.0,5.881197211689919e-05,0.0,0.0
GenerativeAdversarialNetwork,0.0001,8.0,45.0,True,108.0,1.9536020718715743e-06,0.0007192343071785899,0.0006789117649880381,0.0004911983430867568,1.753914199620134e-08,1.904946523454954e-05,1.9447705105971294e-06,4.6957836478868265e-05,0.0,0.0011681128184816644,0.0,3.661594863207835e-05,0.0,0.00020298600759146348,0.0,2.627209270739491e-05,0.0,0.00010879701279565652,0.0,3.783621968365101e-05,0.0,0.0007002496655096584,0.0,3.56857205497608e-05,0.0,0.00047349728985295465,0.0,1.2528555432580552e-05,0.0,0.0,5.292894725787377e-06,0.0035923723154847728,0.0031668446348898068,0.0023174284014311976,4.6669479361413126e-08,9.539749168749875e-05,5.2694026263629865e-06,0.00022957349816958109,0.0,0.005327005080381839,0.0,0.0001787250428079809,0.0,0.0008955287670939224,0.0,0.00012084616805022617,0.0,0.0005463980278878842,0.0,0.00017955261956220902,0.0,0.0029259700820131124,0.0,0.00014673311661624308,0.0,0.0034151328434734226,0.0,5.882448932659701e-05,0.0,0.0
GenerativeAdversarialNetwork,0.0001,8.0,45.0,True,109.0,1.7108863239701225e-06,0.0007220812724285691,0.0006788421191295202,0.0004911554068567939,1.4336741284415191e-08,1.901682250382444e-05,1.7036673188651348e-06,4.687969575352425e-05,0.0,0.001168069781238023,0.0,3.6603670737974726e-05,0.0,0.00020213264500034466,0.0,2.6255436844099565e-05,0.0,0.00010796629314152699,0.0,3.7750379857669946e-05,0.0,0.0007002408292415649,0.0,3.570472856737533e-05,0.0,0.00047167247999710534,0.0,1.2535749962227043e-05,0.0,0.0,4.654602329217413e-06,0.0036023322891139383,0.0031666414542767985,0.0023171470600104184,3.818421411904969e-08,9.508495974653172e-05,4.6353864793976145e-06,0.00022907388753861,0.0,0.005328968349177861,0.0,0.00017773659911545569,0.0,0.0008911356423635903,0.0,0.00012083352783566001,0.0,0.0005412251694397357,0.0,0.00017863322260244836,0.0,0.0029257462834412196,0.0,0.00014735214740225355,0.0,0.0034037835942874167,0.0,5.879505601881435e-05,0.0,0.0
GenerativeAdversarialNetwork,0.0001,8.0,45.0,True,110.0,1.8395260390587092e-06,0.000724717613179086,0.0006788245269230434,0.0004910955612228887,1.4645414225470947e-08,1.8973484625311875e-05,1.8321619070363494e-06,4.675431613812871e-05,0.0,0.0011689089025679858,0.0,3.644028763886732e-05,0.0,0.00020159740814301524,0.0,2.6211057189661217e-05,0.0,0.00010771929936588935,0.0,3.7620680010061704e-05,0.0,0.0006994135938886041,0.0,3.5571200507027765e-05,0.0,0.00047033446818349174,0.0,1.2551485799313234e-05,0.0,0.0,4.936928887201368e-06,0.0036125160613149966,0.003166598343999131,0.002316741261092372,3.747473675051101e-08,9.465054755315841e-05,4.918092302392301e-06,0.000228309968732438,0.0,0.005332375042492297,0.0,0.0001774109993715706,0.0,0.0008847807188453915,0.0,0.00012054760594787838,0.0,0.0005375301969126336,0.0,0.00017881559782058188,0.0,0.0029167058707783057,0.0,0.00014655204173528923,0.0,0.0033982827228570133,0.0,5.8920866569633005e-05,0.0,0.0
GenerativeAdversarialNetwork,0.0001,8.0,45.0,True,111.0,1.6183000575058222e-06,0.0007258029478900837,0.0006787912704231283,0.0004910192078335908,1.1866896879947757e-08,1.887582127014903e-05,1.6123319679815975e-06,4.661720838508195e-05,0.0,0.0011695064859358565,0.0,3.637273035280788e-05,0.0,0.00019897825795042547,0.0,2.6183235496684226e-05,0.0,0.00010667060504383797,0.0,3.75033082626258e-05,0.0,0.0006971548831045146,0.0,3.560040537719778e-05,0.0,0.00046909273152724107,0.0,1.257615706147852e-05,0.0,0.0,4.282509673785114e-06,0.0036235043087845327,0.00316645214392704,0.0023166098684634802,3.041269915429553e-08,9.454174096104484e-05,4.267221925862181e-06,0.00022798244776965688,0.0,0.005334293036347827,0.0,0.0001767909845466134,0.0,0.0008858476044996729,0.0,0.00012062507558543727,0.0,0.0005356416387378045,0.0,0.00017819677790006003,0.0,0.0029092789071161044,0.0,0.00014631575524057234,0.0,0.003401562477807579,0.0,5.896412328166782e-05,0.0,0.0
GenerativeAdversarialNetwork,0.0001,8.0,45.0,True,112.0,1.3777041039617878e-06,0.0007278962598014071,0.0006786869221299163,0.0004909913735890967,8.231350542176352e-09,1.8844992233656168e-05,1.3735697910972843e-06,4.656262936778467e-05,0.0,0.0011695010366407264,0.0,3.61536059659125e-05,0.0,0.0001997455673397712,0.0,2.619000327474666e-05,0.0,0.00010615196631282488,0.0,3.759235876670102e-05,0.0,0.0006955298934021407,0.0,3.547159668730918e-05,0.0,0.0004684464388459198,0.0,1.2568798106956997e-05,0.0,0.0,3.6290170238265453e-06,0.003627112826461312,0.003166176238149967,0.0023163515816694534,2.1243754160405964e-08,9.41838319384077e-05,3.6183496462708376e-06,0.00022742848070162646,0.0,0.005337516136906686,0.0,0.00017624504208189887,0.0,0.0008823373032815802,0.0,0.00012018747112286166,0.0,0.0005339595881648034,0.0,0.00017722392653894125,0.0,0.0029144195265739968,0.0,0.0001462937666560119,0.0,0.0033893798882106566,0.0,5.8970513677447095e-05,0.0,0.0
GenerativeAdversarialNetwork,0.0001,8.0,45.0,True,113.0,1.5112183576404567e-06,0.0007303540276067276,0.0006787669305210165,0.0004909371911997422,1.0736078726246356e-08,1.880347055967927e-05,1.5058188518444e-06,4.644915863188772e-05,0.0,0.0011701137955007189,0.0,3.6047856923383525e-05,0.0,0.00019857986275397863,0.0,2.61401612000324e-05,0.0,0.00010572932158518995,0.0,3.743621287239851e-05,0.0,0.0006962556723314476,0.0,3.5386002871064805e-05,0.0,0.0004677658855433091,0.0,1.2578394996991376e-05,0.0,0.0,3.9587820932831405e-06,0.0036409373553294056,0.0031663438059249013,0.0023160989179551224,2.656207018976287e-08,9.39303013326237e-05,3.945432770294401e-06,0.0002269358754907764,0.0,0.005341303831992535,0.0,0.00017516876119862563,0.0,0.0008800675471623739,0.0,0.00011994096936669739,0.0,0.0005331789641260351,0.0,0.0001767062986234449,0.0,0.0029087304694097745,0.0,0.00014637744511073492,0.0,0.003383382686279105,0.0,5.895756887939741e-05,0.0,0.0
GenerativeAdversarialNetwork,0.0001,8.0,45.0,True,114.0,1.4203154065237052e-06,0.0007318123331609762,0.0006786534246408715,0.0004908721642995459,8.659454110943627e-09,1.8726035229600666e-05,1.415967090291315e-06,4.6336039338471755e-05,0.0,0.0011709390694105831,0.0,3.5840601251131764e-05,0.0,0.00019823255725305358,0.0,2.616988068240672e-05,0.0,0.00010491363362803293,0.0,3.742060380563582e-05,0.0,0.0006934261386285252,0.0,3.533880665617169e-05,0.0,0.0004657379620158769,0.0,1.2607405318645132e-05,0.0,0.0,3.728162974658065e-06,0.003645145668173736,0.003166079896051179,0.0023159007981138407,2.13173274197008e-08,9.384613085842732e-05,3.7174630154556823e-06,0.0002265115906982302,0.0,0.005342476619419875,0.0,0.00017507075560542772,0.0,0.0008782531667805318,0.0,0.00012007589984989766,0.0,0.0005294458483749966,0.0,0.00017595588692329215,0.0,0.0029096365349847567,0.0,0.00014610108245843612,0.0,0.0033779594133485037,0.0,5.9131445046865714e-05,0.0,0.0
GenerativeAdversarialNetwork,0.0001,8.0,45.0,True,115.0,1.245941492952306e-06,0.0007335338791746977,0.0006786535049705814,0.0004908217975714137,6.945957512664734e-09,1.8692899224250464e-05,1.2424532694345456e-06,4.624046706607078e-05,0.0,0.0011706893896902104,0.0,3.601117134897535e-05,0.0,0.00019695804607514745,0.0,2.61784910231909e-05,0.0,0.00010410895084113766,0.0,3.740246435301002e-05,0.0,0.0006924794529968838,0.0,3.5233632473129465e-05,0.0,0.00046437629310268596,0.0,1.26066559930696e-05,0.0,0.0,3.25831329836598e-06,0.003660857677459717,0.0031660708991236657,0.0023156357636241794,1.7880132438233503e-08,9.356159716844559e-05,3.2493354073204336e-06,0.00022611417954073013,0.0,0.005342710440807351,0.0,0.000175350972410268,0.0,0.0008684607609263006,0.0,0.00012008284669627183,0.0,0.0005257256188482608,0.0,0.0001758393368818475,0.0,0.002885776308347594,0.0,0.00014626996228529973,0.0,0.0033830423025215197,0.0,5.9079747857912535e-05,0.0,0.0
GenerativeAdversarialNetwork,0.0001,8.0,45.0,True,116.0,1.231684616824607e-06,0.0007355932116187165,0.0006786453113401675,0.0004907652856204708,6.669833327752144e-09,1.8655117902392646e-05,1.2283357151475235e-06,4.6142856427280086e-05,0.0,0.0011715869646260245,0.0,3.5932957824831704e-05,0.0,0.00019627203035226087,0.0,2.6185223657005237e-05,0.0,0.00010361925088813042,0.0,3.721574547316507e-05,0.0,0.000692292043783594,0.0,3.532835124236233e-05,0.0,0.00046204994470282705,0.0,1.2612732182535522e-05,0.0,0.0,3.194294023509108e-06,0.0036669710897049815,0.003166002297551377,0.002315330430396698,1.6149977500676382e-08,9.312398684849529e-05,3.1861892473772635e-06,0.00022543933968873894,0.0,0.005349641519966847,0.0,0.00017402071576073485,0.0,0.0008705799122276546,0.0,0.00011936732151973172,0.0,0.0005253820955378454,0.0,0.000174986702278725,0.0,0.00289592315565865,0.0,0.00014614019800656997,0.0,0.0033651968967989554,0.0,5.908146992606937e-05,0.0,0.0
GenerativeAdversarialNetwork,0.0001,8.0,45.0,True,117.0,1.1170599258170938e-06,0.000737920122326545,0.0006785719703149924,0.0004907150795517585,5.30802374441306e-09,1.8627224665767743e-05,1.1143970430007761e-06,4.602993795813897e-05,0.0,0.0011721317767182284,0.0,3.586864636111452e-05,0.0,0.0001948652964717937,0.0,2.6125980495924576e-05,0.0,0.00010307431421832575,0.0,3.711741437728835e-05,0.0,0.0006914359700647647,0.0,3.5266514937832674e-05,0.0,0.00046145446056304276,0.0,1.262240438167297e-05,0.0,0.0,3.017257619356303e-06,0.003679357984530851,0.0031658654692787794,0.002315042716152263,1.3822185872459444e-08,9.294318140677686e-05,3.010325233375876e-06,0.00022488680182013122,0.0,0.005349236326975989,0.0,0.00017411627297131521,0.0,0.0008627717974800733,0.0,0.00011945233545588248,0.0,0.0005207705610203293,0.0,0.00017537497593171942,0.0,0.0028836822734688815,0.0,0.00014550974533992744,0.0,0.0033653757107332816,0.0,5.916209668858246e-05,0.0,0.0
GenerativeAdversarialNetwork,0.0001,8.0,45.0,True,118.0,1.2866869340387155e-06,0.0007394451818697536,0.0006786000053837614,0.0004906585274359608,7.198109402927831e-09,1.8550455821251292e-05,1.283073822925033e-06,4.5933451935287434e-05,0.0,0.0011726960674348966,0.0,3.572718072130352e-05,0.0,0.00019485505443377635,0.0,2.6076562662490936e-05,0.0,0.00010273491115261603,0.0,3.702010748521337e-05,0.0,0.0006867953227215379,0.0,3.535502572666924e-05,0.0,0.0004598006324948005,0.0,1.2632818375475644e-05,0.0,0.0,3.4261556377388395e-06,0.003690379970478562,0.0031659336959790883,0.0023149834863794676,1.8561711485802236e-08,9.297967285105267e-05,3.4168394833053433e-06,0.00022467127386129127,0.0,0.00535110173085902,0.0,0.0001728519820754633,0.0,0.0008638191897914095,0.0,0.00011920151095720207,0.0,0.0005222279695594836,0.0,0.00017496693949654418,0.0,0.0028864383322637784,0.0,0.00014564666733051995,0.0,0.003371968209368628,0.0,5.920624372156911e-05,0.0,0.0
GenerativeAdversarialNetwork,0.0001,8.0,45.0,True,119.0,1.1577838724303358e-06,0.0007408507108045717,0.0006785903658185687,0.0004906153100520132,5.5328760848137754e-09,1.8527481524208484e-05,1.1550080259594153e-06,4.584419056572361e-05,0.0,0.0011733738094313287,0.0,3.5687794060398624e-05,0.0,0.00019363528795319427,0.0,2.6162849322483546e-05,0.0,0.0001017900831455169,0.0,3.6927622886038214e-05,0.0,0.0006881761101056945,0.0,3.523625574021969e-05,0.0,0.000459926870633971,0.0,1.2645271990819761e-05,0.0,0.0,2.9970573645038237e-06,0.0036951307230775462,0.003165895833909137,0.0023146864003355397,1.3756217476095472e-08,9.267556967225464e-05,2.9901570110411952e-06,0.0002241396351055529,0.0,0.005354586681151561,0.0,0.00017256156172392503,0.0,0.0008616663000118808,0.0,0.00011970996622394466,0.0,0.0005161790352947308,0.0,0.00017431172184974143,0.0,0.00287064328883429,0.0,0.0001455578812450733,0.0,0.003371068516617301,0.0,5.922956193018259e-05,0.0,0.0
GenerativeAdversarialNetwork,0.0001,8.0,45.0,True,120.0,1.0199540149109221e-06,0.0007416342467953253,0.0006785727736120918,0.0004905872749832441,4.6590474874323744e-09,1.8501258894519986e-05,1.0176163732834822e-06,4.5816270970912636e-05,0.0,0.0011732378351426691,0.0,3.565553917155433e-05,0.0,0.00019236392971640328,0.0,2.6150242578629857e-05,0.0,0.0001011743960836827,0.0,3.7122286876256895e-05,0.0,0.0006868535617612443,0.0,3.5298857687297215e-05,0.0,0.0004580810143941175,0.0,1.263126700795243e-05,0.0,0.0,2.486630725094451e-06,0.0037015856436963352,0.003165760130252478,0.0023143503276057214,1.0135062175951884e-08,9.221862415847538e-05,2.481547988213177e-06,0.0002235288515030963,0.0,0.005357147448584371,0.0,0.00017230541872903236,0.0,0.0008541591137460193,0.0,0.00011925582053526393,0.0,0.0005125420273474927,0.0,0.00017443567561278554,0.0,0.002866810785149628,0.0,0.00014576177645779257,0.0,0.0033458190144232984,0.0,5.918964392171716e-05,0.0,0.0
GenerativeAdversarialNetwork,0.0001,8.0,45.0,True,121.0,9.261084390387461e-07,0.0007434788579246748,0.0006785227282027993,0.0004905275498439038,3.6948001627387313e-09,1.842322109161683e-05,9.242555213153282e-07,4.569016336752077e-05,0.0,0.0011737256826086086,0.0,3.544676476572402e-05,0.0,0.00019211211615816924,0.0,2.612772013620546e-05,0.0,0.00010041014926452843,0.0,3.70137739896453e-05,0.0,0.0006874251076474665,0.0,3.5225190322675475e-05,0.0,0.00045602662222726006,0.0,1.2643660376014093e-05,0.0,0.0,2.209606738585346e-06,0.003710288296705522,0.0031656075573567324,0.0023140759213165665,7.485985109229637e-09,9.1822050605555e-05,2.2058549070578514e-06,0.00022298669290242705,0.0,0.005357277688829714,0.0,0.000171680729719078,0.0,0.0008486047293405113,0.0,0.00011897491256021103,0.0,0.0005116205451623449,0.0,0.00017362866995844451,0.0,0.0028682990269091146,0.0,0.0001458755501036374,0.0,0.0033372891773967624,0.0,5.922180090872747e-05,0.0,0.0
GenerativeAdversarialNetwork,0.0001,8.0,45.0,True,122.0,8.401037175007506e-07,0.00074629112073996,0.0006785155788586146,0.0004904809987769937,3.4571523840741235e-09,1.8393914554157667e-05,8.383693331676834e-07,4.558655812412581e-05,0.0,0.0011743209171658448,0.0,3.540225959611389e-05,0.0,0.00019197392897464516,0.0,2.608801717706768e-05,0.0,0.00010025292393974859,0.0,3.6797890404485305e-05,0.0,0.0006856064430144276,0.0,3.517875975033022e-05,0.0,0.00045490445634425487,0.0,1.2660593627839075e-05,0.0,0.0,2.0766223681235465e-06,0.0037215528248241113,0.003165649543018461,0.0023139675833144277,8.089380502977567e-09,9.19403520020299e-05,2.0725646718118177e-06,0.00022267327649788286,0.0,0.005360520763254797,0.0,0.00017115570979673157,0.0,0.0008482341683885586,0.0,0.00011849090597539578,0.0,0.0005106086719710871,0.0,0.0001733872875477533,0.0,0.0028620219830447022,0.0,0.00014533185687080118,0.0,0.0033529618251248727,0.0,5.929080078249458e-05,0.0,0.0
GenerativeAdversarialNetwork,0.0001,8.0,45.0,True,123.0,8.784628013836727e-07,0.0007480766895325037,0.0006785326890868318,0.0004904454127154903,6.162804740322929e-09,1.8369390144743365e-05,8.753538690256382e-07,4.552896172209891e-05,0.0,0.0011742364271004077,0.0,3.536750444504771e-05,0.0,0.00019097621389476438,0.0,2.613933782050552e-05,0.0,9.937220908239523e-05,0.0,3.681714443183652e-05,0.0,0.0006869086679422631,0.0,3.5154407296701265e-05,0.0,0.00045369328514263636,0.0,1.266622047299002e-05,0.0,0.0,1.7412666175748754e-06,0.003733403652718982,0.003165429493166366,0.0023138054511831993,4.610720928744655e-09,9.179628987169865e-05,1.738957164563098e-06,0.0002222799186436635,0.0,0.005361575612125423,0.0,0.00017102759729766245,0.0,0.0008451794303438199,0.0,0.00011906827911265991,0.0,0.000508648232094147,0.0,0.00017316835059684777,0.0,0.002850802626999669,0.0,0.00014447638729833207,0.0,0.0033567045469703916,0.0,5.928779009190745e-05,0.0,0.0
GenerativeAdversarialNetwork,0.0001,8.0,45.0,True,124.0,7.786017540099245e-07,0.0007495922701699394,0.0006784884274166549,0.0004904118348967355,4.7113229017381525e-09,1.834448542435857e-05,7.762280267705975e-07,4.549353632001543e-05,0.0,0.0011741322195064593,0.0,3.554722710921758e-05,0.0,0.0001891496769501514,0.0,2.608079754438683e-05,0.0,9.883684168928717e-05,0.0,3.693183015459631e-05,0.0,0.0006847626597412191,0.0,3.517554656193263e-05,0.0,0.0004504968856544186,0.0,1.2668216164221339e-05,0.0,0.0,1.5377210169069983e-06,0.0037489679624449533,0.003165350395178645,0.002313415396888301,3.5906765024608247e-09,9.119029760173282e-05,1.5359229859222406e-06,0.00022172412407473198,0.0,0.005362641243181986,0.0,0.00017080673912786088,0.0,0.0008408716827068689,0.0,0.0001186316118300336,0.0,0.0005037896569419956,0.0,0.0001730971952091973,0.0,0.0028432545796880184,0.0,0.00014530092993247435,0.0,0.003324483550569546,0.0,5.9362506763365285e-05,0.0,0.0
GenerativeAdversarialNetwork,0.0001,8.0,45.0,True,125.0,6.712449405774112e-07,0.0007514266794261264,0.0006784540463008006,0.0004903310633733908,4.221607808463308e-09,1.8247198614711066e-05,6.691170661808105e-07,4.530842152406584e-05,0.0,0.0011748467676554284,0.0,3.518747050325183e-05,0.0,0.00018943458634888065,0.0,2.6051406911762577e-05,0.0,9.844754383249103e-05,0.0,3.66655572485731e-05,0.0,0.0006842661418040807,0.0,3.5128024007592883e-05,0.0,0.00044908894682830233,0.0,1.2672473638848153e-05,0.0,0.0,1.2560562507407564e-06,0.003758747247779894,0.0031652563023117355,0.0023132131534552426,2.409565176317558e-09,9.10733199719363e-05,1.2548499061204727e-06,0.00022125761932546988,0.0,0.0053655017777927356,0.0,0.00016996813879447913,0.0,0.0008359996590224452,0.0,0.0001189586524880907,0.0,0.0005019806184858646,0.0,0.00017158357930258385,0.0,0.0028524012685571826,0.0,0.0001451407658791392,0.0,0.0033308218860026426,0.0,5.9389649837646845e-05,0.0,0.0
GenerativeAdversarialNetwork,0.0001,8.0,45.0,True,126.0,6.432721979358809e-07,0.0007530713499074355,0.0006784534036631211,0.0004903343970563533,5.77877244110046e-09,1.826609743412614e-05,6.403503224072913e-07,4.534959050041003e-05,0.0,0.0011744296269613045,0.0,3.5096738095874734e-05,0.0,0.0001894918413496403,0.0,2.6082572328915816e-05,0.0,9.801481772625864e-05,0.0,3.6869403928759285e-05,0.0,0.0006825588141490186,0.0,3.5262013963772605e-05,0.0,0.0004483658991091335,0.0,1.2675609007839243e-05,0.0,0.0,1.0653302467387146e-06,0.0037606257312702684,0.0031651693320124403,0.002313038463112693,1.7468681539724245e-09,9.08114660367276e-05,1.0644557590028213e-06,0.000221043661143045,0.0,0.005365983521648647,0.0,0.00016963017999001268,0.0,0.0008302078869357799,0.0,0.00011868670629630299,0.0,0.000499066598010513,0.0,0.00017242323396340857,0.0,0.0028244403173338694,0.0,0.0001456478973792034,0.0,0.0033278982594328104,0.0,5.9361235713059046e-05,0.0,0.0
GenerativeAdversarialNetwork,0.0001,8.0,45.0,True,127.0,3.7806181706528296e-07,0.0007557248812158795,0.0006783050346888622,0.0004902722218608599,5.964347051585694e-10,1.8217659874184112e-05,3.777632478504088e-07,4.5221303953636043e-05,0.0,0.0011753660775827856,0.0,3.5044767283847066e-05,0.0,0.00018893260599146634,0.0,2.6042929617060484e-05,0.0,9.769440259573594e-05,0.0,3.6660649605356456e-05,0.0,0.000682842940333076,0.0,3.520288125604311e-05,0.0,0.0004450058680017682,0.0,1.269173770741311e-05,0.0,0.0,1.0119827424685628e-06,0.003772713853128301,0.0031651547120052316,0.0023128043555613585,1.5689017771868256e-09,9.066643743957363e-05,1.0111973966536283e-06,0.00022059271358094125,0.0,0.005368969308045796,0.0,0.0001690877988091055,0.0,0.0008298371385478373,0.0,0.00011852439844383384,0.0,0.0004962707090677705,0.0,0.00017163727971367866,0.0,0.0028384410360324307,0.0,0.0001457285651433393,0.0,0.0033152785691075355,0.0,5.9467734499547465e-05,0.0,0.0
GenerativeAdversarialNetwork,0.0001,8.0,45.0,True,128.0,3.986889803957827e-07,0.0007569295858758479,0.0006783164415076736,0.0004902387645366699,6.548423905553866e-10,1.8172198278965012e-05,3.983611896799782e-07,4.514207877720784e-05,0.0,0.0011755390675098915,0.0,3.510258208227286e-05,0.0,0.00018840614515494786,0.0,2.602205895429673e-05,0.0,9.735950803499659e-05,0.0,3.6568360809849276e-05,0.0,0.0006817265983540415,0.0,3.5060454170016265e-05,0.0,0.0004458843135448158,0.0,1.2682406909542907e-05,0.0,0.0,1.0103063435299592e-06,0.0037837564570348966,0.0031651565863651298,0.00231252151465266,1.5607976574355916e-09,9.027757219173623e-05,1.0095252077030779e-06,0.00021993415723056914,0.0,0.005372005284709366,0.0,0.00016852672088820978,0.0,0.0008264017180076935,0.0,0.00011883871688407922,0.0,0.0004948644236948505,0.0,0.00017028831460940764,0.0,0.0028315986852226016,0.0,0.00014515293750373072,0.0,0.0033073511513524085,0.0,5.942034248098637e-05,0.0,0.0
GenerativeAdversarialNetwork,0.0001,8.0,45.0,True,129.0,4.3926913369035305e-07,0.0007583506987743943,0.0006783288122830044,0.00049017855741907,8.235142044179397e-10,1.811302289607711e-05,4.3885681635105227e-07,4.502468192673758e-05,0.0,0.001176287726070743,0.0,3.4999097333442814e-05,0.0,0.0001885489111319385,0.0,2.600773767319651e-05,0.0,9.685913427178107e-05,0.0,3.632145740513531e-05,0.0,0.0006797145801091773,0.0,3.5134367544374695e-05,0.0,0.0004431634659394421,0.0,1.2717062903623376e-05,0.0,0.0,1.088056311380329e-06,0.003786737064145646,0.0031651742053481766,0.002312278785045792,1.8335037806674285e-09,9.006479719899735e-05,1.0871385339846682e-06,0.0002194935420774064,0.0,0.005374754779089516,0.0,0.0001677878013571853,0.0,0.0008270323463955765,0.0,0.00011864613811924773,0.0,0.0004907986559208084,0.0,0.0001699753667948381,0.0,0.0028245932651015946,0.0,0.00014529135898224213,0.0,0.003299202184257267,0.0,5.9547875099961866e-05,0.0,0.0
GenerativeAdversarialNetwork,0.0001,8.0,45.0,True,130.0,4.601334030250454e-07,0.000760161732084989,0.0006783322664605318,0.000490153173230729,9.55570123178674e-10,1.810541667666718e-05,4.596548764326301e-07,4.499495491345295e-05,0.0,0.0011758633005307544,0.0,3.487604727963553e-05,0.0,0.0001867175744871566,0.0,2.5994066560686117e-05,0.0,9.62156129654527e-05,0.0,3.645302240819623e-05,0.0,0.0006802218622274476,0.0,3.5191871065174474e-05,0.0,0.00044204427225570474,0.0,1.2697684616252097e-05,0.0,0.0,1.1159991003490937e-06,0.0037985264130358425,0.0031651715812443188,0.0023121745706354297,1.994281815857434e-09,8.998498461156521e-05,1.11500078405154e-06,0.0002194120074218174,0.0,0.005375911787637694,0.0,0.00016796406147614966,0.0,0.0008243904361185038,0.0,0.00011868128236734642,0.0,0.0004887586026071753,0.0,0.0001705450784860167,0.0,0.002829094915270056,0.0,0.00014531702599810355,0.0,0.00329186369038228,0.0,5.949599047501882e-05,0.0,0.0
GenerativeAdversarialNetwork,0.0001,8.0,45.0,True,131.0,5.101874807091415e-07,0.0007614325480962378,0.0006783639163662482,0.0004900605530751683,1.4148552183095884e-09,1.802014041380741e-05,5.094780454241402e-07,4.4820343227078006e-05,0.0,0.0011769841314037879,0.0,3.481975623539516e-05,0.0,0.00018461699273708375,0.0,2.5965943631296853e-05,0.0,9.537960159168089e-05,0.0,3.63110898519462e-05,0.0,0.0006782120128847518,0.0,3.514911808736241e-05,0.0,0.0004406407515636352,0.0,1.2716818149038402e-05,0.0,0.0,1.1048980025023972e-06,0.00380916565469226,0.0031651944484350817,0.0023119635177108475,1.8462050672308081e-09,8.987138668696086e-05,1.1039738186031766e-06,0.00021894761132744124,0.0,0.005376744662888367,0.0,0.00016788833733624633,0.0,0.0008187233089650952,0.0,0.00011841843853581627,0.0,0.00048825810165525234,0.0,0.00017043782995556885,0.0,0.0028142400507657032,0.0,0.00014469312187635674,0.0,0.003300520234137961,0.0,5.955714146671055e-05,0.0,0.0
GenerativeAdversarialNetwork,0.0001,8.0,45.0,True,132.0,5.298831253475698e-07,0.0007632586030625911,0.0006783950039639949,0.0004900382615806601,2.0281099064307472e-09,1.8016352365923056e-05,5.288644912815841e-07,4.478662483133075e-05,0.0,0.0011771869856972827,0.0,3.4927714344947486e-05,0.0,0.00018460313586211912,0.0,2.6007993724146942e-05,0.0,9.486704783619575e-05,0.0,3.634912847990617e-05,0.0,0.0006767830276746313,0.0,3.497541011022429e-05,0.0,0.00044092548022051705,0.0,1.2730986301629048e-05,0.0,0.0,1.0772131210626483e-06,0.0038173779751519738,0.00316522331357752,0.0023116055149702158,1.9113839120818626e-09,8.942443385439099e-05,1.0762561724737942e-06,0.00021826771070372383,0.0,0.005381077737338057,0.0,0.00016745208006984781,0.0,0.0008136923395612705,0.0,0.00011820209054452068,0.0,0.0004830186097127087,0.0,0.00016922610314012323,0.0,0.0028121701951296825,0.0,0.00014481279975588217,0.0,0.0032847340001999955,0.0,5.9611866918374905e-05,0.0,0.0
GenerativeAdversarialNetwork,0.0001,8.0,45.0,True,133.0,4.356135043122296e-07,0.0007643975176901187,0.0006783495373481689,0.0004900017517274923,1.4169230317353173e-09,1.7933014057315586e-05,4.349021862996516e-07,4.4709824608021346e-05,0.0,0.001177529430689,0.0,3.46738322966825e-05,0.0,0.00018402150859729943,0.0,2.5958912271373675e-05,0.0,9.453225368759381e-05,0.0,3.633900442615031e-05,0.0,0.0006765650931715644,0.0,3.499235716871817e-05,0.0,0.0004377409695293704,0.0,1.272153751949737e-05,0.0,0.0,8.715245449540656e-07,0.0038220428820676024,0.0031651277212226916,0.0023115684026442235,1.165728656860951e-09,8.925549545378055e-05,8.709410955227396e-07,0.00021813730211377893,0.0,0.005380084419587678,0.0,0.00016652408448405236,0.0,0.0008151744896510862,0.0,0.00011771117225757935,0.0,0.00048478931750891343,0.0,0.00016919830403987717,0.0,0.0028074468081852174,0.0,0.00014511962075653315,0.0,0.0032842650353533667,0.0,5.955647372599668e-05,0.0,0.0
GenerativeAdversarialNetwork,0.0001,8.0,45.0,True,134.0,4.3508720350755514e-07,0.0007662727344389553,0.0006783606228481406,0.0004899670492927984,2.5504200273110107e-09,1.7934595548480026e-05,4.338025165008848e-07,4.4648035999256964e-05,0.0,0.0011779439793898102,0.0,3.493187140743687e-05,0.0,0.00018225216640616363,0.0,2.597935367224994e-05,0.0,9.431790389783299e-05,0.0,3.625118648106197e-05,0.0,0.0006755275546379809,0.0,3.491719115294536e-05,0.0,0.00043742663937437564,0.0,1.2730027365716642e-05,0.0,0.0,7.1547131614947e-07,0.0038271122758493483,0.0031650662422180176,0.002311267942752478,7.748220960711936e-10,8.897286541057083e-05,7.15083676923371e-07,0.0002174529733148011,0.0,0.005386377474735255,0.0,0.00016632092730054315,0.0,0.000814459889939746,0.0,0.0001178383710061979,0.0,0.00048198522824161456,0.0,0.00016822107136249542,0.0,0.0028150960709313927,0.0,0.00014419385097311728,0.0,0.003264898399137101,0.0,5.962961476366475e-05,0.0,0.0
GenerativeAdversarialNetwork,0.0001,8.0,45.0,True,135.0,3.15086266234256e-07,0.0007681448986588141,0.0006782908966599128,0.0004898803735357732,4.814060333357992e-10,1.782702151535335e-05,3.148452574926908e-07,4.445845788379885e-05,0.0,0.0011788684667803952,0.0,3.466504874496126e-05,0.0,0.00018311458617207817,0.0,2.5969222087583775e-05,0.0,9.343133501286777e-05,0.0,3.597643628033666e-05,0.0,0.0006739125258196396,0.0,3.4841005953977695e-05,0.0,0.00043484664991538157,0.0,1.2738768242279475e-05,0.0,0.0,7.41409464393678e-07,0.0038403654998203493,0.0031650662422180176,0.0023110360844330216,8.296210287583523e-10,8.873271890593774e-05,7.409943687237518e-07,0.00021703438189044687,0.0,0.005388265278616499,0.0,0.00016535003230256853,0.0,0.0008126959298391762,0.0,0.00011804048557701351,0.0,0.0004771462401504037,0.0,0.00016889306453039062,0.0,0.0028080805292669334,0.0,0.00014373169239587005,0.0,0.003278294824204355,0.0,5.964311015493465e-05,0.0,0.0
GenerativeAdversarialNetwork,0.0001,8.0,45.0,True,136.0,3.904070579032652e-07,0.0007692471026088993,0.0006783228678844688,0.0004898769595231007,8.678530670383257e-10,1.782899335870203e-05,3.8997206938606145e-07,4.447249550061084e-05,0.0,0.0011787107580871628,0.0,3.460527088924881e-05,0.0,0.0001817852098022831,0.0,2.5958515643430848e-05,0.0,9.340387229328207e-05,0.0,3.6049902820683555e-05,0.0,0.0006744888111587483,0.0,3.486865192571419e-05,0.0,0.00043533212251740326,0.0,1.2753001662759446e-05,0.0,0.0,8.661643149471789e-07,0.003847891054813217,0.003165112351471523,0.0023108898843609313,1.125140400136105e-09,8.863313767895009e-05,8.656012748057643e-07,0.0002166605642381704,0.0,0.005389250534466324,0.0,0.00016473810065467402,0.0,0.00080754668832575,0.0,0.0001176783006708577,0.0,0.0004780148185274136,0.0,0.00016721466895919175,0.0,0.002811168162327892,0.0,0.00014415443084149992,0.0,0.003264215757262032,0.0,5.966455400364954e-05,0.0,0.0
GenerativeAdversarialNetwork,0.0001,8.0,45.0,True,137.0,3.6093503653481e-07,0.0007710481750354613,0.0006783081675475498,0.0004898303281264806,7.487863291375734e-10,1.7803266513942065e-05,3.6055982461816697e-07,4.4389424539319265e-05,0.0,0.001179380842343859,0.0,3.4494709595033745e-05,0.0,0.00018180197862923306,0.0,2.597361009798924e-05,0.0,9.247634529746125e-05,0.0,3.6014243960380554e-05,0.0,0.000673580603458168,0.0,3.480821637050161e-05,0.0,0.0004340276885225445,0.0,1.276978555153001e-05,0.0,0.0,7.86132625093297e-07,0.0038559545510969823,0.0031650722401696933,0.002310810036629251,9.468934706904367e-10,8.870431649609932e-05,7.856587268728411e-07,0.00021661911745491267,0.0,0.005390726488995931,0.0,0.00016498829255688865,0.0,0.0008038542930435085,0.0,0.00011728584485233955,0.0,0.00047642475216643615,0.0,0.00016804365148334382,0.0,0.0027958492063126475,0.0,0.0001441550634379657,0.0,0.003276475945358756,0.0,5.977502409017311e-05,0.0,0.0
GenerativeAdversarialNetwork,0.0001,8.0,45.0,True,138.0,3.602001059805407e-07,0.0007716079124543224,0.0006783061593048014,0.000489785704972609,7.975621959811134e-10,1.7731987703039318e-05,3.59800340158418e-07,4.430317553387819e-05,0.0,0.0011794065887260816,0.0,3.4523525368171237e-05,0.0,0.00018178456716460358,0.0,2.6017010734087696e-05,0.0,9.233730461076906e-05,0.0,3.595965741217297e-05,0.0,0.0006702351923580118,0.0,3.473647942922186e-05,0.0,0.0004313811860637202,0.0,1.2774724573539596e-05,0.0,0.0,7.775325347148117e-07,0.0038626051548891847,0.0031650636181141593,0.002310605356528324,9.481654762521143e-10,8.843810467412636e-05,7.770580873654792e-07,0.00021623777893354308,0.0,0.005391705962297296,0.0,0.00016449629651300561,0.0,0.0007988974545736733,0.0,0.00011811110208619316,0.0,0.00047382787338592724,0.0,0.00016759320765546282,0.0,0.0027964609973835496,0.0,0.00014400399003013876,0.0,0.003268947391390051,0.0,5.977066620340887e-05,0.0,0.0
GenerativeAdversarialNetwork,0.0001,8.0,45.0,True,139.0,3.729653911855865e-07,0.0007734630467756739,0.0006783107380982679,0.0004897539345723278,8.835574021452951e-10,1.7728308853354415e-05,3.725224010761817e-07,4.424343533271728e-05,0.0,0.0011797355771547848,0.0,3.452421570161604e-05,0.0,0.00017994738653342359,0.0,2.6011811895672524e-05,0.0,9.156352867977317e-05,0.0,3.589908379027143e-05,0.0,0.0006697069441854472,0.0,3.471807639473532e-05,0.0,0.00043256817802264685,0.0,1.2793025940736991e-05,0.0,0.0,8.025047195044422e-07,0.0038701745699036795,0.0031650703658097946,0.002310278468162009,1.01444722643138e-09,8.805922039274899e-05,8.01997049858079e-07,0.00021571354389940417,0.0,0.0053934359795688785,0.0,0.0001647012694826666,0.0,0.0007965585345742087,0.0,0.0001183098779534394,0.0,0.0004676313801381573,0.0,0.000167255108274004,0.0,0.0027851760387420654,0.0,0.00014390101738320955,0.0,0.0032544975760597852,0.0,5.98495123240183e-05,0.0,0.0
GenerativeAdversarialNetwork,0.0001,8.0,45.0,True,140.0,3.515174763021122e-07,0.0007750206398514081,0.000678298608312067,0.0004896920405308192,7.345075227882346e-10,1.7661761964427815e-05,3.5114940306086426e-07,4.412386455947177e-05,0.0,0.0011802619592546479,0.0,3.46421271642906e-05,0.0,0.00017886175058601358,0.0,2.593500414145282e-05,0.0,9.102096173641173e-05,0.0,3.5761539244426874e-05,0.0,0.000669715258310426,0.0,3.4761376618696355e-05,0.0,0.00042810313142534857,0.0,1.2795855052708937e-05,0.0,0.0,7.535231558887183e-07,0.003876276361117573,0.0031650504975948694,0.0023100299280394546,9.11850396727196e-10,8.77897635852016e-05,7.530669213137912e-07,0.00021516871433587944,0.0,0.005397829672615877,0.0,0.00016394407494263078,0.0,0.0007900844954844541,0.0,0.00011771656104228782,0.0,0.00046728392067195483,0.0,0.00016655368765570083,0.0,0.0027853499793406553,0.0,0.00014404134836586767,0.0,0.0032442249591995336,0.0,5.983599936062435e-05,0.0,0.0
GenerativeAdversarialNetwork,0.0001,8.0,45.0,True,141.0,3.296362202880638e-07,0.0007763762037066436,0.0006783093724931989,0.0004896767377210756,1.1480385686725963e-09,1.7660831897004917e-05,3.2905955652071217e-07,4.4098721360260584e-05,0.0,0.0011803896396515147,0.0,3.447817924691018e-05,0.0,0.0001788006799240318,0.0,2.5963819914590315e-05,0.0,9.073142333814718e-05,0.0,3.5763188513784074e-05,0.0,0.0006689179457744177,0.0,3.474320955273276e-05,0.0,0.00042743936703211536,0.0,1.279615126851434e-05,0.0,0.0,5.990649634275187e-07,0.0038834937713431114,0.0031650291298920253,0.0023100454852266134,5.511400253019031e-10,8.794875616360011e-05,5.987892092100152e-07,0.00021510819594065347,0.0,0.00539872446340606,0.0,0.00016322231751942785,0.0,0.0007926402789241863,0.0,0.00011780731520562802,0.0,0.0004672878568277419,0.0,0.00016701332756183433,0.0,0.0027797928771132944,0.0,0.00014334304387089592,0.0,0.003256042423488209,0.0,5.984241904327705e-05,0.0,0.0
GenerativeAdversarialNetwork,0.0001,8.0,45.0,True,142.0,3.3546447806622623e-07,0.0007785172314656712,0.0006783194940366514,0.0004896110681831997,2.0832821900637524e-09,1.7579717717241405e-05,3.3441517123013653e-07,4.3935270482960416e-05,0.0,0.0011812023047685194,0.0,3.420297719156646e-05,0.0,0.00017878001510614975,0.0,2.5883118679741964e-05,0.0,9.037624552564801e-05,0.0,3.552655978103211e-05,0.0,0.0006693011586556859,0.0,3.4641969015174155e-05,0.0,0.0004264680603443773,0.0,1.2804288417100906e-05,0.0,0.0,4.736698743647093e-07,0.003896570430611664,0.0031649762729428848,0.002309722907888065,3.327253329598248e-10,8.750448015126042e-05,4.735033967936376e-07,0.00021438340439736467,0.0,0.005401927166669037,0.0,0.00016333297504194128,0.0,0.000789964255296959,0.0,0.00011728295130924609,0.0,0.0004657643771021621,0.0,0.00016620800883140205,0.0,0.0027848045406101635,0.0,0.00014259670890352262,0.0,0.0032387720713825344,0.0,5.990145552270817e-05,0.0,0.0
GenerativeAdversarialNetwork,0.0001,8.0,45.0,True,143.0,2.7232628702901483e-07,0.0007801509771064285,0.0006782910573193327,0.0004895860454785535,1.33489031748105e-09,1.756665409816243e-05,2.7165499658918764e-07,4.38717949502873e-05,0.0,0.0011817675918386623,0.0,3.421289791074403e-05,0.0,0.00017858214294814035,0.0,2.586352074082007e-05,0.0,8.959856356250629e-05,0.0,3.5436256635542506e-05,0.0,0.0006693522885160626,0.0,3.4512946949493534e-05,0.0,0.00042639459882463725,0.0,1.28113775140031e-05,0.0,0.0,3.8765611181199643e-07,0.003899490308461699,0.003164948157544406,0.002309514104195361,2.245291136802946e-10,8.73231182589471e-05,3.8754381495674357e-07,0.00021396933486626582,0.0,0.005405383021663518,0.0,0.00016233377720949784,0.0,0.0007895016632739853,0.0,0.00011730829031212525,0.0,0.0004615544710519179,0.0,0.0001650982471944401,0.0,0.0027820003107658724,0.0,0.00014301709268452987,0.0,0.0032332809466236044,0.0,5.990953284239619e-05,0.0,0.0
GenerativeAdversarialNetwork,0.0001,8.0,45.0,True,144.0,1.6978998182748125e-07,0.0007808002018221626,0.0006782322559716567,0.0004895521061761039,1.2013304038282268e-10,1.7531252543961585e-05,1.6972991105073666e-07,4.38700829233442e-05,0.0,0.0011813493879905671,0.0,3.427570319239984e-05,0.0,0.00017659992702566388,0.0,2.597577146924731e-05,0.0,8.900895353276132e-05,0.0,3.567106790860708e-05,0.0,0.0006641762838209414,0.0,3.464607085098796e-05,0.0,0.00042365258434069443,0.0,1.2830152073398112e-05,0.0,0.0,4.7018295175940644e-07,0.003906399199047928,0.0031649699001192297,0.0023094676200698756,3.297816527196599e-10,8.729961261434375e-05,4.700179385320055e-07,0.00021389684399718758,0.0,0.005404546649286955,0.0,0.00016243820248534844,0.0,0.0007832487517932676,0.0,0.0001171343614282848,0.0,0.000461160808614215,0.0,0.00016655958017463204,0.0,0.002772504803519579,0.0,0.0001424244669435909,0.0,0.003241461028093062,0.0,5.998373992225659e-05,0.0,0.0
GenerativeAdversarialNetwork,0.0001,8.0,45.0,True,145.0,1.7859381209366085e-07,0.0007831728201349469,0.0006782349068520846,0.000489493184333863,1.3596077243983263e-10,1.749801487132224e-05,1.7852581817169757e-07,4.371469012007238e-05,0.0,0.0011826715747691818,0.0,3.399888199134015e-05,0.0,0.00017652580278581685,0.0,2.5959544867839452e-05,0.0,8.853140344838247e-05,0.0,3.5471538950330165e-05,0.0,0.0006657744835650504,0.0,3.442767947269579e-05,0.0,0.0004239753491152329,0.0,1.2827970619712556e-05,0.0,0.0,4.597094166971181e-07,0.00391528216547936,0.003164960153447757,0.00230912779862026,3.261838709685944e-10,8.692879979527972e-05,4.5954627966004535e-07,0.00021318702390358882,0.0,0.005406991906213522,0.0,0.00016176544785874444,0.0,0.0007817380177149982,0.0,0.00011764899036794338,0.0,0.0004568136057013986,0.0,0.00016451142025443742,0.0,0.0027820601028466373,0.0,0.0001422573560438816,0.0,0.0032231736483064087,0.0,6.004039245019169e-05,0.0,0.0
GenerativeAdversarialNetwork,0.0001,8.0,45.0,True,146.0,1.9597952650116903e-07,0.0007837976246188593,0.0006782431004824985,0.0004894869989461976,1.7920468104357424e-10,1.747438538508274e-05,1.9588982237683673e-07,4.371081923217465e-05,0.0,0.0011824858705102666,0.0,3.416242574986743e-05,0.0,0.0001761241140712625,0.0,2.590170245607587e-05,0.0,8.836789232379985e-05,0.0,3.5423943597190783e-05,0.0,0.000665512970194341,0.0,3.4480536421836226e-05,0.0,0.0004237690624201073,0.0,1.2823556251121017e-05,0.0,0.0,4.761529893836932e-07,0.003915327150116926,0.0031649661513994324,0.002309078315518937,3.4675108905795017e-10,8.68291658519199e-05,4.759795104194456e-07,0.00021314672516576898,0.0,0.0054078618246162224,0.0,0.00016109106488197854,0.0,0.000782382328930141,0.0,0.00011783940190414212,0.0,0.0004535055010573669,0.0,0.00016488116117393446,0.0,0.002783403269149972,0.0,0.00014274594309569906,0.0,0.0032240688425939786,0.0,5.9997815193620115e-05,0.0,0.0
GenerativeAdversarialNetwork,0.0001,8.0,45.0,True,147.0,2.537744974521694e-07,0.0007859166420373634,0.0006782745093990851,0.0004894377568340044,8.415720256041852e-10,1.743401845068623e-05,2.5335194278167025e-07,4.3638823729641034e-05,0.0,0.0011827450828573807,0.0,3.399501612404929e-05,0.0,0.0001750248823204452,0.0,2.59361162058748e-05,0.0,8.786298997318648e-05,0.0,3.553414591801456e-05,0.0,0.0006632844232163339,0.0,3.448636534641374e-05,0.0,0.0004213204522017199,0.0,1.2844090533224398e-05,0.0,0.0,4.2730852494414594e-07,0.003929784837758766,0.0031649474078004466,0.0023090245213898473,2.844881730609659e-10,8.677024066260776e-05,4.2716616328290237e-07,0.00021302472776586905,0.0,0.005407450273114386,0.0,0.000161324106391121,0.0,0.0007808633476683179,0.0,0.00011737058934925487,0.0,0.00045444835094535875,0.0,0.00016498132228101576,0.0,0.0027691099628712394,0.0,0.0001424175318119661,0.0,0.0032328423464073326,0.0,6.007380877275887e-05,0.0,0.0
GenerativeAdversarialNetwork,0.0001,8.0,45.0,True,148.0,2.773414810584743e-07,0.0007868210742415765,0.0006782782848954522,0.0004894249040804141,7.935766449484536e-10,1.7439057884833242e-05,2.7694320572901645e-07,4.3612721594517444e-05,0.0,0.0011829843846529655,0.0,3.415277865376434e-05,0.0,0.0001758961785193081,0.0,2.5921418379259237e-05,0.0,8.745699357793658e-05,0.0,3.5440436290762815e-05,0.0,0.000663857495367045,0.0,3.443742196032943e-05,0.0,0.00042038501272947,0.0,1.2840827138758091e-05,0.0,0.0,5.121821129061985e-07,0.003940595021037935,0.003164968400631311,0.0023087718576755164,4.32240082999149e-10,8.657482107105495e-05,5.1196589341106e-07,0.00021260662836098822,0.0,0.0054113609110158665,0.0,0.00016064577554381868,0.0,0.0007814068183209161,0.0,0.00011729598982529071,0.0,0.00045126493809358127,0.0,0.0001649268018374653,0.0,0.0027796927862947093,0.0,0.00014279887033333567,0.0,0.0032034220185669714,0.0,6.0059862363638366e-05,0.0,0.0
GenerativeAdversarialNetwork,0.0001,8.0,45.0,True,149.0,2.6479761246114846e-07,0.0007880004750429138,0.000678278525884582,0.0004893779112000992,1.0533041848130433e-09,1.7371928605509575e-05,2.642683698946354e-07,4.351186262308105e-05,0.0,0.0011830514121723057,0.0,3.3963501774718496e-05,0.0,0.0001739874642814266,0.0,2.5936876827815792e-05,0.0,8.68807584448966e-05,0.0,3.535693104697688e-05,0.0,0.0006639485892581168,0.0,3.4366789552561355e-05,0.0,0.00042109918401569046,0.0,1.2853288285012516e-05,0.0,0.0,4.119648573972847e-07,0.0039423535454947995,0.0031649380360009535,0.0023086432765864725,2.765814411879615e-10,8.627497620365155e-05,4.1182656844187554e-07,0.00021239056152367743,0.0,0.005409282590999634,0.0,0.00016054348235235275,0.0,0.0007759663481382454,0.0,0.00011741429707914028,0.0,0.00045030667159542346,0.0,0.00016437206159597672,0.0,0.002770845057829371,0.0,0.0001427093227891802,0.0,0.003210648050848043,0.0,6.012398304429444e-05,0.0,0.0
GenerativeAdversarialNetwork,0.0001,8.0,45.0,True,150.0,2.7522855081201363e-07,0.0007897888553753053,0.0006782916999570122,0.0004893243714484243,1.6077123747297909e-09,1.734607122497096e-05,2.7441942902417436e-07,4.341488960136301e-05,0.0,0.0011836281559775743,0.0,3.402202698901657e-05,0.0,0.00017316537002990187,0.0,2.5911633216467186e-05,0.0,8.63009486397643e-05,0.0,3.526627394870285e-05,0.0,0.000662524062346898,0.0,3.431808715560687e-05,0.0,0.0004186416973643547,0.0,1.2874521686622718e-05,0.0,0.0,3.5680920901889886e-07,0.00395543395348315,0.0031649297888173998,0.002308447968285039,1.887845016581024e-10,8.620954932844113e-05,3.5671478173250345e-07,0.00021197778061500885,0.0,0.005412867098896803,0.0,0.00016025358916453596,0.0,0.0007727977427296668,0.0,0.00011704289266523326,0.0,0.00044865611026871877,0.0,0.0001640909193259365,0.0,0.0027709905081575023,0.0,0.00014242830938138303,0.0,0.003202930561401559,0.0,6.021610783331049e-05,0.0,0.0
GenerativeAdversarialNetwork,0.0001,8.0,45.0,True,151.0,1.48619700620463e-07,0.0007926799216360416,0.0006782229377253037,0.000489281997526431,9.489840240373228e-11,1.7291851181064977e-05,1.4857223039026048e-07,4.33148891537016e-05,0.0,0.001183630253782341,0.0,3.381500728528776e-05,0.0,0.0001733111082061603,0.0,2.5898720215594352e-05,0.0,8.598729124609029e-05,0.0,3.513967181553416e-05,0.0,0.000661584767048571,0.0,3.422562514916263e-05,0.0,0.0004179206177230794,0.0,1.2875210764915796e-05,0.0,0.0,3.772945303994131e-07,0.0039645725826047504,0.0031649339124091764,0.002308241601260203,2.1715960127256943e-10,8.601526606757686e-05,3.771859172837071e-07,0.00021145370958736107,0.0,0.005415456869456793,0.0,0.0001597230633099874,0.0,0.0007722581145148608,0.0,0.0001168128618466779,0.0,0.00044784362211167436,0.0,0.00016288100829664267,0.0,0.0027716738997765307,0.0,0.00014222965066163046,0.0,0.0031941315662935843,0.0,6.022941578859053e-05,0.0,0.0
GenerativeAdversarialNetwork,0.0001,8.0,45.0,True,152.0,2.576410315423762e-07,0.0007935911015358897,0.0006782849522613772,0.0004892578182837392,1.3605976387482787e-09,1.7290896010607722e-05,2.5695664045649436e-07,4.327660702630837e-05,0.0,0.001184319034707544,0.0,3.3965384502295215e-05,0.0,0.00017425932010229063,0.0,2.5930513208606492e-05,0.0,8.534356911548708e-05,0.0,3.50401182018843e-05,0.0,0.0006613262660419845,0.0,3.416807393259758e-05,0.0,0.00041788551363983564,0.0,1.2905579160728223e-05,0.0,0.0,3.430020040686026e-07,0.003975873473305373,0.00316492941394542,0.0023081703755840565,1.7236211619401386e-10,8.616422496314319e-05,3.4291583659572514e-07,0.00021121404924482668,0.0,0.005418095045090902,0.0,0.00015899546022685068,0.0,0.0007745063154952331,0.0,0.00011620750217317784,0.0,0.0004483939341779025,0.0,0.00016356564167910401,0.0,0.002770903725294197,0.0,0.0001416431985936075,0.0,0.003210614687241848,0.0,6.030124477432959e-05,0.0,0.0
GenerativeAdversarialNetwork,0.0001,8.0,45.0,True,153.0,1.4618549075773403e-07,0.0007937500740318607,0.0006782229377253037,0.0004892113877113938,9.018064761552416e-11,1.722377049673921e-05,1.461403837428752e-07,4.319527821560112e-05,0.0,0.0011846900930971723,0.0,3.400991979554657e-05,0.0,0.00017296645358566326,0.0,2.5941656445557215e-05,0.0,8.537499811450104e-05,0.0,3.509287724919075e-05,0.0,0.0006593375032481479,0.0,3.407623950201225e-05,0.0,0.0004146491501209228,0.0,1.2897002709040424e-05,0.0,0.0,4.0365205294271027e-07,0.003974491320316147,0.0031649432842086695,0.0023079002803226686,2.4709867694960023e-10,8.571316025354577e-05,4.0352840742400887e-07,0.0002106334428367375,0.0,0.005420712298456405,0.0,0.0001587748129225377,0.0,0.0007720640245473609,0.0,0.00011656952307284253,0.0,0.00044426771829713063,0.0,0.00016229998015757628,0.0,0.0027616128981488306,0.0,0.00014133364805635416,0.0,0.003188889356529188,0.0,6.0307652742232916e-05,0.0,0.0
GenerativeAdversarialNetwork,0.0001,8.0,45.0,True,154.0,1.5597581143887598e-07,0.0007966408189737572,0.0006782243033303726,0.0004891825493455255,1.0683106750234389e-10,1.7230528233587903e-05,1.5592236943214107e-07,4.313451381063847e-05,0.0,0.0011848866648380926,0.0,3.384876333558656e-05,0.0,0.00017284164129884415,0.0,2.5895193239267302e-05,0.0,8.472634574795026e-05,0.0,3.4972824497685596e-05,0.0,0.00065998937884431,0.0,3.41359822134766e-05,0.0,0.00041461368455398434,0.0,1.2906240625683509e-05,0.0,0.0,4.226171339088875e-07,0.003986868093598564,0.0031649436590806494,0.002307620813261788,2.850686954137264e-10,8.54912594710506e-05,4.224745434439454e-07,0.000210118017294122,0.0,0.005423352029388111,0.0,0.00015867210971484396,0.0,0.000766635925140021,0.0,0.0001164255605178809,0.0,0.00044384191058716686,0.0,0.00016247416676590278,0.0,0.002751228756874612,0.0,0.00014072668346219093,0.0,0.0031799272921100353,0.0,6.034119206966844e-05,0.0,0.0
GenerativeAdversarialNetwork,0.0001,8.0,45.0,True,155.0,1.5977650889913448e-07,0.0007976604439820241,0.00067822767717819,0.00048917644428757,1.2215842234140678e-10,1.72316766974097e-05,1.5971539869987358e-07,4.315545978250529e-05,0.0,0.001184681654562339,0.0,3.376638019743634e-05,0.0,0.0001725239975433144,0.0,2.5891718979312403e-05,0.0,8.412696561723385e-05,0.0,3.52213796820602e-05,0.0,0.0006576909851835101,0.0,3.426257932603841e-05,0.0,0.0004132798900501426,0.0,1.2905953195940132e-05,0.0,0.0,3.920232880063964e-07,0.0039920334546071174,0.003164933162665217,0.0023076361830129564,2.465993307527837e-10,8.548328172673219e-05,3.91899962812873e-07,0.0002102069322418117,0.0,0.005421899957888193,0.0,0.00015861777670728334,0.0,0.0007643306499007363,0.0,0.0001162935587220222,0.0,0.0004417612305227316,0.0,0.00016239875892423234,0.0,0.0027578435603927516,0.0,0.00014140476829975655,0.0,0.0031858585165731564,0.0,6.0358307318492506e-05,0.0,0.0
GenerativeAdversarialNetwork,0.0001,8.0,45.0,True,156.0,1.7390533013399842e-07,0.0007988772784281934,0.0006782362724571537,0.0004891268406916822,2.204312515687592e-10,1.7163434098512336e-05,1.7379495522981343e-07,4.307179136899604e-05,0.0,0.001185074560475763,0.0,3.3888539093523977e-05,0.0,0.0001709878525001341,0.0,2.592390608996394e-05,0.0,8.353489549012197e-05,0.0,3.508383764651908e-05,0.0,0.0006564061516378767,0.0,3.4271114357719526e-05,0.0,0.0004125053108220473,0.0,1.2934617095719773e-05,0.0,0.0,3.6017054127406257e-07,0.003999812423058276,0.003164922666249785,0.002307442749071421,2.072341012978924e-10,8.52610412165054e-05,3.600668931986153e-07,0.0002100182076295217,0.0,0.005423804870144066,0.0,0.0001584551291270826,0.0,0.0007610009432588733,0.0,0.00011629163750312614,0.0,0.00043819596370061237,0.0,0.00016387581309807375,0.0,0.0027492078220319447,0.0,0.00014144592221428015,0.0,0.003171412075090708,0.0,6.041995032965762e-05,0.0,0.0
GenerativeAdversarialNetwork,0.0001,8.0,45.0,True,157.0,1.7710222117100764e-07,0.0008006911232786359,0.0006782429398230786,0.0004890541824690416,3.951011760947503e-10,1.7106416321427353e-05,1.769040837053039e-07,4.29336845151819e-05,0.0,0.001185193022987892,0.0,3.387613568424857e-05,0.0,0.00017095178446037106,0.0,2.5887742658670378e-05,0.0,8.2987202507145e-05,0.0,3.497606278911755e-05,0.0,0.0006552820578418331,0.0,3.429009727229969e-05,0.0,0.0004085448954625914,0.0,1.2936278916594152e-05,0.0,0.0,2.9948045175270696e-07,0.004006390676558393,0.003164905422138718,0.0023071788391976988,1.3786042887278891e-10,8.493689410154175e-05,2.9941149031796125e-07,0.00020952843738801825,0.0,0.0054241977974657995,0.0,0.00015797469554082404,0.0,0.0007574360044497364,0.0,0.00011640949959649979,0.0,0.0004339090683175333,0.0,0.00016390900098302828,0.0,0.0027319556512172866,0.0,0.00014122552091970383,0.0,0.003171936146118356,0.0,6.04506605451212e-05,0.0,0.0
GenerativeAdversarialNetwork,0.0001,8.0,45.0,True,158.0,2.1152108963553836e-07,0.000801173181867985,0.0006782672797251905,0.000489058841592218,1.1706584955685185e-09,1.711632448908775e-05,2.1093240386813958e-07,4.295780351059135e-05,0.0,0.001185632026111769,0.0,3.3869079221291044e-05,0.0,0.00016959620052270813,0.0,2.5870132880069495e-05,0.0,8.241975343612969e-05,0.0,3.5189285452635783e-05,0.0,0.0006543042042827349,0.0,3.423606048054451e-05,0.0,0.0004083272019486543,0.0,1.2925064135995515e-05,0.0,0.0,2.399407185865976e-07,0.004014020820833602,0.003164891926747448,0.0023071033024937852,8.356004916649966e-11,8.489549417728149e-05,2.398989390312407e-07,0.00020926077879449858,0.0,0.005427127603278013,0.0,0.00015718765181940307,0.0,0.0007574476723401052,0.0,0.00011658608772844639,0.0,0.00043333392098264875,0.0,0.00016262629450117266,0.0,0.0027422428880847474,0.0,0.0001412703532655284,0.0,0.0031669499739161075,0.0,6.041237088681767e-05,0.0,0.0
GenerativeAdversarialNetwork,0.0001,8.0,45.0,True,159.0,1.1107859322851438e-07,0.0008038901736472816,0.0006782128965115611,0.0004889967065615795,5.1882963932890034e-11,1.706507789960126e-05,1.1105264688909776e-07,4.280393697180838e-05,0.0,0.001186361840599846,0.0,3.3827651683692985e-05,0.0,0.00016915135467148856,0.0,2.5846910062986565e-05,0.0,8.210628682551679e-05,0.0,3.481578242505657e-05,0.0,0.0006536655429238579,0.0,3.411676835098035e-05,0.0,0.00040890621849790093,0.0,1.2938043659909395e-05,0.0,0.0,3.157624203869897e-07,0.004028098763159986,0.0031649207918898864,0.0023068594482709777,1.479143516265157e-10,8.473142325503272e-05,3.1568844815124554e-07,0.00020872070541921652,0.0,0.0054314792290931216,0.0,0.00015707943096475782,0.0,0.0007543384841403122,0.0,0.00011640476683775584,0.0,0.00043204946900313754,0.0,0.00016224371421637025,0.0,0.002741462966930941,0.0,0.00014056234895808143,0.0,0.0031610592356267966,0.0,6.045743167025488e-05,0.0,0.0
GenerativeAdversarialNetwork,0.0001,8.0,45.0,True,160.0,1.1390722471269254e-07,0.0008036315923109852,0.0006782138604680805,0.0004889606385218166,5.308162175757913e-11,1.702429299968272e-05,1.138806900209082e-07,4.2733603290149146e-05,0.0,0.0011867276990616988,0.0,3.3824009233407895e-05,0.0,0.00016759913364510653,0.0,2.5862278140619437e-05,0.0,8.175806255353429e-05,0.0,3.472563993898685e-05,0.0,0.0006529122109040417,0.0,3.406743586786352e-05,0.0,0.0004089386315358617,0.0,1.2947772340874146e-05,0.0,0.0,3.1401490925887377e-07,0.004027418370516795,0.003164918542658008,0.0023068212113290464,1.4565770811714174e-10,8.477298718578411e-05,3.1394208104162235e-07,0.00020868080498287513,0.0,0.005431343946352194,0.0,0.000156900499882938,0.0,0.0007499522945416049,0.0,0.00011652141059719541,0.0,0.00043071614308927045,0.0,0.00016266699154047096,0.0,0.002730799358595842,0.0,0.00014040667165375357,0.0,0.003183025234150437,0.0,6.053873788823122e-05,0.0,0.0
GenerativeAdversarialNetwork,0.0001,8.0,45.0,True,161.0,1.1172417266987204e-07,0.0008054030230745794,0.0006782132981601109,0.0004889199916885869,5.103097339726588e-11,1.7001136705640835e-05,1.1169864798298563e-07,4.268533015508215e-05,0.0,0.001186668449319559,0.0,3.384851481554643e-05,0.0,0.00016925823335056357,0.0,2.585760395562231e-05,0.0,8.117792640895535e-05,0.0,3.493971610567319e-05,0.0,0.0006497363356567136,0.0,3.402215501449179e-05,0.0,0.00040520113112148894,0.0,1.2938467901190014e-05,0.0,0.0,3.0160638131787004e-07,0.004044636240545308,0.0031649140441942516,0.0023064903868069437,1.3368404636252503e-10,8.437007595345658e-05,3.0153954775752087e-07,0.00020797862290586317,0.0,0.005436124338912036,0.0,0.00015683080883895827,0.0,0.0007488883141451662,0.0,0.00011626463500583697,0.0,0.0004288031245177647,0.0,0.00016312105522590614,0.0,0.0027300263725736607,0.0,0.0001393476700257955,0.0,0.003158728281656901,0.0,6.049266963634851e-05,0.0,0.0
GenerativeAdversarialNetwork,0.0001,8.0,45.0,True,162.0,1.2346110618899193e-07,0.0008065892519012616,0.0006782168326673482,0.0004889192285563426,6.404990703730179e-11,1.6965430149572558e-05,1.2342906059669656e-07,4.268673592500609e-05,0.0,0.0011864457970358576,0.0,3.3735862438569495e-05,0.0,0.00016807473573401933,0.0,2.581423595346852e-05,0.0,8.113985514705072e-05,0.0,3.485950689029822e-05,0.0,0.0006506852705202334,0.0,3.408653425640173e-05,0.0,0.00040727239252743376,0.0,1.2951149954146773e-05,0.0,0.0,3.2819385157821923e-07,0.00404924416692002,0.0031649204170179066,0.002306373989057241,1.591497527754443e-10,8.424928517274136e-05,3.281142278911206e-07,0.00020779516993078796,0.0,0.005436328932367398,0.0,0.0001561962091510401,0.0,0.0007485602074449167,0.0,0.00011637641714428955,0.0,0.00042744177692341355,0.0,0.00016163263774517946,0.0,0.002722151999203664,0.0,0.0001402411305304593,0.0,0.0031561450388446544,0.0,6.052583409180431e-05,0.0,0.0
GenerativeAdversarialNetwork,0.0001,8.0,45.0,True,163.0,1.3153691904122297e-07,0.0008082353683173496,0.0006782177966238675,0.0004889059741542025,7.792213834346632e-11,1.7011966154662103e-05,1.3149794069686126e-07,4.265420741308732e-05,0.0,0.0011870110343493367,0.0,3.383294591363871e-05,0.0,0.00016723390457765112,0.0,2.577450036038607e-05,0.0,8.048376224111675e-05,0.0,3.4810046381706175e-05,0.0,0.0006537105677262792,0.0,3.404783792894163e-05,0.0,0.00040549650346493785,0.0,1.2980742666197594e-05,0.0,0.0,3.383308850410365e-07,0.004051527137276511,0.003164917043170089,0.002306251218483883,1.791659203946958e-10,8.42320703485477e-05,3.3824126263231085e-07,0.00020756089837296204,0.0,0.005436534137506184,0.0,0.0001563577672595498,0.0,0.0007405834940244567,0.0,0.00011609564974622906,0.0,0.00042521091377210315,0.0,0.00016194384006209343,0.0,0.002719116285911896,0.0,0.00013994020204873955,0.0,0.0031612901567663037,0.0,6.0650906613412894e-05,0.0,0.0
GenerativeAdversarialNetwork,0.0001,8.0,45.0,True,164.0,1.2846221898511716e-07,0.0008086572599539538,0.0006782200458557458,0.000488858338636208,1.0938908838341381e-10,1.693304849040476e-05,1.2840746299142766e-07,4.25938044918194e-05,0.0,0.0011870229276240464,0.0,3.390406532027329e-05,0.0,0.0001672947844565718,0.0,2.579763782715219e-05,0.0,7.998149068850391e-05,0.0,3.487014806656182e-05,0.0,0.0006500262857447416,0.0,3.417989495147592e-05,0.0,0.0004009642610652749,0.0,1.2952836878055511e-05,0.0,0.0,2.8167613771006045e-07,0.004060464460145003,0.0031648994241870424,0.0023061007073840257,1.2292296600588306e-10,8.394889556949244e-05,2.8161468103662743e-07,0.00020741519032034484,0.0,0.005435814557094276,0.0,0.00015631707022025152,0.0,0.0007398829051533585,0.0,0.00011614589430626083,0.0,0.0004256931397150148,0.0,0.00016247430734289518,0.0,0.0027053236211620787,0.0,0.0001405410163994855,0.0,0.0031313296384031667,0.0,6.0544396112175106e-05,0.0,0.0
GenerativeAdversarialNetwork,0.0001,8.0,45.0,True,165.0,1.422605136656667e-07,0.000809191532854764,0.000678223821352113,0.000488809016194305,1.3396098725662167e-10,1.6863363722183632e-05,1.4219346110749178e-07,4.2492649304577606e-05,0.0,0.0011872925842723323,0.0,3.3883408033301565e-05,0.0,0.00016766389947374554,0.0,2.5783389344851603e-05,0.0,7.983356352764963e-05,0.0,3.480996856229967e-05,0.0,0.0006494066223622654,0.0,3.405009720203369e-05,0.0,0.0004000869401381665,0.0,1.294183045264203e-05,0.0,0.0,3.092735017351103e-07,0.0040532196842649445,0.003164905422138718,0.0023059511334641175,1.5358402460360194e-10,8.37880052016966e-05,3.09196692333504e-07,0.00020694001665655173,0.0,0.005437830825570652,0.0,0.0001560699592971202,0.0,0.0007387750178762952,0.0,0.00011663496166280231,0.0,0.0004222238869787012,0.0,0.00016023069854427435,0.0,0.002715387059457647,0.0,0.00013997230046200302,0.0,0.0031456729900911917,0.0,6.0565541234781155e-05,0.0,0.0
GenerativeAdversarialNetwork,0.0001,8.0,45.0,True,166.0,1.1154214625317111e-07,0.0008104962480036075,0.0006782107276093928,0.0004887811819498109,5.574969536628683e-11,1.685899704935737e-05,1.1151424854506822e-07,4.244258883346445e-05,0.0,0.0011877617138379402,0.0,3.394736052362745e-05,0.0,0.00016632473292055156,0.0,2.5805306804148013e-05,0.0,7.942350546144089e-05,0.0,3.4715380328845466e-05,0.0,0.0006490231283270124,0.0,3.4004901698978764e-05,0.0,0.0003996102636393832,0.0,1.2957019043579256e-05,0.0,0.0,2.7984833936412005e-07,0.004058852135760229,0.0031648994241870424,0.0023058508552095424,1.1901101487946674e-10,8.379596537389095e-05,2.797888275221248e-07,0.0002067999316836303,0.0,0.005439653353603974,0.0,0.0001552397350095353,0.0,0.0007404596925531543,0.0,0.00011618681392579708,0.0,0.0004220255797014296,0.0,0.00016146740120536875,0.0,0.0026977946923213937,0.0,0.00013986678571446137,0.0,0.003136400344236842,0.0,6.064541239596013e-05,0.0,0.0
GenerativeAdversarialNetwork,0.0001,8.0,45.0,True,167.0,9.331707855199547e-08,0.0008126474776357975,0.0006782068717833157,0.0004887749162324355,4.0207990276587095e-11,1.6854786015344115e-05,9.329696670689211e-08,4.242789853775919e-05,0.0,0.001187934340862544,0.0,3.3834206085963394e-05,0.0,0.00016726061420620613,0.0,2.5732952328223103e-05,0.0,7.925791580561357e-05,0.0,3.4761369087786045e-05,0.0,0.0006488333895521344,0.0,3.402454733366594e-05,0.0,0.0003988552446956583,0.0,1.293902644370444e-05,0.0,0.0,2.269183560830992e-07,0.004069217720871452,0.0031648874282836914,0.002305555268653534,7.353120209155298e-11,8.356905653604172e-05,2.2688156444837087e-07,0.00020612755192900604,0.0,0.005444124938520943,0.0,0.00015520155664135076,0.0,0.0007355051501741949,0.0,0.00011639077942701256,0.0,0.0004203784390815399,0.0,0.00016085004562851768,0.0,0.002705473944825946,0.0,0.00013909890732300356,0.0,0.00312684898106557,0.0,6.0534075417983457e-05,0.0,0.0
GenerativeAdversarialNetwork,0.0001,8.0,45.0,True,168.0,1.0059197713191699e-07,0.0008121151326480259,0.000678213217830401,0.000488726196263357,7.299598960626074e-11,1.6817378728698205e-05,1.0055545025575414e-07,4.231709374411087e-05,0.0,0.001188408648502108,0.0,3.381953838298906e-05,0.0,0.00016530212567180316,0.0,2.5743922354236767e-05,0.0,7.84014203558071e-05,0.0,3.455908883694369e-05,0.0,0.0006483505276656858,0.0,3.3961420733170365e-05,0.0,0.00039957431609418515,0.0,1.2937569212560062e-05,0.0,0.0,2.147750116287256e-07,0.004073603723034169,0.0031648874282836914,0.0023053942611382444,6.70257643935845e-11,8.328956604566215e-05,2.1474149188688668e-07,0.00020588182334629995,0.0,0.0054426427511247814,0.0,0.00015492225358696105,0.0,0.0007327920610799729,0.0,0.00011612067245087533,0.0,0.00041882323581467635,0.0,0.00016043759273283136,0.0,0.0026906404480244376,0.0,0.00013939974208672842,0.0,0.0031215908392420353,0.0,6.060148208583676e-05,0.0,0.0
GenerativeAdversarialNetwork,0.0001,8.0,45.0,True,169.0,1.3129137018055346e-07,0.0008139410269549593,0.0006782300870694883,0.0004887032621311691,3.4385082023380657e-10,1.6772225900801688e-05,1.3111894371331922e-07,4.2290092920357325e-05,0.0,0.001188803610832987,0.0,3.393187948233998e-05,0.0,0.0001661834530431948,0.0,2.5692373273186287e-05,0.0,7.853884942769361e-05,0.0,3.4585891346725814e-05,0.0,0.0006468835866676187,0.0,3.388623714527351e-05,0.0,0.0003994851099512969,0.0,1.29553660087669e-05,0.0,0.0,1.944345229893993e-07,0.004084072023067834,0.0031648739328924216,0.002305328845977783,5.377993508248397e-11,8.329073752059876e-05,1.9440761567444875e-07,0.00020578766019089417,0.0,0.005444629187624997,0.0,0.00015479749150621065,0.0,0.0007320963924036086,0.0,0.00011624686373104839,0.0,0.0004171397326127538,0.0,0.00016067409009303687,0.0,0.002693436618121165,0.0,0.0001393900657037519,0.0,0.003128635433484923,0.0,6.0659177226465453e-05,0.0,0.0
GenerativeAdversarialNetwork,0.0001,8.0,45.0,True,170.0,7.7274479444209e-08,0.0008157482044394768,0.0006782013290333298,0.0004887018161963902,2.6006139440189656e-11,1.6790203438855887e-05,7.726146705100951e-08,4.224958164351327e-05,0.0,0.0011892593845057842,0.0,3.359272242636694e-05,0.0,0.0001670788079901847,0.0,2.568373029845744e-05,0.0,7.833414422373244e-05,0.0,3.4494162348884775e-05,0.0,0.0006477766522178753,0.0,3.381576037631845e-05,0.0,0.00039962645007593614,0.0,1.295384602003663e-05,0.0,0.0,1.9979724695660033e-07,0.004088243223586172,0.003164877681612219,0.0023053667080477347,5.7160744341864024e-11,8.330361788752694e-05,1.9976866937465028e-07,0.000205680657670183,0.0,0.005446178507786186,0.0,0.00015398974782265958,0.0,0.0007344603351077194,0.0,0.00011600808199471648,0.0,0.0004175967015560318,0.0,0.00016016024604158583,0.0,0.002697322353626947,0.0,0.00013871574130073282,0.0,0.003137675846147837,0.0,6.062063570105055e-05,0.0,0.0
GenerativeAdversarialNetwork,0.0001,8.0,45.0,True,171.0,8.395989307809893e-08,0.00081593095452959,0.0006782047832108572,0.0004886413680896605,4.036585142212625e-11,1.6738521311723317e-05,8.39397027860132e-08,4.2157659352307694e-05,0.0,0.0011894336689453236,0.0,3.3545993127912845e-05,0.0,0.000164685384282526,0.0,2.5672823030029668e-05,0.0,7.746485124701117e-05,0.0,3.448979944151367e-05,0.0,0.0006464548670056695,0.0,3.394322856417242e-05,0.0,0.0003974609619202318,0.0,1.2958855330542413e-05,0.0,0.0,1.9738975155999028e-07,0.00408823235229876,0.0031648761821242996,0.002305222194899553,5.5586048691958075e-11,8.328666078781932e-05,1.9736195191061534e-07,0.0002055158780055976,0.0,0.005446132779508346,0.0,0.00015364213606471535,0.0,0.0007331310390676343,0.0,0.00011604531146820236,0.0,0.0004144226605037473,0.0,0.00016104262439334917,0.0,0.0026925155576669945,0.0,0.00013905589076333076,0.0,0.003133484589978584,0.0,6.067468755462635e-05,0.0,0.0
GenerativeAdversarialNetwork,0.0001,8.0,45.0,True,172.0,8.716339327337225e-08,0.0008180743921799158,0.0006782046225514373,0.0004886224906078246,3.783762641332476e-11,1.6714575527250927e-05,8.714446793887714e-08,4.211327467726247e-05,0.0,0.0011894732638940758,0.0,3.373246850832453e-05,0.0,0.00016626207574679846,0.0,2.5581176872202005e-05,0.0,7.788862059058527e-05,0.0,3.436684728954038e-05,0.0,0.0006451514772970401,0.0,3.383566206195605e-05,0.0,0.00039813034939316085,0.0,1.2959308440312542e-05,0.0,0.0,2.141555713756162e-07,0.004098699527716487,0.003164879930844097,0.002304953973998064,6.62601322516918e-11,8.2931176718301e-05,2.1412241771969498e-07,0.00020491994870533732,0.0,0.005449589019886854,0.0,0.00015355900820321258,0.0,0.0007296843255091013,0.0,0.00011573567892770347,0.0,0.0004131855829706732,0.0,0.00015989932342895172,0.0,0.002693373827064562,0.0,0.00013859295901262535,0.0,0.003115640308871959,0.0,6.0698527069586625e-05,0.0,0.0
GenerativeAdversarialNetwork,0.0001,8.0,45.0,True,173.0,8.134846167633877e-08,0.0008179960707127245,0.0006782026143086888,0.0004886023278506297,3.984414834605873e-11,1.66887244224709e-05,8.132853614281853e-08,4.2051581460028646e-05,0.0,0.001190059582771479,0.0,3.370623081681542e-05,0.0,0.00016546180105273615,0.0,2.5609530749507347e-05,0.0,7.727607140804558e-05,0.0,3.415088588497388e-05,0.0,0.0006481326333274738,0.0,3.3798459365040144e-05,0.0,0.00039650905485744424,0.0,1.2974786971296584e-05,0.0,0.0,1.8912360017955208e-07,0.004107519515655325,0.0031648698093006446,0.00230499895863563,5.321943863937522e-11,8.303170098261264e-05,1.8909700174959458e-07,0.00020498180258199104,0.0,0.00544926192696815,0.0,0.00015360220048412588,0.0,0.0007274325632449216,0.0,0.00011581467148267998,0.0,0.0004114092989537701,0.0,0.00016078354099636558,0.0,0.002687579056002059,0.0,0.00013785419177334265,0.0,0.003145854428129376,0.0,6.074975566856516e-05,0.0,0.0
GenerativeAdversarialNetwork,0.0001,8.0,45.0,True,174.0,9.231160396730121e-08,0.0008204420300506838,0.0006782067914536057,0.0004885491495826494,5.928686711974854e-11,1.6657961909019078e-05,9.228193139622234e-08,4.19773994832026e-05,0.0,0.0011904742921343952,0.0,3.3700341644955455e-05,0.0,0.00016453436442783901,0.0,2.5536081781284507e-05,0.0,7.677844893739551e-05,0.0,3.4339959429441436e-05,0.0,0.0006437318906629824,0.0,3.376686970660629e-05,0.0,0.00039410466614437875,0.0,1.297169929807077e-05,0.0,0.0,2.0401533466101912e-07,0.004112057340969829,0.003164873558020442,0.002304695687204037,6.338335028042209e-11,8.278132164440815e-05,2.0398364534876867e-07,0.00020451717219262754,0.0,0.005452889255868838,0.0,0.00015345963198433883,0.0,0.0007238042242122146,0.0,0.0001162089430873499,0.0,0.0004082106100688191,0.0,0.00016004323912491587,0.0,0.002692873935279606,0.0,0.0001384231888648099,0.0,0.0031143166359115697,0.0,6.0788174189111724e-05,0.0,0.0
GenerativeAdversarialNetwork,0.0001,8.0,45.0,True,175.0,9.154178411762589e-08,0.0008209215984190249,0.0006782067914536057,0.0004885322803435621,6.545643691639133e-11,1.664993019317681e-05,9.150903250248927e-08,4.194065366151198e-05,0.0,0.0011903255283878045,0.0,3.356497102188614e-05,0.0,0.00016523965928111114,0.0,2.5542307333804846e-05,0.0,7.640455430248035e-05,0.0,3.427462627222596e-05,0.0,0.00064402240305898,0.0,3.379019795643351e-05,0.0,0.0003948998901079286,0.0,1.2976140024848383e-05,0.0,0.0,1.9569161627002342e-07,0.004117370401538393,0.003164870559044604,0.002304333935743608,5.8026897053961144e-11,8.232980005958545e-05,1.956626039610461e-07,0.0002036268043817964,0.0,0.005456392151165688,0.0,0.0001533446634340586,0.0,0.0007192816280718869,0.0,0.00011612732642851536,0.0,0.00040620040593657104,0.0,0.00015835397226630517,0.0,0.0026803393408937276,0.0,0.0001372723084575725,0.0,0.00311486413643795,0.0,6.079834844893629e-05,0.0,0.0
GenerativeAdversarialNetwork,0.0001,8.0,45.0,True,176.0,6.82945504114333e-08,0.0008204651650071465,0.0006781969108992831,0.0004885099888490538,2.1255028883998565e-11,1.660582165150951e-05,6.82839159423867e-08,4.190042855925958e-05,0.0,0.0011908539803491983,0.0,3.354245862067549e-05,0.0,0.00016440058533714788,0.0,2.5541514077919192e-05,0.0,7.602158241034197e-05,0.0,3.425466684960933e-05,0.0,0.0006436595537591816,0.0,3.371386967017001e-05,0.0,0.0003933837471625233,0.0,1.2986331856797006e-05,0.0,0.0,1.726509923036298e-07,0.004123528048677265,0.0031648660605808473,0.0023045802266342835,4.2139493851019215e-11,8.262445529301961e-05,1.726299194829925e-07,0.00020415841970803603,0.0,0.005452488525029455,0.0,0.0001529637466436662,0.0,0.000721474957166228,0.0,0.00011572435076506633,0.0,0.0004094211185503306,0.0,0.0001586504139990177,0.0,0.00267353541446182,0.0,0.0001383099189531878,0.0,0.00312473770207579,0.0,6.080658391774076e-05,0.0,0.0
GenerativeAdversarialNetwork,0.0001,8.0,45.0,True,177.0,5.660819558419207e-08,0.0008212438812153038,0.0006781932157326259,0.0004884846849904227,1.3323108414652164e-11,1.6591953480179418e-05,5.660153739656399e-08,4.185906879985429e-05,0.0,0.0011910081176599425,0.0,3.349106266813458e-05,0.0,0.0001634195788369346,0.0,2.5604658250538808e-05,0.0,7.549339950566664e-05,0.0,3.421675624712458e-05,0.0,0.0006437802089835113,0.0,3.376798177102827e-05,0.0,0.0003923703075419218,0.0,1.2984547031054279e-05,0.0,0.0,1.5017303095254814e-07,0.0041223438280933306,0.0031648608123731312,0.002304348555750817,3.1344673886484236e-11,8.241753181758916e-05,1.501573464590119e-07,0.00020370890134535494,0.0,0.005456308257200142,0.0,0.00015264460172668192,0.0,0.000716185747827374,0.0,0.00011619984072709233,0.0,0.0004058027136250862,0.0,0.0001589309002430934,0.0,0.0026755036797913366,0.0,0.00013764193222957587,0.0,0.00312356266585536,0.0,6.083458216872605e-05,0.0,0.0
GenerativeAdversarialNetwork,0.0001,8.0,45.0,True,178.0,6.081001697995542e-08,0.000821791247858834,0.000678197071558703,0.0004884587384941122,3.096095886406458e-11,1.651792337671123e-05,6.079452370093869e-08,4.181594931774062e-05,0.0,0.0011907353192157427,0.0,3.348221133822058e-05,0.0,0.00016437541201429548,0.0,2.5563657464524808e-05,0.0,7.545144731465054e-05,0.0,3.4241854260873926e-05,0.0,0.0006418867975553733,0.0,3.369903628716893e-05,0.0,0.0003927764143905228,0.0,1.2984357503144889e-05,0.0,0.0,1.3007410181797572e-07,0.004127705622019258,0.003164854814421456,0.0023042394680047183,2.292364062374412e-11,8.221003431943977e-05,1.300626387526779e-07,0.00020350972717663026,0.0,0.005454446433102231,0.0,0.00015198244894825438,0.0,0.0007193710818980475,0.0,0.00011587864572896897,0.0,0.00040551696745854505,0.0,0.00015877809305236024,0.0,0.002675839377649175,0.0,0.00013812562251615823,0.0,0.0031031090883338977,0.0,6.077802335878588e-05,0.0,0.0
GenerativeAdversarialNetwork,0.0001,8.0,45.0,True,179.0,4.9053540356354314e-08,0.00082405485875523,0.0006781911271601675,0.0004884265664452812,9.782934570251634e-12,1.6534925661880695e-05,4.904864722582941e-08,4.174716449330117e-05,0.0,0.00119145892587727,0.0,3.3578142584012843e-05,0.0,0.000162829798106556,0.0,2.5614779793991232e-05,0.0,7.454174347322263e-05,0.0,3.406993110947853e-05,0.0,0.0006430074773387446,0.0,3.364956322705971e-05,0.0,0.0003916834885219358,0.0,1.2994190361702218e-05,0.0,0.0,1.356224771061877e-07,0.004135669402356418,0.0031648566887813546,0.0023040417230354164,2.5865559868646032e-11,8.205679954035477e-05,1.3560953825703419e-07,0.0002030700960624143,0.0,0.005458599980680006,0.0,0.00015174862255090438,0.0,0.0007169331019779422,0.0,0.00011586735271057992,0.0,0.00040450818696112,0.0,0.00015741552712407502,0.0,0.0026755728436715946,0.0,0.0001379135269788826,0.0,0.0031038921958995314,0.0,6.087541978501674e-05,0.0,0.0
GenerativeAdversarialNetwork,0.0001,8.0,45.0,True,180.0,5.3403484363628505e-08,0.0008243908779319084,0.000678193135402916,0.0004883897754381287,1.1691943609747798e-11,1.647401063871191e-05,5.339763516050605e-08,4.166975426625691e-05,0.0,0.001191987772704719,0.0,3.32883857893494e-05,0.0,0.0001632693120732783,0.0,2.5509540343059683e-05,0.0,7.486876572238788e-05,0.0,3.401659720268532e-05,0.0,0.0006399984468989617,0.0,3.378879971741987e-05,0.0,0.0003903196908714315,0.0,1.2977334929283738e-05,0.0,0.0,1.4910194363866775e-07,0.004140338432863823,0.0031648630616050097,0.0023039187650260684,3.1834378599323427e-11,8.198356478469177e-05,1.4908601890124803e-07,0.00020288193375809387,0.0,0.005460202892828743,0.0,0.00015192928741563041,0.0,0.0007139874048203043,0.0,0.00011594872335967778,0.0,0.00040279000810107345,0.0,0.00015798444221229674,0.0,0.002674344388194054,0.0,0.00013789227642353226,0.0,0.0030951666756995817,0.0,6.079537875997196e-05,0.0,0.0
GenerativeAdversarialNetwork,0.0001,8.0,45.0,True,181.0,5.136324505220014e-08,0.000824541094489496,0.0006781920911166867,0.0004884010617623753,1.1104796627022235e-11,1.647512270313389e-05,5.135769002526155e-08,4.1689173973634876e-05,0.0,0.0011912301074814982,0.0,3.34346862735774e-05,0.0,0.00016354572660518143,0.0,2.5504015165197882e-05,0.0,7.483355118579299e-05,0.0,3.409762728728374e-05,0.0,0.0006403177574959727,0.0,3.3576051501250975e-05,0.0,0.00039082122941544114,0.0,1.2985729383972455e-05,0.0,0.0,1.3958120437810466e-07,0.0041435394646986475,0.003164858563141253,0.0023039631873556653,2.6924081412997385e-11,8.199399676900239e-05,1.395677507206294e-07,0.00020288467500944557,0.0,0.005458199403946258,0.0,0.00015167738516000832,0.0,0.0007138348787835559,0.0,0.00011592634818838828,0.0,0.0004019513257644461,0.0,0.00015724481979631028,0.0,0.002679592595910126,0.0,0.00013797204215196693,0.0,0.003101028548846455,0.0,6.077821079477574e-05,0.0,0.0
GenerativeAdversarialNetwork,0.0001,8.0,45.0,True,182.0,5.374335101178052e-08,0.0008260788461268751,0.000678193135402916,0.0004883343881031253,1.2444103848602419e-11,1.6417090763460914e-05,5.373713408842823e-08,4.1566234373178764e-05,0.0,0.0011917294572173281,0.0,3.3497704931025236e-05,0.0,0.0001614838938989408,0.0,2.5480531276557646e-05,0.0,7.37441096183746e-05,0.0,3.401141091578733e-05,0.0,0.0006389151605955674,0.0,3.357300650318356e-05,0.0,0.00038981694738177277,0.0,1.2997881762904298e-05,0.0,0.0,1.4431024506196098e-07,0.0041431762137503,0.003164860062629172,0.002303505468668428,2.8945745870082675e-11,8.139997111551417e-05,1.442957617878422e-07,0.00020204999911710151,0.0,0.005462976471655113,0.0,0.00015143698678826386,0.0,0.0007084005939885505,0.0,0.00011624802349123565,0.0,0.0003981837217912734,0.0,0.00015733993184641472,0.0,0.002661203813252959,0.0,0.00013723014707460343,0.0,0.0030761511070923233,0.0,6.088028726337841e-05,0.0,0.0
GenerativeAdversarialNetwork,0.0001,8.0,45.0,True,183.0,5.67461200879957e-08,0.000828012462574838,0.0006781935370514656,0.0004883075579800053,1.3407123868724822e-11,1.640500239726668e-05,5.673942267687645e-08,4.1503998930402845e-05,0.0,0.0011927662952902769,0.0,3.343965667437993e-05,0.0,0.00016256141654564686,0.0,2.5487811156520945e-05,0.0,7.347374993835819e-05,0.0,3.390622418122793e-05,0.0,0.0006395707313583867,0.0,3.3482818831652e-05,0.0,0.0003892632346911572,0.0,1.3001637176843988e-05,0.0,0.0,1.5417695839511546e-07,0.00415641631720201,0.003164861562117091,0.002303708461845446,3.2953262760047606e-11,8.176204473155099e-05,1.541604730886343e-07,0.00020243485206328097,0.0,0.005460110124790581,0.0,0.00015112597190733977,0.0,0.0007103442583443984,0.0,0.00011611651371485032,0.0,0.00039758809707449665,0.0,0.00015758960829965723,0.0,0.002666996709955563,0.0,0.00013742975468905466,0.0,0.00310714121134776,0.0,6.0884229276540145e-05,0.0,0.0
GenerativeAdversarialNetwork,0.0001,8.0,45.0,True,184.0,5.569086599005562e-08,0.0008282210788315518,0.000678193135402916,0.0004882925363242466,1.356737423815309e-11,1.636581781578835e-05,5.5684080326081205e-08,4.1480597881775985e-05,0.0,0.001192489587561236,0.0,3.3443959334468586e-05,0.0,0.0001616678188110619,0.0,2.5507657615482968e-05,0.0,7.333645140225033e-05,0.0,3.388569240942798e-05,0.0,0.000638457321413765,0.0,3.346556802644241e-05,0.0,0.0003888271246958936,0.0,1.3004500177912314e-05,0.0,0.0,1.4968554179239785e-07,0.004149693363117722,0.0031648596877571922,0.0023035073430283264,3.088886519031637e-11,8.151444764632099e-05,1.4967008610256016e-07,0.0002019553673717211,0.0,0.0054629915671324135,0.0,0.00015080888878624395,0.0,0.0007100373319110031,0.0,0.00011613426156014016,0.0,0.000396453265873891,0.0,0.0001570665681699537,0.0,0.00266158974395608,0.0,0.00013687811885614815,0.0,0.003097831078295438,0.0,6.0858515401681267e-05,0.0,0.0
GenerativeAdversarialNetwork,0.0001,8.0,45.0,True,185.0,5.7653325118470906e-08,0.0008299104126315875,0.000678193135402916,0.0004882607257591104,1.380247099602746e-11,1.6358788966168613e-05,5.7646426686959346e-08,4.1386973604841055e-05,0.0,0.0011936627624434299,0.0,3.336985015644217e-05,0.0,0.00016180623694250204,0.0,2.5402905163417928e-05,0.0,7.325553428130651e-05,0.0,3.361000084491431e-05,0.0,0.0006403021735322444,0.0,3.344750388291968e-05,0.0,0.0003875743025396712,0.0,1.3009321215660424e-05,0.0,0.0,1.604612006984487e-07,0.004159912748156853,0.00316486231186105,0.0023033667660359316,3.638807494315377e-11,8.131312967846229e-05,1.6044301080441325e-07,0.0002016843817893814,0.0,0.005468047065056267,0.0,0.00015075933539642478,0.0,0.0007085963240209616,0.0,0.00011543113058842953,0.0,0.0003974496287369878,0.0,0.00015683659592514518,0.0,0.002658958892402409,0.0,0.00013655189823054666,0.0,0.0030954360212170104,0.0,6.088792527996519e-05,0.0,0.0
GenerativeAdversarialNetwork,0.0001,8.0,45.0,True,186.0,5.870609833059376e-08,0.000830100954703565,0.0006781940190297253,0.0004882185526613919,1.6051760100804854e-11,1.6288564482708827e-05,5.869806241783793e-08,4.1313426734784223e-05,0.0,0.0011935768122363292,0.0,3.330485337988707e-05,0.0,0.00015999080558028826,0.0,2.5398143117800556e-05,0.0,7.315737137575998e-05,0.0,3.3720070119656e-05,0.0,0.0006402454205921718,0.0,3.337421055350985e-05,0.0,0.00038515276343353355,0.0,1.2995185697014442e-05,0.0,0.0,1.530884019188501e-07,0.004171764700667663,0.0031648596877571922,0.002303103043598199,3.3060919480762517e-11,8.100472132927216e-05,1.5307187085162917e-07,0.00020115056409026092,0.0,0.0054657630260243955,0.0,0.00015041274282167542,0.0,0.0007016554755984613,0.0,0.00011585467735176567,0.0,0.00039377513359177785,0.0,0.00015608795315214674,0.0,0.002668855887538982,0.0,0.00013666399666723215,0.0,0.0030716335248647244,0.0,6.083391442801218e-05,0.0,0.0
GenerativeAdversarialNetwork,0.0001,8.0,45.0,True,187.0,5.2722912665200484e-08,0.0008316194272105585,0.0006781914484790072,0.00048817846813613194,1.1907741040586016e-11,1.6243997810664525e-05,5.271695559747728e-08,4.122110279502894e-05,0.0,0.0011938252311497668,0.0,3.313428579234691e-05,0.0,0.00016317947333392428,0.0,2.529192715883255e-05,0.0,7.268048401148814e-05,0.0,3.365761125987431e-05,0.0,0.0006360155392207225,0.0,3.325743374798819e-05,0.0,0.0003865688958900637,0.0,1.3004050833597337e-05,0.0,0.0,1.425302323684647e-07,0.0041787763061763355,0.003164855939037395,0.002302987770464435,2.8609774228240764e-11,8.09779238400969e-05,1.4251593213730475e-07,0.00020100504347363358,0.0,0.005469173714363146,0.0,0.00015064441370514205,0.0,0.0007024269621327238,0.0,0.00011590740543866307,0.0,0.0003928148990157265,0.0,0.0001557340974327903,0.0,0.0026617625599387306,0.0,0.00013693602486226545,0.0,0.0030658826138238488,0.0,6.0859493583253345e-05,0.0,0.0
GenerativeAdversarialNetwork,0.0001,8.0,45.0,True,188.0,5.690705897525013e-08,0.0008314953981384113,0.0006781938583703054,0.0004881615185673346,1.3276979396107711e-11,1.6233231119229144e-05,5.690042039936765e-08,4.119557300908867e-05,0.0,0.0011936301482867273,0.0,3.343535903489815e-05,0.0,0.0001611815127882996,0.0,2.5296649039594953e-05,0.0,7.235595198333103e-05,0.0,3.354749177906391e-05,0.0,0.0006370619541872543,0.0,3.322405675350816e-05,0.0,0.0003858263682162344,0.0,1.3010609001322898e-05,0.0,0.0,1.7060648253459906e-07,0.004180691901992702,0.003164870559044604,0.00230294128633895,4.085917348696589e-11,8.084334479937763e-05,1.7058605036431772e-07,0.00020094850809319214,0.0,0.005468828981203363,0.0,0.0001503859980488723,0.0,0.0006998855644052133,0.0,0.00011551434045317788,0.0,0.0003935869009989612,0.0,0.0001561825028942816,0.0,0.0026660792107852,0.0,0.00013703847034547315,0.0,0.0030627201938029356,0.0,6.091376215969242e-05,0.0,0.0
GenerativeAdversarialNetwork,0.0001,8.0,45.0,True,189.0,5.991324049519812e-08,0.0008330304988953624,0.0006781956256239241,0.00048813874509456666,1.477173340221285e-11,1.621010745913192e-05,5.990585667298319e-08,4.114812827415544e-05,0.0,0.0011945677541753512,0.0,3.3106363687232495e-05,0.0,0.00016080660399079644,0.0,2.5191989468757034e-05,0.0,7.238706970471899e-05,0.0,3.351163962539637e-05,0.0,0.000638572273228689,0.0,3.329168181776036e-05,0.0,0.0003841108067659034,0.0,1.301917290149352e-05,0.0,0.0,1.7550640526072433e-07,0.004187346254504702,0.0031648739328924216,0.0023027187998189867,4.483708163659359e-11,8.07858370947388e-05,1.7548399393845045e-07,0.00020039686054553626,0.0,0.00547163847764404,0.0,0.00015021332264321405,0.0,0.0006974366194797012,0.0,0.00011545035449213951,0.0,0.00039219331441435424,0.0,0.00015544379422874571,0.0,0.0026578082228606603,0.0,0.00013612264638426918,0.0,0.0030650597698283644,0.0,6.090707889517898e-05,0.0,0.0
GenerativeAdversarialNetwork,0.0001,8.0,45.0,True,190.0,5.646122025979828e-08,0.0008344880814822215,0.0006781942600188551,0.0004881424000963689,1.3092483671031162e-11,1.6233998016928728e-05,5.645466993677096e-08,4.1188511525524276e-05,0.0,0.0011934931417934796,0.0,3.329021077994709e-05,0.0,0.0001598800409514949,0.0,2.5295604753365736e-05,0.0,7.165640070431959e-05,0.0,3.372692073773181e-05,0.0,0.0006370099005352134,0.0,3.330574955821359e-05,0.0,0.00038433155280881816,0.0,1.302739414524518e-05,0.0,0.0,1.6580002611933522e-07,0.0041859566040758816,0.0031648701841726244,0.0023027802788236607,3.9491423408850075e-11,8.081059621752433e-05,1.6578029180033448e-07,0.00020060168122345545,0.0,0.005468517006771448,0.0,0.00015020655151808037,0.0,0.0006989142242467628,0.0,0.00011625808646094124,0.0,0.00038825137154111324,0.0,0.00015580734976057737,0.0,0.0026545385894535473,0.0,0.00013641740119307296,0.0,0.0030701387228455933,0.0,6.089891371487072e-05,0.0,0.0
GenerativeAdversarialNetwork,0.0001,8.0,45.0,True,191.0,5.7064212795605536e-08,0.0008343269400840821,0.0006781940993594352,0.0004881046049678422,1.3072359606891003e-11,1.6166613941806347e-05,5.705767718138741e-08,4.109861002858437e-05,0.0,0.0011942735647997877,0.0,3.322630096477961e-05,0.0,0.00016018992284880172,0.0,2.5157216745566807e-05,0.0,7.134503772798574e-05,0.0,3.3597665213831675e-05,0.0,0.0006357508929913256,0.0,3.329822115821016e-05,0.0,0.0003842399769394867,0.0,1.3016006153709483e-05,0.0,0.0,1.6629714791519485e-07,0.004193248238953404,0.003164869059556685,0.002302582158982379,3.851758604589906e-11,8.052932508524109e-05,1.6627788264377617e-07,0.0002003089296367933,0.0,0.005471043907898746,0.0,0.00014990291692925698,0.0,0.0006957619257693021,0.0,0.00011566353950110622,0.0,0.0003899248000585808,0.0,0.00015578736439815857,0.0,0.002670182746911199,0.0,0.00013699798417166344,0.0,0.003038779931998103,0.0,6.087752843990266e-05,0.0,0.0
GenerativeAdversarialNetwork,0.0001,8.0,45.0,True,192.0,5.26508885295183e-08,0.0008351442145530105,0.0006781916091384271,0.00048811111167434734,1.1245235350864981e-11,1.6194938950622177e-05,5.264525995853374e-08,4.115887237285989e-05,0.0,0.0011932007266314162,0.0,3.332793310967417e-05,0.0,0.00016061173415569605,0.0,2.5189248217405335e-05,0.0,7.129361165180361e-05,0.0,3.38086461763819e-05,0.0,0.0006344598740580268,0.0,3.353897934011372e-05,0.0,0.0003813999602094172,0.0,1.3026987476088609e-05,0.0,0.0,1.5600965314020501e-07,0.0041955053431432954,0.0031648630616050097,0.002302520492541715,3.3071144704644665e-11,8.047321143577683e-05,1.5599312207298412e-07,0.00020011865867758697,0.0,0.005469159307987152,0.0,0.000149811049864727,0.0,0.000692895326599385,0.0,0.00011558241486174506,0.0,0.000389443206712135,0.0,0.00015502182895657402,0.0,0.002664850942743649,0.0,0.0001371399552192328,0.0,0.0030424373704682358,0.0,6.091666156016056e-05,0.0,0.0
GenerativeAdversarialNetwork,0.0001,8.0,45.0,True,193.0,5.50541608635778e-08,0.0008363555062491938,0.0006781927337543663,0.00048807339687553054,1.2188825570301978e-11,1.6156100791017963e-05,5.504806651363546e-08,4.1058550606358724e-05,0.0,0.0011944713341835625,0.0,3.3358784738897956e-05,0.0,0.00016022488635505306,0.0,2.5149743572238964e-05,0.0,7.1109862460923e-05,0.0,3.354299331530728e-05,0.0,0.0006355452489338795,0.0,3.335948762385993e-05,0.0,0.0003824048848807651,0.0,1.3029689817737056e-05,0.0,0.0,1.6085719125954516e-07,0.004199971567909673,0.003164865310836888,0.0023023115014130214,3.501582531964758e-11,8.025756047206855e-05,1.608396877766054e-07,0.0001996568866870688,0.0,0.0054754088687111796,0.0,0.00014995603160288348,0.0,0.0006911376456044755,0.0,0.00011588668204703422,0.0,0.00038632464671284897,0.0,0.00015489467706695292,0.0,0.0026530325412750244,0.0,0.00013579606260143737,0.0,0.0030509076028499963,0.0,6.088479158450972e-05,0.0,0.0
GenerativeAdversarialNetwork,0.0001,8.0,45.0,True,194.0,5.508531412144877e-08,0.0008373990695110229,0.0006781926534246563,0.0004880429117506084,1.2205326297411904e-11,1.6131580147058816e-05,5.5079205062697235e-08,4.100530204988233e-05,0.0,0.0011948092643186436,0.0,3.306446170228511e-05,0.0,0.0001608376514236882,0.0,2.520413933738544e-05,0.0,7.068162979784038e-05,0.0,3.366377154450532e-05,0.0,0.0006331041897082265,0.0,3.325085424268342e-05,0.0,0.0003802944225763696,0.0,1.303750690263558e-05,0.0,0.0,1.5644506657856323e-07,0.004216271751331833,0.00316486231186105,0.0023023673573379995,3.3643748863003096e-11,8.041529371491019e-05,1.564282380665342e-07,0.00019981798792035325,0.0,0.005474388918340355,0.0,0.00014968531545977922,0.0,0.0006917111528744488,0.0,0.0001159024032406837,0.0,0.00038533336805097714,0.0,0.00015450548966350794,0.0,0.002657097278151122,0.0,0.00013650364517790717,0.0,0.0030493132723202494,0.0,6.099225098044617e-05,0.0,0.0
GenerativeAdversarialNetwork,0.0001,8.0,45.0,True,195.0,5.6910059572325525e-08,0.0008379942323319675,0.0006781928944137861,0.0004879936294735603,1.316827808819479e-11,1.6080106375111402e-05,5.690347492874341e-08,4.0894070504649955e-05,0.0,0.0011951560811447608,0.0,3.321545645393772e-05,0.0,0.00016043960766972236,0.0,2.5099494828368132e-05,0.0,7.032352497153526e-05,0.0,3.355065225108936e-05,0.0,0.0006334326177273157,0.0,3.3170715315804645e-05,0.0,0.00038004893498279335,0.0,1.3028822507900047e-05,0.0,0.0,1.636289421442615e-07,0.004211642082382298,0.0031648641862209487,0.002302110195159912,3.639854874527287e-11,8.015124912156998e-05,1.6361072936985619e-07,0.00019930364013467943,0.0,0.005478325677570245,0.0,0.00014931051376855598,0.0,0.0006881250337984577,0.0,0.0001154560478603315,0.0,0.0003840581238644678,0.0,0.00015452186688312195,0.0,0.0026485190826392026,0.0,0.00013636546970913246,0.0,0.0030303841117043165,0.0,6.0941725266429614e-05,0.0,0.0
GenerativeAdversarialNetwork,0.0001,8.0,45.0,True,196.0,5.404539640856068e-08,0.0008383724246063644,0.0006781916894681371,0.0004879852751837265,1.2300473906879725e-11,1.6083494029597774e-05,5.403924812631797e-08,4.087961868777108e-05,0.0,0.0011950986587925085,0.0,3.323498661466686e-05,0.0,0.00015937848232505777,0.0,2.5118620830244133e-05,0.0,7.006016401749737e-05,0.0,3.347507956615998e-05,0.0,0.0006323544725253576,0.0,3.317088601643827e-05,0.0,0.0003801562153104181,0.0,1.3061536782273064e-05,0.0,0.0,1.4971360456602612e-07,0.0042203241174326,0.003164858563141253,0.0023019954843341178,3.137670137685751e-11,7.995666713459687e-05,1.4969790863230497e-07,0.00019897363564503267,0.0,0.005477938110967036,0.0,0.00014909879310326006,0.0,0.000684954507170983,0.0,0.00011538742285854412,0.0,0.00038439431374177993,0.0,0.00015347815300308684,0.0,0.00265792874420214,0.0,0.00013592283961907873,0.0,0.003034382683675994,0.0,6.116613300528916e-05,0.0,0.0
GenerativeAdversarialNetwork,0.0001,8.0,45.0,True,197.0,4.939375511299056e-08,0.0008398772410626681,0.000678190323863068,0.0004879742298486098,9.962275987679627e-12,1.6050506132150274e-05,4.9388773729610494e-08,4.086343476152163e-05,0.0,0.0011951493636045928,0.0,3.317000238962893e-05,0.0,0.00015876972370070587,0.0,2.5152876430926618e-05,0.0,6.987242344415413e-05,0.0,3.349081916870133e-05,0.0,0.0006332406698854143,0.0,3.3144306923661914e-05,0.0,0.00038018686109476013,0.0,1.3046216400405467e-05,0.0,0.0,1.4017716937174188e-07,0.004229897223178696,0.0031648566887813546,0.002302088077713109,2.615739909787888e-11,8.004336213728168e-05,1.401640818001843e-07,0.00019936146413755118,0.0,0.005477272281503807,0.0,0.00014894695823672432,0.0,0.0006876032588616857,0.0,0.00011608721512668537,0.0,0.000383551132941396,0.0,0.00015410355661275252,0.0,0.0026696504286999974,0.0,0.00013697653446557387,0.0,0.003023616735290431,0.0,6.098520455870239e-05,0.0,0.0
GenerativeAdversarialNetwork,0.0001,8.0,45.0,True,198.0,4.9517917074325854e-08,0.0008400910787505281,0.0006781909665007476,0.0004879512957164219,9.796027421403494e-12,1.605220560757619e-05,4.951301904086455e-08,4.081576911988605e-05,0.0,0.0011956796942042352,0.0,3.3052417266401e-05,0.0,0.00015827579639671305,0.0,2.5113457136077058e-05,0.0,6.935710333428292e-05,0.0,3.357420391792236e-05,0.0,0.0006323259956431839,0.0,3.304091003545211e-05,0.0,0.0003789901090760758,0.0,1.3042031724578286e-05,0.0,0.0,1.3910191783054774e-07,0.004216371092406459,0.0031648578133972936,0.0023019563102122374,2.553976596944999e-11,7.992514274405234e-05,1.390891391439832e-07,0.00019903024131397032,0.0,0.0054779915487072435,0.0,0.00014900890583137297,0.0,0.0006847222271205494,0.0,0.00011583822984365547,0.0,0.00037983715909082184,0.0,0.0001541878325196932,0.0,0.002662657379354321,0.0,0.0001364164171541262,0.0,0.0030399339753876694,0.0,6.0986071450155486e-05,0.0,0.0
GenerativeAdversarialNetwork,0.0001,8.0,45.0,True,199.0,4.0773074035946974e-08,0.0008422793403790003,0.0006781879943014798,0.00048792631317663064,6.577129377216311e-12,1.6025499744476334e-05,4.0769784165624115e-08,4.0769589577884366e-05,0.0,0.0011958239493202114,0.0,3.313104499061153e-05,0.0,0.0001576683732537889,0.0,2.5114616896264314e-05,0.0,6.919260817075354e-05,0.0,3.340020725588914e-05,0.0,0.0006322925383189939,0.0,3.3112122323313815e-05,0.0,0.00037887636220680095,0.0,1.3057482642224535e-05,0.0,0.0,1.1873637518622919e-07,0.004237263457580183,0.0031648521903175977,0.0023017653129385703,1.8700779569196484e-11,7.987109089047654e-05,1.1872703999532797e-07,0.0001986516909029499,0.0,0.005480917271121202,0.0,0.00014911832159045357,0.0,0.0006838837790789094,0.0,0.00011612664697305211,0.0,0.0003782431565740573,0.0,0.0001532970664073836,0.0,0.0026679383883686184,0.0,0.00013601844368865655,0.0,0.0030284868846149563,0.0,6.110436113188102e-05,0.0,0.0
GenerativeAdversarialNetwork,0.0001,8.0,45.0,True,200.0,3.588234840134771e-08,0.0008426986614648866,0.0006781865483667009,0.0004879208507563547,5.162111528889453e-12,1.599268631311761e-05,3.5879767005334325e-08,4.073592891911612e-05,0.0,0.0011959868709424466,0.0,3.30195423326081e-05,0.0,0.00015842742876543832,0.0,2.505628246502735e-05,0.0,6.922897744692882e-05,0.0,3.328738919888545e-05,0.0,0.0006334582830696414,0.0,3.305663457617284e-05,0.0,0.0003783558658512455,0.0,1.3035398247749658e-05,0.0,0.0,1.0416719671880603e-07,0.00423885703836597,0.0031648476918538413,0.0023018434737463417,1.4356270190809763e-11,7.993727336702107e-05,1.041600237228562e-07,0.00019877926452354814,0.0,0.005480768061163217,0.0,0.00014847183143192866,0.0,0.0006830407388555179,0.0,0.00011587665422157672,0.0,0.00037956017555680665,0.0,0.00015258318129575478,0.0,0.002670480207827106,0.0,0.00013695083230546434,0.0,0.003030992903799381,0.0,6.0934157538339026e-05,0.0,0.0
GenerativeAdversarialNetwork,0.0001,8.0,45.0,True,201.0,3.0436031820034145e-08,0.0008437714647411336,0.0006781838171565629,0.00048784614412611063,3.7323468664303836e-12,1.5924324474807054e-05,3.043416380126662e-08,4.059251779414252e-05,0.0,0.001196525234120585,0.0,3.297670651478266e-05,0.0,0.00015796596470547494,0.0,2.5123332669792792e-05,0.0,6.833794524245506e-05,0.0,3.322644405207544e-05,0.0,0.0006306154547997241,0.0,3.293298204954101e-05,0.0,0.00037587572622170665,0.0,1.3048695325048144e-05,0.0,0.0,9.181895283228021e-08,0.004239563672047741,0.0031648409441582064,0.0023015353289790124,1.071981776581354e-11,7.960680614477433e-05,9.181359310564146e-08,0.0001982580987537432,0.0,0.005481431832295639,0.0,0.0001488976039976444,0.0,0.0006766602303247031,0.0,0.00011583099012854714,0.0,0.0003768088260911546,0.0,0.00015246418287169258,0.0,0.0026441829384497876,0.0,0.00013669078829903273,0.0,0.0030195188222441284,0.0,6.107208114000236e-05,0.0,0.0
GenerativeAdversarialNetwork,0.0001,8.0,45.0,True,202.0,2.7725058552059732e-08,0.0008444679233263123,0.0006781834958377232,0.0004878308413163671,3.117589744312903e-12,1.591836501445089e-05,2.7723496966817066e-08,4.058643783922144e-05,0.0,0.0011969344053683409,0.0,3.310559302407776e-05,0.0,0.00015737029982384324,0.0,2.4969747284994614e-05,0.0,6.85277292027949e-05,0.0,3.3374956113630227e-05,0.0,0.0006291624510063315,0.0,3.293774409515839e-05,0.0,0.0003753322957339634,0.0,1.3044221964325865e-05,0.0,0.0,8.154154258030437e-08,0.004243937303435127,0.003164838694926328,0.0023014672897146934,8.521605503701663e-12,7.949966890444546e-05,8.153727539132625e-08,0.00019808668854101648,0.0,0.0054850349721191115,0.0,0.00014874612057358963,0.0,0.0006760803502310747,0.0,0.00011597682704340737,0.0,0.00037468726155143113,0.0,0.00015305532083946204,0.0,0.002658726659210973,0.0,0.00013581243982105134,0.0,0.0030260016708254065,0.0,6.095399060901606e-05,0.0,0.0
GenerativeAdversarialNetwork,0.0001,8.0,45.0,True,203.0,2.3372464507662584e-08,0.0008458093491525984,0.0006781818892435243,0.00048784040055184995,2.324578535053137e-12,1.5951750794992936e-05,2.337130251173633e-08,4.056967152257492e-05,0.0,0.0011974051062150512,0.0,3.2787971861278916e-05,0.0,0.00015937888397360748,0.0,2.5041160397131168e-05,0.0,6.78181668336822e-05,0.0,3.3285983428961506e-05,0.0,0.0006312290131242448,0.0,3.289535762164792e-05,0.0,0.00037701660892712783,0.0,1.3044804354722931e-05,0.0,0.0,6.936269351200687e-08,0.004251619929787498,0.0031648338215905917,0.0023013160288708765,5.9918171053705264e-12,7.937579128727223e-05,6.935969618355575e-08,0.00019776914854469538,0.0,0.005484654681957184,0.0,0.0001481825239815802,0.0,0.0006742424934915027,0.0,0.00011571037506907241,0.0,0.0003747760124926297,0.0,0.00015264186047533022,0.0,0.002653039663842639,0.0,0.00013615152324145696,0.0,0.0030227550920450463,0.0,6.098312519068988e-05,0.0,0.0
GenerativeAdversarialNetwork,0.0001,8.0,45.0,True,204.0,2.5601390874888146e-08,0.0008461748493328249,0.000678183736826853,0.0004878010791588344,3.207838906155364e-12,1.5903429964160663e-05,2.5599790066154296e-08,4.055580962700343e-05,0.0,0.0011972736252382828,0.0,3.311142947956558e-05,0.0,0.0001567470617692747,0.0,2.4946120309058548e-05,0.0,6.777434697690999e-05,0.0,3.335222531602068e-05,0.0,0.000627624016566418,0.0,3.3128838433891615e-05,0.0,0.00037413176821891186,0.0,1.3074621738931239e-05,0.0,0.0,7.778354479313341e-08,0.004250188293696949,0.0031648401944142468,0.0023012811657767626,1.0020564392230886e-11,7.931150074275035e-05,7.77785454323199e-08,0.00019767854667309694,0.0,0.005486199053842416,0.0,0.0001485838361506192,0.0,0.0006719165065753385,0.0,0.00011567958870773796,0.0,0.0003716721662185477,0.0,0.00015164525160249673,0.0,0.0026653931950623134,0.0,0.00013593260972005018,0.0,0.003020432197822715,0.0,6.111303590378671e-05,0.0,0.0
GenerativeAdversarialNetwork,0.0001,8.0,45.0,True,205.0,2.5124604824894032e-08,0.0008471305318919797,0.0006781826925406237,0.00048781835004647146,2.6532073932313296e-12,1.59226927775739e-05,2.5123278580598454e-08,4.053151742065692e-05,0.0,0.0011973307617638622,0.0,3.274123503191452e-05,0.0,0.00015794167500943185,0.0,2.4933031586945218e-05,0.0,6.79243325865815e-05,0.0,3.329289429431977e-05,0.0,0.000630145285007446,0.0,3.290079995949634e-05,0.0,0.0003750985764428933,0.0,1.3050222844688719e-05,0.0,0.0,7.811766111404699e-08,0.004256846394928746,0.0031648379451823683,0.0023012429288348313,8.227550017940411e-12,7.936263562373395e-05,7.811354264747292e-08,0.0001974897049133133,0.0,0.005486836698736773,0.0,0.00014830284617232077,0.0,0.0006722375844259682,0.0,0.00011568162707412768,0.0,0.00037528916537386814,0.0,0.00015108430254384407,0.0,0.0026616933960584726,0.0,0.00013570165343629488,0.0,0.003019278716741118,0.0,6.0969149494695965e-05,0.0,0.0
GenerativeAdversarialNetwork,0.0001,8.0,45.0,True,206.0,2.520236049322512e-08,0.0008486967202466774,0.0006781827728703336,0.00048777505233281383,2.7143238241052437e-12,1.5871717300858458e-05,2.5201002379842958e-08,4.043353023635088e-05,0.0,0.0011978851166588819,0.0,3.254866212445771e-05,0.0,0.00015825600516442662,0.0,2.4870030501621432e-05,0.0,6.766500317986121e-05,0.0,3.3128850985408793e-05,0.0,0.0006308449166161674,0.0,3.274935837383219e-05,0.0,0.0003763174191318111,0.0,1.3075726272442913e-05,0.0,0.0,8.023660072621907e-08,0.004258768738440747,0.003164839444670287,0.002301142838016246,8.593258180505413e-12,7.930142020092071e-05,8.023230493677862e-08,0.00019716462061840034,0.0,0.005490657266301445,0.0,0.00014748806192440057,0.0,0.0006728144186847614,0.0,0.00011545301374024566,0.0,0.00037283637801056386,0.0,0.00014977308236203103,0.0,0.002647642819386608,0.0,0.00013525805102204377,0.0,0.0030411852980559728,0.0,6.106216460466385e-05,0.0,0.0
GenerativeAdversarialNetwork,0.0001,8.0,45.0,True,207.0,2.454888977573537e-08,0.0008481109560017959,0.000678182290892074,0.00048779642003565787,2.4513903934616926e-12,1.589488363611409e-05,2.4547664041635945e-08,4.0491894791229076e-05,0.0,0.0011971021956155947,0.0,3.28511210545054e-05,0.0,0.00015670122362854025,0.0,2.4894807196531014e-05,0.0,6.76494844840222e-05,0.0,3.324224390189924e-05,0.0,0.0006288503299183601,0.0,3.2798756124838346e-05,0.0,0.00037563417478391744,0.0,1.3068091184543471e-05,0.0,0.0,7.450537124221102e-08,0.004257417324953859,0.0031648360708224697,0.0023010633651565455,7.415884817480774e-12,7.91070432220615e-05,7.45016589022019e-08,0.00019727181057510137,0.0,0.0054872061505767955,0.0,0.00014813196312331552,0.0,0.0006692190683862698,0.0,0.00011556969264393333,0.0,0.000370860755818445,0.0,0.000151541845509841,0.0,0.002648744005827034,0.0,0.00013590862962809748,0.0,0.003011690370691647,0.0,6.109283967587933e-05,0.0,0.0
GenerativeAdversarialNetwork,0.0001,8.0,45.0,True,208.0,2.6754608093522428e-08,0.0008493632158500487,0.0006781834958377232,0.00048777095551760693,2.9849225816425338e-12,1.5875103700193113e-05,2.6753117600857527e-08,4.043305829930498e-05,0.0,0.0011977754249253144,0.0,3.289778257476673e-05,0.0,0.00015666015506433348,0.0,2.4863865196383547e-05,0.0,6.741038310238615e-05,0.0,3.311083704795477e-05,0.0,0.0006284836247924846,0.0,3.275803900311257e-05,0.0,0.00037670376487176693,0.0,1.3050573032017987e-05,0.0,0.0,8.109959107625984e-08,0.004263533361302981,0.003164839444670287,0.002301002823331821,8.951398671912622e-12,7.912232511260975e-05,8.109511224386054e-08,0.0001970305804561519,0.0,0.005490567204970916,0.0,0.0001475903902601146,0.0,0.0006687643486748701,0.0,0.00011541673316145843,0.0,0.00037179756089576385,0.0,0.00015068972635569062,0.0,0.0026482233086472036,0.0,0.00013551761472375138,0.0,0.00301248866057246,0.0,6.098358206591516e-05,0.0,0.0
GenerativeAdversarialNetwork,0.0001,8.0,45.0,True,209.0,2.6991172323243147e-08,0.000850616038006271,0.0006781836564971431,0.0004877204281300547,3.1519360347248516e-12,1.5827931333182635e-05,2.6989596029191286e-08,4.031484308991471e-05,0.0,0.0011993171863897269,0.0,3.263746410849281e-05,0.0,0.00015832988841514383,0.0,2.4870768530831504e-05,0.0,6.682966958801701e-05,0.0,3.2963394375663565e-05,0.0,0.0006282180146065684,0.0,3.2626338443666134e-05,0.0,0.00037527662724497505,0.0,1.305712492398496e-05,0.0,0.0,8.233974716309809e-08,0.00427692341354658,0.0031648401944142468,0.002300822509909576,9.658747596279871e-12,7.891817803277909e-05,8.23349194050585e-08,0.00019671475081323828,0.0,0.005493155469992792,0.0,0.00014769519040794493,0.0,0.000664463442451549,0.0,0.00011581897079569739,0.0,0.0003688179612534601,0.0,0.00015029265492592217,0.0,0.0026648627512110105,0.0,0.00013526609905485838,0.0,0.0030186037597416332,0.0,6.106063582987156e-05,0.0,0.0
GenerativeAdversarialNetwork,0.0001,8.0,45.0,True,210.0,2.5570426380068485e-08,0.0008504298337386303,0.0006781828532000436,0.0004877062499362503,2.698461400421603e-12,1.5821208740582043e-05,2.556907562109092e-08,4.031056553286041e-05,0.0,0.0011989624124635046,0.0,3.279028636104656e-05,0.0,0.000157102741642461,0.0,2.4927180069636784e-05,0.0,6.615030114862796e-05,0.0,3.307262018845088e-05,0.0,0.0006279092673664144,0.0,3.267988321594794e-05,0.0,0.00037282412103565557,0.0,1.3057928221084358e-05,0.0,0.0,7.906243734613776e-08,0.004273605796526063,0.003164838320054348,0.002300806765286428,8.342248624946733e-12,7.899028231512825e-05,7.905827311882398e-08,0.0001965455898323899,0.0,0.005493065898479831,0.0,0.0001472481204278814,0.0,0.000669613058836955,0.0,0.00011542499205976162,0.0,0.00037045015385315854,0.0,0.0001501293513197569,0.0,0.00265238382531412,0.0,0.00013502174109782813,0.0,0.0030036681103256515,0.0,6.102920515732195e-05,0.0,0.0
GenerativeAdversarialNetwork,0.0001,8.0,45.0,True,211.0,2.137249301286851e-08,0.0008516104394856168,0.0006781808449572951,0.00048770954345435787,1.860959724146046e-12,1.5847464004215204e-05,2.1371561454952947e-08,4.030665448010771e-05,0.0,0.0011983772708810587,0.0,3.2912736452332724e-05,0.0,0.00015599714376213095,0.0,2.4919275124118013e-05,0.0,6.627425993227894e-05,0.0,3.3011710185888965e-05,0.0,0.0006282689838075252,0.0,3.264820318659039e-05,0.0,0.00037460017075757133,0.0,1.3086090060176876e-05,0.0,0.0,6.824219031933016e-08,0.004281688411280794,0.003164833071846632,0.002300599648517633,5.906998859303063e-12,7.877668143255905e-05,6.823923875161875e-08,0.00019620805275890062,0.0,0.005493449425902958,0.0,0.0001475591001645574,0.0,0.0006620037668156174,0.0,0.00011534069272332222,0.0,0.00036921408378852986,0.0,0.00014995281004680778,0.0,0.002639769383196561,0.0,0.00013500876115553033,0.0,0.0030049782878947707,0.0,6.11103356540578e-05,0.0,0.0
GenerativeAdversarialNetwork,0.0001,8.0,45.0,True,212.0,2.292171304994024e-08,0.0008532229780829499,0.0006781815679246846,0.0004876724311283657,2.100511139687417e-12,1.5766692480870654e-05,2.2920661370082937e-08,4.02268368720687e-05,0.0,0.0011989738829367665,0.0,3.265499355738375e-05,0.0,0.00015535856273296388,0.0,2.4868446500153555e-05,0.0,6.599376866759637e-05,0.0,3.292494154763672e-05,0.0,0.0006266520270761454,0.0,3.256988925030932e-05,0.0,0.0003761379223949504,0.0,1.3065705141127913e-05,0.0,0.0,7.14682366676283e-08,0.00428856243877291,0.003164834571334551,0.0023004821261519907,6.4805945375954385e-12,7.870970235305763e-05,7.146499909529369e-08,0.00019599307539328088,0.0,0.005495950801177261,0.0,0.00014655888314891912,0.0,0.0006617045721168038,0.0,0.00011579584588044845,0.0,0.00036471915788620525,0.0,0.00014943405751537226,0.0,0.002645921032383757,0.0,0.0001354252907839961,0.0,0.0030037400857457577,0.0,6.10589899075856e-05,0.0,0.0
GenerativeAdversarialNetwork,0.0001,8.0,45.0,True,213.0,2.283630144642415e-08,0.0008529985368733779,0.0006781812466058448,0.00048765042078784213,2.0749242396134213e-12,1.576713052882017e-05,2.283526202390784e-08,4.019815916562016e-05,0.0,0.0011992374680588594,0.0,3.289891723191963e-05,0.0,0.00015497458671945126,0.0,2.4774013905512355e-05,0.0,6.617810024887404e-05,0.0,3.301178047438516e-05,0.0,0.0006248077372656357,0.0,3.249085987754909e-05,0.0,0.00037440300148452386,0.0,1.3063834965068376e-05,0.0,0.0,6.955085023351705e-08,0.004274597707784401,0.0031648326969746523,0.0023005183012980335,6.1629904534030635e-12,7.880845769021496e-05,6.954776710367896e-08,0.00019584176769046663,0.0,0.0054981135201543005,0.0,0.0001467211441423908,0.0,0.0006633716278106162,0.0,0.00011529273253941685,0.0,0.00036702157472664457,0.0,0.00014982907886400162,0.0,0.002634489873670182,0.0,0.00013388017391633688,0.0,0.003022449383945585,0.0,6.104401845789555e-05,0.0,0.0
GenerativeAdversarialNetwork,0.0001,8.0,45.0,True,214.0,2.0389086544900288e-08,0.0008541400220516235,0.0006781802023196156,0.000487683998606597,1.6664731888538262e-12,1.5812416402798778e-05,2.038825304571268e-08,4.0263482281621896e-05,0.0,0.0011989032985699883,0.0,3.273133690546786e-05,0.0,0.00015537305220439428,0.0,2.476021727783018e-05,0.0,6.562002967149421e-05,0.0,3.313479036333747e-05,0.0,0.0006286885860473962,0.0,3.254122911598483e-05,0.0,0.0003747832421665243,0.0,1.3064482623354766e-05,0.0,0.0,6.149302462061703e-08,0.004282392420858707,0.003164829323126835,0.002300284006310709,4.870483122330686e-12,7.845070681669427e-05,6.149059358131983e-08,0.00019556040284018846,0.0,0.005498269390416263,0.0,0.00014681112513227282,0.0,0.00066006619412944,0.0,0.0001157664770037873,0.0,0.000363399069639122,0.0,0.0001497463844482254,0.0,0.00264146755326469,0.0,0.000134372556546949,0.0,0.0029978832733706107,0.0,6.107115567480243e-05,0.0,0.0
GenerativeAdversarialNetwork,0.0001,8.0,45.0,True,215.0,2.0476086699809236e-08,0.0008546593536263849,0.0006781800416601957,0.0004876342343512892,1.7189431968269295e-12,1.5746351492131816e-05,2.047522746020554e-08,4.014028663021535e-05,0.0,0.0011994883642254001,0.0,3.256166298595079e-05,0.0,0.0001565147582893423,0.0,2.4844264747158215e-05,0.0,6.554709029486879e-05,0.0,3.27966248772215e-05,0.0,0.0006278834011998138,0.0,3.2520197793801195e-05,0.0,0.0003718517298968333,0.0,1.3079825597953281e-05,0.0,0.0,6.106397192507877e-08,0.004288101721109834,0.003164828948254855,0.002300312871453147,4.792982921803841e-12,7.845178457363597e-05,6.106158092642882e-08,0.00019556745511930694,0.0,0.005494925982159943,0.0,0.00014621548870074675,0.0,0.0006592205298021905,0.0,0.0001159301203376842,0.0,0.0003651683248064053,0.0,0.0001490298752327385,0.0,0.0026203781928656237,0.0,0.00013468319655589339,0.0,0.0030015420238926724,0.0,6.110687980299476e-05,0.0,0.0
GenerativeAdversarialNetwork,0.0001,8.0,45.0,True,216.0,1.8830751949065237e-08,0.0008564627556145351,0.0006781798810007758,0.00048758772344923405,1.390279924727488e-12,1.5710520676043476e-05,1.8830056957830864e-08,4.005804406905753e-05,0.0,0.0011998371883154809,0.0,3.249702518278698e-05,0.0,0.00015505846097784223,0.0,2.4895040654750526e-05,0.0,6.496474006265964e-05,0.0,3.286383072079995e-05,0.0,0.0006260011556013575,0.0,3.241753391419459e-05,0.0,0.00037217951527824297,0.0,1.3062230881173014e-05,0.0,0.0,5.6530661365154944e-08,0.00429096724252281,0.003164828198510896,0.0023001632975332394,4.027056466071599e-12,7.844852201593747e-05,5.652864789260762e-08,0.00019508091814862856,0.0,0.005501940639237303,0.0,0.00014700460593280554,0.0,0.0006584889202747705,0.0,0.00011607141192979033,0.0,0.0003624420683338957,0.0,0.00014849594038612437,0.0,0.0026298905693510045,0.0,0.00013283238330352232,0.0,0.0030132993212286033,0.0,6.105535833528206e-05,0.0,0.0
GenerativeAdversarialNetwork,0.0001,8.0,45.0,True,217.0,2.2654358379641984e-08,0.0008564033919588897,0.0006781802826493255,0.0004876081673604138,2.3926108174662958e-12,1.5747974403302945e-05,2.2653164514629145e-08,4.0110075128367646e-05,0.0,0.0011994805344997317,0.0,3.242895830513011e-05,0.0,0.0001547201021983617,0.0,2.4858186890012172e-05,0.0,6.503588708263202e-05,0.0,3.3050356307280356e-05,0.0,0.0006258583293770844,0.0,3.24732350371276e-05,0.0,0.00037182481944400347,0.0,1.3069877265437915e-05,0.0,0.0,6.875526545307183e-08,0.0042927921193200835,0.0031648300728707945,0.0023002577652721286,6.8609290156930324e-12,7.853852643531823e-05,6.875183339759345e-08,0.000195301003144972,0.0,0.005498206665521367,0.0,0.00014664631032343931,0.0,0.000655215303852873,0.0,0.00011543108372943207,0.0,0.00036334171422622486,0.0,0.00014991785323469894,0.0,0.002626965068421274,0.0,0.00013306243755157639,0.0,0.0030230175024308498,0.0,6.111191128784756e-05,0.0,0.0
GenerativeAdversarialNetwork,0.0001,8.0,45.0,True,218.0,1.8583808202990593e-08,0.0008572211484060776,0.0006781800416601957,0.00048756085316125914,1.4263946418143747e-12,1.5698970769936182e-05,1.8583094825744728e-08,4.000196138000231e-05,0.0,0.001200647446287097,0.0,3.230822275109047e-05,0.0,0.00015419769801219518,0.0,2.4949619672047803e-05,0.0,6.493910986458195e-05,0.0,3.2758041513416e-05,0.0,0.0006252140047736566,0.0,3.2448003977296165e-05,0.0,0.0003710511238427175,0.0,1.3068243057901326e-05,0.0,0.0,5.755440347371096e-08,0.004296809997198716,0.0031648296979988146,0.0023000840121095286,4.341905940306649e-12,7.84888910422535e-05,5.7552229838574643e-08,0.00019509135599031388,0.0,0.005501748186386116,0.0,0.00014629280604656387,0.0,0.0006596568339275864,0.0,0.0001160021426167878,0.0,0.0003615520285360468,0.0,0.00014926480281652894,0.0,0.0026193799087836306,0.0,0.00013391354923728127,0.0,0.0029920528894700343,0.0,6.107410779164272e-05,0.0,0.0
GenerativeAdversarialNetwork,0.0001,8.0,45.0,True,219.0,1.812335015693491e-08,0.000857771085600326,0.0006781799613304858,0.00048753599111603276,1.342123776595755e-12,1.5674116255620096e-05,1.8122679680382527e-08,3.9996004429949586e-05,0.0,0.0012001076213014998,0.0,3.267883892971872e-05,0.0,0.00015215311611116415,0.0,2.4881110980986263e-05,0.0,6.485318217798064e-05,0.0,3.2988123374807864e-05,0.0,0.0006229643712467903,0.0,3.24720024781407e-05,0.0,0.0003685343538654461,0.0,1.3061969809615709e-05,0.0,0.0,5.575511978870351e-08,0.00428971104651877,0.003164829323126835,0.0022997938611972256,4.0874183841909514e-12,7.802283145346732e-05,5.5753077715693876e-08,0.0001944672058588304,0.0,0.005503257279332023,0.0,0.00014617022290919562,0.0,0.0006549192955658871,0.0,0.00011528202525849613,0.0,0.00036109168574495134,0.0,0.00014937155932750342,0.0,0.002614898126830095,0.0,0.00013323378919055627,0.0,0.0029969295990542044,0.0,6.111160670436404e-05,0.0,0.0
GenerativeAdversarialNetwork,0.0001,8.0,45.0,True,220.0,1.9547768399471448e-08,0.0008589377139777829,0.0006781806039681653,0.0004875499684855623,1.586815734217183e-12,1.5712850237631732e-05,1.954697289804092e-08,4.003658850559327e-05,0.0,0.0012002911188843904,0.0,3.253243803335329e-05,0.0,0.00015312286641077212,0.0,2.484012776709631e-05,0.0,6.448847525363984e-05,0.0,3.302277811373662e-05,0.0,0.0006242488433087289,0.0,3.262522386894072e-05,0.0,0.0003688320557704833,0.0,1.3065638618086868e-05,0.0,0.0,6.051251497090378e-08,0.0043016582165124285,0.0031648311974867335,0.0022998499045581936,4.914697928849751e-12,7.829491236487274e-05,6.051005533114427e-08,0.00019458693059735328,0.0,0.005503025035927798,0.0,0.00014628441828601766,0.0,0.0006591167371228056,0.0,0.00011542543722023754,0.0,0.0003590239387638164,0.0,0.00014921589373792494,0.0,0.002603960861949801,0.0,0.0001332449416319529,0.0,0.002999489037495739,0.0,6.105232421519622e-05,0.0,0.0
GenerativeAdversarialNetwork,0.0001,8.0,45.0,True,221.0,1.8681412183593663e-08,0.0008596859852258729,0.0006781800416601957,0.0004875018911541633,1.421908413115273e-12,1.564584019772126e-05,1.8680698806347798e-08,3.990845759763229e-05,0.0,0.001200569240423883,0.0,3.231014313321872e-05,0.0,0.00015205287467437293,0.0,2.4790674789414573e-05,0.0,6.410522722812355e-05,0.0,3.287157249659541e-05,0.0,0.0006239825503202783,0.0,3.2455246202707933e-05,0.0,0.0003672952279247685,0.0,1.3085108531533547e-05,0.0,0.0,5.8265542529110426e-08,0.004310163311988303,0.0031648300728707945,0.0022996484108690944,4.410890590583924e-12,7.799591095942371e-05,5.826333457341933e-08,0.00019420169106444473,0.0,0.005506306036757544,0.0,0.00014629703507108507,0.0,0.0006503495124151122,0.0,0.00011566662048018954,0.0,0.000356546901869324,0.0,0.0001494832711774598,0.0,0.0026114974756660703,0.0,0.00013281134361366057,0.0,0.002994069888156915,0.0,6.113258782047896e-05,0.0,0.0
GenerativeAdversarialNetwork,0.0001,8.0,45.0,True,222.0,1.802854330154673e-08,0.0008607072168283385,0.0006781798810007758,0.0004875132176432648,1.323824099158999e-12,1.566646234044489e-05,1.802788017939894e-08,3.992054972928168e-05,0.0,0.001200571227382317,0.0,3.237539596072426e-05,0.0,0.00015190808037220628,0.0,2.482124526465357e-05,0.0,6.371248021440686e-05,0.0,3.285098298781644e-05,0.0,0.0006250960405946099,0.0,3.225777067264135e-05,0.0,0.00037034169200938344,0.0,1.3094046466916076e-05,0.0,0.0,5.599062171553806e-08,0.004313677736798172,0.003164829323126835,0.0022995063343887808,4.155104632132195e-12,7.777805176545989e-05,5.598853960188117e-08,0.00019375918983663404,0.0,0.0055095183253850745,0.0,0.00014639195968519966,0.0,0.0006503926695517774,0.0,0.00011538990638540976,0.0,0.00035726602347391955,0.0,0.00014750568090744737,0.0,0.00263441227517038,0.0,0.00013198133019156426,0.0,0.002987400915637706,0.0,6.121129336409599e-05,0.0,0.0
GenerativeAdversarialNetwork,0.0001,8.0,45.0,True,223.0,1.9030345586879112e-08,0.0008612434176421873,0.0006781802023196156,0.00048747871603284566,1.4783449995766259e-12,1.5622275979371084e-05,1.902960646921716e-08,3.98438072429513e-05,0.0,0.0012014313389457324,0.0,3.230115373661576e-05,0.0,0.00015254512509567074,0.0,2.475649700813859e-05,0.0,6.447883066784018e-05,0.0,3.277311839585034e-05,0.0,0.0006238245417808265,0.0,3.2194445758174374e-05,0.0,0.0003669302097228017,0.0,1.3086973686986214e-05,0.0,0.0,5.9038996271812504e-08,0.004315227082690353,0.0031648300728707945,0.0022995239533718276,4.517256589751023e-12,7.779464570793716e-05,5.9036742555381694e-08,0.00019374513213739455,0.0,0.005509057803485586,0.0,0.000145402766248715,0.0,0.0006561514529042274,0.0,0.00011508412799745236,0.0,0.0003589794930047209,0.0,0.00014769803709204093,0.0,0.002615905220403611,0.0,0.00013209656818107988,0.0,0.0029937977310996386,0.0,6.112132408896332e-05,0.0,0.0
GenerativeAdversarialNetwork,0.0001,8.0,45.0,True,224.0,1.9827730970716384e-08,0.0008619058164303514,0.0006781802826493255,0.0004874654214658506,1.5694322152143594e-12,1.5592102132074915e-05,1.9826946500892753e-08,3.9834112451082935e-05,0.0,0.001201115269853908,0.0,3.2378905364927255e-05,0.0,0.00015126135591869407,0.0,2.4729737173514868e-05,0.0,6.405720010279324e-05,0.0,3.2680191983270514e-05,0.0,0.0006243901834333682,0.0,3.2440447963954947e-05,0.0,0.000366988529092218,0.0,1.3076769303520413e-05,0.0,0.0,6.178972009663124e-08,0.004313554778788825,0.0031648308226147536,0.0022994675351388797,4.788696343723229e-12,7.76626614842025e-05,6.17873290979813e-08,0.00019380768889901023,0.0,0.005505914480840798,0.0,0.00014543389233778107,0.0,0.0006513517326528921,0.0,0.00011523494368079323,0.0,0.00035730409640935984,0.0,0.0001486888588786875,0.0,0.0026096949037515893,0.0,0.00013259394129492202,0.0,0.0029917252513597596,0.0,6.111399651323475e-05,0.0,0.0
GenerativeAdversarialNetwork,0.0001,8.0,45.0,True,225.0,1.802566650361538e-08,0.0008625511853200085,0.0006781794793522262,0.0004874661042683851,1.3147448089791803e-12,1.5594899865253916e-05,1.802500705866989e-08,3.9828981390860523e-05,0.0,0.0012010480326449847,0.0,3.234742364954113e-05,0.0,0.00015041869726142471,0.0,2.4704322861532637e-05,0.0,6.392044379222747e-05,0.0,3.269548977240719e-05,0.0,0.0006250473607903864,0.0,3.234499869642232e-05,0.0,0.0003679287080173544,0.0,1.307676553806526e-05,0.0,0.0,5.6262234586097724e-08,0.00432326096408772,0.003164828198510896,0.002299451603079742,3.999081289738206e-12,7.773345371462264e-05,5.626023827382779e-08,0.00019361583644863945,0.0,0.005507999178231242,0.0,0.00014526213068257338,0.0,0.000652627984307847,0.0,0.00011535472699306297,0.0,0.00035751027599820553,0.0,0.00014780887033579484,0.0,0.0026043379831613986,0.0,0.00013193215167372482,0.0,0.002997423492887485,0.0,6.112416491568463e-05,0.0,0.0
GenerativeAdversarialNetwork,0.0001,8.0,45.0,True,226.0,1.623928775578471e-08,0.0008616922197316213,0.0006781786760551268,0.00048742927309637765,1.082245778468964e-12,1.5536362099438665e-05,1.6238745981312765e-08,3.975975224271296e-05,0.0,0.0012017211785439485,0.0,3.2214006042544734e-05,0.0,0.00015124218724165965,0.0,2.4774576213481935e-05,0.0,6.353328471395847e-05,0.0,3.2685732222952935e-05,0.0,0.0006218240910141937,0.0,3.230659607446419e-05,0.0,0.00036685401699292373,0.0,1.308310028878505e-05,0.0,0.0,5.024951363184472e-08,0.004327513511825657,0.0031648255744070376,0.002299222931172113,3.2437599077782954e-12,7.757697394996319e-05,5.024789484567741e-08,0.0001933393215045989,0.0,0.005510944222168886,0.0,0.00014569270629552925,0.0,0.0006425504883130392,0.0,0.00011619119524206005,0.0,0.0003511771653433266,0.0,0.00014870586869476725,0.0,0.0025874861756210806,0.0,0.00013189522678372245,0.0,0.002996940845213596,0.0,6.118457202079162e-05,0.0,0.0
GenerativeAdversarialNetwork,0.0001,8.0,45.0,True,227.0,1.687323375480473e-08,0.0008641250049971506,0.0006781788367145466,0.00048741585803481767,1.1644593645127747e-12,1.5528857547317876e-05,1.68726515311075e-08,3.9725032235894885e-05,0.0,0.0012017295604573649,0.0,3.214101143924374e-05,0.0,0.00015284125053015039,0.0,2.4815863174087598e-05,0.0,6.315311934106112e-05,0.0,3.2626433835196685e-05,0.0,0.0006228069651801631,0.0,3.215810158503345e-05,0.0,0.0003672775553885817,0.0,1.310395714487991e-05,0.0,0.0,5.11425630677837e-08,0.004326563211357068,0.0031648255744070376,0.002299171948582871,3.3665484795414138e-12,7.745434981097215e-05,5.1140875640506824e-08,0.00019313635175707955,0.0,0.005512381321722044,0.0,0.00014523487046079817,0.0,0.0006462119097979563,0.0,0.0001160281259308821,0.0,0.00035358562409502903,0.0,0.0001479018971605121,0.0,0.002587189089577153,0.0,0.00013156189530525567,0.0,0.0029972531135727025,0.0,6.125015118774379e-05,0.0,0.0
GenerativeAdversarialNetwork,0.0001,8.0,45.0,True,228.0,1.385249173948968e-08,0.0008655260354682121,0.0006781778727580274,0.0004874160588590925,7.723896395189494e-13,1.5561440030760522e-05,1.3852105633248362e-08,3.9721206533459e-05,0.0,0.0012015835194169042,0.0,3.227403743890418e-05,0.0,0.00015077623475915337,0.0,2.4806778385954084e-05,0.0,6.272201991145501e-05,0.0,3.257115695354431e-05,0.0,0.0006238574367970469,0.0,3.219957681839678e-05,0.0,0.0003668617688099329,0.0,1.309286913460477e-05,0.0,0.0,4.363230474618316e-08,0.004341778140397942,0.003164823700047139,0.0022991985644934313,2.336903382195801e-12,7.74634580286044e-05,4.363113784732051e-08,0.00019314190454827913,0.0,0.005508536726021566,0.0,0.00014535764103415627,0.0,0.0006466170995490356,0.0,0.00011552826929017433,0.0,0.0003524008646326245,0.0,0.00014721296446503334,0.0,0.0026070027606292343,0.0,0.0001319943218486114,0.0,0.0029928539908906948,0.0,6.117969868505526e-05,0.0,0.0
GenerativeAdversarialNetwork,0.0001,8.0,45.0,True,229.0,1.2434580919286989e-08,0.000864625459090076,0.0006781775514391876,0.0004874005552250741,6.047442421044883e-13,1.5558366164203602e-05,1.243427816296443e-08,3.969907067776369e-05,0.0,0.0012025660855775446,0.0,3.220913354357619e-05,0.0,0.00015293478443616164,0.0,2.4731785581118336e-05,0.0,6.31241755424484e-05,0.0,3.256797137848451e-05,0.0,0.0006228585368539446,0.0,3.228418408539096e-05,0.0,0.0003643441955355621,0.0,1.3087444368880392e-05,0.0,0.0,3.8714197846114894e-08,0.004334281450547512,0.00316482220055922,0.0022991756973026684,1.836334019855095e-12,7.760155149413354e-05,3.871327691122819e-08,0.00019325298380176977,0.0,0.005514138492585965,0.0,0.00014491718988748466,0.0,0.0006456407923368538,0.0,0.00011515994585535061,0.0,0.0003520617694974695,0.0,0.00014826146967755922,0.0,0.0025945585103904676,0.0,0.0001325845109216822,0.0,0.00297846996559287,0.0,6.120933700095183e-05,0.0,0.0
GenerativeAdversarialNetwork,0.0001,8.0,45.0,True,230.0,9.936183038973462e-09,0.0008668791091024394,0.0006781766678123783,0.00048738577455844517,3.912231051246764e-13,1.5521990612269733e-05,9.935986921517555e-09,3.973260080075328e-05,0.0,0.0012011532503593489,0.0,3.233061967834308e-05,0.0,0.0001508684131013094,0.0,2.4907044925779667e-05,0.0,6.244107177154715e-05,0.0,3.281155114144971e-05,0.0,0.000620387434316774,0.0,3.239676115326483e-05,0.0,0.0003626922953803584,0.0,1.3107776571557207e-05,0.0,0.0,3.167363061696297e-08,0.0043277200662864826,0.0031648199513273417,0.00229901337773545,1.231354466329664e-12,7.723422967038064e-05,3.167301570702309e-08,0.00019279499567529691,0.0,0.005511240994272682,0.0,0.00014480063984604003,0.0,0.0006447552510027615,0.0,0.00011561036625373288,0.0,0.0003535227393204311,0.0,0.00014620390281362353,0.0,0.0026003281650303295,0.0,0.0001321527638337897,0.0,0.0029757050973064493,0.0,6.125816407631028e-05,0.0,0.0
GenerativeAdversarialNetwork,0.0001,8.0,45.0,True,231.0,7.990514016252091e-09,0.0008658189175906528,0.0006781761055044087,0.00048734203503138294,2.460187826145199e-13,1.5469733625650406e-05,7.99039021710805e-09,3.958119937994409e-05,0.0,0.0012025012951818997,0.0,3.213209735174385e-05,0.0,0.00014841004282316428,0.0,2.4862755642265e-05,0.0,6.229629253120114e-05,0.0,3.2561211131332376e-05,0.0,0.0006226074663455275,0.0,3.1966183866773334e-05,0.0,0.0003657441817203943,0.0,1.3122355158759577e-05,0.0,0.0,2.426109721506331e-08,0.004345116750249323,0.003164816952351504,0.0022990619236568236,7.152572995798046e-13,7.749420924569076e-05,2.4260736849238078e-08,0.00019267418146508294,0.0,0.005514008199949129,0.0,0.00014478286857125145,0.0,0.0006489459448640451,0.0,0.00011570684892951317,0.0,0.00035358759217292256,0.0,0.00014641008240246924,0.0,0.002588865891942438,0.0,0.00013056193601410345,0.0,0.0030120697411351234,0.0,6.134806306294675e-05,0.0,0.0
GenerativeAdversarialNetwork,0.0001,8.0,45.0,True,232.0,6.869420836895524e-09,0.0008661739749085872,0.000678175703855859,0.0004873074932561088,1.7957664780165788e-13,1.542802493406756e-05,6.8693313583062656e-09,3.954079353584433e-05,0.0,0.0012030067678117967,0.0,3.2097437592208225e-05,0.0,0.00014987322840729172,0.0,2.4729370669213266e-05,0.0,6.253674947669243e-05,0.0,3.2582327803832826e-05,0.0,0.0006184433750065189,0.0,3.22095075787881e-05,0.0,0.00036304426000446,0.0,1.3098322768818657e-05,0.0,0.0,2.2281908041924975e-08,0.0043458241336750535,0.0031648165774795243,0.002298816757382087,6.226603352418502e-13,7.709517559540347e-05,2.2281594866862574e-08,0.00019242444643809362,0.0,0.005515071525548419,0.0,0.00014475817387958742,0.0,0.0006431620450889539,0.0,0.00011557995476437814,0.0,0.00034979988568983736,0.0,0.00014651078238802137,0.0,0.002580293319510214,0.0,0.00013155032113288184,0.0,0.002992605075896161,0.0,6.122660454151765e-05,0.0,0.0
GenerativeAdversarialNetwork,0.0001,8.0,45.0,True,233.0,5.292967439602779e-09,0.0008669525304573244,0.0006781751415478894,0.0004873069711129942,1.0642730519872866e-13,1.5446429223705817e-05,5.292914120169454e-09,3.953066697178504e-05,0.0,0.0012031965191596473,0.0,3.2056768166247726e-05,0.0,0.0001484309586713899,0.0,2.4751129979393233e-05,0.0,6.233367094935754e-05,0.0,3.256510712226446e-05,0.0,0.0006208837514296375,0.0,3.2157335942485585e-05,0.0,0.00036265530354893114,0.0,1.3095506208363891e-05,0.0,0.0,1.7057707553924173e-08,0.0043437019833978616,0.0031648147031196256,0.002298774021976399,3.712244522960809e-13,7.723142398790744e-05,1.7057521650919094e-08,0.00019225291907787323,0.0,0.005518009370740234,0.0,0.0001446605548731186,0.0,0.0006418785302893921,0.0,0.00011567245442537392,0.0,0.00034811277434511004,0.0,0.00014715162603735175,0.0,0.002582380794129282,0.0,0.00013081633351134055,0.0,0.0029836390753212217,0.0,6.119954347048165e-05,0.0,0.0
GenerativeAdversarialNetwork,0.0001,8.0,45.0,True,234.0,3.868702720262197e-09,0.0008690733151294472,0.0006781744989102098,0.0004872952831401979,5.6515485986780635e-14,1.5430341944138636e-05,3.86867452837791e-09,3.951481942619596e-05,0.0,0.001203472443315449,0.0,3.2127711851641814e-05,0.0,0.00014968101949383307,0.0,2.475849771997678e-05,0.0,6.202438148366152e-05,0.0,3.250599449696245e-05,0.0,0.0006220354384810456,0.0,3.2189977418058965e-05,0.0,0.0003610297515385877,0.0,1.3094254822101234e-05,0.0,0.0,1.315417917428462e-08,0.004346258610299548,0.003164813203631707,0.0022985680298235433,2.2254350703263803e-13,7.692183830640601e-05,1.3154067632481573e-08,0.00019195218974689269,0.0,0.005518185364304353,0.0,0.00014440606365788658,0.0,0.0006403220618295969,0.0,0.00011590178235896728,0.0,0.00034680730610523586,0.0,0.0001467525045264442,0.0,0.0025581878686101183,0.0,0.00013129941463095588,0.0,0.0029817150448853114,0.0,6.120540670253945e-05,0.0,0.0
GenerativeAdversarialNetwork,0.0001,8.0,45.0,True,235.0,2.5430421805498126e-09,0.0008682552373634195,0.0006781740972616602,0.0004872915076438307,2.6277778246277372e-14,1.5405456051029605e-05,2.543029463558531e-09,3.948690485199185e-05,0.0,0.0012027974395172462,0.0,3.189213744633281e-05,0.0,0.0001500143074603736,0.0,2.4796418363675274e-05,0.0,6.238875202734194e-05,0.0,3.2534755043424366e-05,0.0,0.0006208923065437461,0.0,3.194926693192068e-05,0.0,0.00036100681740639987,0.0,1.3137076833257778e-05,0.0,0.0,9.370702665255979e-09,0.004350869160778118,0.003164811704143788,0.0022987869550596994,1.4898002686499608e-13,7.714638076488327e-05,9.370628304053947e-09,0.00019241170079078315,0.0,0.005514268711590872,0.0,0.00014408374404382407,0.0,0.0006390462319056193,0.0,0.00011560438001680675,0.0,0.0003481556503277905,0.0,0.00014672826671000548,0.0,0.0025928444082632006,0.0,0.0001319413477519773,0.0,0.002984110101963739,0.0,6.14546555674301e-05,0.0,0.0
GenerativeAdversarialNetwork,0.0001,8.0,45.0,True,236.0,2.1530966335981947e-09,0.0008691351690061009,0.0006781740169319502,0.000487275120383003,1.8641087148353955e-14,1.541799627184225e-05,2.1530875938092113e-09,3.946965404678227e-05,0.0,0.0012034038394431183,0.0,3.214631320009977e-05,0.0,0.00014814319756795776,0.0,2.4803537584218697e-05,0.0,6.172004735694741e-05,0.0,3.251803893284656e-05,0.0,0.000621536430322899,0.0,3.202193770607848e-05,0.0,0.0003598585443676643,0.0,1.3103404878124072e-05,0.0,0.0,7.454558206220968e-09,0.0043559408037917415,0.003164810954399829,0.002298761651201068,8.119242852293484e-14,7.70756295360859e-05,7.45451816557372e-09,0.00019233165390836367,0.0,0.00551761924108526,0.0,0.00014421105993993628,0.0,0.0006425624842163901,0.0,0.0001155532919948206,0.0,0.00034807343621673825,0.0,0.00014730396463811022,0.0,0.002565882678301829,0.0,0.00013126922572183908,0.0,0.002990852549390973,0.0,6.127278994089402e-05,0.0,0.0
GenerativeAdversarialNetwork,0.0001,8.0,45.0,True,237.0,1.2439854027382713e-08,0.0008691548497850362,0.0006781765071529584,0.00048724202454250776,9.768051895943363e-13,1.5360473923766708e-05,1.2439364959477042e-08,3.938340253103776e-05,0.0,0.0012036323935106703,0.0,3.1866951571963224e-05,0.0,0.00015018616283357625,0.0,2.4720398844734357e-05,0.0,6.231236349379599e-05,0.0,3.241111506830971e-05,0.0,0.0006193674076599573,0.0,3.185180942163956e-05,0.0,0.0003607314873255809,0.0,1.3118521925413384e-05,0.0,0.0,4.1726164013856094e-08,0.0043549545156131,0.0031648195764553623,0.002298553784688314,3.0245372942708885e-12,7.678079858141125e-05,4.172465962953807e-08,0.00019179651244256483,0.0,0.005521192215159207,0.0,0.00014391965554945123,0.0,0.0006382236222051224,0.0,0.00011546040574709575,0.0,0.0003487828580088585,0.0,0.00014526044375866464,0.0,0.0025988386112189145,0.0,0.00013093858863572655,0.0,0.0029748382058533483,0.0,6.132357337939664e-05,0.0,0.0
GenerativeAdversarialNetwork,0.0001,8.0,45.0,True,238.0,3.3147637566803853e-09,0.0008689690471659452,0.0006781740972616602,0.00048729443967824356,6.082185051350948e-14,1.5440789827037694e-05,3.3147334197614243e-09,3.9516933101688756e-05,0.0,0.0012019291699122499,0.0,3.199248933647521e-05,0.0,0.0001500363780481796,0.0,2.4732867521899088e-05,0.0,6.16585599845953e-05,0.0,3.2708144212026157e-05,0.0,0.0006229164144099562,0.0,3.206287573450659e-05,0.0,0.00035989264432953374,0.0,1.311558863584886e-05,0.0,0.0,1.0879163264175043e-08,0.004348400628791665,0.003164810954399829,0.0022986302585721765,1.8445351814777227e-13,7.68451359849306e-05,1.0879071027684061e-08,0.00019212673951244955,0.0,0.005512589036564851,0.0,0.0001440548671866363,0.0,0.0006397585823850812,0.0,0.0001162222627573793,0.0,0.000345270518424376,0.0,0.00014661774976448442,0.0,0.00257415235417444,0.0,0.00013151159217147706,0.0,0.0029812234002839096,0.0,6.135582994177657e-05,0.0,0.0
GenerativeAdversarialNetwork,0.0001,8.0,45.0,True,239.0,2.4139549131695035e-09,0.0008709857245339859,0.0006781739366022403,0.00048721921090488486,2.4200996290825946e-14,1.536728312183583e-05,2.413942655828509e-09,3.937933834977548e-05,0.0,0.0012036948949875554,0.0,3.1867955693337475e-05,0.0,0.00014863550823653805,0.0,2.4745835749447506e-05,0.0,6.171165792286557e-05,0.0,3.258668569059706e-05,0.0,0.00061812788007073,0.0,3.202530151268221e-05,0.0,0.00035554118394209047,0.0,1.3114701243584368e-05,0.0,0.0,7.87137848402501e-09,0.004361797053858919,0.003164810579527849,0.002298405147948355,7.546804289110638e-14,7.674263192797607e-05,7.871341303423993e-09,0.0001915735221883786,0.0,0.005520748458872762,0.0,0.0001437702104917862,0.0,0.0006373489052994446,0.0,0.00011548589704171666,0.0,0.00034485544142483167,0.0,0.00014498873186186424,0.0,0.0025816653509559873,0.0,0.00013152860198755684,0.0,0.002977524538460018,0.0,6.130334786461585e-05,0.0,0.0
GenerativeAdversarialNetwork,0.0001,8.0,45.0,True,240.0,2.084088110234124e-09,0.000872447323606342,0.0006781739366022403,0.000487244434433806,1.7275721836526942e-14,1.537587212504081e-05,2.0840792236619033e-09,3.9420625310381144e-05,0.0,0.0012032310377194204,0.0,3.187044089373874e-05,0.0,0.00014843208328732904,0.0,2.46926148063089e-05,0.0,6.171567942896943e-05,0.0,3.265465466641994e-05,0.0,0.000619327845277812,0.0,3.197104632452813e-05,0.0,0.00035726297094494186,0.0,1.3124825297340228e-05,0.0,0.0,6.887564765902254e-09,0.00437515674147216,0.003164810579527849,0.0022983925897370346,5.5595814465053926e-14,7.66840581811449e-05,6.88753759546305e-09,0.00019158481520676764,0.0,0.005518978903656546,0.0,0.00014365582767897431,0.0,0.0006342774854516083,0.0,0.00011593056549816012,0.0,0.00034685625032808794,0.0,0.00014599383392798827,0.0,0.002566236932322664,0.0,0.00013106927837965623,0.0,0.00297716091263969,0.0,6.13538384343843e-05,0.0,0.0
GenerativeAdversarialNetwork,0.0001,8.0,45.0,True,241.0,2.3271553190025743e-09,0.0008740584965986061,0.0006781740169319502,0.0004871931037491544,2.1792837731320035e-14,1.5340696498149166e-05,2.327144440612442e-09,3.929343325590509e-05,0.0,0.0012051870790257063,0.0,3.185577821137127e-05,0.0,0.0001501775474721852,0.0,2.4717612407920816e-05,0.0,6.171076425484248e-05,0.0,3.2262678315857995e-05,0.0,0.0006214444126401629,0.0,3.197025055833904e-05,0.0,0.0003552013491041898,0.0,1.3114221775628164e-05,0.0,0.0,7.656187890518498e-09,0.004376817799214297,0.003164810954399829,0.00229834498099561,7.337063128612393e-14,7.667585199921386e-05,7.65615142492904e-09,0.0001914980557729613,0.0,0.005521178348327583,0.0,0.0001430135079712238,0.0,0.0006410216666617483,0.0,0.00011549390993028317,0.0,0.00034771398084718476,0.0,0.000145447868033775,0.0,0.0025753101462838036,0.0,0.00013161198757354568,0.0,0.002966558595873275,0.0,6.133254687741118e-05,0.0,0.0
GenerativeAdversarialNetwork,0.0001,8.0,45.0,True,242.0,2.202743767561282e-09,0.0008725343206822069,0.0006781739366022403,0.0004871796083578845,1.861872978905373e-14,1.5304185389829774e-05,2.2027344213387738e-09,3.927196263062022e-05,0.0,0.0012045774101410022,0.0,3.180027791271313e-05,0.0,0.00014637990018749494,0.0,2.4669228819502653e-05,0.0,6.15898630207761e-05,0.0,3.2385407050825517e-05,0.0,0.0006198150851334523,0.0,3.197405617834744e-05,0.0,0.0003561237349985745,0.0,1.3102145960951109e-05,0.0,0.0,7.05502690788931e-09,0.004371399399619432,0.003164810579527849,0.0022981183708838697,6.143261345118884e-14,7.628431578852096e-05,7.054996162392316e-09,0.00019104068852820487,0.0,0.00552172865253407,0.0,0.00014345778984093817,0.0,0.0006330802380663794,0.0,0.0001158544196272796,0.0,0.00034469045089475766,0.0,0.00014525275888308038,0.0,0.0025708054971395047,0.0,0.00013094336825346796,0.0,0.0029575041255111216,0.0,6.131484003374412e-05,0.0,0.0
GenerativeAdversarialNetwork,0.0001,8.0,45.0,True,243.0,2.4150091977117708e-09,0.0008752714752186983,0.0006781740972616602,0.00048715920461155977,2.3904501188471696e-14,1.5297410080857034e-05,2.414997093587539e-09,3.92535746579543e-05,0.0,0.0012047826453793853,0.0,3.1873172103876694e-05,0.0,0.00014761098311596483,0.0,2.466019423743785e-05,0.0,6.115640390594051e-05,0.0,3.24562653859028e-05,0.0,0.0006189898981880949,0.0,3.1868598331016996e-05,0.0,0.00035455569906054805,0.0,1.3127515087471497e-05,0.0,0.0,7.815309422681513e-09,0.004380109924940193,0.003164810954399829,0.0022980068464699033,7.911799382135118e-14,7.622228619062676e-05,7.815270097045823e-09,0.00019077508001582428,0.0,0.00552412247623154,0.0,0.00014296473946961218,0.0,0.0006378355359881179,0.0,0.00011537858993752198,0.0,0.00034332793182546985,0.0,0.00014545811843947045,0.0,0.002558200051949459,0.0,0.0001305900162683343,0.0,0.0029509551120254227,0.0,6.135132562064525e-05,0.0,0.0
GenerativeAdversarialNetwork,0.0001,8.0,45.0,True,244.0,2.2836998276259674e-09,0.0008767486582547828,0.0006781740169319502,0.00048714498625290043,2.113850097134249e-14,1.5262275873972077e-05,2.283689408886122e-09,3.922355895977457e-05,0.0,0.0012044068203482445,0.0,3.1982967755543894e-05,0.0,0.00014628070303693294,0.0,2.4646834402553478e-05,0.0,6.115950664098694e-05,0.0,3.237320948643183e-05,0.0,0.0006194224335112662,0.0,3.1841030178687e-05,0.0,0.0003537091444123466,0.0,1.3127699594774015e-05,0.0,0.0,7.475888431019153e-09,0.004386617327636143,0.003164810954399829,0.00229805108136351,7.122767500723918e-14,7.634705998612649e-05,7.475853395452811e-09,0.00019095705693247933,0.0,0.005522871909500062,0.0,0.0001429431140422821,0.0,0.0006332575056537892,0.0,0.00011545758249249848,0.0,0.000343765712009286,0.0,0.00014516193443124399,0.0,0.002582792965870983,0.0,0.00013142058028365081,0.0,0.0029494231976802993,0.0,6.13849938103238e-05,0.0,0.0
GenerativeAdversarialNetwork,0.0001,8.0,45.0,True,245.0,2.1986850555245628e-09,0.0008761599218106334,0.0006781740169319502,0.00048715362169671894,1.9194096886535936e-14,1.5270372857703674e-05,2.1986754028685295e-09,3.921730579391644e-05,0.0,0.0012052839581883975,0.0,3.190056955557306e-05,0.0,0.00014648888752145586,0.0,2.4595277790592688e-05,0.0,6.113801844357801e-05,0.0,3.2361335751181344e-05,0.0,0.0006207666307125452,0.0,3.18152794860444e-05,0.0,0.0003542071886139739,0.0,1.3108095380093532e-05,0.0,0.0,7.272725761941277e-09,0.004371903602432155,0.003164810579527849,0.002297981355175282,6.515563006142494e-14,7.61480966828904e-05,7.272693586421167e-09,0.00019086749767357447,0.0,0.005523577701617651,0.0,0.00014286111079671847,0.0,0.0006345118741569279,0.0,0.00011570376795042985,0.0,0.00034487692627516934,0.0,0.00014512017134975336,0.0,0.002573696884719081,0.0,0.00013178562358865197,0.0,0.0029310486601583615,0.0,6.129467895008483e-05,0.0,0.0
GenerativeAdversarialNetwork,0.0001,8.0,45.0,True,246.0,2.3580107234873857e-09,0.0008776170224192328,0.0006781740169319502,0.0004871103641479163,2.2761982382044458e-14,1.5248370048090454e-05,2.3579993854469658e-09,3.918437563344796e-05,0.0,0.0012048934457488643,0.0,3.1924819086761166e-05,0.0,0.00014554171991155475,0.0,2.465327584116928e-05,0.0,6.044436637764028e-05,0.0,3.2476767034061516e-05,0.0,0.0006179374183284626,0.0,3.194733650857869e-05,0.0,0.0003515112833835365,0.0,1.3133013907147225e-05,0.0,0.0,7.953614108344986e-09,0.004382703289295892,0.003164810954399829,0.002297929622842081,8.103243574046023e-14,7.633104592374286e-05,7.95357335268618e-09,0.00019077586490403182,0.0,0.0055230289333817835,0.0,0.0001431235446120208,0.0,0.000635143111711778,0.0,0.00011596964590204587,0.0,0.00034019737592283283,0.0,0.00014600983627562254,0.0,0.002552784651330432,0.0,0.00013100827967970626,0.0,0.002947464866458245,0.0,6.142520468752339e-05,0.0,0.0
GenerativeAdversarialNetwork,0.0001,8.0,45.0,True,247.0,2.210109510198248e-09,0.0008772861443439906,0.0006781740169319502,0.0004870943383707833,1.9485440421263078e-14,1.5210646463211655e-05,2.2100997043254527e-09,3.915146555540697e-05,0.0,0.001204787483022805,0.0,3.162918316145149e-05,0.0,0.0001456739426141158,0.0,2.4682769396234395e-05,0.0,6.054007922703365e-05,0.0,3.2570260775217794e-05,0.0,0.0006164035225171606,0.0,3.1920267906632384e-05,0.0,0.00035062368025355584,0.0,1.311928003705094e-05,0.0,0.0,7.430129121330423e-09,0.004387126403784602,0.003164810954399829,0.002297857272549995,7.1237335998673e-14,7.610051137096477e-05,7.4300940857640814e-09,0.0001906034472228596,0.0,0.005524875472705814,0.0,0.00014320588758531607,0.0,0.0006320529014059583,0.0,0.0001150730107003038,0.0,0.00034400860562264543,0.0,0.00014598928860523415,0.0,0.0025471681318942857,0.0,0.00013090258921092413,0.0,0.002953726353135499,0.0,6.135236823333885e-05,0.0,0.0
GenerativeAdversarialNetwork,0.0001,8.0,45.0,True,248.0,2.316950469757816e-09,0.0008778193729585714,0.0006781740169319502,0.0004870678697313581,2.2098333757370394e-14,1.5175129435052768e-05,2.316939284934159e-09,3.910396810410158e-05,0.0,0.001204848148257346,0.0,3.1857377274659765e-05,0.0,0.00014478260415262288,0.0,2.464599596120598e-05,0.0,6.036559305583049e-05,0.0,3.237971368263353e-05,0.0,0.0006164278624192724,0.0,3.199840361136953e-05,0.0,0.00035031167966014936,0.0,1.3128994911346795e-05,0.0,0.0,7.746925002263066e-09,0.0043872418643543555,0.003164810954399829,0.0022977375009524746,7.720001699402691e-14,7.598722974459331e-05,7.746886391638933e-09,0.00019045482219765022,0.0,0.00552700379912472,0.0,0.0001431302805929064,0.0,0.0006281052651645252,0.0,0.00011531279990508122,0.0,0.0003398669028432114,0.0,0.00014551137369008934,0.0,0.002549464410206057,0.0,0.00013120207677847184,0.0,0.002943433868060322,0.0,6.137230673676017e-05,0.0,0.0
GenerativeAdversarialNetwork,0.0001,8.0,45.0,True,249.0,2.2192757030105066e-09,0.0008788953090935062,0.0006781740169319502,0.00048705116115169063,2.0046522935944452e-14,1.5166657160957547e-05,2.2192655907041862e-09,3.9056214601845754e-05,0.0,0.001206112755997755,0.0,3.187637525106055e-05,0.0,0.0001464947817139227,0.0,2.4647248602620355e-05,0.0,6.04695045562446e-05,0.0,3.230393766312586e-05,0.0,0.0006148193403074363,0.0,3.1874249024050573e-05,0.0,0.0003501553178797514,0.0,1.3121253135551339e-05,0.0,0.0,7.46526621931354e-09,0.004390547485471521,0.003164810954399829,0.0022976533421930276,7.191652388036009e-14,7.593063579040504e-05,7.465229038712525e-09,0.00019012342365282885,0.0,0.005526519636895605,0.0,0.000142669012336611,0.0,0.0006317039424518369,0.0,0.00011490025329139997,0.0,0.00034218656379471785,0.0,0.00014521798950696142,0.0,0.0025355800892571984,0.0,0.00013076938079588068,0.0,0.0029425137447861007,0.0,6.133586215148182e-05,0.0,0.0
GenerativeAdversarialNetwork,0.0001,8.0,45.0,True,250.0,2.283610961903759e-09,0.0008802149655683985,0.0006781740169319502,0.00048708506028928523,2.039261195891312e-14,1.5200711937365184e-05,2.2836008495974386e-09,3.9078829925497264e-05,0.0,0.0012057658971432305,0.0,3.1842024258847506e-05,0.0,0.00014516885952165507,0.0,2.4591088094158635e-05,0.0,6.044846319284722e-05,0.0,3.2196233094220535e-05,0.0,0.0006192631798613103,0.0,3.166418934286123e-05,0.0,0.0003535493284544212,0.0,1.311652372387863e-05,0.0,0.0,7.469636369956023e-09,0.004397846992660618,0.003164810579527849,0.0022976539045009973,6.826698753811584e-14,7.587863987534301e-05,7.469602049401238e-09,0.00018993514420101478,0.0,0.005529151992639784,0.0,0.00014152999897048158,0.0,0.0006354929609868512,0.0,0.00011525592479690815,0.0,0.0003409305552266679,0.0,0.00014367472356970206,0.0,0.002557150035534265,0.0,0.00013026417051471254,0.0,0.002946685882484388,0.0,6.135035329644786e-05,0.0,0.0
GenerativeAdversarialNetwork,0.0001,8.0,45.0,True,251.0,2.058346008761824e-09,0.0008796752302473124,0.0006781739366022403,0.0004870503176897363,1.5777742525926926e-14,1.5131408735266271e-05,2.0583381947069403e-09,3.9010210781084556e-05,0.0,0.0012055705598966924,0.0,3.1474412913431695e-05,0.0,0.00014531213760054658,0.0,2.454855853335234e-05,0.0,5.999853146686708e-05,0.0,3.213480596915088e-05,0.0,0.0006185017345407902,0.0,3.178579095158616e-05,0.0,0.0003518611192703247,0.0,1.3132588410714888e-05,0.0,0.0,6.929227774375215e-09,0.0043957195941757106,0.003164810579527849,0.002297622602690691,5.504545980453711e-14,7.574604648464131e-05,6.929199888924453e-09,0.00019001814320027452,0.0,0.0055282714517697765,0.0,0.00014116732204485239,0.0,0.0006389528887826691,0.0,0.0001154299239692448,0.0,0.00033844363108371037,0.0,0.00014472844184569594,0.0,0.002556786222277947,0.0,0.00013097049961300017,0.0,0.0029325610811605394,0.0,6.139684913668243e-05,0.0,0.0
GenerativeAdversarialNetwork,0.0001,8.0,45.0,True,252.0,1.9512128648363057e-09,0.0008823880448816921,0.0006781739366022403,0.0004870162980575767,1.4184014428320667e-14,1.510714790771271e-05,1.9512059700819963e-09,3.898982711718732e-05,0.0,0.001205684534385621,0.0,3.1681756446303705e-05,0.0,0.0001446177073405438,0.0,2.4549038001308543e-05,0.0,6.0047587816605994e-05,0.0,3.235649588615747e-05,0.0,0.0006139368381140367,0.0,3.181450631258623e-05,0.0,0.0003514703955611771,0.0,1.3122141782967549e-05,0.0,0.0,6.657508367093415e-09,0.00440472589348847,0.003164810579527849,0.0022976375975698794,5.078216956832383e-14,7.602225684519833e-05,6.6574833416888845e-09,0.00019017146583997978,0.0,0.005527741389724928,0.0,0.0001419845312458914,0.0,0.0006276066385725009,0.0,0.00011587242519705551,0.0,0.00033708176804038713,0.0,0.00014451369877506353,0.0,0.0025428951536334535,0.0,0.00013151247077767953,0.0,0.0029570857683817544,0.0,6.132422940536115e-05,0.0,0.0
GenerativeAdversarialNetwork,0.0001,8.0,45.0,True,253.0,1.8032494455416224e-09,0.0008809823552874542,0.0006781737759428204,0.00048698416617360074,1.1887895158759818e-14,1.505263415830476e-05,1.8032436233046503e-09,3.893413352516462e-05,0.0,0.0012055577697148425,0.0,3.168432197641491e-05,0.0,0.00014498436226035064,0.0,2.4547948529617485e-05,0.0,5.942627265446912e-05,0.0,3.240634549178203e-05,0.0,0.0006132845608693249,0.0,3.170237105811703e-05,0.0,0.0003491040028009132,0.0,1.3133772018784783e-05,0.0,0.0,5.988681550661568e-09,0.0044016047093853265,0.003164810579527849,0.0022973116463835134,4.1164832614429426e-14,7.549366978166988e-05,5.9886608153263855e-09,0.0001894569364171358,0.0,0.005531242975479981,0.0,0.0001414616082636815,0.0,0.0006310062119795841,0.0,0.00011533417932267459,0.0,0.0003370429453609874,0.0,0.0001435218109462246,0.0,0.0025368561534761633,0.0,0.00013099143387011763,0.0,0.00293181171207308,0.0,6.14281158027409e-05,0.0,0.0
GenerativeAdversarialNetwork,0.0001,8.0,45.0,True,254.0,1.8763462517775608e-09,0.0008834135339587846,0.0006781737759428204,0.000487009269207957,1.3022156494409225e-14,1.5107789290240511e-05,1.876339816673539e-09,3.893934491509697e-05,0.0,0.0012063890609263748,0.0,3.138665772592925e-05,0.0,0.00014717921092503798,0.0,2.4615734253289565e-05,0.0,6.0229183167138834e-05,0.0,3.218588060285203e-05,0.0,0.0006164063340570085,0.0,3.156583063364672e-05,0.0,0.0003511374690783313,0.0,1.3140659036260409e-05,0.0,0.0,6.2285100124335594e-09,0.00441715140012825,0.003164810579527849,0.0022974115497661086,4.3541240123359545e-14,7.573767043884445e-05,6.22848856208682e-09,0.00018934555258016167,0.0,0.0055341503164416,0.0,0.00014109983337375352,0.0,0.0006393197478738221,0.0,0.00011506769220409153,0.0,0.0003386617362874109,0.0,0.00014284794341843084,0.0,0.002541952725476439,0.0,0.0001296275090309059,0.0,0.002944529806293032,0.0,6.137564544032955e-05,0.0,0.0
GenerativeAdversarialNetwork,0.0001,8.0,45.0,True,255.0,1.4634163518605856e-09,0.0008825914397072599,0.0006781736956131105,0.00048699091386923574,7.861627687942496e-15,1.5059390640001735e-05,1.4634123682247625e-09,3.891670699871454e-05,0.0,0.0012061063855285604,0.0,3.141147207539036e-05,0.0,0.00014558728693951815,0.0,2.450356134426883e-05,0.0,5.99526129964227e-05,0.0,3.224789513892562e-05,0.0,0.0006154509326518385,0.0,3.160876686360958e-05,0.0,0.00034850574728613595,0.0,1.3150225802653562e-05,0.0,0.0,4.8887074123323036e-09,0.004411146700757105,0.0031648098297838894,0.002297323079978895,2.7417956422893245e-14,7.555490863398186e-05,4.8886938271127016e-09,0.00018921828354304693,0.0,0.0055350333466692575,0.0,0.00014058239289424705,0.0,0.0006349442421265368,0.0,0.00011509040710311265,0.0,0.0003369722585633116,0.0,0.00014317956454349014,0.0,0.002540449113965784,0.0,0.00012968830858011665,0.0,0.00294984998942921,0.0,6.147855365613721e-05,0.0,0.0
GenerativeAdversarialNetwork,0.0001,8.0,45.0,True,256.0,1.3273149743130823e-09,0.0008837381463166517,0.0006781736152834005,0.00048697721765369095,6.347426258044723e-15,1.5064314600190705e-05,1.3273117567610711e-09,3.8907408834789e-05,0.0,0.0012060567019175513,0.0,3.157898713395281e-05,0.0,0.00014378230848081027,0.0,2.4583527060210544e-05,0.0,5.932743698760184e-05,0.0,3.2304228858324396e-05,0.0,0.0006142127706676802,0.0,3.168355382356361e-05,0.0,0.0003493337056064863,0.0,1.3140879942962745e-05,0.0,0.0,4.377898507723702e-09,0.004414982765725574,0.0031648098297838894,0.002297137143476954,2.2428388472522755e-14,7.540368293441317e-05,4.377887425044553e-09,0.00018908358735483398,0.0,0.0055317096963536675,0.0,0.0001414049557357464,0.0,0.0006309240212980307,0.0,0.00011492935272882569,0.0,0.00033541874222035677,0.0,0.00014360127209117577,0.0,0.0025440630672862695,0.0,0.00013059436244034918,0.0,0.002919957322894402,0.0,6.136637907358086e-05,0.0,0.0
GenerativeAdversarialNetwork,0.0001,8.0,45.0,True,257.0,1.1094804978902396e-09,0.0008845378285791032,0.0006781735349536906,0.00048695428352150315,4.491585709889991e-15,1.5051156844732896e-05,1.1094781996388031e-09,3.887593967092005e-05,0.0,0.0012065850382467665,0.0,3.141614877069093e-05,0.0,0.00014549927570106527,0.0,2.4658095623765674e-05,0.0,5.91301823642376e-05,0.0,3.2202589182519526e-05,0.0,0.0006148988667202767,0.0,3.17484225746435e-05,0.0,0.0003487015509541144,0.0,1.314955053102938e-05,0.0,0.0,3.8532909525630836e-09,0.004420943230203113,0.0031648094549119096,0.002297100780894921,1.7826011620256083e-14,7.542513264050274e-05,3.853282014918609e-09,0.00018888192965924364,0.0,0.005535821965254415,0.0,0.0001413850523765732,0.0,0.0006313955633895202,0.0,0.00011511878022607768,0.0,0.00033356980332788433,0.0,0.00014334750719040444,0.0,0.0025519876735015487,0.0,0.0001294874592022326,0.0,0.0029301652743381522,0.0,6.13835704682758e-05,0.0,0.0
GenerativeAdversarialNetwork,0.0001,8.0,45.0,True,258.0,9.180022923318896e-10,0.0008848369764189193,0.0006781735349536906,0.0004869223122969471,3.02826229342224e-15,1.4991666418763827e-05,9.180007601642653e-10,3.88156045278449e-05,0.0,0.0012066526752193324,0.0,3.1636879751785107e-05,0.0,0.00014433076961663856,0.0,2.452551896842021e-05,0.0,5.927864673002711e-05,0.0,3.212138588698405e-05,0.0,0.0006109948829820535,0.0,3.183072287278034e-05,0.0,0.00034709905357052374,0.0,1.3148112127160769e-05,0.0,0.0,3.0593217407331625e-09,0.004426672023797185,0.0031648094549119096,0.0022971461404044675,1.1546654945075755e-14,7.566300648375877e-05,3.0593156631349192e-09,0.0001889304521511186,0.0,0.005533781422401929,0.0,0.00014150589001628587,0.0,0.0006255537458935623,0.0,0.00011493740076164029,0.0,0.00033454121377483106,0.0,0.00014310347724635645,0.0,0.002544395016424311,0.0,0.00012985612236478792,0.0,0.0029530830728183004,0.0,6.13952969323914e-05,0.0,0.0
GenerativeAdversarialNetwork,0.0001,8.0,45.0,True,259.0,6.827257728909997e-10,0.0008841756219169843,0.0006781734546239806,0.00048691801465746527,1.7025951464240083e-15,1.4987531949005358e-05,6.827248535904251e-10,3.87821522242618e-05,0.0,0.001206096474435756,0.0,3.1585759932622116e-05,0.0,0.0001449722525565772,0.0,2.4673132341345045e-05,0.0,5.870301406981167e-05,0.0,3.202446809194159e-05,0.0,0.0006155541964939662,0.0,3.17257444934061e-05,0.0,0.00034663273960432276,0.0,1.31389106099175e-05,0.0,0.0,2.29928554742269e-09,0.00442646546933636,0.0031648087051679504,0.002297043800354004,6.6998205059925866e-15,7.531038081308581e-05,2.2992825086235687e-09,0.00018886224888030838,0.0,0.005531237082867085,0.0,0.0001406715655664228,0.0,0.0006300475237504492,0.0,0.0001158517486644241,0.0,0.000331241988910819,0.0,0.00014262992021797587,0.0,0.0025425588934676452,0.0,0.00013078514884852762,0.0,0.002925031215139905,0.0,6.14034152537022e-05,0.0,0.0
GenerativeAdversarialNetwork,0.0001,8.0,45.0,True,260.0,5.766386781067681e-10,0.0008856753776015618,0.0006781733742942707,0.0004869006232752633,1.201400628240017e-15,1.5005602368286678e-05,5.766380652397184e-10,3.8737958332277696e-05,0.0,0.0012077356926405256,0.0,3.1370230300246544e-05,0.0,0.00014583363807747627,0.0,2.4554603344025317e-05,0.0,5.832633299808296e-05,0.0,3.2024350107680115e-05,0.0,0.0006158535451580572,0.0,3.162794558185773e-05,0.0,0.00034574501597977713,0.0,1.3142914543897315e-05,0.0,0.0,1.869677109150974e-09,0.004420710059831727,0.0031648087051679504,0.0022969330256839967,4.3435999550595454e-15,7.51513882346873e-05,1.8696749641162997e-09,0.00018845212721974595,0.0,0.005536019082416096,0.0,0.0001397576276798668,0.0,0.0006312078931046732,0.0,0.00011496709765128369,0.0,0.000332857663713911,0.0,0.00014199045890907072,0.0,0.0025429592567419858,0.0,0.00012992301358366912,0.0,0.002932367459783014,0.0,6.145170345058982e-05,0.0,0.0
GenerativeAdversarialNetwork,0.0001,8.0,45.0,True,261.0,3.580803290898342e-10,0.0008857342592789478,0.0006781732939645608,0.00048691415883138817,4.665335464202559e-16,1.502645169347123e-05,3.5808009926469056e-10,3.876199197737033e-05,0.0,0.0012070752884661997,0.0,3.15653361038699e-05,0.0,0.00014462888321143918,0.0,2.450504493359928e-05,0.0,5.8862207472485033e-05,0.0,3.2023278208113104e-05,0.0,0.0006140929589053049,0.0,3.16312064660206e-05,0.0,0.0003475499843972713,0.0,1.3143617428859289e-05,0.0,0.0,1.271736270449673e-09,0.004419652545976939,0.0031648083302959706,0.002296988881608975,2.141411120316914e-15,7.540485440934979e-05,1.271735197932336e-09,0.00018855746624604712,0.0,0.005536894293504924,0.0,0.00014078061816827307,0.0,0.0006276721943099543,0.0,0.00011550877594722892,0.0,0.0003283074441945778,0.0,0.00014291508064704871,0.0,0.0025345019574435253,0.0,0.0001291708212416127,0.0,0.002946992152891819,0.0,6.14165943467392e-05,0.0,0.0
GenerativeAdversarialNetwork,0.0001,8.0,45.0,True,262.0,2.7699836315062353e-10,0.0008876542196762209,0.0006781732136348508,0.00048688536063037474,2.677553064174206e-16,1.4986521551872521e-05,2.769982099338611e-10,3.8723011985622e-05,0.0,0.0012072440467128384,0.0,3.157495307633176e-05,0.0,0.00014448498257729563,0.0,2.4512543209961484e-05,0.0,5.901148015598081e-05,0.0,3.206541114097657e-05,0.0,0.0006137389860384547,0.0,3.1662339249229175e-05,0.0,0.0003454889248644888,0.0,1.3140376627123902e-05,0.0,0.0,9.85193511676801e-10,0.004423235197487117,0.0031648083302959706,0.0022968055692108922,1.3078768310541373e-15,7.501951530107162e-05,9.85192886041688e-10,0.0001883078600813008,0.0,0.005538167234123576,0.0,0.00014099126107662728,0.0,0.0006238401123562699,0.0,0.00011492198415147434,0.0,0.00033135826951302824,0.0,0.00014257373628001542,0.0,0.0025403154721050144,0.0,0.00012956952102154305,0.0,0.0029332971422927185,0.0,6.133535255988438e-05,0.0,0.0
GenerativeAdversarialNetwork,0.0001,8.0,45.0,True,263.0,2.066945069727955e-10,0.0008867384609829062,0.0006781732136348508,0.00048687021848005103,1.466248186988005e-16,1.495343198713588e-05,2.06694411212319e-10,3.8690957921052556e-05,0.0,0.0012073871012701653,0.0,3.141377653394427e-05,0.0,0.00014371654857201074,0.0,2.454130124611996e-05,0.0,5.881678102151403e-05,0.0,3.206300375998181e-05,0.0,0.0006126251342804285,0.0,3.1609389418861613e-05,0.0,0.00034554415154007247,0.0,1.3146361190514424e-05,0.0,0.0,6.849742352636632e-10,0.00442824161277627,0.0031648079554239907,0.002296716162243729,5.46495812808182e-16,7.504484844657611e-05,6.849740565107737e-10,0.00018813216227030603,0.0,0.005537183665339825,0.0,0.00014060398317732902,0.0,0.0006248288840617774,0.0,0.00011541045405579812,0.0,0.00032799852625379025,0.0,0.00014349218434507743,0.0,0.002518913093602882,0.0,0.00012917153584132406,0.0,0.0029284333657918485,0.0,6.144866933050396e-05,0.0,0.0
GenerativeAdversarialNetwork,0.0001,8.0,45.0,True,264.0,1.608249897436579e-10,0.0008870987397319866,0.0006781732136348508,0.00048688548112493964,9.859998666478968e-17,1.4971246355466766e-05,1.60824932287372e-10,3.875576391454655e-05,0.0,0.0012068057131069748,0.0,3.1546581626902374e-05,0.0,0.0001447294258846427,0.0,2.4586300945506906e-05,0.0,5.8633237675515146e-05,0.0,3.224433301835047e-05,0.0,0.0006099678274756172,0.0,3.178431238286257e-05,0.0,0.00034516081816423933,0.0,1.3139824360368065e-05,0.0,0.0,5.351528137473008e-10,0.004427570217060593,0.0031648083302959706,0.0022967367802026136,4.141285784009274e-16,7.497620587266467e-05,5.351525456179666e-10,0.00018837681309607043,0.0,0.005533851127663546,0.0,0.00014106221731353857,0.0,0.0006215268242284187,0.0,0.00011571297574343171,0.0,0.00032624649176807524,0.0,0.00014283848961569229,0.0,0.002514796249521603,0.0,0.00013073754010710327,0.0,0.0029205275031755555,0.0,6.137819925569138e-05,0.0,0.0
GenerativeAdversarialNetwork,0.0001,8.0,45.0,True,265.0,1.0652105253566603e-10,0.000887719447400692,0.0006781732136348508,0.0004868240288968356,5.096941536266446e-17,1.4882834723615904e-05,1.0652102380752307e-10,3.860368471180975e-05,0.0,0.0012077180699486105,0.0,3.1191978673889955e-05,0.0,0.00014335260477991437,0.0,2.449473260708575e-05,0.0,5.852929103085294e-05,0.0,3.2071089447347944e-05,0.0,0.0006120978098995281,0.0,3.159986532762687e-05,0.0,0.0003428987736971873,0.0,1.3147715499217941e-05,0.0,0.0,3.900307610076552e-10,0.004426687768420334,0.0031648079554239907,0.0022967238471193136,2.6602869253990373e-16,7.520000444455716e-05,3.9003062694298805e-10,0.00018817059836297666,0.0,0.005534700632188922,0.0,0.00014084489699804558,0.0,0.0006199119225987848,0.0,0.00011509252747274795,0.0,0.00032759771781897397,0.0,0.00014245410525948746,0.0,0.002532078222658649,0.0,0.00012998637866299108,0.0,0.002923356474570508,0.0,6.145999163576642e-05,0.0,0.0
GenerativeAdversarialNetwork,0.0001,8.0,45.0,True,266.0,9.21503065528227e-11,0.0008890082572669674,0.0006781731333051409,0.0004868471638532983,5.66485863422829e-17,1.4949298772529129e-05,9.215027782467975e-11,3.867117421967643e-05,0.0,0.0012075883660545423,0.0,3.143543041137994e-05,0.0,0.0001444454101539365,0.0,2.4559689218785884e-05,0.0,5.793907852828342e-05,0.0,3.202048424038926e-05,0.0,0.0006102016672612522,0.0,3.193722751664344e-05,0.0,0.00034213527996906375,0.0,1.3155113363442716e-05,0.0,0.0,2.722027774391178e-10,0.0044310617746797,0.0031648079554239907,0.002296531725229707,1.2576600299598108e-16,7.476576211504966e-05,2.722027104067843e-10,0.00018792636926818945,0.0,0.0055406291119254585,0.0,0.00014092595134891053,0.0,0.0006187790126170752,0.0,0.00011559341501139995,0.0,0.00032481956500677195,0.0,0.0001421843262963325,0.0,0.0025217208847309806,0.0,0.0001300801786611665,0.0,0.0029146390141181226,0.0,6.143839549530976e-05,0.0,0.0
GenerativeAdversarialNetwork,0.0001,8.0,45.0,True,267.0,7.571391611904347e-11,0.0008878564095561396,0.0006781731333051409,0.00048680796295484766,3.360719428412071e-17,1.487153208239702e-05,7.571389696694817e-11,3.8633125550502714e-05,0.0,0.0012065858327215404,0.0,3.1577737002841865e-05,0.0,0.0001431021267031081,0.0,2.454506168066652e-05,0.0,5.78375618573469e-05,0.0,3.223399558880258e-05,0.0,0.0006084324455646813,0.0,3.182308652972918e-05,0.0,0.00034173242647371526,0.0,1.315617773209942e-05,0.0,0.0,2.126856622336226e-10,0.004437595793286209,0.0031648079554239907,0.002296446441854321,7.496855815268599e-17,7.478932047602516e-05,2.1268561754540023e-10,0.00018777194544204376,0.0,0.005537113704134388,0.0,0.00014067782124258438,0.0,0.0006178091250875461,0.0,0.00011517593648823552,0.0,0.0003238551599799462,0.0,0.00014322198365094527,0.0,0.0025183903346271633,0.0,0.00012999153315271223,0.0,0.0029094708415697205,0.0,6.146047779786511e-05,0.0,0.0
GenerativeAdversarialNetwork,0.0001,8.0,45.0,True,268.0,1.4183978043603924e-08,0.0008894650119976856,0.0006781802826493255,0.0004868122605943294,5.598473466787529e-12,1.4939022845415413e-05,1.418117846692084e-08,3.856880655587523e-05,0.0,0.0012081534566421243,0.0,3.134967844601911e-05,0.0,0.00014401248322342926,0.0,2.4579829383249873e-05,0.0,5.7540301765714374e-05,0.0,3.186611062031229e-05,0.0,0.0006101999401724884,0.0,3.1687203804759e-05,0.0,0.00034405447723409236,0.0,1.315664213823501e-05,0.0,0.0,2.323888380121829e-08,0.004441353884882897,0.0031648199513273417,0.0022964936757237657,2.7226997735351403e-12,7.486950793543701e-05,2.323752384923498e-08,0.00018765735176374328,0.0,0.005542675564397181,0.0,0.00014055351603705927,0.0,0.0006177787604571888,0.0,0.00011507920780271854,0.0,0.00032887942854713346,0.0,0.0001423094281048145,0.0,0.0025206350680417235,0.0,0.00012914023403101747,0.0,0.0029177311456428383,0.0,6.144658410511677e-05,0.0,0.0
GenerativeAdversarialNetwork,0.0001,8.0,45.0,True,269.0,2.081160291120886e-09,0.0008904602971038407,0.0006781741775913701,0.0004867755097520319,6.881146315375271e-14,1.487330310147085e-05,2.0811261237828648e-09,3.851800052464169e-05,0.0,0.0012082189641341955,0.0,3.121672775546174e-05,0.0,0.00014350525131122765,0.0,2.4422405744498632e-05,0.0,5.781919647741189e-05,0.0,3.1865186828647985e-05,0.0,0.0006100795259372886,0.0,3.1852105637444965e-05,0.0,0.0003395342441260654,0.0,1.3153445266809746e-05,0.0,0.0,5.429052371884449e-09,0.0044431000385644305,0.003164810579527849,0.00229648730290011,1.3281414970257875e-13,7.491470929586662e-05,5.4289862333153335e-09,0.00018775543936018675,0.0,0.005539379565197424,0.0,0.00014034495835409225,0.0,0.000616477907828565,0.0,0.00011485875964914478,0.0,0.0003253671358216484,0.0,0.00014159960801121574,0.0,0.002554667633284563,0.0,0.00013059898976634882,0.0,0.002909468779773832,0.0,6.142807480111812e-05,0.0,0.0
GenerativeAdversarialNetwork,0.0001,8.0,45.0,True,270.0,1.0651325954808704e-09,0.000890163157506773,0.0006781736956131105,0.0004867864747574387,1.7077438501208502e-14,1.4888066195975739e-05,1.0651240919505555e-09,3.853230925422473e-05,0.0,0.001208368892850161,0.0,3.114669028960791e-05,0.0,0.0001451264454348068,0.0,2.4412565355030995e-05,0.0,5.7283156322983075e-05,0.0,3.1979654155008875e-05,0.0,0.0006103785131176848,0.0,3.178301957659323e-05,0.0,0.0003406311061504395,0.0,1.3141552704283491e-05,0.0,0.0,2.6938718258192377e-09,0.004446060402588274,0.00316480908003993,0.0022965236654821433,3.002471666207516e-14,7.501679747921866e-05,2.6938568105765198e-09,0.00018776441285820128,0.0,0.005538393642208892,0.0,0.00014007756919980798,0.0,0.0006205711349751215,0.0,0.00011426140114946186,0.0,0.00032911313779698977,0.0,0.00014249064356276075,0.0,0.002520261508113933,0.0,0.000130294605433566,0.0,0.002909995662341328,0.0,6.142894169257122e-05,0.0,0.0
GenerativeAdversarialNetwork,0.0001,8.0,45.0,True,271.0,6.460341121001603e-10,0.0008910444547545236,0.0006781735349536906,0.00048674586808906414,5.1035903659065184e-15,1.4829178242831217e-05,6.460315840235802e-10,3.846980018837433e-05,0.0,0.0012079844820977515,0.0,3.123096619654859e-05,0.0,0.0001429653553307217,0.0,2.4474876106909987e-05,0.0,5.691373504879018e-05,0.0,3.195395868904186e-05,0.0,0.000610022893491781,0.0,3.179623632418177e-05,0.0,0.00033904194349869887,0.0,1.3152188859940218e-05,0.0,0.0,1.936150482427783e-09,0.004442299312015749,0.0031648087051679504,0.0022962603179163903,1.4685667077934774e-14,7.466574158496078e-05,1.9361429748064236e-09,0.00018728959063688913,0.0,0.005540798122468611,0.0,0.00014021145707031465,0.0,0.0006154337487880539,0.0,0.00011475746221137497,0.0,0.0003244628977475676,0.0,0.000142177496597452,0.0,0.002499383013203459,0.0,0.0001297941044816431,0.0,0.002916251151066906,0.0,6.145979834240188e-05,0.0,0.0
GenerativeAdversarialNetwork,0.0001,8.0,45.0,True,272.0,3.7060767632366735e-10,0.0008918768312089206,0.0006781732939645608,0.00048677414414696296,1.8771426368229218e-15,1.4866404787629762e-05,3.706067187189022e-10,3.847202933782516e-05,0.0,0.0012085161476775813,0.0,3.1318620971913607e-05,0.0,0.00014383275553865252,0.0,2.4412896715084496e-05,0.0,5.822696514688733e-05,0.0,3.168068203643326e-05,0.0,0.0006099723661042288,0.0,3.166607207043794e-05,0.0,0.00034114477448065006,0.0,1.3156337136367582e-05,0.0,0.0,1.0025822352615233e-09,0.004448078713327084,0.0031648083302959706,0.002296268190227964,4.007025074039073e-15,7.462964258478873e-05,1.0025801796032941e-09,0.00018739387533574735,0.0,0.005542025752223644,0.0,0.00013993052566576303,0.0,0.0006131299261776907,0.0,0.00011454345716995263,0.0,0.0003229703683898134,0.0,0.0001423561933842845,0.0,0.0025234689127724124,0.0,0.00013058965311110396,0.0,0.00290365938870412,0.0,6.151683745706607e-05,0.0,0.0
GenerativeAdversarialNetwork,0.0001,8.0,45.0,True,273.0,3.506139613441433e-10,0.0008906085857483898,0.0006781732939645608,0.00048674313687892615,2.0660587283850918e-15,1.4841310539335575e-05,3.5061292713099696e-10,3.8426246423766295e-05,0.0,0.0012089456162519467,0.0,3.111059714681055e-05,0.0,0.00014251104061494297,0.0,2.4405436093273832e-05,0.0,5.690426116362415e-05,0.0,3.188904726280356e-05,0.0,0.0006076747355756734,0.0,3.1619061617999064e-05,0.0,0.0003417563647272773,0.0,1.3137770932157727e-05,0.0,0.0,9.011596332884609e-10,0.0044416061737252484,0.0031648083302959706,0.0022961585401738965,3.2977686521017256e-15,7.470363294178585e-05,9.011580245124554e-10,0.00018708790951180008,0.0,0.005545913261405683,0.0,0.00014006398009054315,0.0,0.0006107631250747345,0.0,0.00011533002058664958,0.0,0.00032027375023320037,0.0,0.00014150033722508629,0.0,0.002521190440879678,0.0,0.00012993816075459967,0.0,0.002899540857698932,0.0,6.139355729211052e-05,0.0,0.0
GenerativeAdversarialNetwork,0.0001,8.0,45.0,True,274.0,1.72747935153903e-10,0.0008911593262397376,0.0006781732939645608,0.00048675052721224065,2.742748573685297e-16,1.4879624045521744e-05,1.7274778193714058e-10,3.844611045485237e-05,0.0,0.0012081538475928134,0.0,3.129357818483985e-05,0.0,0.00014076686170544586,0.0,2.445072196725244e-05,0.0,5.714040038720617e-05,0.0,3.1838504813430765e-05,0.0,0.0006101306557976654,0.0,3.171354943931585e-05,0.0,0.0003398702633027439,0.0,1.3153336068610297e-05,0.0,0.0,6.343085162639543e-10,0.004437601791237885,0.0031648083302959706,0.002296001468814394,1.5411526453706565e-15,7.433758216833919e-05,6.343077565641739e-10,0.00018668008394211343,0.0,0.005545621944375935,0.0,0.00014022297266894166,0.0,0.0006098399091066804,0.0,0.00011437768175167107,0.0,0.00032252157634159303,0.0,0.00014095157150577448,0.0,0.002513038474808699,0.0,0.00012938835242259428,0.0,0.0028972237739922865,0.0,6.14115687192611e-05,0.0,0.0
GenerativeAdversarialNetwork,0.0001,8.0,45.0,True,275.0,1.3498974205584954e-10,0.0008918728950531335,0.0006781732136348508,0.00048671425834820276,1.811696533413473e-16,1.4808871143188759e-05,1.3498964629537302e-10,3.838157557412942e-05,0.0,0.0012090470017561473,0.0,3.1388919509324745e-05,0.0,0.00014409853642520236,0.0,2.4500684536531608e-05,0.0,5.679599177644581e-05,0.0,3.156467087345946e-05,0.0,0.0006083936864796353,0.0,3.1761207550041115e-05,0.0,0.000337427677812602,0.0,1.316917984874422e-05,0.0,0.0,4.625841456914519e-10,0.004448583665883766,0.0031648083302959706,0.0022960067170221103,7.330780142928431e-16,7.452221833310037e-05,4.625837434974505e-10,0.00018664941472827263,0.0,0.0055462874307340825,0.0,0.0001400473451464431,0.0,0.0006120293020452344,0.0,0.0001147998813188301,0.0,0.00032053074840479676,0.0,0.00014165463218898894,0.0,0.002493451788740338,0.0,0.0001286882907152176,0.0,0.0029084676841519912,0.0,6.144989352181273e-05,0.0,0.0
GenerativeAdversarialNetwork,0.0001,8.0,45.0,True,276.0,1.0092472410355249e-10,0.0008924258044466497,0.0006781731333051409,0.00048668678558740335,5.647157700427582e-17,1.4755851024325004e-05,1.0092470495145718e-10,3.831672690547702e-05,0.0,0.0012099855864085153,0.0,3.0926155112181713e-05,0.0,0.00014534710110679792,0.0,2.4478797200876427e-05,0.0,5.708899941405839e-05,0.0,3.166944340795198e-05,0.0,0.0006055694545375691,0.0,3.158872962158645e-05,0.0,0.00033920187995118914,0.0,1.317194243767512e-05,0.0,0.0,4.092739117562666e-10,0.004451499045270044,0.0031648083302959706,0.0022958895695284476,5.090244389979693e-16,7.428846808162125e-05,4.092736883151547e-10,0.00018640431874203232,0.0,0.005549801983653951,0.0,0.00013997415139240288,0.0,0.0006110230987926699,0.0,0.0001144236387134348,0.0,0.00032133988614352246,0.0,0.0001404989018755139,0.0,0.0025181249252655222,0.0,0.00012886526543389327,0.0,0.0029077014458254447,0.0,6.14820270793243e-05,0.0,0.0
GenerativeAdversarialNetwork,0.0001,8.0,45.0,True,277.0,7.767394155240435e-11,0.0008923649145265153,0.0006781731333051409,0.00048672498236447976,3.996795053025025e-17,1.4798596471226761e-05,7.76739128242614e-11,3.8407765569873256e-05,0.0,0.0012086354514126143,0.0,3.113256230187223e-05,0.0,0.0001447888698699982,0.0,2.4527660257250794e-05,0.0,5.6900581058787526e-05,0.0,3.162753640239772e-05,0.0,0.0006075530360651145,0.0,3.1834111782418425e-05,0.0,0.00033887758891216184,0.0,1.3169053078420721e-05,0.0,0.0,3.0330477472700936e-10,0.0044528624546602835,0.0031648083302959706,0.002296044016784092,2.943754012621938e-16,7.457403852692191e-05,3.0330464066234225e-10,0.00018688825503835138,0.0,0.005543361544311442,0.0,0.0001398573319117228,0.0,0.0006101332932898084,0.0,0.0001145345539604343,0.0,0.0003202525933958449,0.0,0.000140996977874318,0.0,0.0025250006396815463,0.0,0.0001305289941388856,0.0,0.0029030882712430175,0.0,6.153675253098866e-05,0.0,0.0
GenerativeAdversarialNetwork,0.0001,8.0,45.0,True,278.0,6.189728334554502e-11,0.0008927468019675694,0.0006781731333051409,0.00048662019225786317,1.759318367556172e-17,1.468463246070471e-05,6.189727376949738e-11,3.822134541613715e-05,0.0,0.001209786530163059,0.0,3.111930036882185e-05,0.0,0.00014322286225714774,0.0,2.4410680117150845e-05,0.0,5.6036640048991e-05,0.0,3.1744669671007246e-05,0.0,0.0006045346873789785,0.0,3.161762572443389e-05,0.0,0.00033533404458243894,0.0,1.3181189140380232e-05,0.0,0.0,2.2672035597622294e-10,0.004454589864742831,0.0031648079554239907,0.0022959109372312917,1.1709220448955485e-16,7.442698327812759e-05,2.267202889438894e-10,0.00018659709665760305,0.0,0.005546773709762354,0.0,0.00013935753384476188,0.0,0.0006086674969901079,0.0,0.00011429442502792526,0.0,0.0003179102526895655,0.0,0.00014073908938176978,0.0,0.002528705124585134,0.0,0.00013018882124678894,0.0,0.0028995273623076624,0.0,6.159351049166805e-05,0.0,0.0
GenerativeAdversarialNetwork,0.0001,8.0,45.0,True,279.0,5.937952016880307e-11,0.0008929321226084008,0.0006781731333051409,0.0004867287578608469,1.7235844219434944e-17,1.4828423896648813e-05,5.93795058047316e-11,3.8438584565152374e-05,0.0,0.0012086515967260122,0.0,3.139876994000612e-05,0.0,0.00014470921292137907,0.0,2.460229408869525e-05,0.0,5.649143172242249e-05,0.0,3.17537218251961e-05,0.0,0.0006078518625860908,0.0,3.186358776535949e-05,0.0,0.00033831536127229263,0.0,1.3146560759637554e-05,0.0,0.0,2.5896648347746654e-10,0.00445165161816579,0.0031648079554239907,0.0022957598638234647,1.5991306548703884e-16,7.410890440333564e-05,2.5896639410102177e-10,0.00018619680367175888,0.0,0.005550795398583559,0.0,0.00014017194322070236,0.0,0.0006066368154759677,0.0,0.00011444750165789383,0.0,0.0003192091606697946,0.0,0.00014005350710460975,0.0,0.0025216545323905703,0.0,0.00012916923975044825,0.0,0.002895552032398728,0.0,6.140425285828189e-05,0.0,0.0
GenerativeAdversarialNetwork,0.0001,8.0,45.0,True,280.0,5.158679114309278e-11,0.0008942725041484576,0.0006781731333051409,0.000486620393082138,1.2546971193648177e-17,1.4696280268645993e-05,5.158678635506895e-11,3.820857550256014e-05,0.0,0.00121023470565223,0.0,3.121237488930437e-05,0.0,0.00014231028662858947,0.0,2.4446017658614082e-05,0.0,5.6452612390094046e-05,0.0,3.160215221405672e-05,0.0,0.0006066698912340355,0.0,3.1553183724938055e-05,0.0,0.00033599260762695355,0.0,1.3156128781182425e-05,0.0,0.0,2.0647364181773957e-10,0.004459892054023982,0.0031648079554239907,0.002295509824212992,7.575813136805925e-17,7.384211855864375e-05,2.0647359712951721e-10,0.00018559371665963586,0.0,0.005555651181003466,0.0,0.0001392619414899334,0.0,0.0006077175245345014,0.0,0.00011375165726028898,0.0,0.000320123239133343,0.0,0.00014063051708464354,0.0,0.002502324071320348,0.0,0.00012783409805042938,0.0,0.002894903691309803,0.0,6.145053197565319e-05,0.0,0.0
GenerativeAdversarialNetwork,0.0001,8.0,45.0,True,281.0,4.7899103072640814e-11,0.0008950235869363954,0.0006781731333051409,0.00048659364328872807,8.867889295018309e-18,1.4656660149521583e-05,4.789909349659316e-11,3.818545811822151e-05,0.0,0.001210839219966241,0.0,3.114008568126879e-05,0.0,0.00014372428030659247,0.0,2.4352343175610443e-05,0.0,5.659857147305481e-05,0.0,3.17026296193709e-05,0.0,0.0006024992530236668,0.0,3.177551376932072e-05,0.0,0.00033405156068082125,0.0,1.3155137211325356e-05,0.0,0.0,2.12183210205351e-10,0.004463187178725716,0.0031648079554239907,0.0022954916429219754,8.794583273804183e-17,7.376638856136574e-05,2.121831655171286e-10,0.00018575792230150236,0.0,0.005552049528509321,0.0,0.00013882171292349977,0.0,0.0006088119632792923,0.0,0.00011455656597449345,0.0,0.00031443795411841675,0.0,0.00014062512829993506,0.0,0.002487266775946947,0.0,0.00012928965565918375,0.0,0.0028951559801521543,0.0,6.147363931877808e-05,0.0,0.0
GenerativeAdversarialNetwork,0.0001,8.0,45.0,True,282.0,5.498894062466476e-11,0.0008955503891741812,0.0006781731333051409,0.0004865971376311104,1.6375367192639114e-17,1.4678257545129951e-05,5.4988931048617107e-11,3.814576017969059e-05,0.0,0.0012110447154795759,0.0,3.090052993471089e-05,0.0,0.00014275177871441905,0.0,2.441080312201919e-05,0.0,5.571796706905262e-05,0.0,3.147005251636402e-05,0.0,0.000606627718136317,0.0,3.1662951763267465e-05,0.0,0.0003354952060630058,0.0,1.317423685501528e-05,0.0,0.0,2.072697624993475e-10,0.004462748953381424,0.0031648079554239907,0.002295503263953347,7.675921776668902e-17,7.37106146396331e-05,2.0726969546701396e-10,0.0001857248749935402,0.0,0.005551478207543195,0.0,0.00013873461376196183,0.0,0.0006061038412388016,0.0,0.00011440468424896024,0.0,0.00031799574693044025,0.0,0.00014042835565483046,0.0,0.00249763104900624,0.0,0.00012900403835488565,0.0,0.002889074994333135,0.0,6.150629418263645e-05,0.0,0.0
GenerativeAdversarialNetwork,0.0001,8.0,45.0,True,283.0,4.957257485607063e-11,0.0008965779668237321,0.0006781731333051409,0.00048661942912561876,1.0709767005038135e-17,1.4730352617177681e-05,4.95725700680468e-11,3.821593320192995e-05,0.0,0.00120973980086516,0.0,3.109668002456346e-05,0.0,0.00014067028531167063,0.0,2.4504045832831906e-05,0.0,5.573902349427061e-05,0.0,3.161457570575961e-05,0.0,0.0006053228824929085,0.0,3.164917772831621e-05,0.0,0.00033542873322803057,0.0,1.3170540433206327e-05,0.0,0.0,2.0239405399713962e-10,0.004471424615608071,0.0031648079554239907,0.0022955797378372096,6.945925875544812e-17,7.399865103967534e-05,2.0239400930891724e-10,0.0001859325423555554,0.0,0.005550865390311569,0.0,0.00013863616300828803,0.0,0.0006036370898942527,0.0,0.00011397284344307282,0.0,0.00031660028598593464,0.0,0.0001409677378598999,0.0,0.002504625785275825,0.0,0.00012960040110087244,0.0,0.002893602135796217,0.0,6.14853950697671e-05,0.0,0.0
GenerativeAdversarialNetwork,0.0001,8.0,45.0,True,284.0,4.621275629314322e-11,0.0008966060018925011,0.0006781731333051409,0.0004865825577887563,9.27473451640597e-18,1.4630412416798727e-05,4.621275150511939e-11,3.813785272386839e-05,0.0,0.0012104143192948529,0.0,3.085940865413198e-05,0.0,0.00014380081443773768,0.0,2.4558634891342923e-05,0.0,5.585226830285836e-05,0.0,3.163944528189631e-05,0.0,0.0006014518741006157,0.0,3.145178252795957e-05,0.0,0.00033652985272703147,0.0,1.3172844891760228e-05,0.0,0.0,1.9100005434700266e-10,0.004468282063802083,0.0031648079554239907,0.0022953838672278063,6.684595435037021e-17,7.36991341852542e-05,1.909999873146691e-10,0.00018523545619451775,0.0,0.005555094925596691,0.0,0.00013836887928674805,0.0,0.0006085999263157635,0.0,0.00011411734487650529,0.0,0.00031653585486442036,0.0,0.00013977972169717154,0.0,0.0025298171823129713,0.0,0.0001277929558506552,0.0,0.0028902273507987928,0.0,6.153850388601891e-05,0.0,0.0
GenerativeAdversarialNetwork,0.0001,8.0,45.0,True,285.0,5.219092962537042e-11,0.0008981099347219956,0.0006781731333051409,0.0004865759305876863,1.3696799013130656e-17,1.469795589618927e-05,5.219092004932277e-11,3.8140325372752474e-05,0.0,0.0012106832600538612,0.0,3.113816780944397e-05,0.0,0.00014232617182873008,0.0,2.4555421702945327e-05,0.0,5.494880005516453e-05,0.0,3.162255596038145e-05,0.0,0.0006040229469618065,0.0,3.1661485746061064e-05,0.0,0.0003320773375644838,0.0,1.3165827338505947e-05,0.0,0.0,2.0260055827273378e-10,0.004475601439206106,0.0031648079554239907,0.0022951634425037314,7.102645616166199e-17,7.355634896260387e-05,2.0260053592862261e-10,0.00018512879340153821,0.0,0.005558383397382139,0.0,0.00013885669316510734,0.0,0.0006007383454520747,0.0,0.00011445622914617167,0.0,0.00031122977628647905,0.0,0.0001409741458278032,0.0,0.002478976107243472,0.0,0.00012859672823417113,0.0,0.002877434844490867,0.0,6.15167554538205e-05,0.0,0.0
GenerativeAdversarialNetwork,0.0001,8.0,45.0,True,286.0,4.9788126900687766e-11,0.0008977813862083414,0.0006781731333051409,0.0004865961335097362,1.1693416549321553e-17,1.4689330493584476e-05,4.978811732464011e-11,3.813721761709918e-05,0.0,0.0012103887789013412,0.0,3.0834104795500914e-05,0.0,0.0001434074900542308,0.0,2.4474625076566425e-05,0.0,5.565112772977577e-05,0.0,3.1454272748967706e-05,0.0,0.0006078317399937509,0.0,3.1521797401082486e-05,0.0,0.00033513647366084176,0.0,1.3181533051950912e-05,0.0,0.0,2.0160463654888792e-10,0.004468546723419765,0.0031648079554239907,0.002295550122950812,7.343718118381386e-17,7.423291674012658e-05,2.0160459186066553e-10,0.00018579755329860832,0.0,0.0055527054138574845,0.0,0.00013843293553628263,0.0,0.0006059885212460404,0.0,0.00011428604898212841,0.0,0.00031439739765611084,0.0,0.00013976788980031164,0.0,0.0025097962070561057,0.0,0.00012981869374056282,0.0,0.002890674760506588,0.0,6.154217645994522e-05,0.0,0.0
GenerativeAdversarialNetwork,0.0001,8.0,45.0,True,287.0,5.268306186628933e-11,0.0008978963380232654,0.0006781731333051409,0.0004865711108050899,1.2098639622706452e-17,1.4624476804325202e-05,5.268305229024168e-11,3.809834305809514e-05,0.0,0.0012103234949785227,0.0,3.096249928532264e-05,0.0,0.00014290562015016766,0.0,2.443107382226183e-05,0.0,5.556493395101028e-05,0.0,3.138990605857494e-05,0.0,0.000605859364460742,0.0,3.17079364008338e-05,0.0,0.00033537581603160764,0.0,1.3167726383054996e-05,0.0,0.0,2.066435017509864e-10,0.004477577764283186,0.0031648079554239907,0.002295301770264248,6.764038069162366e-17,7.374526101088374e-05,2.06643457062764e-10,0.00018533807739896593,0.0,0.005556359737429347,0.0,0.0001386459448240088,0.0,0.0006041636444487662,0.0,0.00011426335751260601,0.0,0.0003134320554493358,0.0,0.0001390598269191178,0.0,0.002514782191822364,0.0,0.00012962204995770125,0.0,0.0028723650758371412,0.0,6.152243124988843e-05,0.0,0.0
GenerativeAdversarialNetwork,0.0001,8.0,45.0,True,288.0,4.915551882874146e-11,0.0008970447627681927,0.0006781731333051409,0.00048655195216926926,1.0169234413767791e-17,1.4639222326706041e-05,4.915551404071764e-11,3.8130899183351715e-05,0.0,0.0012098810462309586,0.0,3.10704599051784e-05,0.0,0.00014173154119211388,0.0,2.4631037063033112e-05,0.0,5.516126711734864e-05,0.0,3.174898237230964e-05,0.0,0.0006040914280395302,0.0,3.180663902161899e-05,0.0,0.0003302337305565086,0.0,1.3161948919697913e-05,0.0,0.0,2.0287284361166376e-10,0.004470285754533684,0.0031648079554239907,0.0022951938071340884,7.399887057286826e-17,7.345679702248963e-05,2.0287279892344137e-10,0.00018522025044984038,0.0,0.005556747433840778,0.0,0.00013876617329675446,0.0,0.0006000834441035049,0.0,0.00011469436657128844,0.0,0.00030855829798200594,0.0,0.00013974273823342233,0.0,0.0024978349793632077,0.0,0.0001294806529328508,0.0,0.002889914520131717,0.0,6.151011904830452e-05,0.0,0.0
GenerativeAdversarialNetwork,0.0001,8.0,45.0,True,289.0,5.2630417544323816e-11,0.000897880834389247,0.0006781731333051409,0.00048653070496099013,1.302946947093939e-17,1.4621424275347486e-05,5.263041275629999e-11,3.805748786968041e-05,0.0,0.0012107890137646761,0.0,3.1089493025827277e-05,0.0,0.00014141533333014928,0.0,2.4397498513810395e-05,0.0,5.475070196984592e-05,0.0,3.1604562105354915e-05,0.0,0.0006043026951766721,0.0,3.174839245100227e-05,0.0,0.0003314526736575638,0.0,1.3156721212793231e-05,0.0,0.0,1.9964338218941172e-10,0.0044784039821264875,0.0031648079554239907,0.0022949516398351895,6.635688072297633e-17,7.332651143741307e-05,1.9964333750118933e-10,0.00018476090341244103,0.0,0.005563063733804676,0.0,0.0001384174954966179,0.0,0.0005986197095996929,0.0,0.0001150001918182433,0.0,0.00030656023033010134,0.0,0.00013913252865368464,0.0,0.0025089171322636634,0.0,0.00012930944187086334,0.0,0.002857679653467622,0.0,6.150656362187187e-05,0.0,0.0
GenerativeAdversarialNetwork,0.0001,8.0,45.0,True,290.0,4.8251669207059245e-11,0.0008997938061017553,0.0006781731333051409,0.0004864890138415313,9.41914849692056e-18,1.457745003491399e-05,4.825165963101159e-11,3.798875074100623e-05,0.0,0.0012110638155458197,0.0,3.1216853270633526e-05,0.0,0.00013648274773857342,0.0,2.4430958348303792e-05,0.0,5.413270542885094e-05,0.0,3.159789724973334e-05,0.0,0.0006005908199397702,0.0,3.1729351799443086e-05,0.0,0.0003319898384279318,0.0,1.3160058661210891e-05,0.0,0.0,1.907197698162676e-10,0.004490298295171006,0.0031648079554239907,0.0022952284827922127,6.092936528678404e-17,7.382919133271812e-05,1.9071974747215643e-10,0.00018535590724750136,0.0,0.0055555327524758275,0.0,0.0001386915034842941,0.0,0.0005982994752110175,0.0,0.00011502775662350205,0.0,0.0003079087151296484,0.0,0.00013977583240038194,0.0,0.0025251981972148584,0.0,0.0001301607292778087,0.0,0.002867325484377783,0.0,6.153756084869492e-05,0.0,0.0
GenerativeAdversarialNetwork,0.0001,8.0,45.0,True,291.0,4.35901976389243e-11,0.0009002682333686602,0.0006781731333051409,0.000486469413392306,7.590958017409602e-18,1.4503535405403841e-05,4.3590188062876655e-11,3.795881788283988e-05,0.0,0.0012109165715456015,0.0,3.1021983435533116e-05,0.0,0.00013652747130458247,0.0,2.4464498512507128e-05,0.0,5.4494656040019425e-05,0.0,3.167378874319904e-05,0.0,0.0006028772846386439,0.0,3.158025734749123e-05,0.0,0.0003302535117475813,0.0,1.3189647607806559e-05,0.0,0.0,1.7604738631243375e-10,0.00448836882909139,0.0031648079554239907,0.0022951926825181494,4.875949422670372e-17,7.375351990918693e-05,1.7604738631243375e-10,0.0001851908229994324,0.0,0.005555406566883186,0.0,0.00013860991025495828,0.0,0.0006020540992418925,0.0,0.00011429860719344901,0.0,0.00031124486488366275,0.0,0.0001395814612788974,0.0,0.002503913715950348,0.0,0.00012985236193024138,0.0,0.0028748529137305493,0.0,6.15907165239442e-05,0.0,0.0
GenerativeAdversarialNetwork,0.0001,8.0,45.0,True,292.0,4.814350774883269e-11,0.0009002401179701813,0.0006781731333051409,0.00048644495299562934,1.38927638526056e-17,1.4514816709043524e-05,4.814349817278504e-11,3.788703826640173e-05,0.0,0.0012111981774090438,0.0,3.1096775416094014e-05,0.0,0.00013654112735527225,0.0,2.44355396520738e-05,0.0,5.445033914316697e-05,0.0,3.144621969554624e-05,0.0,0.0006012829005557572,0.0,3.1618511861546666e-05,0.0,0.0003299564323977961,0.0,1.3179351598265358e-05,0.0,0.0,1.7619874532161738e-10,0.0044821024690784,0.0031648079554239907,0.0022952166743248513,5.1598919137939835e-17,7.371219613079754e-05,1.7619871180545059e-10,0.0001852626344130474,0.0,0.00555444528933987,0.0,0.00013888268819395102,0.0,0.0005974339895278403,0.0,0.00011489099863940064,0.0,0.00031059881988561376,0.0,0.0001403836638859983,0.0,0.002531840741259497,0.0,0.00012899792325571648,0.0,0.0028791281412232595,0.0,6.153581535103936e-05,0.0,0.0
GenerativeAdversarialNetwork,0.0001,8.0,45.0,True,293.0,4.4377013594230617e-11,0.0009007761581246101,0.0006781731333051409,0.0004864629468506559,1.0098200084689832e-17,1.4574755224175852e-05,4.437700401818297e-11,3.7950094578401095e-05,0.0,0.0012105512253691394,0.0,3.1426220108074644e-05,0.0,0.0001358431826704596,0.0,2.432478004388732e-05,0.0,5.455748893501302e-05,0.0,3.146518252769892e-05,0.0,0.0006013698574667671,0.0,3.192585333177664e-05,0.0,0.0003300890567489069,0.0,1.3177006974856488e-05,0.0,0.0,1.6290548504849373e-10,0.004482334139961867,0.0031648079554239907,0.0022952922110287648,3.8643012157310014e-17,7.385922795009313e-05,1.6290547387643813e-10,0.00018535129163625106,0.0,0.005555998684154038,0.0,0.00013836748523157348,0.0,0.0006013289562561227,0.0,0.00011419435763883891,0.0,0.00031121215730343227,0.0,0.00013951010674050768,0.0,0.002557921147196548,0.0,0.00012986996919853882,0.0,0.002869847997929315,0.0,6.151328788800809e-05,0.0,0.0
GenerativeAdversarialNetwork,0.0001,8.0,45.0,True,294.0,4.7811439144412834e-11,0.0009005039207376238,0.0006781731333051409,0.0004863897664849006,1.3393694779812576e-17,1.4449798594909216e-05,4.781143435638901e-11,3.7809143550794403e-05,0.0,0.0012118384581795466,0.0,3.1236767507788305e-05,0.0,0.00013655364874880913,0.0,2.4311656177525894e-05,0.0,5.4095542896790006e-05,0.0,3.1435570988372326e-05,0.0,0.0005979326295081496,0.0,3.17449131704405e-05,0.0,0.0003275965463440373,0.0,1.3186362875761048e-05,0.0,0.0,1.6713100225925877e-10,0.004483209840906491,0.0031648079554239907,0.002294900657245948,3.9575297106167525e-17,7.351541762831826e-05,1.67130968743092e-10,0.00018447826165448195,0.0,0.005561737645060992,0.0,0.0001385824625971932,0.0,0.0005968434255827898,0.0,0.00011420677527316711,0.0,0.00030988396244978757,0.0,0.00013825023230516686,0.0,0.0025111806092772094,0.0,0.00012860226931062134,0.0,0.002873218097026993,0.0,6.156962997508499e-05,0.0,0.0
GenerativeAdversarialNetwork,0.0001,8.0,45.0,True,295.0,5.952068068723757e-11,0.0009013068965181829,0.0006781731333051409,0.0004864378036514447,2.7713662324939712e-17,1.4517109871231964e-05,5.952067111118991e-11,3.7904268989183834e-05,0.0,0.0012111553017212313,0.0,3.092020067243242e-05,0.0,0.00013751131946828488,0.0,2.441525640031398e-05,0.0,5.437524592619379e-05,0.0,3.160126607694394e-05,0.0,0.0006002164433265954,0.0,3.1745244530494e-05,0.0,0.0003297474948222425,0.0,1.3175259803665294e-05,0.0,0.0,1.8539124672879094e-10,0.004488458048622563,0.0031648079554239907,0.002294865794151834,6.313521488072518e-17,7.322903300793666e-05,1.8539122438467975e-10,0.00018454871415717048,0.0,0.0055630905475611446,0.0,0.00013861200719509484,0.0,0.0005948421715190576,0.0,0.00011437675628647114,0.0,0.000310311293077169,0.0,0.0001396428699950752,0.0,0.0025183264189546214,0.0,0.00012843528727315507,0.0,0.002860552672320192,0.0,6.153675253098866e-05,0.0,0.0
GenerativeAdversarialNetwork,0.0001,8.0,45.0,True,296.0,3.7819364890452866e-11,0.0009026554716886536,0.0006781731333051409,0.00048643872744310896,2.160804564454768e-17,1.4537645408487062e-05,3.781936010242904e-11,3.789262620184942e-05,0.0,0.001211479942770687,0.0,3.1055561254287986e-05,0.0,0.00013698697732786606,0.0,2.440651301344771e-05,0.0,5.384271517596798e-05,0.0,3.144948309001254e-05,0.0,0.000601443519810782,0.0,3.1833368732601485e-05,0.0,0.0003283582929009697,0.0,1.31735829209703e-05,0.0,0.0,1.1411655966797258e-10,0.004489665886141219,0.0031648079554239907,0.0022949263359765587,4.084220268720041e-17,7.356797585134986e-05,1.141165261518058e-10,0.00018468051680228996,0.0,0.005562519375671175,0.0,0.00013818192360161234,0.0,0.0005966709376131214,0.0,0.0001142537514181257,0.0,0.0003084339810617315,0.0,0.00013923410724543924,0.0,0.0025025223785976195,0.0,0.00012948621743879977,0.0,0.0028678859179874635,0.0,6.153791229117592e-05,0.0,0.0
GenerativeAdversarialNetwork,0.0001,8.0,45.0,True,297.0,4.514863714993743e-11,0.0009022002432224243,0.0006781731333051409,0.0004864247099087245,1.6215724313158424e-17,1.4520020568065566e-05,4.5148627573889776e-11,3.788143024852655e-05,0.0,0.0012109242270456847,0.0,3.1174742930500976e-05,0.0,0.00013753201440980814,0.0,2.439052489086624e-05,0.0,5.422564690325138e-05,0.0,3.163302643601143e-05,0.0,0.0005986864033413705,0.0,3.163942017886195e-05,0.0,0.0003289272682364739,0.0,1.318324758919744e-05,0.0,0.0,1.271013930023206e-10,0.004498571344891434,0.0031648079554239907,0.0022946766712380654,2.5196209629362017e-17,7.320354171331574e-05,1.27101381830265e-10,0.00018426338972160652,0.0,0.005561241695556634,0.0,0.00013888277019719658,0.0,0.0005925972975275052,0.0,0.00011445386276679969,0.0,0.0003072879505607317,0.0,0.00013956739186490858,0.0,0.0024973037857679453,0.0,0.0001289910115535904,0.0,0.002843209595050452,0.0,6.158186017342334e-05,0.0,0.0
GenerativeAdversarialNetwork,0.0001,8.0,45.0,True,298.0,1.541910055760242e-11,0.000903190788875693,0.0006781731333051409,0.0004864249107329993,2.3108792535987668e-18,1.4510124951922347e-05,1.5419098163590508e-11,3.7843861047309045e-05,0.0,0.001212051904790151,0.0,3.096781108739241e-05,0.0,0.00013916412333272538,0.0,2.429115703967061e-05,0.0,5.4075018655900365e-05,0.0,3.1305544801317455e-05,0.0,0.0006020717784722217,0.0,3.175969885767631e-05,0.0,0.0003295272910048698,0.0,1.3167561958179963e-05,0.0,0.0,6.42568039308497e-11,0.004498877990170845,0.0031648079554239907,0.0022948009412993423,1.327636111994365e-17,7.335250060888206e-05,6.42567927587941e-11,0.00018427464759574746,0.0,0.005563891994197977,0.0,0.00013851934352760795,0.0,0.0005955077098600519,0.0,0.00011398732287328948,0.0,0.00031111996222592,0.0,0.0001380877487314572,0.0,0.0025281375684078383,0.0,0.00012833998778706077,0.0,0.0028602227849780387,0.0,6.154801040512961e-05,0.0,0.0
GenerativeAdversarialNetwork,0.0001,8.0,45.0,True,299.0,1.7066451277050164e-11,0.0009039446028737688,0.0006781731333051409,0.0004863577550954896,3.880924884201375e-18,1.443718934075209e-05,1.7066447686032293e-11,3.770864857335617e-05,0.0,0.00121286977464174,0.0,3.103153514010566e-05,0.0,0.00013565064239694745,0.0,2.4248341304272654e-05,0.0,5.404918261294095e-05,0.0,3.120716349937202e-05,0.0,0.0006015313603486012,0.0,3.157803321864727e-05,0.0,0.00032811583775394366,0.0,1.3181194160987103e-05,0.0,0.0,5.389872196358412e-11,0.004507125923468632,0.0031648079554239907,0.00229457714272745,8.201299289454623e-18,7.307298668900376e-05,5.389872196358412e-11,0.00018384308794384483,0.0,0.005568725015537787,0.0,0.00013800374226375197,0.0,0.0005950940386304315,0.0,0.00011379865683474631,0.0,0.0003068797149748172,0.0,0.0001384863313638939,0.0,0.002476924620334457,0.0,0.00012793094388344003,0.0,0.0028533498821018627,0.0,6.159911014186512e-05,0.0,0.0
GenerativeAdversarialNetwork,0.0001,8.0,45.0,True,300.0,3.572245629101419e-08,0.0009026876035726295,0.0006781826925406237,0.00048636851927662153,6.794029849043416e-12,1.4450202753762351e-05,3.571905610462239e-08,3.7754920996584984e-05,0.0,0.0012118232285620455,0.0,3.101083517797552e-05,0.0,0.00013515348182212953,0.0,2.435528023063012e-05,0.0,5.364658014793602e-05,0.0,3.128315038436828e-05,0.0,0.0005992744569829853,0.0,3.184696453600881e-05,0.0,0.00032732308392897447,0.0,1.3173187548179189e-05,0.0,0.0,1.6648079720384343e-07,0.00448876881749375,0.0031648529400615574,0.0022946916661172544,7.520161432775806e-11,7.316003899154423e-05,1.6644318187580028e-07,0.00018412664345225448,0.0,0.0055656519220729315,0.0,0.00013828719233941733,0.0,0.0005916176633265033,0.0,0.00011353130282471015,0.0,0.0003061728704275575,0.0,0.0001381980313819909,0.0,0.0025185412205990004,0.0,0.00012895630075121826,0.0,0.0028608808727384363,0.0,6.152718158075645e-05,0.0,0.0
GenerativeAdversarialNetwork,0.0001,8.0,45.0,True,301.0,3.743448323410788e-09,0.0009045456297635389,0.0006781740972616602,0.00048638133186535695,7.637451617528181e-14,1.4488444716300605e-05,3.743410019220181e-09,3.7778457601597365e-05,0.0,0.001212262169109046,0.0,3.110304866437963e-05,0.0,0.00013655697239055788,0.0,2.44979708985177e-05,0.0,5.342551780678834e-05,0.0,3.1334614115101953e-05,0.0,0.0006002989419387036,0.0,3.1650872183135254e-05,0.0,0.00032724885927699004,0.0,1.3176118327440278e-05,0.0,0.0,1.518684835191494e-08,0.004504548678608061,0.003164812079015768,0.0022946526794313635,4.1187546036243657e-13,7.321428999585926e-05,1.518664385860935e-08,0.00018373367218476423,0.0,0.005568207732373478,0.0,0.0001379217858771858,0.0,0.0005969690076959958,0.0,0.00011366591700967753,0.0,0.00031106398915344816,0.0,0.00013761509373877784,0.0,0.0025134007885770976,0.0,0.00012696698401709023,0.0,0.0028785101647646923,0.0,6.153599107227985e-05,0.0,0.0
GenerativeAdversarialNetwork,0.0001,8.0,45.0,True,302.0,1.856605650889568e-09,0.0009054618704351132,0.0006781736152834005,0.0004863857901642586,1.8984833593259375e-14,1.4457424896746633e-05,1.85659630466706e-09,3.779983032504825e-05,0.0,0.0012117650302151783,0.0,3.112676350093595e-05,0.0,0.00013473399003560973,0.0,2.4296160074417804e-05,0.0,5.38616177608382e-05,0.0,3.143977323632356e-05,0.0,0.000600207526728792,0.0,3.168892587291584e-05,0.0,0.000327204838595943,0.0,1.3177330803999683e-05,0.0,0.0,7.29786985838982e-09,0.004516265302334192,0.0031648098297838894,0.0022946419955799414,8.831584681771751e-14,7.323101280057956e-05,7.297826242684782e-09,0.00018401202634445526,0.0,0.005566302924092035,0.0,0.00013799698285336763,0.0,0.0005965753452582929,0.0,0.00011419795406689434,0.0,0.0003052182120722045,0.0,0.00013706690204218498,0.0,0.002504190371471381,0.0,0.0001290882908323276,0.0,0.0028670310224377135,0.0,6.148557664838227e-05,0.0,0.0
GenerativeAdversarialNetwork,0.0001,8.0,45.0,True,303.0,1.11227724006322e-09,0.0009049034182916112,0.0006781734546239806,0.00048636430196684967,6.863472592565071e-15,1.4419563245178876e-05,1.1122738692944466e-09,3.77493129787098e-05,0.0,0.0012119613636629102,0.0,3.081025942316595e-05,0.0,0.00013771842954293738,0.0,2.4500857747468666e-05,0.0,5.3220521407628637e-05,0.0,3.136736855432994e-05,0.0,0.000599306990515511,0.0,3.169547525457938e-05,0.0,0.0003258430491881872,0.0,1.3170686030805593e-05,0.0,0.0,4.299056328257982e-09,0.004497939685605607,0.00316480908003993,0.002294669361234461,2.950813183073455e-14,7.330919703784978e-05,4.2990416705210434e-09,0.00018413255940068443,0.0,0.005565175922105425,0.0,0.0001377493330517655,0.0,0.0005940148290598168,0.0,0.00011465248634230416,0.0,0.00030553357312514346,0.0,0.0001375370500785,0.0,0.0025024820798597996,0.0,0.00012935325503349304,0.0,0.0028626094074369226,0.0,6.155347533570896e-05,0.0,0.0
GenerativeAdversarialNetwork,0.0001,8.0,45.0,True,304.0,7.017746767050111e-10,0.0009045196029375184,0.0006781732939645608,0.00048634353673683025,2.7589663459460397e-15,1.4439787504807958e-05,7.017733743625306e-10,3.771900106472468e-05,0.0,0.0012121800820546202,0.0,3.1049265413271446e-05,0.0,0.00013549782516500056,0.0,2.4318270827078754e-05,0.0,5.33517801536704e-05,0.0,3.149500242221066e-05,0.0,0.0005974535431180682,0.0,3.159550242025576e-05,0.0,0.0003253009441406579,0.0,1.3192862051355872e-05,0.0,0.0,2.6749272370843125e-09,0.004507939395664623,0.0031648087051679504,0.0022944776142168346,1.1151203453816288e-14,7.310131295297131e-05,2.674922053250517e-09,0.00018370552164203715,0.0,0.0055678738180955705,0.0,0.00013786526221149374,0.0,0.0005908090644662485,0.0,0.00011369166602878451,0.0,0.0003048608419280382,0.0,0.00013871768594912764,0.0,0.0024988152695901737,0.0,0.00012848466494173373,0.0,0.002855359945657118,0.0,6.156656071075104e-05,0.0,0.0
GenerativeAdversarialNetwork,0.0001,8.0,45.0,True,305.0,4.573656338354065e-10,0.0009054630753807623,0.0006781732939645608,0.00048634136783466187,1.1797702104233665e-15,1.4392076677710541e-05,4.573649826641662e-10,3.7660013954594454e-05,0.0,0.001212718470641617,0.0,3.096850895174751e-05,0.0,0.00013595222021048925,0.0,2.4211954455973325e-05,0.0,5.374466272377261e-05,0.0,3.099184473248505e-05,0.0,0.000601006526188709,0.0,3.167284988971412e-05,0.0,0.000327843459789965,0.0,1.3187472429879592e-05,0.0,0.0,1.7340692683313782e-09,0.004517058906315258,0.0031648083302959706,0.00229448361216851,4.5959405099358e-15,7.30110098074817e-05,1.7340667657909252e-09,0.00018363754095146491,0.0,0.0055679807250712,0.0,0.0001375691367770141,0.0,0.0005922145063772141,0.0,0.00011436859110616288,0.0,0.00030625182783828594,0.0,0.0001360665444495543,0.0,0.002502464086004773,0.0,0.000128806656542814,0.0,0.0028547773946006345,0.0,6.163403180972585e-05,0.0,0.0
GenerativeAdversarialNetwork,0.0001,8.0,45.0,True,306.0,3.1477516250926435e-10,0.0009061558387992838,0.0006781732136348508,0.00048628606082936823,5.686074183983185e-16,1.436098280420522e-05,3.147748752278348e-10,3.760648173382983e-05,0.0,0.0012129814094899534,0.0,3.092770647970493e-05,0.0,0.0001358715189756409,0.0,2.41800008035413e-05,0.0,5.329986707862175e-05,0.0,3.132411351583075e-05,0.0,0.0005937341972181418,0.0,3.17239195028084e-05,0.0,0.00032357538164143936,0.0,1.3193047813810107e-05,0.0,0.0,1.1766467045986846e-09,0.004506508509318034,0.0031648083302959706,0.00229440301469287,2.1500122870799256e-15,7.293592412141884e-05,1.1766456320813478e-09,0.00018356816620571808,0.0,0.005569496566858927,0.0,0.00013730267308792977,0.0,0.0005935079084252411,0.0,0.00011407095446901501,0.0,0.0003039287696094633,0.0,0.00013848889689400512,0.0,0.0024863652088357216,0.0,0.0001283180929204953,0.0,0.00285911203930213,0.0,6.15796167989197e-05,0.0,0.0
GenerativeAdversarialNetwork,0.0001,8.0,45.0,True,307.0,2.1335076023924337e-10,0.0009073986197417637,0.0006781732136348508,0.0004862998373746229,2.65796290443497e-16,1.438533525783418e-05,2.1335062617457624e-10,3.765426033912001e-05,0.0,0.001212607497059484,0.0,3.105423581407398e-05,0.0,0.00013597704209086065,0.0,2.433808214179268e-05,0.0,5.2969465961032156e-05,0.0,3.13166403425029e-05,0.0,0.0005958221672037541,0.0,3.1918972590059604e-05,0.0,0.0003245491383853306,0.0,1.3187923029346286e-05,0.0,0.0,8.027097812442182e-10,0.004509402146129488,0.0031648083302959706,0.0022944225080358156,9.930968855451992e-16,7.307666512030476e-05,8.027092449855496e-10,0.00018382091192329454,0.0,0.005565102433605055,0.0,0.00013763531339618394,0.0,0.0005888151672651183,0.0,0.00011399621436805844,0.0,0.0003036600332590019,0.0,0.0001384478249827271,0.0,0.002506317582520299,0.0,0.0001302446185980203,0.0,0.00283138725742604,0.0,6.157845118135776e-05,0.0,0.0
GenerativeAdversarialNetwork,0.0001,8.0,45.0,True,308.0,1.5663088196919064e-10,0.0009075013614407768,0.0006781732136348508,0.000486295740559416,1.4025169714150566e-16,1.4376329544258888e-05,1.566308053608094e-10,3.759904119444665e-05,0.0,0.0012124980606070626,0.0,3.078589441801981e-05,0.0,0.0001349253755695415,0.0,2.4423904395649695e-05,0.0,5.2533998603448074e-05,0.0,3.121694615186064e-05,0.0,0.0005956950052729193,0.0,3.160062343926443e-05,0.0,0.00032453652662087,0.0,1.31812644494833e-05,0.0,0.0,5.794036724897672e-10,0.004520493108521467,0.0031648079554239907,0.002294462244465666,5.07524412902648e-16,7.308681009325592e-05,5.794034490486554e-10,0.00018372620988941793,0.0,0.005567657146951655,0.0,0.0001372509056104804,0.0,0.000588510958653576,0.0,0.00011390787344308769,0.0,0.00030145838669261093,0.0,0.00013748572776152654,0.0,0.0025113993470773756,0.0,0.0001296348307492598,0.0,0.002857554258790406,0.0,6.157064330090516e-05,0.0,0.0
GenerativeAdversarialNetwork,0.0001,8.0,45.0,True,309.0,1.0194723531971141e-10,0.0009075102780385802,0.0006781731333051409,0.00048625027394359,5.579411503022495e-17,1.432023806914165e-05,1.0194722574366375e-10,3.7532184283045745e-05,0.0,0.0012135046009618463,0.0,3.0813201498792496e-05,0.0,0.00013467121236729172,0.0,2.4405421031453216e-05,0.0,5.2354195609568264e-05,0.0,3.1209736560393534e-05,0.0,0.0005935409641008814,0.0,3.1679690466576187e-05,0.0,0.0003224450622928753,0.0,1.3174966098163326e-05,0.0,0.0,3.6464458845850754e-10,0.0045147073343864775,0.0031648079554239907,0.002294239570509713,1.9973688951808252e-16,7.274226174227097e-05,3.6464445439384043e-10,0.00018319805041424133,0.0,0.0055697906968842905,0.0,0.00013660990966940826,0.0,0.0005919070176358493,0.0,0.00011427876240802261,0.0,0.0003003122156146187,0.0,0.0001374891718978402,0.0,0.002533946584605571,0.0,0.00012855842100374353,0.0,0.0028529862562815347,0.0,6.15881158495849e-05,0.0,0.0
GenerativeAdversarialNetwork,0.0001,8.0,45.0,True,310.0,7.830072738737839e-11,0.0009073032683760651,0.0006781731333051409,0.0004862535272968426,3.502325757263896e-17,1.4329696892487071e-05,7.830069865923544e-11,3.7541364462709814e-05,0.0,0.0012132605996137001,0.0,3.077580299820861e-05,0.0,0.00013410929600504853,0.0,2.422956172427077e-05,0.0,5.249818159402863e-05,0.0,3.1290533186772444e-05,0.0,0.0005913605346191282,0.0,3.182849121302607e-05,0.0,0.0003243531338930773,0.0,1.3171316116967934e-05,0.0,0.0,2.9238214644648233e-10,0.004511549412829321,0.0031648079554239907,0.0022941584107261034,1.2535509079878916e-16,7.272468961822162e-05,2.9238207941414875e-10,0.00018325168053683996,0.0,0.0055695612399547945,0.0,0.00013694400260658385,0.0,0.0005880498192595236,0.0,0.00011422344536151527,0.0,0.00030264174038509154,0.0,0.0001385055552676039,0.0,0.002508998854355242,0.0,0.00012946974650119086,0.0,0.0028185259621098355,0.0,6.15580733748352e-05,0.0,0.0
GenerativeAdversarialNetwork,0.0001,8.0,45.0,True,311.0,6.023045733918553e-11,0.0009084447535543108,0.0006781731333051409,0.00048625959218994303,1.962243374932336e-17,1.4360687843551532e-05,6.023045255116171e-11,3.758660013061971e-05,0.0,0.0012133668709066318,0.0,3.099136777483228e-05,0.0,0.00013352663449521334,0.0,2.4420492893280688e-05,0.0,5.217431730658539e-05,0.0,3.133990081413737e-05,0.0,0.0005956630340483632,0.0,3.174323879804894e-05,0.0,0.0003214446963325665,0.0,1.318584575325331e-05,0.0,0.0,2.295690067115077e-10,0.004520998435950129,0.0031648079554239907,0.0022940738770946766,7.194118781768174e-17,7.277491660612934e-05,2.2956896202328534e-10,0.00018298152670170526,0.0,0.005571856648211335,0.0,0.00013687429984785476,0.0,0.0005906259395041556,0.0,0.00011404611920035861,0.0,0.0002965159807939949,0.0,0.00013797522856379455,0.0,0.0024995059712128067,0.0,0.0001287493479889144,0.0,0.002832274766838026,0.0,6.164446965141117e-05,0.0,0.0
GenerativeAdversarialNetwork,0.0001,8.0,45.0,True,312.0,4.420811126574899e-11,0.0009077618706901118,0.0006781731333051409,0.00048620721721906224,9.301374958306338e-18,1.4288358470660978e-05,4.4208101689701344e-11,3.746660260579014e-05,0.0,0.0012129366734435275,0.0,3.111642607138806e-05,0.0,0.00013410429548060476,0.0,2.4164843591397022e-05,0.0,5.20149029972097e-05,0.0,3.1263334049047486e-05,0.0,0.0005898805400431959,0.0,3.175061657984623e-05,0.0,0.0003215735451873101,0.0,1.3198947026883816e-05,0.0,0.0,1.5275265608659583e-10,0.004518406196210369,0.0031648079554239907,0.0022942693728321005,3.092547655757522e-17,7.297467065494766e-05,1.5275264491454023e-10,0.00018357165720102921,0.0,0.005568910896841949,0.0,0.0001374318633439406,0.0,0.0005887431449860147,0.0,0.00011418138941129048,0.0,0.0002987429780780144,0.0,0.00013786773402361,0.0,0.002532935180004288,0.0,0.0001303063670419297,0.0,0.00281431127644185,0.0,6.164420606955043e-05,0.0,0.0
GenerativeAdversarialNetwork,0.0001,8.0,45.0,True,313.0,2.9099571509540585e-11,0.0009091963183205083,0.0006781731333051409,0.0004862393089381832,3.720013738407478e-18,1.4301792359496706e-05,2.9099569115528673e-11,3.753742579661932e-05,0.0,0.0012130537380105834,0.0,3.053926714668377e-05,0.0,0.00013500642824687084,0.0,2.4346328488578695e-05,0.0,5.198900670696783e-05,0.0,3.135684536232781e-05,0.0,0.000591668197408198,0.0,3.185902654401697e-05,0.0,0.00032446672010293223,0.0,1.3189608698103307e-05,0.0,0.0,1.0709788332205676e-10,0.004522133923176699,0.0031648079554239907,0.002293954105497156,1.3585545459258002e-17,7.254277713268807e-05,1.0709787215000116e-10,0.00018283447145291094,0.0,0.00557053533131825,0.0,0.00013669108116776688,0.0,0.0005855019549903629,0.0,0.00011453265617103696,0.0,0.00029537636997564785,0.0,0.00013825026744941496,0.0,0.0025220325907821177,0.0,0.00012896455964952146,0.0,0.002818251555820681,0.0,6.16390457224546e-05,0.0,0.0
GenerativeAdversarialNetwork,0.0001,8.0,45.0,True,314.0,2.922447429307432e-11,0.0009088843980568117,0.0006781731333051409,0.0004862023171067559,3.844154293549073e-18,1.4265214728136268e-05,2.9224469505050495e-11,3.747067933856959e-05,0.0,0.0012135413335696557,0.0,3.078365773765867e-05,0.0,0.0001353995317236754,0.0,2.433901597467073e-05,0.0,5.161825497195406e-05,0.0,3.1208265522580265e-05,0.0,0.0005919138858260491,0.0,3.183048690425739e-05,0.0,0.00032129313425233744,0.0,1.3201275333320355e-05,0.0,0.0,1.0829928149238219e-10,0.004525477406363817,0.0031648079554239907,0.0022941006804412267,1.2462539588736017e-17,7.270225587318528e-05,1.082992703203266e-10,0.00018321084292054925,0.0,0.005569592429016318,0.0,0.0001370458389228245,0.0,0.0005889938874814496,0.0,0.00011441563753961766,0.0,0.00029826454771389753,0.0,0.000138794851003203,0.0,0.0025000407260918765,0.0,0.0001291107714363614,0.0,0.0028359468253153675,0.0,6.165343729205101e-05,0.0,0.0
GenerativeAdversarialNetwork,0.0001,8.0,45.0,True,315.0,3.242968996067608e-11,0.0009094931365987362,0.0006781731333051409,0.00048621561167375095,5.492135374258626e-18,1.430137690427811e-05,3.242968756666417e-11,3.7452888818121343e-05,0.0,0.0012132448332548918,0.0,3.0812601536271385e-05,0.0,0.00013346417814573508,0.0,2.426881031848671e-05,0.0,5.1548819978924775e-05,0.0,3.0976687520340765e-05,0.0,0.0005951673194083242,0.0,3.176428267174975e-05,0.0,0.00032103782635172103,0.0,1.3203607405212047e-05,0.0,0.0,1.0343379542104253e-10,0.004522279373504831,0.0031648079554239907,0.002293809030041005,1.199486819320121e-17,7.218636759796982e-05,1.0343378424898695e-10,0.00018247963169460777,0.0,0.005575196817385601,0.0,0.00013697990831339134,0.0,0.0005835600244174213,0.0,0.00011390979466198376,0.0,0.0002974216949264958,0.0,0.0001373112365697165,0.0,0.002512918515775189,0.0,0.0001282240000535857,0.0,0.002817118130389999,0.0,6.16841475075146e-05,0.0,0.0
GenerativeAdversarialNetwork,0.0001,8.0,45.0,True,316.0,3.880121381427053e-11,0.0009085240389780214,0.0006781731333051409,0.00048617612962131553,8.524313553507499e-18,1.4234704500179729e-05,3.8801209026246704e-11,3.741708436021908e-05,0.0,0.0012127290034355778,0.0,3.070323765679511e-05,0.0,0.00013417853017380296,0.0,2.426585067073611e-05,0.0,5.146167730546062e-05,0.0,3.135605461674559e-05,0.0,0.0005890208916522744,0.0,3.182286813333028e-05,0.0,0.00032135629348677765,0.0,1.3178343711435956e-05,0.0,0.0,1.1345459302993394e-10,0.00451815165813614,0.0031648079554239907,0.002293627404566831,1.560985964448626e-17,7.194736913877464e-05,1.1345457068582276e-10,0.00018224855826335883,0.0,0.005573033332935993,0.0,0.0001369872066022465,0.0,0.000582983986761585,0.0,0.00011432860866657593,0.0,0.00029683417681628053,0.0,0.00013813668123955996,0.0,0.0024917264404536793,0.0,0.00012857783234344338,0.0,0.002786741504129374,0.0,6.163505099292072e-05,0.0,0.0
GenerativeAdversarialNetwork,0.0001,8.0,45.0,True,317.0,4.289856280925259e-11,0.0009101042850319588,0.0006781731333051409,0.0004861786600071786,1.2864997818727049e-17,1.4238818887510711e-05,4.2898558021228766e-11,3.740623984937719e-05,0.0,0.0012137593013140334,0.0,3.0520535262447164e-05,0.0,0.00013524714626391942,0.0,2.427740308714684e-05,0.0,5.155912226422456e-05,0.0,3.119562363447847e-05,0.0,0.0005931943815673458,0.0,3.1725189716346825e-05,0.0,0.0003196573402039767,0.0,1.3187026851019769e-05,0.0,0.0,1.147067793649884e-10,0.004533762077115617,0.0031648079554239907,0.002293795159777755,1.5468485051063398e-17,7.232218254474724e-05,1.147067681929328e-10,0.00018250165542341628,0.0,0.00557484368226589,0.0,0.00013655514321612113,0.0,0.000583499716887684,0.0,0.00011406818978816459,0.0,0.0002961302375268636,0.0,0.00013744122342868422,0.0,0.002511593155890891,0.0,0.0001287506248965953,0.0,0.0028215806064365795,0.0,6.16152823533652e-05,0.0,0.0
GenerativeAdversarialNetwork,0.0001,8.0,45.0,True,318.0,4.26502511056188e-11,0.0009100837206262141,0.0006781731333051409,0.0004861693417608256,1.3329403609251371e-17,1.4224643204009758e-05,4.265024152957115e-11,3.7366298411413026e-05,0.0,0.0012136215593106531,0.0,3.0364632867577906e-05,0.0,0.00013571996693662557,0.0,2.4208261799619526e-05,0.0,5.150648622178646e-05,0.0,3.1041659193861514e-05,0.0,0.000591429015696852,0.0,3.1881001740292394e-05,0.0,0.00031916182638821257,0.0,1.3182340114505465e-05,0.0,0.0,1.1554969978747839e-10,0.004523598922873443,0.0031648079554239907,0.0022937691061751648,1.636178117990382e-17,7.22930186762e-05,1.155496886154228e-10,0.00018233053807942373,0.0,0.0055754391687874655,0.0,0.00013661285007149918,0.0,0.0005832374002198753,0.0,0.00011400555102330334,0.0,0.00029790235109299236,0.0,0.00013700215462243782,0.0,0.0025358833606887914,0.0,0.00012826379505718278,0.0,0.0028049840867144507,0.0,6.165214281224605e-05,0.0,0.0
GenerativeAdversarialNetwork,0.0001,8.0,45.0,True,319.0,4.48754133583376e-11,0.0009110929027721888,0.0006781731333051409,0.00048617689275355994,1.43107654796449e-17,1.4240483218688527e-05,4.487540378228995e-11,3.738968188791583e-05,0.0,0.001213378636106968,0.0,3.0638848373671424e-05,0.0,0.00013342030808289416,0.0,2.422678783897441e-05,0.0,5.110699151243482e-05,0.0,3.1067625772599584e-05,0.0,0.0005928165106117886,0.0,3.1719501368761705e-05,0.0,0.00032318256935983335,0.0,1.3194369488568962e-05,0.0,0.0,1.2500161632553797e-10,0.004528374417023089,0.0031648079554239907,0.00229394904472543,1.9994417819110524e-17,7.257297189917954e-05,1.2500159398142678e-10,0.0001826422909895579,0.0,0.0055756789208448,0.0,0.00013578755769339746,0.0,0.0005892940662192099,0.0,0.0001136154498694078,0.0,0.000298196719315067,0.0,0.00013708203749836616,0.0,0.0025248334467785913,0.0,0.000128909558901247,0.0,0.0028331933906243284,0.0,6.164630300968697e-05,0.0,0.0
GenerativeAdversarialNetwork,0.0001,8.0,45.0,True,320.0,4.622046501150288e-11,0.0009112931647390689,0.0006781731333051409,0.0004861579751068691,1.514092283652284e-17,1.4206930502968015e-05,4.6220460223479054e-11,3.7359181701173035e-05,0.0,0.0012135052218825142,0.0,3.0635534773136405e-05,0.0,0.00013515123259025123,0.0,2.4161838758184582e-05,0.0,5.1566648153924555e-05,0.0,3.1093810747736546e-05,0.0,0.000585647565977914,0.0,3.1799273791338876e-05,0.0,0.00032179668103909557,0.0,1.3193770781199566e-05,0.0,0.0,1.3272875740487347e-10,0.004533095554735676,0.0031648079554239907,0.0022936037876321084,2.3312759953250333e-17,7.206524294689766e-05,1.3272874623281787e-10,0.00018235532648908266,0.0,0.005573409655263009,0.0,0.00013685026118215524,0.0,0.0005777642693159715,0.0,0.00011356109343234848,0.0,0.00029730543775378536,0.0,0.00013820274071123614,0.0,0.002491822969988457,0.0,0.00012963172634067774,0.0,0.002790548891391394,0.0,6.167332307910019e-05,0.0,0.0
GenerativeAdversarialNetwork,0.0001,8.0,45.0,True,321.0,4.730512477692168e-11,0.0009132692756035899,0.0006781731333051409,0.00048614560433153837,1.6400941423255474e-17,1.4210526512639542e-05,4.7305115200874027e-11,3.732883464293981e-05,0.0,0.0012139494497935596,0.0,3.064037463816028e-05,0.0,0.00013270455028490237,0.0,2.423008386738538e-05,0.0,5.0930426809986966e-05,0.0,3.1117204265453104e-05,0.0,0.0005941330342279933,0.0,3.1562132956686046e-05,0.0,0.00031961506669412086,0.0,1.3185986330245704e-05,0.0,0.0,1.3514947372269666e-10,0.004539872115513064,0.0031648079554239907,0.002293755235911915,2.4772653201350565e-17,7.251746741668233e-05,1.351494513785855e-10,0.00018211411979963195,0.0,0.0055803764249357434,0.0,0.00013618827241021882,0.0,0.0005800249347896696,0.0,0.00011364019142006928,0.0,0.0002985277312731593,0.0,0.00013683868700978141,0.0,0.0025018811600763095,0.0,0.00012734768994199404,0.0,0.0028542062771395316,0.0,6.161258210363628e-05,0.0,0.0
GenerativeAdversarialNetwork,0.0001,8.0,45.0,True,322.0,5.0783432565468055e-11,0.0009119221463678982,0.0006781731333051409,0.0004861713500035741,2.0361528215048437e-17,1.4262681831969726e-05,5.078341820139658e-11,3.736686573998947e-05,0.0,0.0012141045588103911,0.0,3.052085156068005e-05,0.0,0.00013543029800258235,0.0,2.4276516950034065e-05,0.0,5.142254167489928e-05,0.0,3.105846065475613e-05,0.0,0.0005910674918372676,0.0,3.1669847566805115e-05,0.0,0.00031832232067205836,0.0,1.3190783520111177e-05,0.0,0.0,1.3619750191383164e-10,0.004528424649868371,0.0031648079554239907,0.002293470895515298,2.4781552374547974e-17,7.192006791537663e-05,1.3619749074177604e-10,0.0001818544623799294,0.0,0.0055773475011283435,0.0,0.00013662687262649056,0.0,0.0005790139050603662,0.0,0.00011345194711250329,0.0,0.00029839462829086015,0.0,0.00013671369063404372,0.0,0.002505975699274795,0.0,0.00012868805642023026,0.0,0.0027648221771672085,0.0,6.168480353347911e-05,0.0,0.0
GenerativeAdversarialNetwork,0.0001,8.0,45.0,True,323.0,4.7185065079487826e-11,0.0009130347931802754,0.0006781731333051409,0.0004861070862356222,1.5673579847869857e-17,1.4148386461394174e-05,4.718505550344017e-11,3.725709770166006e-05,0.0,0.0012137859481353155,0.0,3.0420203454732252e-05,0.0,0.00013541498515162506,0.0,2.42010999039177e-05,0.0,5.09550378248698e-05,0.0,3.114485776809991e-05,0.0,0.0005884947722170231,0.0,3.159099140498195e-05,0.0,0.0003187038667118453,0.0,1.31860352811627e-05,0.0,0.0,1.3576590306213533e-10,0.004549489456152766,0.0031648079554239907,0.0022934851406505273,2.4878500356249907e-17,7.207558121321336e-05,1.3576589189007974e-10,0.0001818521428595549,0.0,0.00557890753111132,0.0,0.00013630328781949648,0.0,0.0005773684982233828,0.0,0.00011375252415174209,0.0,0.00029563142349884946,0.0,0.00013824641329687347,0.0,0.002491457469808231,0.0,0.00012770469692892998,0.0,0.0028096191913076917,0.0,6.162874845776168e-05,0.0,0.0
GenerativeAdversarialNetwork,0.0001,8.0,45.0,True,324.0,4.776260608941272e-11,0.0009128861832168867,0.0006781731333051409,0.0004860728657791878,1.6751914433631792e-17,1.4134439215505863e-05,4.776260130138889e-11,3.7205086724777425e-05,0.0,0.0012147727085858812,0.0,3.080453844163617e-05,0.0,0.00013295079096950932,0.0,2.4120840482474016e-05,0.0,5.0584240904394187e-05,0.0,3.1033237125835005e-05,0.0,0.0005864513852204274,0.0,3.167764205897272e-05,0.0,0.0003175258917628594,0.0,1.3179479623740574e-05,0.0,0.0,1.3215445788707868e-10,0.004536091531597593,0.0031648079554239907,0.00229322797847244,2.280388493299516e-17,7.146032257649883e-05,1.321544467150231e-10,0.00018140809528482786,0.0,0.005579544149101913,0.0,0.00013603510206225533,0.0,0.0005810259366935154,0.0,0.00011370553629203412,0.0,0.0002964447551178482,0.0,0.00013720332029855476,0.0,0.0024820245661825503,0.0,0.00012800141981562729,0.0,0.002762186827149781,0.0,6.161129348120599e-05,0.0,0.0
GenerativeAdversarialNetwork,0.0001,8.0,45.0,True,325.0,4.179886386099671e-11,0.0009122628246677532,0.0006781731333051409,0.0004861002180454223,1.0208273271894749e-17,1.4161210346495044e-05,4.1798854284949056e-11,3.730049833775852e-05,0.0,0.0012133794136909896,0.0,3.0702881193707255e-05,0.0,0.00013267923638505755,0.0,2.4178788326981897e-05,0.0,5.0907959594238155e-05,0.0,3.124436368598449e-05,0.0,0.0005864484933508695,0.0,3.194415344382232e-05,0.0,0.00031492102017621147,0.0,1.3195440132984254e-05,0.0,0.0,1.2560734283571786e-10,0.004540161516681407,0.0031648079554239907,0.002293342689298234,2.113370776486219e-17,7.168703812098354e-05,1.2560732049160667e-10,0.00018186221754400985,0.0,0.005577045766728359,0.0,0.00013589076463531397,0.0,0.0005808194759506849,0.0,0.00011370680148496567,0.0,0.00029444366506060714,0.0,0.00013876470895308367,0.0,0.002487800781082057,0.0,0.00012913170569347885,0.0,0.0027710326812552207,0.0,6.169932982269323e-05,0.0,0.0
GenerativeAdversarialNetwork,0.0001,8.0,45.0,True,326.0,4.3781124877004963e-11,0.0009133376361867489,0.0006781731333051409,0.0004860606958281319,1.1747126657365104e-17,1.4143540320611707e-05,4.378111530095731e-11,3.71703491458353e-05,0.0,0.0012146097974607836,0.0,3.057432855476909e-05,0.0,0.00013403646708177427,0.0,2.419923725876847e-05,0.0,5.033394356943527e-05,0.0,3.1008799321889235e-05,0.0,0.0005848683677914971,0.0,3.164741298500097e-05,0.0,0.00031706154587455193,0.0,1.3191013212875536e-05,0.0,0.0,1.2654138254363017e-10,0.004544124663251001,0.0031648079554239907,0.002293262654130564,1.998487671213862e-17,7.179252358165177e-05,1.2654137137157458e-10,0.00018144297009369112,0.0,0.0055807416379975985,0.0,0.00013618913930167192,0.0,0.0005771126012382267,0.0,0.00011363044474859657,0.0,0.0002955877977722096,0.0,0.0001382645125846443,0.0,0.0024944384517909595,0.0,0.00012748738832818636,0.0,0.0027803135742931247,0.0,6.166698539969307e-05,0.0,0.0
GenerativeAdversarialNetwork,0.0001,8.0,45.0,True,327.0,4.095917854660506e-11,0.0009143477019595329,0.0006781731333051409,0.0004861010615073767,9.004845504314015e-18,1.4170148281877574e-05,4.095917375858124e-11,3.724653183449953e-05,0.0,0.0012142906792877589,0.0,3.067043301149841e-05,0.0,0.00013250182822065534,0.0,2.4083549924937862e-05,0.0,5.113663317540264e-05,0.0,3.107454165856472e-05,0.0,0.0005879447145282098,0.0,3.162020631636571e-05,0.0,0.00031858748904456987,0.0,1.3195450174197997e-05,0.0,0.0,1.2700576020643842e-10,0.004544436931610107,0.0031648079554239907,0.002293342689298234,2.083019827993188e-17,7.186602777655019e-05,1.2700573786232723e-10,0.0001815495860276732,0.0,0.0055781587975931145,0.0,0.00013577444888885666,0.0,0.0005831804196789579,0.0,0.00011335220773639919,0.0,0.00029665927560824267,0.0,0.00013723063909407683,0.0,0.0025056392516729967,0.0,0.0001280709702826146,0.0,0.0027741083184128286,0.0,6.173081321161498e-05,0.0,0.0
GenerativeAdversarialNetwork,0.0001,8.0,45.0,True,328.0,2.6906500986514724e-11,0.0009153319818954262,0.0006781731333051409,0.00048607664127555496,1.1672532963422536e-17,1.4173341387847685e-05,2.6906493804478985e-11,3.718077443600344e-05,0.0,0.0012148074334082846,0.0,3.062882473205299e-05,0.0,0.00013277334264025212,0.0,2.398197551702232e-05,0.0,5.097750504061861e-05,0.0,3.0976506778493406e-05,0.0,0.000588214260869913,0.0,3.1535395714793245e-05,0.0,0.0003176922545921449,0.0,1.3193302609608823e-05,0.0,0.0,7.263311405854124e-11,0.004548000464649321,0.0031648079554239907,0.0022934099788185936,1.2600781758429408e-17,7.197539667663334e-05,7.263310847251344e-11,0.0001816737506562059,0.0,0.005579198586558333,0.0,0.00013582524404210863,0.0,0.000577263206056079,0.0,0.0001130624551255748,0.0,0.0002960734678514349,0.0,0.00013734471732340517,0.0,0.002497518774848314,0.0,0.0001279479185552717,0.0,0.00281153197558421,0.0,6.162616535552643e-05,0.0,0.0
GenerativeAdversarialNetwork,0.0001,8.0,45.0,True,329.0,2.79500603554122e-11,0.0009147588294150052,0.0006781731333051409,0.00048607844869402863,1.2838713541623908e-17,1.4170440732227825e-05,2.7950055567388373e-11,3.720703472024347e-05,0.0,0.0012145277975849009,0.0,3.0427483334695555e-05,0.0,0.0001340709787334072,0.0,2.4174764310574597e-05,0.0,5.040952378527495e-05,0.0,3.1150746939959874e-05,0.0,0.0005867273579389259,0.0,3.169816127925549e-05,0.0,0.00031648955817492505,0.0,1.3193577487835023e-05,0.0,0.0,6.628318020238163e-11,0.00454479493435074,0.0031648079554239907,0.002293021424011614,1.1564572792370406e-17,7.132089362954193e-05,6.628316903032603e-11,0.0001810319463974275,0.0,0.005582789429178522,0.0,0.00013555728086510544,0.0,0.0005736874428185277,0.0,0.00011287101269143182,0.0,0.0002929572976610196,0.0,0.0001377330612648958,0.0,0.0024877863485108383,0.0,0.00012839235271672783,0.0,0.002770569714360267,0.0,6.167881143917828e-05,0.0,0.0
GenerativeAdversarialNetwork,0.0001,8.0,45.0,True,330.0,1.953202858510793e-11,0.0009145755973466323,0.0006781731333051409,0.000486048566041931,5.614535630575303e-18,1.4114434607427397e-05,1.9532026191096014e-11,3.7155980168969805e-05,0.0,0.0012139812249026536,0.0,3.078907246216931e-05,0.0,0.00013224220259812965,0.0,2.4105128493270464e-05,0.0,5.058558642703568e-05,0.0,3.117037249221956e-05,0.0,0.000584292684925213,0.0,3.153884236141035e-05,0.0,0.00031643208226746303,0.0,1.3196779379867158e-05,0.0,0.0,6.074202496681765e-11,0.004540560005595849,0.0031648079554239907,0.002293205298717667,9.959790296841335e-18,7.17579592136467e-05,6.074201938078985e-11,0.00018133833395235193,0.0,0.005579339445871534,0.0,0.00013609722537814446,0.0,0.0005757930987286118,0.0,0.00011281078716494003,0.0,0.00029180041930210664,0.0,0.00013848301608982325,0.0,0.0025020800296615504,0.0,0.00012790172729852065,0.0,0.002793166622425775,0.0,6.174208865787998e-05,0.0,0.0
GenerativeAdversarialNetwork,0.0001,8.0,45.0,True,331.0,1.76501616556747e-11,0.0009147122381832401,0.0006781731333051409,0.00048610604194939294,4.602905460186561e-18,1.419907325321452e-05,1.7650158064656834e-11,3.7319521417193655e-05,0.0,0.0012131544877519251,0.0,3.0629286627885144e-05,0.0,0.000132402369998536,0.0,2.4307526728374296e-05,0.0,4.9931361186857814e-05,0.0,3.149609189390172e-05,0.0,0.0005838199847470718,0.0,3.1756312458341656e-05,0.0,0.0003180012629038561,0.0,1.3188481571860712e-05,0.0,0.0,5.160207690915689e-11,0.004542555074271916,0.0031648079554239907,0.0022933391280144265,6.2835301290382266e-18,7.208074156030919e-05,5.1602065737101295e-11,0.00018182064189850908,0.0,0.005577673609840383,0.0,0.00013667101380210252,0.0,0.0005686982716404417,0.0,0.00011361330607027378,0.0,0.0002922183781299951,0.0,0.00013883770355638467,0.0,0.0024807698696664294,0.0,0.00012894339109741667,0.0,0.002795168438797477,0.0,6.174557965319111e-05,0.0,0.0
GenerativeAdversarialNetwork,0.0001,8.0,45.0,True,332.0,1.0947555530568532e-11,0.0009151017569467386,0.0006781731333051409,0.0004860442282375942,1.5588679635107497e-18,1.4132724678259334e-05,1.0947555530568532e-11,3.7152194631388886e-05,0.0,0.001214738363317325,0.0,3.0557958866065404e-05,0.0,0.00013268058190769904,0.0,2.4111261164563686e-05,0.0,5.042819040162223e-05,0.0,3.1135850799372895e-05,0.0,0.0005849213050703475,0.0,3.156422152914448e-05,0.0,0.00031493560001856556,0.0,1.3207027693643081e-05,0.0,0.0,4.010232258076985e-11,0.0045483745868850805,0.0031648079554239907,0.0022932748374699047,4.262402638911451e-18,7.18829204451363e-05,4.0102316994742055e-11,0.0001815085141163952,0.0,0.005578704392382803,0.0,0.00013579074410522508,0.0,0.0005760495111627399,0.0,0.00011285264396442558,0.0,0.00029816619067821865,0.0,0.00013773501762803995,0.0,0.0025049509867182316,0.0,0.00012852785722264703,0.0,0.002772313056501952,0.0,6.175756969916745e-05,0.0,0.0
GenerativeAdversarialNetwork,0.0001,8.0,45.0,True,333.0,1.6967231453318432e-11,0.0009163353803022852,0.0006781731333051409,0.0004860132611344124,4.9880839897428374e-18,1.4082346653761569e-05,1.6967227862300565e-11,3.7074789424951506e-05,0.0,0.0012150285870728796,0.0,3.0765068940717895e-05,0.0,0.00013103935556270363,0.0,2.4102030778830907e-05,0.0,5.009840179807092e-05,0.0,3.096962101616949e-05,0.0,0.000583937266123584,0.0,3.144183419544421e-05,0.0,0.0003177007092941161,0.0,1.3196350117979666e-05,0.0,0.0,3.800446191152155e-11,0.004547885004079567,0.0031648079554239907,0.002293196864098123,4.3878963634329006e-18,7.180466591936988e-05,3.800446191152155e-11,0.0001812882885430594,0.0,0.005580602445579478,0.0,0.00013599244865981287,0.0,0.0005744780009647586,0.0,0.00011308252249123916,0.0,0.0002939679056593457,0.0,0.0001376798763027731,0.0,0.0024922656937965055,0.0,0.0001278151553007042,0.0,0.00277770071659448,0.0,6.172914385983029e-05,0.0,0.0
GenerativeAdversarialNetwork,0.0001,8.0,45.0,True,334.0,1.4561995215526278e-11,0.0009152639426311071,0.0006781731333051409,0.0004860162333336802,3.9573758862371806e-18,1.4067316211940786e-05,1.4561994018520322e-11,3.7105174137736265e-05,0.0,0.001214864882226325,0.0,3.0579449573777755e-05,0.0,0.00013167752490210726,0.0,2.4030961578265033e-05,0.0,5.0839337939522014e-05,0.0,3.118278845301214e-05,0.0,0.0005829987339575015,0.0,3.155977578176e-05,0.0,0.0003153399797784029,0.0,1.3183507405603029e-05,0.0,0.0,3.030461137098759e-11,0.0045490414841370015,0.0031648079554239907,0.0022931130802106557,3.0007001175746136e-18,7.174941330398403e-05,3.030461137098759e-11,0.00018121535251350524,0.0,0.005580712744223527,0.0,0.00013607690028799406,0.0,0.0005675136293255308,0.0,0.00011241949110660912,0.0,0.0002954336551000487,0.0,0.00013772093649930175,0.0,0.0024943252404530845,0.0,0.00012875908294563774,0.0,0.0027888994546806287,0.0,6.164859324318808e-05,0.0,0.0
GenerativeAdversarialNetwork,0.0001,8.0,45.0,True,335.0,1.9050644260672155e-11,0.0009165954075733607,0.0006781731333051409,0.00048601097173767914,6.618300495025255e-18,1.4048899370785351e-05,1.9050640669654284e-11,3.7055778897033544e-05,0.0,0.0012148205198442763,0.0,3.0306122715100445e-05,0.0,0.00013428318974464089,0.0,2.4060558055771007e-05,0.0,5.013844113786908e-05,0.0,3.096110606691587e-05,0.0,0.0005847073468879226,0.0,3.15123410880405e-05,0.0,0.00031721903227088907,0.0,1.318699170677167e-05,0.0,0.0,3.011694038811052e-11,0.004553712763876285,0.0031648079554239907,0.002292869225987848,2.7096420835595823e-18,7.1405069961113e-05,3.011694038811052e-11,0.00018081166225034485,0.0,0.005583827834851185,0.0,0.00013535633776922646,0.0,0.0005712901833672193,0.0,0.0001128070501598922,0.0,0.00029387095439359075,0.0,0.0001371632441409729,0.0,0.0024846179305382495,0.0,0.00012912539144357046,0.0,0.0027393985469386264,0.0,6.166367012562241e-05,0.0,0.0
GenerativeAdversarialNetwork,0.0001,8.0,45.0,True,336.0,4.066520269366007e-09,0.0009167146971926213,0.00067817425792108,0.00048597791606203885,8.854311975139382e-14,1.4052469022270803e-05,4.066475836504903e-09,3.7045720111167014e-05,0.0,0.0012146115155441872,0.0,3.0626387227417e-05,0.0,0.00013206412167240668,0.0,2.3962021115012566e-05,0.0,4.99243624608793e-05,0.0,3.123628552952867e-05,0.0,0.0005795882557922939,0.0,3.169307038388805e-05,0.0,0.00031323050151295417,0.0,1.3190533744919333e-05,0.0,0.0,1.863574664256354e-08,0.0045536745269343535,0.003164813203631707,0.002292845609053126,8.357879378102548e-13,7.136956255578395e-05,1.863532764579055e-08,0.00018076940714938086,0.0,0.0055841000920251035,0.0,0.00013621732498864708,0.0,0.0005636461688287603,0.0,0.0001129177896856512,0.0,0.00028960540328385695,0.0,0.0001370426407962475,0.0,0.002489430349577898,0.0,0.00012884619382192504,0.0,0.0027437869857692117,0.0,6.171069898695316e-05,0.0,0.0
GenerativeAdversarialNetwork,0.0001,8.0,45.0,True,337.0,1.7119396095390988e-09,0.0009181640861490666,0.0006781735349536906,0.00048600052887538695,1.5715997358322768e-14,1.4041761322966161e-05,1.7119317954842151e-09,3.70623784847658e-05,0.0,0.0012152686836244474,0.0,3.0569375726090606e-05,0.0,0.00013283290712017253,0.0,2.408901987612408e-05,0.0,5.056395765263437e-05,0.0,3.102962730949458e-05,0.0,0.0005821123357731699,0.0,3.1549774732872486e-05,0.0,0.00031584296425719144,0.0,1.3185124041015569e-05,0.0,0.0,7.505888885969616e-09,0.004565794512910663,0.0031648098297838894,0.0022928263031461705,1.1488944840910014e-13,7.123163895412061e-05,7.505830970033417e-09,0.00018074678596835466,0.0,0.005583898016264523,0.0,0.00013544129313163038,0.0,0.0005705486397323368,0.0,0.00011309684962971405,0.0,0.0002915372591723436,0.0,0.00013866143172267098,0.0,0.002490063133479664,0.0,0.00012814151650329805,0.0,0.0027502584007551086,0.0,6.163485769955617e-05,0.0,0.0
GenerativeAdversarialNetwork,0.0001,8.0,45.0,True,338.0,9.961237656832748e-10,0.0009168804173842273,0.0006781733742942707,0.00048599731568698936,5.3217289206327785e-15,1.4043484646274716e-05,9.96121007781551e-10,3.707273348643773e-05,0.0,0.0012148114454398294,0.0,3.0494023947863566e-05,0.0,0.00013267264934884248,0.0,2.4037008899241445e-05,0.0,4.988402690527574e-05,0.0,3.122039279847775e-05,0.0,0.0005813872396463975,0.0,3.156197229726616e-05,0.0,0.000314284246565518,0.0,1.3189012501037345e-05,0.0,0.0,4.240336719068989e-09,0.004563135171086533,0.00316480908003993,0.0022928636029081522,3.339600717734642e-14,7.128382816254718e-05,4.240319916297376e-09,0.0001808060274558997,0.0,0.005581276955880028,0.0,0.0001356073145596486,0.0,0.0005678639471905786,0.0,0.00011274072124898059,0.0,0.00029426972446201734,0.0,0.0001382148654768302,0.0,0.0024730340114929392,0.0,0.00012864881200985338,0.0,0.0027491965758725534,0.0,6.163940887968495e-05,0.0,0.0
GenerativeAdversarialNetwork,0.0001,8.0,45.0,True,339.0,6.194901507016933e-10,0.0009170958616662861,0.0006781732939645608,0.00048596779451858647,2.075023122358405e-15,1.4049285957514436e-05,6.194891930969281e-10,3.70013002918737e-05,0.0,0.001215505256977743,0.0,3.062114320353999e-05,0.0,0.00013012175932727412,0.0,2.4054440446298398e-05,0.0,4.972941229606896e-05,0.0,3.0987574706341056e-05,0.0,0.0005824879173319937,0.0,3.159533674022901e-05,0.0,0.0003136444605907019,0.0,1.3198256693439021e-05,0.0,0.0,2.5826510629611554e-09,0.004554449387316434,0.0031648087051679504,0.0022926697940946375,1.1650716533213283e-14,7.115474919665535e-05,2.5826451641158017e-09,0.0001804994876092335,0.0,0.005583646175876152,0.0,0.00013609840856783044,0.0,0.0005665291217887927,0.0,0.00011257277860206628,0.0,0.00029058002357213,0.0,0.00013760013400383714,0.0,0.0024872873939058315,0.0,0.00012868942704590612,0.0,0.0027401572878255785,0.0,6.173028019051881e-05,0.0,0.0
GenerativeAdversarialNetwork,0.0001,8.0,45.0,True,340.0,4.0351327430652837e-10,0.0009179993299139799,0.0006781732136348508,0.00048597976364536747,8.818475995618242e-16,1.4028239573510188e-05,4.0351281465624107e-10,3.701443168914543e-05,0.0,0.001215044172901744,0.0,3.0568017651931934e-05,0.0,0.00013133022944239594,0.0,2.401650976138616e-05,0.0,4.967042016533186e-05,0.0,3.105393708796514e-05,0.0,0.0005811770569603399,0.0,3.150923584269063e-05,0.0,0.00031754490982168767,0.0,1.3176284007467028e-05,0.0,0.0,1.66638520173399e-09,0.004554233835928095,0.0031648083302959706,0.0022927835677404823,4.5919637381937025e-15,7.129709511620444e-05,1.6663830566993159e-09,0.00018088504344037493,0.0,0.005579279049325137,0.0,0.00013584744349215766,0.0,0.0005671207634907849,0.0,0.00011272966252557887,0.0,0.00028743522253426364,0.0,0.0001385752814558317,0.0,0.0024789161277267166,0.0,0.00012992472393707658,0.0,0.0027450673610159436,0.0,6.162839701528069e-05,0.0,0.0
GenerativeAdversarialNetwork,0.0001,8.0,45.0,True,341.0,2.732357233552013e-10,0.0009191333444292012,0.0006781732136348508,0.0004859635370439596,4.053861146701535e-16,1.4018566119221021e-05,2.7323551268215297e-10,3.69943593028742e-05,0.0,0.0012151961864914518,0.0,3.0301323014931538e-05,0.0,0.0001321850881743624,0.0,2.3858902870484117e-05,0.0,5.004064975723102e-05,0.0,3.105336724908526e-05,0.0,0.0005786231746570762,0.0,3.171028604484954e-05,0.0,0.00031474011766942687,0.0,1.3187320556521737e-05,0.0,0.0,1.1083517500014322e-09,0.004557368890294489,0.0031648083302959706,0.0022927511413142368,1.9990534998771304e-15,7.130873957707447e-05,1.1083508562369847e-09,0.000180654321451607,0.0,0.005583224503036533,0.0,0.00013553444881859064,0.0,0.0005661879882872479,0.0,0.00011277790386346901,0.0,0.00028928547347866515,0.0,0.00013742874722060919,0.0,0.002493279535065657,0.0,0.0001290233794060893,0.0,0.002741789292989287,0.0,6.169394103798477e-05,0.0,0.0
GenerativeAdversarialNetwork,0.0001,8.0,45.0,True,342.0,1.8940476141660175e-10,0.000916478608175108,0.0006781732136348508,0.0004859495998392851,1.9237247913822523e-16,1.4008442065465162e-05,1.8940464650402994e-10,3.698940647419572e-05,0.0,0.0012150791488673267,0.0,3.0649052757137225e-05,0.0,0.00013071633975782164,0.0,2.3907813622623762e-05,0.0,4.963733436605037e-05,0.0,3.1151243980040124e-05,0.0,0.0005802342673196304,0.0,3.167562879561735e-05,0.0,0.0003121552883454089,0.0,1.318845395852292e-05,0.0,0.0,7.586298549523355e-10,0.004557877216698989,0.0031648083302959706,0.0022926793533301205,8.987306389574921e-16,7.12453452108791e-05,7.586294080701118e-10,0.00018059191698173308,0.0,0.005581741810353246,0.0,0.00013599558821264304,0.0,0.0005625494339930936,0.0,0.00011280729616962888,0.0,0.0002877051303596617,0.0,0.0001378128855670773,0.0,0.0024863858267946065,0.0,0.00012932683827367219,0.0,0.002741194558593462,0.0,6.169195538796719e-05,0.0,0.0
GenerativeAdversarialNetwork,0.0001,8.0,45.0,True,343.0,1.2346179903519161e-10,0.0009190263452555613,0.0006781731333051409,0.0004859680756725712,8.490842738377209e-17,1.4026594069608138e-05,1.234617415789057e-10,3.6999728841922995e-05,0.0,0.0012154866225997875,0.0,3.0406356620981365e-05,0.0,0.00013200840297734962,0.0,2.399854854030429e-05,0.0,5.005048010548491e-05,0.0,3.101596874850137e-05,0.0,0.0005806377232878035,0.0,3.157157671821085e-05,0.0,0.0003135766623155126,0.0,1.3197360515112505e-05,0.0,0.0,5.007280907170609e-10,0.004566828784702709,0.0031648079554239907,0.002292723963095707,3.9921700552636843e-16,7.14013563855639e-05,5.007278672759491e-10,0.00018074924606572158,0.0,0.005582231889470668,0.0,0.00013637622384905066,0.0,0.0005634369434050794,0.0,0.00011367419933747945,0.0,0.0002842631495598727,0.0,0.00013727620946911147,0.0,0.002504315953584587,0.0,0.00012940956783369652,0.0,0.0027356846902355457,0.0,6.170432030592324e-05,0.0,0.0
GenerativeAdversarialNetwork,0.0001,8.0,45.0,True,344.0,8.430128951901539e-11,0.0009189848951252323,0.0006781731333051409,0.0004859372290639543,3.809284789579668e-17,1.394818474179651e-05,8.43012703669201e-11,3.6923162076833114e-05,0.0,0.0012153084190459048,0.0,3.0368119679049983e-05,0.0,0.00013253217276858512,0.0,2.3871527186461856e-05,0.0,5.0299647803897805e-05,0.0,3.108230100648422e-05,0.0,0.0005787094487655516,0.0,3.13419115671893e-05,0.0,0.0003142118694968622,0.0,1.318581060900521e-05,0.0,0.0,3.344651571774336e-10,0.004567184913083442,0.0031648079554239907,0.0022923436554722816,1.7279851424276057e-16,7.079014519475541e-05,3.344650678009889e-10,0.00017984658948280526,0.0,0.005585526353066083,0.0,0.0001353436624104122,0.0,0.0005641177109202499,0.0,0.00011237677913041985,0.0,0.00028881456398364134,0.0,0.00013619479752561582,0.0,0.002474541371723391,0.0,0.00012928993681316856,0.0,0.002707316440606267,0.0,6.16654800543995e-05,0.0,0.0
GenerativeAdversarialNetwork,0.0001,8.0,45.0,True,345.0,6.303785286517859e-11,0.00091986980720993,0.0006781731333051409,0.0004859629345711351,2.1495977021235215e-17,1.403925101953054e-05,6.303783850110712e-11,3.697806241297015e-05,0.0,0.001215090074304179,0.0,3.0253017245919878e-05,0.0,0.0001340763708651869,0.0,2.392324696814596e-05,0.0,4.9897246163167724e-05,0.0,3.107676829771212e-05,0.0,0.0005800225583690838,0.0,3.1574189944087334e-05,0.0,0.0003128862887058618,0.0,1.3200621399275376e-05,0.0,0.0,2.3499737445982537e-10,0.004565553095355723,0.0031648079554239907,0.0022928559180325683,8.342635260305987e-17,7.146680083289836e-05,2.34997329771603e-10,0.00018064446934739,0.0,0.005581710239569123,0.0,0.00013567575212544616,0.0,0.0005685825299167033,0.0,0.00011277091015809737,0.0,0.0002905623811595845,0.0,0.00013662023036359992,0.0,0.0025008401405886282,0.0,0.0001282180958199051,0.0,0.0027614164652314576,0.0,6.16938590347392e-05,0.0,0.0
GenerativeAdversarialNetwork,0.0001,8.0,45.0,True,346.0,4.018916855492758e-11,0.0009201820487924663,0.0006781731333051409,0.0004859195966926225,9.373985202456648e-18,1.3984127266387735e-05,4.018916855492758e-11,3.687947275583956e-05,0.0,0.0012153711083198173,0.0,3.0500440283445013e-05,0.0,0.00013079075519286718,0.0,2.3889782113045695e-05,0.0,4.9635135340240766e-05,0.0,3.094331554646762e-05,0.0,0.0005791281272137582,0.0,3.1379779494515646e-05,0.0,0.0003138015453384893,0.0,1.3196975183535137e-05,0.0,0.0,1.691660927341538e-10,0.004567636633819004,0.0031648079554239907,0.00229257288968788,4.1726798082952135e-17,7.118487367465061e-05,1.691660815620982e-10,0.00018032915515344848,0.0,0.00558363684064025,0.0,0.00013504552203904158,0.0,0.0005695315183333631,0.0,0.0001122018076338858,0.0,0.0002885942095480625,0.0,0.00013773064802652634,0.0,0.002476930055978163,0.0,0.00012934229002808625,0.0,0.002721304601093508,0.0,6.171087470819366e-05,0.0,0.0
GenerativeAdversarialNetwork,0.0001,8.0,45.0,True,347.0,2.0956074252358478e-11,0.0009213490788184729,0.0006781731333051409,0.0004859097161382999,2.3610786555100236e-18,1.393838075172869e-05,2.095606946433465e-11,3.688085342272915e-05,0.0,0.001215827404287878,0.0,3.0263826612513662e-05,0.0,0.0001335278796057174,0.0,2.3784025539606408e-05,0.0,5.0195430046464554e-05,0.0,3.102053248014733e-05,0.0,0.0005777846128150138,0.0,3.1489793542581746e-05,0.0,0.0003135212548980816,0.0,1.3193862407274966e-05,0.0,0.0,1.0397656739795185e-10,0.00457094300468013,0.0031648079554239907,0.0022926962225692077,1.593467014350208e-17,7.134118357544425e-05,1.0397655622589627e-10,0.00018045253489377364,0.0,0.0055843653544289575,0.0,0.0001354963758831504,0.0,0.0005703362747558258,0.0,0.0001127799890888562,0.0,0.00028964192987238085,0.0,0.0001367864743718561,0.0,0.0024871616243566357,0.0,0.0001284557763697966,0.0,0.0027513730825868042,0.0,6.167057011299912e-05,0.0,0.0
GenerativeAdversarialNetwork,0.0001,8.0,45.0,True,348.0,2.1564421407579066e-11,0.0009216706386473622,0.0006781731333051409,0.00048593767087735896,2.3897858806327696e-18,1.3986759319539983e-05,2.156441901356715e-11,3.69322518855735e-05,0.0,0.0012153974434991213,0.0,3.0334298360861856e-05,0.0,0.0001310430808530021,0.0,2.3913504480512316e-05,0.0,4.969807366797866e-05,0.0,3.0892346345510765e-05,0.0,0.0005809157845787603,0.0,3.153039770065292e-05,0.0,0.0003152976058564096,0.0,1.3205889271035027e-05,0.0,0.0,8.020276825619996e-11,0.004576125984671731,0.0031648079554239907,0.0022924160057643675,9.013292907580327e-18,7.112140901995904e-05,8.020276267017216e-11,0.00017970764084057237,0.0,0.005588876025026154,0.0,0.0001347201683048932,0.0,0.0005712720957941979,0.0,0.00011276672799257362,0.0,0.0002894287214339154,0.0,0.00013566136641322442,0.0,0.0024969604030345223,0.0,0.00012781410097326124,0.0,0.002726518508023436,0.0,6.17360087029589e-05,0.0,0.0
GenerativeAdversarialNetwork,0.0001,8.0,45.0,True,349.0,2.2517094508213748e-11,0.0009209749833592829,0.0006781731333051409,0.00048591754828501905,2.4481880603359592e-18,1.3964486652307433e-05,2.2517089720189922e-11,3.693251546743424e-05,0.0,0.0012151139213926378,0.0,3.0474074566460686e-05,0.0,0.0001310267237158156,0.0,2.3983393838463446e-05,0.0,4.9217440930980875e-05,0.0,3.115268991481904e-05,0.0,0.000578702219091657,0.0,3.150888691051308e-05,0.0,0.0003138372518945576,0.0,1.3216260589679296e-05,0.0,0.0,8.258447175588993e-11,0.00457620770676331,0.0031648079554239907,0.0022926174994534667,9.087169230065656e-18,7.143496014412094e-05,8.258444941177873e-11,0.00018029908339182535,0.0,0.005583246132686217,0.0,0.0001354575883479988,0.0,0.0005691743121956879,0.0,0.000112982173948168,0.0,0.0002872713566201288,0.0,0.00013576809949470016,0.0,0.002491009310356476,0.0,0.000129289983672166,0.0,0.0027461248748707322,0.0,6.175277836667667e-05,0.0,0.0
GenerativeAdversarialNetwork,0.0001,8.0,45.0,True,350.0,4.2767403874087375e-12,0.0009218692136903336,0.0006781731333051409,0.000485933654391862,2.8479922133288955e-19,1.3975842009898465e-05,4.2767403874087375e-12,3.691369321227395e-05,0.0,0.0012151631263124846,0.0,3.0467213907171132e-05,0.0,0.00013358226281934673,0.0,2.3904382037827267e-05,0.0,4.972762496002279e-05,0.0,3.0928959121119304e-05,0.0,0.0005785828089778315,0.0,3.154380774160601e-05,0.0,0.00031423861929027216,0.0,1.3184601897900959e-05,0.0,0.0,2.0389420410609653e-11,0.004571894429764658,0.0031648079554239907,0.0022924523683464,1.4345358651482096e-18,7.10720957825019e-05,2.0389420410609653e-11,0.00018021307370197847,0.0,0.005582293526515838,0.0,0.00013589109264829622,0.0,0.0005618652926301056,0.0,0.00011249633986245162,0.0,0.00028679196564656385,0.0,0.00013711499108833337,0.0,0.002480709140405715,0.0,0.0001299688533979392,0.0,0.002708833360072202,0.0,6.161370086220075e-05,0.0,0.0
GenerativeAdversarialNetwork,0.0001,8.0,45.0,True,351.0,5.329570866690555e-12,0.0009215074086767644,0.0006781731333051409,0.00048588541640104307,4.753723415034007e-19,1.3918501658822006e-05,5.329570866690555e-12,3.68467835845009e-05,0.0,0.0012154244725999137,0.0,3.0332162092638144e-05,0.0,0.00013174871710754148,0.0,2.4001056333436477e-05,0.0,4.926559859208983e-05,0.0,3.104820606522162e-05,0.0,0.0005788136765641986,0.0,3.139433674413882e-05,0.0,0.00031219940943859336,0.0,1.3201159859362318e-05,0.0,0.0,2.095551126055695e-11,0.004578711851587835,0.0031648079554239907,0.0022921757128253673,1.4131239776462533e-18,7.053568912377148e-05,2.095551126055695e-11,0.00017944002910605017,0.0,0.0055880448685216395,0.0,0.00013499435201380988,0.0,0.0005689881413987598,0.0,0.00011279847496335612,0.0,0.00028472370321645676,0.0,0.0001357246143450527,0.0,0.0024791907214518614,0.0,0.00012815625365800078,0.0,0.0027206118376749866,0.0,6.173859766256885e-05,0.0,0.0
GenerativeAdversarialNetwork,0.0001,8.0,45.0,True,352.0,5.7703084598625045e-12,0.0009235892334395663,0.0006781731333051409,0.0004858919231075482,5.57029934917437e-19,1.397334551313174e-05,5.7703084598625045e-12,3.684045008893283e-05,0.0,0.0012159655987175435,0.0,3.0161268165651358e-05,0.0,0.00013126292318668006,0.0,2.386505311390139e-05,0.0,4.913533894681545e-05,0.0,3.1018034728228885e-05,0.0,0.000577653434398682,0.0,3.144086019771118e-05,0.0,0.0003141550763919347,0.0,1.3206170425019817e-05,0.0,0.0,2.2457365107991893e-11,0.004575924678418621,0.0031648079554239907,0.0022922130125873495,1.538516650870732e-18,7.074571700778397e-05,2.2457363711484943e-11,0.00017939066315222086,0.0,0.005589824292499694,0.0,0.00013465353481049807,0.0,0.0005709990952749673,0.0,0.00011203626651059157,0.0,0.0002848440371219467,0.0,0.00013640391751655243,0.0,0.0024862810500762746,0.0,0.0001275966986545227,0.0,0.0027242687138371497,0.0,6.173948798352067e-05,0.0,0.0
GenerativeAdversarialNetwork,0.0001,8.0,45.0,True,353.0,4.7646187684098444e-12,0.0009230599409807724,0.0006781731333051409,0.00048588654101698223,3.0816987847096434e-19,1.3914762561854647e-05,4.7646187684098444e-12,3.6818467361747094e-05,0.0,0.0012157134419589208,0.0,3.020305467664071e-05,0.0,0.00013396813662225666,0.0,2.3934086458380973e-05,0.0,4.922140218980229e-05,0.0,3.085465413942491e-05,0.0,0.000577895307155311,0.0,3.142226135955667e-05,0.0,0.0003122116597193592,0.0,1.3204711938723721e-05,0.0,0.0,2.0852162763780368e-11,0.004580176851284579,0.0031648079554239907,0.002292503913243612,1.4238808632372196e-18,7.115688128104e-05,2.085215997076647e-11,0.00018029531124252944,0.0,0.005584431898962491,0.0,0.00013558000747887594,0.0,0.000563816876156525,0.0,0.00011278299977944332,0.0,0.00028636161261384594,0.0,0.00013536417493655248,0.0,0.0025120735543329013,0.0,0.0001304329331940825,0.0,0.0027138727640955702,0.0,6.172703520494437e-05,0.0,0.0
GenerativeAdversarialNetwork,0.0001,8.0,45.0,True,354.0,5.147230350838628e-12,0.0009225764364566443,0.0006781731333051409,0.0004858230002164198,3.295861062557394e-19,1.3821691806827272e-05,5.147230350838628e-12,3.668965616155506e-05,0.0,0.0012165703268680985,0.0,3.0194434294642786e-05,0.0,0.00013218697592254597,0.0,2.3801539926676737e-05,0.0,4.904139335104076e-05,0.0,3.074200427275141e-05,0.0,0.0005771355085938446,0.0,3.130107395089862e-05,0.0,0.00031203828812288145,0.0,1.3213131496446795e-05,0.0,0.0,2.315158966005043e-11,0.004579482588378139,0.0031648079554239907,0.002292143848707091,1.6520481992080303e-18,7.056471241532631e-05,2.315158966005043e-11,0.00017939450559001298,0.0,0.0055908883413362115,0.0,0.00013437506350331337,0.0,0.0005657856100760166,0.0,0.00011204567345433265,0.0,0.0002865419494655897,0.0,0.0001357705127330696,0.0,0.0025037999423045032,0.0,0.0001287665218114853,0.0,0.0026997359668683705,0.0,6.175725340093457e-05,0.0,0.0
GenerativeAdversarialNetwork,0.0001,8.0,45.0,True,355.0,5.1509865555300284e-12,0.0009234770128347804,0.0006781731333051409,0.0004858662979300774,3.415137028715693e-19,1.3919906173594236e-05,5.1509859570270505e-12,3.676976496479261e-05,0.0,0.0012164051066680236,0.0,3.015450038758892e-05,0.0,0.0001335596399647849,0.0,2.382615596216644e-05,0.0,4.911791242036537e-05,0.0,3.099937062218504e-05,0.0,0.0005765552870989489,0.0,3.124092959088457e-05,0.0,0.00031254990804548854,0.0,1.3197226213878698e-05,0.0,0.0,2.3065617899242914e-11,0.004584054152170817,0.0031648079554239907,0.002292098301761555,1.622332125881597e-18,7.057288931038395e-05,2.3065617899242914e-11,0.00017928076708841623,0.0,0.005590332456949031,0.0,0.0001340517832798028,0.0,0.0005667840347350018,0.0,0.00011173984820737778,0.0,0.0002854117807352318,0.0,0.00013599183949284584,0.0,0.0024971656454434183,0.0,0.00012917222701153665,0.0,0.0026958905301004087,0.0,6.169849221811355e-05,0.0,0.0
GenerativeAdversarialNetwork,0.0001,8.0,45.0,True,356.0,5.4004868860785935e-12,0.0009245127037850352,0.0006781731333051409,0.0004858744112307813,3.75575136553128e-19,1.3952438450968169e-05,5.400485689072637e-12,3.679974551872423e-05,0.0,0.001216957158767862,0.0,3.0420278763835322e-05,0.0,0.00012979262842322296,0.0,2.386480208355783e-05,0.0,4.9111681847238154e-05,0.0,3.080847961803009e-05,0.0,0.0005773015099394353,0.0,3.1504436142521724e-05,0.0,0.0003131057896382725,0.0,1.3198249162528713e-05,0.0,0.0,2.4299572836075384e-11,0.004580281815438901,0.0031648079554239907,0.0022925642676323464,1.776211442732141e-18,7.125607592129857e-05,2.4299572836075384e-11,0.00018014594818810997,0.0,0.005585864119590615,0.0,0.00013437946824907508,0.0,0.0005663755179951026,0.0,0.00011263284012206695,0.0,0.0002849139038871669,0.0,0.0001359599753745697,0.0,0.002500366489842253,0.0,0.00012920533289324562,0.0,0.0027544646518035507,0.0,6.168275345234001e-05,0.0,0.0
GenerativeAdversarialNetwork,0.0001,8.0,45.0,True,357.0,6.885931178357294e-12,0.000924888405838424,0.0006781731333051409,0.00048583187664936816,8.07369659178356e-19,1.3877528486145795e-05,6.885931178357294e-12,3.673568006474374e-05,0.0,0.0012169562960019711,0.0,3.0399111885266163e-05,0.0,0.00012996778735574686,0.0,2.3831276981175107e-05,0.0,4.859495094683614e-05,0.0,3.0812955489055805e-05,0.0,0.0005765248823037366,0.0,3.147783947762132e-05,0.0,0.00031273040890372343,0.0,1.3211512350730819e-05,0.0,0.0,1.5781068974307925e-11,0.004594950930877302,0.0031648079554239907,0.0022920954902217075,6.592197059075835e-19,7.040334174280647e-05,1.5781068974307925e-11,0.00017928557013565638,0.0,0.005589314956150631,0.0,0.0001343571165072843,0.0,0.0005622139704302422,0.0,0.00011231465581453072,0.0,0.00028620449439534603,0.0,0.00013491282907297027,0.0,0.002494392342537454,0.0,0.00012887255200799905,0.0,0.0027224852603936344,0.0,6.173172110469086e-05,0.0,0.0
GenerativeAdversarialNetwork,0.0001,8.0,45.0,True,358.0,6.356609757879822e-12,0.0009249687355483638,0.0006781731333051409,0.0004858098663088446,5.120195729941629e-19,1.3841629891864694e-05,6.356609757879822e-12,3.667451652153483e-05,0.0,0.0012175469876476073,0.0,3.0195353065700223e-05,0.0,0.00013119062644773418,0.0,2.3774310665310554e-05,0.0,4.89216217535204e-05,0.0,3.076503128616636e-05,0.0,0.0005775449892902631,0.0,3.132271025621023e-05,0.0,0.00031410462933409243,0.0,1.3204979286039615e-05,0.0,0.0,1.702391686739299e-11,0.004591646809248054,0.0031648079554239907,0.0022921983925801403,7.700016434600301e-19,7.075107650561902e-05,1.702391686739299e-11,0.0001792286364537365,0.0,0.0055921966687165845,0.0,0.00013408431513879285,0.0,0.0005641660694056338,0.0,0.0001114140844570016,0.0,0.00028891727890608445,0.0,0.00013552633049727987,0.0,0.0024853487434627125,0.0,0.00012739884825247637,0.0,0.002752295455092904,0.0,6.17388553870549e-05,0.0,0.0
GenerativeAdversarialNetwork,0.0001,8.0,45.0,True,359.0,7.016480837490669e-12,0.0009250884268161743,0.0006781731333051409,0.00048583002906603953,7.165703956147897e-19,1.3903015596927659e-05,7.0164802389876905e-12,3.672565391282187e-05,0.0,0.0012164793377830794,0.0,3.036486381549398e-05,0.0,0.0001299645139200668,0.0,2.388401594605407e-05,0.0,4.828499374042624e-05,0.0,3.0851506218916645e-05,0.0,0.000577367460631296,0.0,3.147462879952716e-05,0.0,0.00031105834599132485,0.0,1.3194925520779952e-05,0.0,0.0,1.665033729340874e-11,0.004585884277175808,0.0031648079554239907,0.0022921802112891238,6.916541340369804e-19,7.077281322306807e-05,1.665033729340874e-11,0.0001796623633342719,0.0,0.00558953458039879,0.0,0.0001344283070391829,0.0,0.0005648439785219589,0.0,0.00011171900766825526,0.0,0.00028354004494049266,0.0,0.00013564131076230942,0.0,0.002491037238318965,0.0,0.0001306846597284641,0.0,0.00271631842889126,0.0,6.16903914689268e-05,0.0,0.0
GenerativeAdversarialNetwork,0.0001,8.0,45.0,True,360.0,6.288511490513312e-12,0.0009262675062986719,0.0006781731333051409,0.00048581456559687613,6.39631022577977e-19,1.3904175357114914e-05,6.288511490513312e-12,3.670239595149084e-05,0.0,0.0012169695079654748,0.0,3.034259240341315e-05,0.0,0.00012970950725586265,0.0,2.377916810245848e-05,0.0,4.8771354989864115e-05,0.0,3.094952352686391e-05,0.0,0.0005767005633793751,0.0,3.141917619663429e-05,0.0,0.0003104017108598488,0.0,1.319084502254535e-05,0.0,0.0,1.751683214970842e-11,0.0045939717652662745,0.0031648079554239907,0.0022918145236729076,9.970412669338477e-19,7.049860608465267e-05,1.7516830753201472e-11,0.00017859284186138297,0.0,0.005593497904801539,0.0,0.00013456390526309702,0.0,0.0005634771484249043,0.0,0.0001116711177728461,0.0,0.00028116584011593705,0.0,0.00013621119817472854,0.0,0.0024820015115557975,0.0,0.00012730927727882217,0.0,0.0027189884545668116,0.0,6.166673938995637e-05,0.0,0.0
GenerativeAdversarialNetwork,0.0001,8.0,45.0,True,361.0,7.173188667790765e-12,0.0009249088095847487,0.0006781731333051409,0.0004857966922364145,7.5467046840482245e-19,1.3811681971877733e-05,7.173188667790765e-12,3.668530329539769e-05,0.0,0.001216264296455601,0.0,3.0291819006124274e-05,0.0,0.0001311218340923844,0.0,2.3813810289870053e-05,0.0,4.884676450507018e-05,0.0,3.0989060805974945e-05,0.0,0.0005729603719197194,0.0,3.138654225197121e-05,0.0,0.00030996742836548633,0.0,1.3201660664897723e-05,0.0,0.0,1.8717374261273993e-11,0.004584342053851242,0.0031648079554239907,0.0022920728104669345,1.025129115861574e-18,7.074527770468274e-05,1.8717372864767046e-11,0.00017946724246882791,0.0,0.005588328927870559,0.0,0.00013439262391261336,0.0,0.0005634104680715118,0.0,0.00011229271408896775,0.0,0.00028232112526893616,0.0,0.00013531414124200928,0.0,0.002465531698562814,0.0,0.00013051932947065844,0.0,0.0027194733514725785,0.0,6.173486065752102e-05,0.0,0.0
GenerativeAdversarialNetwork,0.0001,8.0,45.0,True,362.0,7.410600435184947e-12,0.000924328507760143,0.0006781731333051409,0.0004858288642852454,9.146585252270571e-19,1.3861916909079668e-05,7.41059983668197e-12,3.671518092688846e-05,0.0,0.0012160811177956954,0.0,3.0272735679406684e-05,0.0,0.00013045182406420334,0.0,2.3750834307580624e-05,0.0,4.867548148105087e-05,0.0,3.0826325365153927e-05,0.0,0.0005784903093168357,0.0,3.1508475220749644e-05,0.0,0.00031185949427098276,0.0,1.318961246355846e-05,0.0,0.0,1.7803724951327156e-11,0.004585037441373621,0.0031648079554239907,0.002292155657174452,8.178659137588507e-19,7.068043070956596e-05,1.7803724951327156e-11,0.00017954432551965774,0.0,0.005586683255044318,0.0,0.00013454165895405054,0.0,0.0005583104285054236,0.0,0.000112019326983008,0.0,0.0002821880925751332,0.0,0.00013522960761058256,0.0,0.002500809963394261,0.0,0.00013010843463663786,0.0,0.002718194100841786,0.0,6.169626055835927e-05,0.0,0.0
GenerativeAdversarialNetwork,0.0001,8.0,45.0,True,363.0,6.1326236092933974e-12,0.0009263825384433058,0.0006781731333051409,0.0004857977766874987,5.468702484599641e-19,1.384593757256022e-05,6.1326236092933974e-12,3.667361030199457e-05,0.0,0.0012168694680933653,0.0,3.044844938898986e-05,0.0,0.00013014252455729357,0.0,2.3770730972611356e-05,0.0,4.868579882817127e-05,0.0,3.0911934243218915e-05,0.0,0.0005736250601046168,0.0,3.1422113251653964e-05,0.0,0.0003121179149478594,0.0,1.3189070238016365e-05,0.0,0.0,1.63511999188593e-11,0.004589880787351596,0.0031648079554239907,0.002292070936107036,7.230210309607429e-19,7.065792081865875e-05,1.63511999188593e-11,0.0001791065921948391,0.0,0.005592383032071941,0.0,0.00013430711795698921,0.0,0.0005684365641396001,0.0,0.00011157915699032117,0.0,0.0002820429234009869,0.0,0.00013624103564136434,0.0,0.0025020759060697733,0.0,0.00012774780720659773,0.0,0.002738763138933002,0.0,6.168763264545105e-05,0.0,0.0
GenerativeAdversarialNetwork,0.0001,8.0,45.0,True,364.0,5.536505066924098e-12,0.0009261033123715547,0.0006781731333051409,0.00048577134821292846,4.191261289161248e-19,1.3756393793859893e-05,5.536505066924098e-12,3.65733588239896e-05,0.0,0.0012170189298065447,0.0,3.024917899196681e-05,0.0,0.00013208401331683053,0.0,2.3733430373861462e-05,0.0,4.865308455379825e-05,0.0,3.0620440318578014e-05,0.0,0.0005777766200088748,0.0,3.112248845418508e-05,0.0,0.00031077255296578624,0.0,1.320458140294507e-05,0.0,0.0,1.6929064718895422e-11,0.004594456474736052,0.0031648079554239907,0.002291992962735254,9.681254466297123e-19,7.058482663998814e-05,1.6929063322388473e-11,0.0001789582834678626,0.0,0.005590382348720895,0.0,0.0001340372921348368,0.0,0.0005684278483660716,0.0,0.00011167089519260814,0.0,0.00028488548390520445,0.0,0.00013570946717412217,0.0,0.002482641043153199,0.0,0.00012793479803598152,0.0,0.002718306749871692,0.0,6.177491338560417e-05,0.0,0.0
GenerativeAdversarialNetwork,0.0001,8.0,45.0,True,365.0,6.481356930639213e-12,0.0009277801147368397,0.0006781731333051409,0.0004857665284303321,5.901178015435916e-19,1.3811572773678283e-05,6.481356930639213e-12,3.659520348448638e-05,0.0,0.0012174093260603474,0.0,3.013046423219285e-05,0.0,0.0001299183042544239,0.0,2.3808581327813656e-05,0.0,4.834460842641537e-05,0.0,3.0782550693843565e-05,0.0,0.0005779686481804861,0.0,3.125856698282324e-05,0.0,0.00031116058562965083,0.0,1.321852864883338e-05,0.0,0.0,1.646800655310546e-11,0.0045990947657411204,0.0031648079554239907,0.002292139912551304,7.147744460403047e-19,7.086537731518536e-05,1.646800655310546e-11,0.0001793571706837828,0.0,0.005593248134134158,0.0,0.00013301624629482534,0.0,0.0005671668727442904,0.0,0.00011149969584537002,0.0,0.0002816039248832367,0.0,0.0001353797789827083,0.0,0.0024927468419824756,0.0,0.00012992190068247933,0.0,0.002732274292400048,0.0,6.182203010755515e-05,0.0,0.0
GenerativeAdversarialNetwork,0.0001,8.0,45.0,True,366.0,6.244364115329795e-12,0.0009281486674460439,0.0006781731333051409,0.00048579809800633846,6.520750296109419e-19,1.3882944465808149e-05,6.244364115329795e-12,3.6689949867057026e-05,0.0,0.0012162563101026788,0.0,3.0371772170548813e-05,0.0,0.00012931848231030282,0.0,2.3882479640351473e-05,0.0,4.816936916418153e-05,0.0,3.097729250346875e-05,0.0,0.0005719285367955416,0.0,3.1473737641807514e-05,0.0,0.000310432155819916,0.0,1.3196269788269726e-05,0.0,0.0,1.5642370697125882e-11,0.004599691936804814,0.0031648079554239907,0.0022919417927100222,6.984799660230426e-19,7.039463182665267e-05,1.5642370697125882e-11,0.00017908555250497734,0.0,0.005591921725313414,0.0,0.00013407347899562906,0.0,0.0005619377834991839,0.0,0.00011133614622946805,0.0,0.0002801489295824519,0.0,0.00013624935311341437,0.0,0.0024894412208653098,0.0,0.0001292195663137256,0.0,0.0027235515837399464,0.0,6.169978669791851e-05,0.0,0.0
GenerativeAdversarialNetwork,0.0001,8.0,45.0,True,367.0,1.2798671376980065e-11,0.0009283489294129241,0.0006781731333051409,0.00048575628639231476,2.8518337917062107e-18,1.3799607412352395e-05,1.2798670179974108e-11,3.656322221871656e-05,0.0,0.0012178173345754953,0.0,3.0134827139563957e-05,0.0,0.0001294201094345905,0.0,2.376349376780646e-05,0.0,4.841756788546827e-05,0.0,3.05559782366547e-05,0.0,0.0005776999453007372,0.0,3.139113861756183e-05,0.0,0.0003096546847222629,0.0,1.3198846614746392e-05,0.0,0.0,2.8554897091164448e-11,0.004596237116639719,0.0031648079554239907,0.0022918790016534193,2.043414045691796e-18,7.04333725028068e-05,2.855489429815055e-11,0.00017865025584802688,0.0,0.00559691425499166,0.0,0.00013381588337181498,0.0,0.0005618540464707141,0.0,0.00011146231408014237,0.0,0.00028275515673295505,0.0,0.00013452037325445212,0.0,0.002475125797139774,0.0,0.00012746969905664336,0.0,0.002758121153093734,0.0,6.172390736686359e-05,0.0,0.0
GenerativeAdversarialNetwork,0.0001,8.0,45.0,True,368.0,2.2331668709509022e-11,0.0009268731119819086,0.0006781731333051409,0.00048580552850450786,2.2994084925591893e-18,1.3874801041462994e-05,2.233166631549711e-11,3.6691292879395085e-05,0.0,0.0012164656589144498,0.0,3.031505688502782e-05,0.0,0.00012909420176015067,0.0,2.374078807323127e-05,0.0,4.822762828631543e-05,0.0,3.0995607677335044e-05,0.0,0.0005735826460177687,0.0,3.136275210631183e-05,0.0,0.00031512142272008395,0.0,1.3208114655030705e-05,0.0,0.0,8.010309676222066e-11,0.004589224761387087,0.0031648079554239907,0.0022918400149675284,8.379244796737749e-18,7.025253191684028e-05,8.010308000413727e-11,0.00017882068202180681,0.0,0.005594488673380708,0.0,0.0001332282949731035,0.0,0.0005601852101349981,0.0,0.00011160824471299754,0.0,0.00028056381914600635,0.0,0.0001345650650232843,0.0,0.0024849787448187294,0.0,0.00012965482782642797,0.0,0.002720946598352876,0.0,6.177998001470505e-05,0.0,0.0
GenerativeAdversarialNetwork,0.0001,8.0,45.0,True,369.0,2.220666777148686e-11,0.0009275436240707768,0.0006781731333051409,0.0004857648816712783,2.301541200515669e-18,1.3816503009625844e-05,2.2206665377474945e-11,3.664924278654499e-05,0.0,0.0012167234042723411,0.0,3.0467921812739976e-05,0.0,0.00012854117187206958,0.0,2.376296660408498e-05,0.0,4.8092327951742314e-05,0.0,3.108559452459176e-05,0.0,0.0005686188724163086,0.0,3.153665337681449e-05,0.0,0.00031428717859993086,0.0,1.3186847364324123e-05,0.0,0.0,8.212670794999315e-11,0.00459614302377281,0.0031648079554239907,0.0022918452631752444,8.732512805974413e-18,7.054959453126919e-05,8.212669119190977e-11,0.0001789096086842459,0.0,0.005589824399590239,0.0,0.0001345831408815564,0.0,0.0005572671597858645,0.0,0.00011204436140240364,0.0,0.0002779075934452081,0.0,0.00013679734565926797,0.0,0.0024840687430879604,0.0,0.0001288288208486149,0.0,0.0027166048310837657,0.0,6.169834578374646e-05,0.0,0.0
GenerativeAdversarialNetwork,0.0001,8.0,45.0,True,370.0,2.2051119241455605e-11,0.0009283035431268081,0.0006781731333051409,0.0004857743605770512,2.2993388577751157e-18,1.376993688089507e-05,2.2051119241455605e-11,3.65929994380699e-05,0.0,0.0012169652292116102,0.0,2.9900337185339144e-05,0.0,0.00013105925724834125,0.0,2.3800673871991447e-05,0.0,4.834881569497347e-05,0.0,3.067610880756635e-05,0.0,0.000575507546692203,0.0,3.133742063434298e-05,0.0,0.00031195938426529303,0.0,1.3193381684167044e-05,0.0,0.0,7.90269876093509e-11,0.004600714212693508,0.0031648079554239907,0.002291640395638328,8.331903512681813e-18,7.022391278413857e-05,7.902698202332311e-11,0.000178589643734806,0.0,0.005593111335863422,0.0,0.00013332278614149154,0.0,0.0005632415882446481,0.0,0.00011172951579843677,0.0,0.00027663602768999973,0.0,0.000135798897570784,0.0,0.00247007983285676,0.0,0.00013001031189594628,0.0,0.0026801682118349855,0.0,6.172797238489367e-05,0.0,0.0
GenerativeAdversarialNetwork,0.0001,8.0,45.0,True,371.0,2.241552855280734e-11,0.0009268483704312471,0.0006781731333051409,0.0004857314243470883,2.3339193773906156e-18,1.3760218241144061e-05,2.241552855280734e-11,3.6588719370712165e-05,0.0,0.0012160195200329048,0.0,3.0493895922388348e-05,0.0,0.00012680518659298633,0.0,2.37811637936898e-05,0.0,4.754478056636461e-05,0.0,3.1011969835128423e-05,0.0,0.0005732785980656461,0.0,3.13561751113105e-05,0.0,0.000309098019914807,0.0,1.3230811563543875e-05,0.0,0.0,7.883684480917371e-11,0.00459910938574833,0.0031648079554239907,0.0022920788084186097,8.312263269170556e-18,7.081157732872093e-05,7.883682805109033e-11,0.00017947315841725786,0.0,0.005586816063177184,0.0,0.00013373774599354223,0.0,0.0005606404921543673,0.0,0.0001121962548426862,0.0,0.0002751670684079704,0.0,0.00013616306226958268,0.0,0.0024771660378893967,0.0,0.0001304793821753196,0.0,0.0027463514849824728,0.0,6.191474649141419e-05,0.0,0.0
GenerativeAdversarialNetwork,0.0001,8.0,45.0,True,372.0,2.172025482502796e-11,0.0009280445601419618,0.0006781731333051409,0.000485730540720279,2.2717356579072396e-18,1.3743515937235157e-05,2.172025243101605e-11,3.652869550526303e-05,0.0,0.0012164357811313166,0.0,3.0093432235910565e-05,0.0,0.00013219581219063936,0.0,2.3728871662822373e-05,0.0,4.7982989175300395e-05,0.0,3.089147275991517e-05,0.0,0.0005715559676008404,0.0,3.1236990924794074e-05,0.0,0.0003101840976756217,0.0,1.320033773498715e-05,0.0,0.0,8.06719610749691e-11,0.004601204920114961,0.0031648079554239907,0.002291727553373613,8.632913850873878e-18,7.035056679691159e-05,8.067194990291351e-11,0.00017865433258080633,0.0,0.005592299858772661,0.0,0.00013346957195105042,0.0,0.0005573900240772175,0.0,0.00011169794454889477,0.0,0.00027594553693285526,0.0,0.00013616129334242838,0.0,0.0024697407611511037,0.0,0.00012943823382539568,0.0,0.002719661349770408,0.0,6.181332604877604e-05,0.0,0.0
GenerativeAdversarialNetwork,0.0001,8.0,45.0,True,373.0,2.20978575360319e-11,0.0009275127774621599,0.0006781731333051409,0.0004856940710319663,2.2899875341286597e-18,1.3683469479055096e-05,2.2097855142019986e-11,3.645935841406774e-05,0.0,0.0012168292704987137,0.0,2.988442939246761e-05,0.0,0.00012992847600394502,0.0,2.3762118121523742e-05,0.0,4.789672510803871e-05,0.0,3.083226725338604e-05,0.0,0.0005714107314852691,0.0,3.1294800702613e-05,0.0,0.0003082551604332628,0.0,1.3211349181007504e-05,0.0,0.0,8.168750092843754e-11,0.004595016158601773,0.0031648079554239907,0.0022918726288297642,8.641256992223053e-18,7.051289807887947e-05,8.168750092843754e-11,0.00017916940668094084,0.0,0.005588337230969029,0.0,0.0001342600129497876,0.0,0.0005554471563243266,0.0,0.00011245421362373065,0.0,0.000280177208987422,0.0,0.00013662230387423774,0.0,0.002463647591992744,0.0,0.0001302024337855525,0.0,0.0026966005376299973,0.0,6.182525166363086e-05,0.0,0.0
GenerativeAdversarialNetwork,0.0001,8.0,45.0,True,374.0,2.2336739226740625e-11,0.0009285985138217073,0.0006781731333051409,0.0004857125067003975,2.336010418632035e-18,1.374112361806101e-05,2.2336739226740625e-11,3.648594754805783e-05,0.0,0.0012169395301611333,0.0,3.013248251615509e-05,0.0,0.00012900447347414783,0.0,2.3850465740636995e-05,0.0,4.7632701433893805e-05,0.0,3.0864961445331573e-05,0.0,0.0005719569735128604,0.0,3.10028775160846e-05,0.0,0.000312388967471624,0.0,1.32039211931415e-05,0.0,0.0,7.876729317707507e-11,0.0046075128909177,0.0031648079554239907,0.002291616591267616,8.317609165790491e-18,7.021800855045799e-05,7.876729317707507e-11,0.00017835544246547628,0.0,0.00559336190333486,0.0,0.000134140393644009,0.0,0.000559817132709911,0.0,0.00011163974567404334,0.0,0.00027610211627288435,0.0,0.00013619821823243074,0.0,0.002458618309512828,0.0,0.0001280160515375857,0.0,0.0027212959790379747,0.0,6.181539955941387e-05,0.0,0.0
GenerativeAdversarialNetwork,0.0001,8.0,45.0,True,375.0,2.181034149331183e-11,0.0009279850358268964,0.0006781731333051409,0.00048570114004644103,2.2853271405880052e-18,1.3713246698408435e-05,2.181034149331183e-11,3.646337489956473e-05,0.0,0.0012171723866340914,0.0,2.9998818899422e-05,0.0,0.00012968377162504068,0.0,2.3766920331996084e-05,0.0,4.7979073101940824e-05,0.0,3.0745486063616613e-05,0.0,0.0005726090097684423,0.0,3.12526025018602e-05,0.0,0.00031133092477957834,0.0,1.319302271077575e-05,0.0,0.0,7.816508027837939e-11,0.004595481749600584,0.0031648079554239907,0.0022914673922196874,8.250298680459192e-18,6.990566404548081e-05,7.8165063520296e-11,0.00017803475120157564,0.0,0.005595593663527754,0.0,0.0001329000711253604,0.0,0.0005570100913257719,0.0,0.00011148753593552788,0.0,0.00027674218674875656,0.0,0.00013563149380234053,0.0,0.002477047953215785,0.0,0.00012872272036360495,0.0,0.0026924698232854687,0.0,6.167090984073075e-05,0.0,0.0
GenerativeAdversarialNetwork,0.0001,8.0,45.0,True,376.0,2.249990310866694e-11,0.0009288720364840525,0.0006781731333051409,0.00048567957151932214,2.3560132957455976e-18,1.367363536534605e-05,2.249990310866694e-11,3.6399254218908655e-05,0.0,0.001218109658134801,0.0,2.9751305490973183e-05,0.0,0.00012996962489786174,0.0,2.3789721418101834e-05,0.0,4.7750525035948124e-05,0.0,3.069721292854962e-05,0.0,0.0005742634403095091,0.0,3.101787908941588e-05,0.0,0.0003111435557311436,0.0,1.3210953808216393e-05,0.0,0.0,7.880054121452195e-11,0.004605305269829133,0.0031648079554239907,0.0022915472399513675,8.282964719160103e-18,7.018874510654114e-05,7.880053004246635e-11,0.00017840250061368042,0.0,0.005593527716652993,0.0,0.00013289745873625174,0.0,0.0005593691606941463,0.0,0.00011142377255472747,0.0,0.0002774119658290215,0.0,0.00013741203027326356,0.0,0.0024579122381390268,0.0,0.00012959557462413355,0.0,0.0026951739623111747,0.0,6.172601016437482e-05,0.0,0.0
GenerativeAdversarialNetwork,0.0001,8.0,45.0,True,377.0,2.2111070087779407e-11,0.0009293721692581382,0.0006781731333051409,0.0004856729443182521,2.275916028059322e-18,1.3682834372285883e-05,2.211106529975558e-11,3.641219483311928e-05,0.0,0.001218120196002342,0.0,2.977799252679727e-05,0.0,0.0001307955850166773,0.0,2.3683121382708176e-05,0.0,4.785812166180572e-05,0.0,3.079924421169044e-05,0.0,0.0005706134189492609,0.0,3.117117327901552e-05,0.0,0.0003090536979973477,0.0,1.3201105887838451e-05,0.0,0.0,7.969762376253027e-11,0.0046098048582017045,0.0031648079554239907,0.0022913418101064816,8.320189553110154e-18,6.978093125160385e-05,7.969761259047467e-11,0.0001777154305633509,0.0,0.005599930470696199,0.0,0.0001327494077337613,0.0,0.0005578291866014588,0.0,0.0001112323301205845,0.0,0.00027974254492693727,0.0,0.00013511856350134003,0.0,0.00247101513844616,0.0,0.00012800596513838137,0.0,0.002683306265177217,0.0,6.1682273147616e-05,0.0,0.0
GenerativeAdversarialNetwork,0.0001,8.0,45.0,True,378.0,2.282300853248475e-11,0.0009295532324243427,0.0006781731333051409,0.0004856561554088747,2.388077688009525e-18,1.36505029191868e-05,2.2823006138472838e-11,3.639632469479928e-05,0.0,0.0012184349976099356,0.0,2.981417353021488e-05,0.0,0.00013087846519490779,0.0,2.3693988486280982e-05,0.0,4.7293308409397815e-05,0.0,3.0905033419074396e-05,0.0,0.0005683209696869966,0.0,3.1180034650143265e-05,0.0,0.00030786465763081756,0.0,1.3225152084448267e-05,0.0,0.0,7.966234799699312e-11,0.004608343607224758,0.0031648079554239907,0.002291414722706537,8.31696323657757e-18,6.972576063946358e-05,7.966234799699312e-11,0.00017798173024594408,0.0,0.005598033755771437,0.0,0.00013214203312337023,0.0,0.0005619950920530835,0.0,0.00011143937660088329,0.0,0.00027686460587963367,0.0,0.00013513544445517678,0.0,0.00249359611445253,0.0,0.00012922987529316788,0.0,0.002673939901327937,0.0,6.184511987855599e-05,0.0,0.0
GenerativeAdversarialNetwork,0.0001,8.0,45.0,True,379.0,2.224132827596238e-11,0.0009301890420785169,0.0006781731333051409,0.0004856459535357123,2.338073206415982e-18,1.3634989243954661e-05,2.224132588195047e-11,3.6345548787206974e-05,0.0,0.0012179829598015258,0.0,2.9773278176945174e-05,0.0,0.00012962119478099752,0.0,2.3705917448207053e-05,0.0,4.738107865872087e-05,0.0,3.068099134774863e-05,0.0,0.0005702688044936188,0.0,3.109714694100249e-05,0.0,0.0003105040709927397,0.0,1.3200743148992004e-05,0.0,0.0,7.842880782272456e-11,0.0046110891696042235,0.0031648079554239907,0.0022915228732726858,8.260044220697452e-18,6.992466536895284e-05,7.842880223669676e-11,0.0001780538931020401,0.0,0.0055955569404265194,0.0,0.0001327236587146543,0.0,0.0005624857526155387,0.0,0.0001112215408364182,0.0,0.0002795450108231239,0.0,0.0001351527822842388,0.0,0.002478602922187661,0.0,0.00012824979593169014,0.0,0.0026998086920324363,0.0,6.171856544115258e-05,0.0,0.0
GenerativeAdversarialNetwork,0.0001,8.0,45.0,True,380.0,2.2509558158711818e-11,0.0009308585098811559,0.0006781731333051409,0.00048569792685804344,2.329227305730977e-18,1.372230261805244e-05,2.2509555764699906e-11,3.645671255424659e-05,0.0,0.0012175413149957874,0.0,3.0078802187487764e-05,0.0,0.00012787836139414188,0.0,2.367186518210285e-05,0.0,4.71660209633912e-05,0.0,3.0826516148215036e-05,0.0,0.0005729130175557098,0.0,3.105361074851851e-05,0.0,0.00031200224016554595,0.0,1.3200459484703779e-05,0.0,0.0,8.008793628277999e-11,0.004611776309943049,0.0031648079554239907,0.002291436090409381,8.347724117053564e-18,6.988923410949467e-05,8.00879306967522e-11,0.00017802067007283745,0.0,0.0055940273050263155,0.0,0.00013260656979473883,0.0,0.0005587664134097549,0.0,0.00011113442996013089,0.0,0.00027639922574631073,0.0,0.00013593477694868292,0.0,0.0024842784839606137,0.0,0.00012910910794195138,0.0,0.0026961591258738778,0.0,6.167171815843702e-05,0.0,0.0
GenerativeAdversarialNetwork,0.0001,8.0,45.0,True,381.0,2.3578357595207402e-11,0.0009310444731596666,0.0006781731333051409,0.00048564900606469004,2.436016813322987e-18,1.3660777591148799e-05,2.357835520119549e-11,3.63879678946621e-05,0.0,0.0012180801933710413,0.0,3.0027903275027108e-05,0.0,0.00012957974465066852,0.0,2.364696799262836e-05,0.0,4.7212948575816705e-05,0.0,3.083853799136822e-05,0.0,0.0005695327835262946,0.0,3.1158714643064536e-05,0.0,0.0003074889555774288,0.0,1.3228573628031019e-05,0.0,0.0,7.318372323244955e-11,0.004615895778128186,0.0031648079554239907,0.0022915594232907083,7.419079012606187e-18,7.029723540042182e-05,7.318370647436615e-11,0.00017841966272150194,0.0,0.0055953791369558695,0.0,0.0001327199099948571,0.0,0.0005604803281010322,0.0,0.00011113131383679947,0.0,0.00027797928771132945,0.0,0.00013668245911223334,0.0,0.0024637806715455445,0.0,0.00013008054181839684,0.0,0.0027032417696227066,0.0,6.183586522655667e-05,0.0,0.0
GenerativeAdversarialNetwork,0.0001,8.0,45.0,True,382.0,6.349903532008703e-12,0.0009298666789525281,0.0006781731333051409,0.00048561329950862176,4.259978192602435e-19,1.3598657622330915e-05,6.349903532008703e-12,3.629262657017721e-05,0.0,0.0012190212680932052,0.0,2.9796164613367734e-05,0.0,0.00012930317950055926,0.0,2.3584403700102373e-05,0.0,4.761345242714946e-05,0.0,3.069946718103481e-05,0.0,0.0005686251782985389,0.0,3.122292569464429e-05,0.0,0.00030601112990366483,0.0,1.319595349003684e-05,0.0,0.0,1.8085755115748725e-11,0.004617938080673698,0.0031648079554239907,0.0022912628995547506,7.903874524300677e-19,6.969634490380497e-05,1.8085755115748725e-11,0.0001776749092452931,0.0,0.005602164838586371,0.0,0.00013261041223253095,0.0,0.0005528134463718103,0.0,0.00011101267856996765,0.0,0.00027903000701148557,0.0,0.0001352366716044504,0.0,0.0024726906287595163,0.0,0.00012886086068813156,0.0,0.002672945365965741,0.0,6.169709230556428e-05,0.0,0.0
GenerativeAdversarialNetwork,0.0001,8.0,45.0,True,383.0,5.838371415553298e-12,0.0009303542802918632,0.0006781731333051409,0.0004856542676606911,3.369721022771056e-19,1.3639613222883076e-05,5.838371415553298e-12,3.637749992933556e-05,0.0,0.0012184626771704686,0.0,2.9770122725526598e-05,0.0,0.00013065546992011468,0.0,2.3671870202709723e-05,0.0,4.73861544922677e-05,0.0,3.0764687374595684e-05,0.0,0.000569333324856514,0.0,3.116991561699428e-05,0.0,0.00030691765068033636,0.0,1.3219803882978676e-05,0.0,0.0,1.65815607226669e-11,0.004612781716592657,0.0031648079554239907,0.0022912758326380507,6.365611999961782e-19,6.935039664027076e-05,1.65815607226669e-11,0.00017794386817599243,0.0,0.0055939410276728,0.0,0.0001332674690949842,0.0,0.0005555623357400955,0.0,0.00011107011598611028,0.0,0.0002772629073580856,0.0,0.00013609340636985107,0.0,0.0024561958867798813,0.0,0.00012956345278137136,0.0,0.0026744866521103577,0.0,6.185604973971469e-05,0.0,0.0
GenerativeAdversarialNetwork,0.0001,8.0,45.0,True,384.0,5.750870280135402e-12,0.000930607077889044,0.0006781731333051409,0.0004856741492639012,3.6839105286672893e-19,1.3672813240970885e-05,5.750870280135402e-12,3.6437762273611084e-05,0.0,0.0012174033495527382,0.0,2.9961312455790384e-05,0.0,0.00012917402940940343,0.0,2.3722169152649266e-05,0.0,4.707661901683499e-05,0.0,3.088517942920207e-05,0.0,0.0005688999059065333,0.0,3.11726443168288e-05,0.0,0.0003103289522250708,0.0,1.3207466996744315e-05,0.0,0.0,1.6723600840978407e-11,0.004614443149206773,0.0031648079554239907,0.002291278269305919,6.666018610759348e-19,6.949179952249587e-05,1.6723600840978407e-11,0.0001779637246761682,0.0,0.005594886529476657,0.0,0.00013266804879941282,0.0,0.0005585420993888903,0.0,0.00011216414471467336,0.0,0.00027477474145169527,0.0,0.00013624381203696412,0.0,0.0024810317177442636,0.0,0.0001294681064362796,0.0,0.002662015973397021,0.0,6.173132866058709e-05,0.0,0.0
GenerativeAdversarialNetwork,0.0001,8.0,45.0,True,385.0,6.144849828132774e-12,0.000931110745170367,0.0006781731333051409,0.00048564426661180357,3.652624462079036e-19,1.3637046437620152e-05,6.144849229629795e-12,3.638766414794639e-05,0.0,0.001217638571590034,0.0,2.9811198820643668e-05,0.0,0.00012889470292551497,0.0,2.3766561358604792e-05,0.0,4.7241947601105e-05,0.0,3.095789538882171e-05,0.0,0.0005679500472513492,0.0,3.1166386130363794e-05,0.0,0.00031102131399504256,0.0,1.321382810565018e-05,0.0,0.0,1.8226874935980703e-11,0.004615920894550827,0.0031648079554239907,0.0022912831426416553,7.870415224594721e-19,6.959304424389354e-05,1.8226874935980703e-11,0.00017766950874583526,0.0,0.005597429610631694,0.0,0.00013286331024184916,0.0,0.0005494103585399172,0.0,0.00011059320853941096,0.0,0.0002784753370584932,0.0,0.00013519839951827093,0.0,0.002464085817337036,0.0,0.0001286970299182448,0.0,0.0027067149585148073,0.0,6.183076931058236e-05,0.0,0.0
GenerativeAdversarialNetwork,0.0001,8.0,45.0,True,386.0,6.546000638815353e-12,0.0009330955316435616,0.0006781731333051409,0.00048563466721146574,4.366402402966518e-19,1.3620448311303824e-05,6.546000638815353e-12,3.633890903461976e-05,0.0,0.0012183473293916145,0.0,2.9769713546066592e-05,0.0,0.00013047818225027738,0.0,2.3677741802445642e-05,0.0,4.773368089989511e-05,0.0,3.083444368646473e-05,0.0,0.0005679613335755957,0.0,3.100825207574027e-05,0.0,0.00030776814148432484,0.0,1.3207818439225303e-05,0.0,0.0,1.6869591677449243e-11,0.0046226217311883125,0.0031648079554239907,0.0022914046011630845,6.107184545131592e-19,7.007419242986343e-05,1.6869591677449243e-11,0.00017784600315978692,0.0,0.005597218698406065,0.0,0.00013233100374539694,0.0,0.0005552103778101364,0.0,0.00011115516506650913,0.0,0.00027467875079538836,0.0,0.00013423911383691824,0.0,0.002502329506964054,0.0,0.00012909794378580537,0.0,0.0027243345038695907,0.0,6.175604092437516e-05,0.0,0.0
GenerativeAdversarialNetwork,0.0001,8.0,45.0,True,387.0,6.361726958343728e-12,0.000933328728791517,0.0006781731333051409,0.0004856287228129302,3.975014248618183e-19,1.3630652694769625e-05,6.361726958343728e-12,3.632812728136376e-05,0.0,0.0012181979467239554,0.0,2.9848439172111112e-05,0.0,0.00012915240063500212,0.0,2.3634873350675536e-05,0.0,4.7217457080787084e-05,0.0,3.0780640352929055e-05,0.0,0.0005663592378405548,0.0,3.108619699741631e-05,0.0,0.0003088493793801156,0.0,1.3218177206352393e-05,0.0,0.0,1.715132857541148e-11,0.004622147143261987,0.0031648079554239907,0.0022911590600163683,6.746889197932073e-19,6.965460525181309e-05,1.715132857541148e-11,0.00017764147535060187,0.0,0.0055993182589440275,0.0,0.00013333776930593094,0.0,0.000549529567829468,0.0,0.00011042890917954955,0.0,0.0002744716574560921,0.0,0.00013653595445665924,0.0,0.0024792803158550144,0.0,0.0001290715270259845,0.0,0.0026625351710889322,0.0,6.176544786811625e-05,0.0,0.0
GenerativeAdversarialNetwork,0.0001,8.0,45.0,True,388.0,6.8592529081024865e-12,0.0009329501348685704,0.0006781731333051409,0.00048560795758291074,4.723517900499843e-19,1.3594872084749998e-05,6.8592523095995086e-12,3.6276751411250336e-05,0.0,0.0012184743110034081,0.0,2.9546444648199003e-05,0.0,0.00012891510667183972,0.0,2.3633121158877472e-05,0.0,4.726997764926715e-05,0.0,3.075315504061244e-05,0.0,0.0005676900601451288,0.0,3.1010308014254045e-05,0.0,0.00030711004033564236,0.0,1.3207738109515363e-05,0.0,0.0,1.77351466845721e-11,0.004625164862698729,0.0031648079554239907,0.0022911290702579907,6.83786907671683e-19,6.970110109204766e-05,1.77351466845721e-11,0.000177487812983165,0.0,0.00560193980627494,0.0,0.00013274004764901766,0.0,0.0005508561929066976,0.0,0.00011124654011156574,0.0,0.00027552012752436993,0.0,0.00013636948786816506,0.0,0.002478445288520189,0.0,0.0001281686947218277,0.0,0.0027026970806361744,0.0,6.166188362634407e-05,0.0,0.0
GenerativeAdversarialNetwork,0.0001,8.0,45.0,True,389.0,6.327426154158125e-12,0.0009314104553181528,0.0006781731333051409,0.00048563655495964937,4.024711438188156e-19,1.3629769067960287e-05,6.327426154158125e-12,3.637036062636465e-05,0.0,0.0012177829122550718,0.0,2.9843890502285764e-05,0.0,0.00012758091051944824,0.0,2.3699634158707695e-05,0.0,4.722098656741757e-05,0.0,3.0852329598443524e-05,0.0,0.0005661517461997801,0.0,3.1328468892291546e-05,0.0,0.00030805015901349625,0.0,1.3205827768600854e-05,0.0,0.0,1.6850618734037222e-11,0.004612012854162252,0.0031648079554239907,0.0022908499780690894,6.405036156291189e-19,6.90585178024364e-05,1.6850618734037222e-11,0.00017702915711597826,0.0,0.005603553262749286,0.0,0.0001326704737525316,0.0,0.0005500138555682681,0.0,0.00011174005907286637,0.0,0.00027528674628749585,0.0,0.00013550880523222796,0.0,0.0024687302937297703,0.0,0.00012878920156625832,0.0,0.002646145393263619,0.0,6.171667350912994e-05,0.0,0.0
GenerativeAdversarialNetwork,0.0001,8.0,45.0,True,390.0,6.2695718637670785e-12,0.0009330238775422952,0.0006781731333051409,0.00048558309553768436,4.577765020028365e-19,1.3555225607439514e-05,6.2695718637670785e-12,3.627692713249083e-05,0.0,0.0012180689975394199,0.0,3.0018228565586223e-05,0.0,0.0001287658540707714,0.0,2.3693004447334216e-05,0.0,4.7114268547762434e-05,0.0,3.0891342224136514e-05,0.0,0.000560167182809259,0.0,3.110486863437046e-05,0.0,0.00030817910828037724,0.0,1.3212265441761505e-05,0.0,0.0,1.796762319640776e-11,0.004627780719373211,0.0031648079554239907,0.002291328877023181,8.627323566603282e-19,6.992560840627682e-05,1.796762179990081e-11,0.00017789198355104937,0.0,0.005594227440967533,0.0,0.00013303531790679357,0.0,0.0005544335493501627,0.0,0.00011183606144392265,0.0,0.0002738586480512559,0.0,0.0001358690103457409,0.0,0.0024901083055532203,0.0,0.00012911525818536866,0.0,0.002683343939811179,0.0,6.180049254084533e-05,0.0,0.0
GenerativeAdversarialNetwork,0.0001,8.0,45.0,True,391.0,6.5537698059758154e-12,0.0009329436281620653,0.0006781731333051409,0.00048555160629138794,5.11645464397555e-19,1.354730560010013e-05,6.5537698059758154e-12,3.621797014600183e-05,0.0,0.001218775281738998,0.0,2.973867615438857e-05,0.0,0.00012797771920412378,0.0,2.374091358840305e-05,0.0,4.6253450355439816e-05,0.0,3.0819783514400696e-05,0.0,0.0005597505527686559,0.0,3.139124154000269e-05,0.0,0.00030285842977765436,0.0,1.3200386685904145e-05,0.0,0.0,1.7444974884636612e-11,0.004626547765431914,0.0031648079554239907,0.0022912227882529203,7.152385828046414e-19,6.971104105688491e-05,1.7444974884636612e-11,0.00017802090436782477,0.0,0.005596431019695723,0.0,0.0001331344832601787,0.0,0.0005504222785901724,0.0,0.00011089753429844695,0.0,0.0002765064391325105,0.0,0.000136357234240328,0.0,0.0024795655934315808,0.0,0.00013086927246372656,0.0,0.002668958602461425,0.0,6.169095377689637e-05,0.0,0.0
GenerativeAdversarialNetwork,0.0001,8.0,45.0,True,392.0,6.582751115690869e-12,0.0009334421543419521,0.0006781731333051409,0.00048553236732585734,3.806632560471847e-19,1.348858332698236e-05,6.582751115690869e-12,3.617433103107699e-05,0.0,0.0012197382527779693,0.0,2.9656142398032217e-05,0.0,0.00012612900121835365,0.0,2.3699089422862162e-05,0.0,4.74358936445411e-05,0.0,3.064918580321932e-05,0.0,0.0005630922687021549,0.0,3.1296050833723935e-05,0.0,0.00030517178484693047,0.0,1.3240649442708074e-05,0.0,0.0,1.6161615721461797e-11,0.004628298417577204,0.0031648079554239907,0.0022910795871566676,6.039256265132986e-19,6.948376906180531e-05,1.6161615721461797e-11,0.00017766177701125356,0.0,0.00559884430308765,0.0,0.0001328305792321199,0.0,0.0005528184134255415,0.0,0.00011087249987905131,0.0,0.0002728926498185164,0.0,0.0001355592723724977,0.0,0.00249406395468322,0.0,0.00013045317628098733,0.0,0.002650029629281482,0.0,6.193641292036705e-05,0.0,0.0
GenerativeAdversarialNetwork,0.0001,8.0,45.0,True,393.0,7.1915046544336785e-12,0.0009344600120966004,0.0006781731333051409,0.0004855393961754771,5.5291431227206215e-19,1.3518339208756495e-05,7.1915046544336785e-12,3.619435070097607e-05,0.0,0.0012193249151613264,0.0,2.985167244293619e-05,0.0,0.00012557514795074565,0.0,2.3697781554772205e-05,0.0,4.649264210799955e-05,0.0,3.0888282164248495e-05,0.0,0.0005615819496607202,0.0,3.103824769149251e-05,0.0,0.00030652775035071566,0.0,1.3211934081708003e-05,0.0,0.0,1.7436728511101502e-11,0.004621678178415359,0.0031648079554239907,0.002290830859598124,6.689927980233534e-19,6.915182578113843e-05,1.7436728511101502e-11,0.0001771840495320986,0.0,0.005599652078614427,0.0,0.00013288135095587317,0.0,0.0005474561509096398,0.0,0.00011116815672355628,0.0,0.00026928736541256213,0.0,0.0001359509433028083,0.0,0.002480948308728776,0.0,0.0001297010307979284,0.0,0.0026461058442697584,0.0,6.177846295466213e-05,0.0,0.0
GenerativeAdversarialNetwork,0.0001,8.0,45.0,True,394.0,6.358960079075349e-12,0.0009360703817917652,0.0006781731333051409,0.0004855222457824049,3.789542429321193e-19,1.3485701498638267e-05,6.358960079075349e-12,3.615258176211077e-05,0.0,0.001219609569394844,0.0,2.9800100769154786e-05,0.0,0.00012697751390323484,0.0,2.3703188748372532e-05,0.0,4.641864338332431e-05,0.0,3.088656762700196e-05,0.0,0.0005607879306428195,0.0,3.090720734184964e-05,0.0,0.0003065944842572482,0.0,1.3211421979807136e-05,0.0,0.0,1.7171043064013532e-11,0.004640146621368216,0.0031648079554239907,0.0022907661941816222,6.502219369430715e-19,6.928957366156128e-05,1.7171043064013532e-11,0.00017696936503521301,0.0,0.005603179198586318,0.0,0.00013304098784548682,0.0,0.0005444239989016791,0.0,0.00011144186012774894,0.0,0.00027165913356924957,0.0,0.0001354870040836574,0.0,0.0024898383977278223,0.0,0.00012942899088814574,0.0,0.0026377330786027248,0.0,6.174465418799118e-05,0.0,0.0
GenerativeAdversarialNetwork,0.0001,8.0,45.0,True,395.0,6.651757910578338e-12,0.0009367507744349559,0.0006781731333051409,0.0004855387535377975,3.885341984080461e-19,1.3525655488119614e-05,6.651757910578338e-12,3.616550731450078e-05,0.0,0.0012198140064611557,0.0,2.984142789461542e-05,0.0,0.00012836400469679716,0.0,2.3667356677132476e-05,0.0,4.66535826818641e-05,0.0,3.066588183136963e-05,0.0,0.0005641035795854429,0.0,3.0906090256820794e-05,0.0,0.0003057453992231837,0.0,1.3232831102657833e-05,0.0,0.0,1.671277930862895e-11,0.004640094514163035,0.0031648079554239907,0.0022908627237164,5.941436278993608e-19,6.957259614887478e-05,1.671277930862895e-11,0.0001769200693698799,0.0,0.005605830906776821,0.0,0.00013245221625708933,0.0,0.0005476817301234359,0.0,0.00011058739802372531,0.0,0.000271460826291978,0.0,0.00013530013040176727,0.0,0.0024844158745411806,0.0,0.00012846477329730988,0.0,0.0026599821054710533,0.0,6.184391911674595e-05,0.0,0.0
GenerativeAdversarialNetwork,0.0001,8.0,45.0,True,396.0,6.496616362572282e-12,0.0009353431569276794,0.0006781731333051409,0.00048551212423895247,3.979986785786216e-19,1.3475675346716395e-05,6.496616362572282e-12,3.6149966025930855e-05,0.0,0.0012189921668342388,0.0,2.990158229584321e-05,0.0,0.00012623814921173445,0.0,2.3641151619568025e-05,0.0,4.653134596636996e-05,0.0,3.0799191495318295e-05,0.0,0.0005602964333125523,0.0,3.114729276243246e-05,0.0,0.00030411165358242644,0.0,1.3229625445170544e-05,0.0,0.0,1.7494500607083538e-11,0.00463917907678856,0.0031648079554239907,0.00229092963836478,6.745363439881447e-19,6.941824846859998e-05,1.7494500607083538e-11,0.00017729781146319406,0.0,0.005601194227737638,0.0,0.00013291205531396207,0.0,0.0005491225505774876,0.0,0.00011139633661171176,0.0,0.0002711374523504725,0.0,0.00013500077169646257,0.0,0.002472169744143696,0.0,0.00012979671687075178,0.0,0.0026778844917345348,0.0,6.186680387963288e-05,0.0,0.0
GenerativeAdversarialNetwork,0.0001,8.0,45.0,True,397.0,5.214390165535266e-12,0.0009359420952449912,0.0006781731333051409,0.00048552899347803984,2.7283295458082217e-19,1.3492839546457455e-05,5.214390165535266e-12,3.6130970559833506e-05,0.0,0.0012193082003451204,0.0,2.9623332732128648e-05,0.0,0.00012809494033335354,0.0,2.354017466387016e-05,0.0,4.699738881979991e-05,0.0,3.0684689024709304e-05,0.0,0.0005600156006466025,0.0,3.0972264365687206e-05,0.0,0.00030534487528942344,0.0,1.3216770181276728e-05,0.0,0.0,1.428554130335292e-11,0.0046334184190762115,0.0031648079554239907,0.0022909369483683846,4.701102361242396e-19,6.93640853249052e-05,1.428554130335292e-11,0.00017713879545529684,0.0,0.005603450049558585,0.0,0.00013214438778799285,0.0,0.0005502207849010731,0.0,0.00011046502575184564,0.0,0.0002753351282023784,0.0,0.000133904552309768,0.0,0.002490333416177042,0.0,0.00012986503728905564,0.0,0.0026688682583143127,0.0,6.177298045195873e-05,0.0,0.0
GenerativeAdversarialNetwork,0.0001,8.0,45.0,True,398.0,9.311498562320077e-12,0.0009364476904393528,0.0006781731333051409,0.0004855619688239702,9.053213283093372e-19,1.3540754963284875e-05,9.311498562320077e-12,3.62069599551332e-05,0.0,0.001219601068263202,0.0,2.9552559747368178e-05,0.0,0.00012813346847048346,0.0,2.3648529401365317e-05,0.0,4.6430481974326695e-05,0.0,3.0715231886610506e-05,0.0,0.0005646427525985594,0.0,3.10242728322664e-05,0.0,0.00030562998551242755,0.0,1.3209229229756121e-05,0.0,0.0,2.064112542662904e-11,0.004637039682400302,0.0031648079554239907,0.002291087459468242,9.119683941536014e-19,6.963604323144229e-05,2.064112542662904e-11,0.00017751951309495002,0.0,0.005600461915194888,0.0,0.00013239249446482027,0.0,0.000551069307627168,0.0,0.00011146766772060275,0.0,0.00026932386857158734,0.0,0.00013393450692389747,0.0,0.002504649777082527,0.0,0.00013000620001891875,0.0,0.0027062527413638134,0.0,6.175532632466382e-05,0.0,0.0
GenerativeAdversarialNetwork,0.0001,8.0,45.0,True,399.0,8.865594691440006e-12,0.000936389933377906,0.0006781731333051409,0.00048546404690755343,9.15645041783803e-19,1.3421551949492683e-05,8.86559349443405e-12,3.599085295296744e-05,0.0,0.001220306667736703,0.0,2.96446401876902e-05,0.0,0.00012715251217633886,0.0,2.3596166982001694e-05,0.0,4.656658560599921e-05,0.0,3.0564601128956055e-05,0.0,0.0005625489185441215,0.0,3.075961656165573e-05,0.0,0.0003049307957171109,0.0,1.3214862350665656e-05,0.0,0.0,1.9920404948223068e-11,0.004644756047230847,0.0031648079554239907,0.0022907753785451255,8.00322526278872e-19,6.933083300882915e-05,1.9920404948223068e-11,0.00017679401866669924,0.0,0.0056065783690026575,0.0,0.00013200531028351693,0.0,0.0005477025355183103,0.0,0.00011069406081670486,0.0,0.0002714213007276163,0.0,0.0001345807042136882,0.0,0.0024882583123333048,0.0,0.00012907490087380198,0.0,0.0026795388017810365,0.0,6.174748915733781e-05,0.0,0.0
GenerativeAdversarialNetwork,0.0001,8.0,45.0,True,400.0,9.586382601181526e-12,0.0009360221839658013,0.0006781731333051409,0.0004854978255505832,1.1106138041886154e-18,1.3474028587662628e-05,9.586382601181526e-12,3.610511192414317e-05,0.0,0.0012189821218864985,0.0,2.9731908376326138e-05,0.0,0.00012915236047014714,0.0,2.3554829815327318e-05,0.0,4.6414365826270006e-05,0.0,3.089836856345282e-05,0.0,0.0005559911223434695,0.0,3.1000158857463826e-05,0.0,0.0003039590873808231,0.0,1.3222412088248287e-05,0.0,0.0,1.9314294398632144e-11,0.004632870356241862,0.0031648079554239907,0.0022907285195476602,7.896587843463153e-19,6.910399445947612e-05,1.9314294398632144e-11,0.00017675707034719816,0.0,0.005604435630606088,0.0,0.00013275744405182654,0.0,0.000542790634827044,0.0,0.00011105380905499248,0.0,0.00027099113513088824,0.0,0.00013425277323467926,0.0,0.002491919499523235,0.0,0.0001288579671450381,0.0,0.00267873226471667,0.0,6.179592964596718e-05,0.0,0.0
GenerativeAdversarialNetwork,0.0001,8.0,45.0,True,401.0,7.263265760026983e-12,0.0009365440057615707,0.0006781731333051409,0.0004854749717481053,6.484480276814759e-19,1.3419039135753626e-05,7.263265760026983e-12,3.60719708981861e-05,0.0,0.0012198300936430311,0.0,2.9688339549897494e-05,0.0,0.00012810417824999664,0.0,2.3594447424148293e-05,0.0,4.6517715018714534e-05,0.0,3.0843799587369287e-05,0.0,0.0005571386724148157,0.0,3.099936560157817e-05,0.0,0.00030173206666730485,0.0,1.3215631758668674e-05,0.0,0.0,1.5083460685911442e-11,0.004636368286684624,0.0031648079554239907,0.002290924577593054,4.827648301122163e-19,6.945912708651345e-05,1.5083460685911442e-11,0.00017712896678057856,0.0,0.005604106546503453,0.0,0.00013208164359038732,0.0,0.0005526070793469747,0.0,0.00011089177064175876,0.0,0.00027227324416052623,0.0,0.0001347990554271254,0.0,0.002481671436777655,0.0,0.00012931596698626032,0.0,0.0026804862907097776,0.0,6.17741050678979e-05,0.0,0.0
GenerativeAdversarialNetwork,0.0001,8.0,45.0,True,402.0,5.412520027857191e-09,0.0009378395633234811,0.0006781745792399198,0.000485464649380378,1.5483661073864585e-13,1.3414642339286135e-05,5.412442806608927e-09,3.5981341413249864e-05,0.0,0.0012202153693338608,0.0,2.924141014682636e-05,0.0,0.00012895831401457363,0.0,2.3520348287335626e-05,0.0,4.64334140087395e-05,0.0,3.052032690726201e-05,0.0,0.0005598379113282155,0.0,3.0796553166407457e-05,0.0,0.000305472398703953,0.0,1.325523681597247e-05,0.0,0.0,2.800002421395935e-08,0.004651729040925608,0.0031648154528635852,0.0022906803484982665,2.470769221643454e-12,6.898037456678894e-05,2.799878867398713e-08,0.00017675818324838793,0.0,0.005606741778873463,0.0,0.00013176876606431397,0.0,0.0005487255611509647,0.0,0.00011041262567793049,0.0,0.00027058250124349534,0.0,0.00013437493464107033,0.0,0.002457334185546299,0.0,0.00012975179080693228,0.0,0.0026755612226402234,0.0,6.188815401035285e-05,0.0,0.0
GenerativeAdversarialNetwork,0.0001,8.0,45.0,True,403.0,2.8365629031020093e-09,0.0009365948544679627,0.0006781739366022403,0.0004854637657535687,4.298262292661e-14,1.3437380667805993e-05,2.836541452755269e-09,3.604405883428543e-05,0.0,0.0012197033428250957,0.0,2.966076135635376e-05,0.0,0.00012654979836265997,0.0,2.3554945289285357e-05,0.0,4.638297197150413e-05,0.0,3.08016867369333e-05,0.0,0.0005558723548673234,0.0,3.106555728256863e-05,0.0,0.0003044772742572178,0.0,1.322158996387312e-05,0.0,0.0,1.3878886289008652e-08,0.004649424702866272,0.003164811704143788,0.002290700966457151,5.292177859461468e-13,6.909155339564918e-05,1.387862316475531e-08,0.00017692283405073035,0.0,0.005604340750794236,0.0,0.00013246066259138238,0.0,0.000543439913095918,0.0,0.00011083604357902359,0.0,0.0002713191012541453,0.0,0.00013447217877555944,0.0,0.0024831911677834374,0.0,0.00013038982291641474,0.0,0.0026495312369844448,0.0,6.181742621105422e-05,0.0,0.0
GenerativeAdversarialNetwork,0.0001,8.0,45.0,True,404.0,1.692305341084231e-09,0.0009370732982203646,0.0006781735349536906,0.0004854861777426419,1.5454464415296676e-14,1.3471912401866398e-05,1.6922975270293473e-09,3.6072729009823655e-05,0.0,0.0012202017516549045,0.0,2.960330553131926e-05,0.0,0.00012864643391573204,0.0,2.3639311567149717e-05,0.0,4.605825920149965e-05,0.0,3.0754668753584117e-05,0.0,0.0005586759420739352,0.0,3.0989994638852994e-05,0.0,0.0003021849053246634,0.0,1.3213610964402998e-05,0.0,0.0,7.93908650350959e-09,0.004638612270355225,0.0031648098297838894,0.0022905461443295267,1.5620123337685534e-13,6.894547047105225e-05,7.939008567249769e-09,0.00017653686820336107,0.0,0.0056061993295706694,0.0,0.00013227642472809966,0.0,0.0005441706323023862,0.0,0.0001109572209464679,0.0,0.00026988537993820956,0.0,0.00013365297806712816,0.0,0.0024927245370996824,0.0,0.00013019255825183677,0.0,0.0026347097360862877,0.0,6.170882462705456e-05,0.0,0.0
GenerativeAdversarialNetwork,0.0001,8.0,45.0,True,405.0,1.065738491167892e-09,0.0009383571276446237,0.0006781734546239806,0.0004854679027336306,6.156122145444152e-15,1.3416148521347508e-05,1.065735273615881e-09,3.601432429009049e-05,0.0,0.0012199661226662084,0.0,2.940240845766993e-05,0.0,0.0001288576709292327,0.0,2.3597655591939017e-05,0.0,4.646684622989511e-05,0.0,3.0568953995113425e-05,0.0,0.0005573082082676438,0.0,3.097989819843493e-05,0.0,0.0003046689610275618,0.0,1.3231991406158617e-05,0.0,0.0,4.831788559752127e-09,0.004646391988550342,0.0031648094549119096,0.00229038176296642,5.269436943916677e-14,6.843732564516788e-05,4.831762104324481e-09,0.0001763254872657968,0.0,0.0056061507842718045,0.0,0.00013231636030868913,0.0,0.0005442791108815176,0.0,0.00011099815228075351,0.0,0.0002670961918321046,0.0,0.0001337877445438373,0.0,0.0024709656553448373,0.0,0.00012994570505319152,0.0,0.002631827157998235,0.0,6.180907945213078e-05,0.0,0.0
GenerativeAdversarialNetwork,0.0001,8.0,45.0,True,406.0,7.087333224042061e-10,0.0009390231412697353,0.0006781732939645608,0.00048542930430800447,2.76279612208362e-15,1.339569331380235e-05,7.087320200617255e-10,3.5944033283589663e-05,0.0,0.001220302626725344,0.0,2.970404400819074e-05,0.0,0.00012624379237385772,0.0,2.359631257960096e-05,0.0,4.602856733246312e-05,0.0,3.056960416370325e-05,0.0,0.0005600224688368024,0.0,3.085789996176717e-05,0.0,0.0003032235885566136,0.0,1.3232726925065253e-05,0.0,0.0,3.1323955644547367e-09,0.0046533769781484545,0.0031648087051679504,0.00229055514125704,2.049302622470184e-14,6.893120190632419e-05,3.1323855542929247e-09,0.00017657671006595564,0.0,0.005604379608449665,0.0,0.00013164655779892542,0.0,0.0005430773181735345,0.0,0.0001111101804289428,0.0,0.00026838547028835465,0.0,0.00013512882562178484,0.0,0.0024608435495844425,0.0,0.0001298440913171888,0.0,0.002664541485924391,0.0,6.181138140038124e-05,0.0,0.0
GenerativeAdversarialNetwork,0.0001,8.0,45.0,True,407.0,4.820436448926435e-10,0.0009380701095910085,0.0006781732939645608,0.000485432557661257,1.2895744658090845e-15,1.3377504910259555e-05,4.820429937214032e-10,3.592361447544432e-05,0.0,0.0012209017305814564,0.0,2.9388898004579416e-05,0.0,0.00012769582216951724,0.0,2.3509576575293374e-05,0.0,4.6164224130124095e-05,0.0,3.0427500906819602e-05,0.0,0.0005576328206255109,0.0,3.088940426988422e-05,0.0,0.00030338153684878285,0.0,1.3217245883777778e-05,0.0,0.0,2.0828057880771093e-09,0.004642402226070188,0.0031648087051679504,0.0022903838247623084,8.5026796105726e-15,6.872699039537202e-05,2.0828014980077615e-09,0.0001762154740544985,0.0,0.005607699046284265,0.0,0.0001323769841366594,0.0,0.0005414320050545459,0.0,0.00011070060936160057,0.0,0.0002684476053189931,0.0,0.00013304937560603303,0.0,0.002463941679060834,0.0,0.0001300050051144834,0.0,0.0026426219715262357,0.0,6.179095087748653e-05,0.0,0.0
GenerativeAdversarialNetwork,0.0001,8.0,45.0,True,408.0,3.4104078650668547e-10,0.0009388521996469832,0.0006781732136348508,0.0004854060086921219,6.450000550695321e-16,1.3324203637411009e-05,3.4104044176897003e-10,3.591070398487492e-05,0.0,0.0012213436337681807,0.0,2.9391129664333683e-05,0.0,0.00012820110608625283,0.0,2.3525243379035085e-05,0.0,4.5990957966390646e-05,0.0,3.0503856806420893e-05,0.0,0.0005565417423402524,0.0,3.101502989501645e-05,0.0,0.0003034062382345894,0.0,1.325288591680501e-05,0.0,0.0,1.4247498163784932e-09,0.004655367173488785,0.0031648083302959706,0.0022904289968358645,3.794526562393105e-15,6.872761127708843e-05,1.424748118226043e-09,0.0001762742703815676,0.0,0.005607727200023794,0.0,0.0001318653658875879,0.0,0.0005439927555480093,0.0,0.00011051551632161411,0.0,0.0002696711874607974,0.0,0.00013367591554638725,0.0,0.0024890326104074155,0.0,0.00012961843010014708,0.0,0.00263969066008082,0.0,6.190375219913399e-05,0.0,0.0
GenerativeAdversarialNetwork,0.0001,8.0,45.0,True,409.0,2.393448075252608e-10,0.0009395572535111255,0.0006781732136348508,0.00048541042682616857,3.1920172233409597e-16,1.336916693739814e-05,2.3934463515640304e-10,3.594705819922959e-05,0.0,0.001220521167574766,0.0,2.971842302626998e-05,0.0,0.0001255024294808226,0.0,2.3509227643115822e-05,0.0,4.673492655439197e-05,0.0,3.064664286583903e-05,0.0,0.0005548429296344438,0.0,3.1120889390896597e-05,0.0,0.00030092258418024066,0.0,1.3212226532058253e-05,0.0,0.0,9.750351637194399e-10,0.004656394697585196,0.0031648083302959706,0.0022903452129483973,1.6892151126189663e-15,6.858914879695424e-05,9.750342699549924e-10,0.00017601689733799149,0.0,0.005611600226835566,0.0,0.00013196070051793032,0.0,0.000544257087152709,0.0,0.00010993166492795044,0.0,0.0002663284071586417,0.0,0.00013397843723402084,0.0,0.00247106855770327,0.0,0.0001289667971666504,0.0,0.002655935362449982,0.0,6.174469518961396e-05,0.0,0.0
GenerativeAdversarialNetwork,0.0001,8.0,45.0,True,410.0,1.5728777010995795e-10,0.0009389495592554303,0.0006781732136348508,0.00048537455961068045,1.4215137971318331e-16,1.3321941854015515e-05,1.572877030776244e-10,3.585072028428075e-05,0.0,0.0012210863178528264,0.0,2.9667436253189076e-05,0.0,0.000127078849832324,0.0,2.3505934125008288e-05,0.0,4.549006206006053e-05,0.0,3.0466312708237742e-05,0.0,0.0005544589536209312,0.0,3.099807530561226e-05,0.0,0.00030061291314842245,0.0,1.3219487584745787e-05,0.0,0.0,6.41998420881996e-10,0.004648556874233222,0.0031648083302959706,0.0022904574871063232,7.219636634845689e-16,6.878266474173504e-05,6.419980186879946e-10,0.00017623704090808173,0.0,0.005606247622436966,0.0,0.00013204300834697747,0.0,0.0005461303224353671,0.0,0.00011052694991699555,0.0,0.00026829943716900906,0.0,0.00013249769291412904,0.0,0.0024980196038132192,0.0,0.0001295890026497391,0.0,0.002655254220062832,0.0,6.175547861640559e-05,0.0,0.0
GenerativeAdversarialNetwork,0.0001,8.0,45.0,True,411.0,1.181415959371164e-10,0.0009401195614807047,0.0006781731333051409,0.0004853830343950791,7.91627403451636e-17,1.3339891778731925e-05,1.1814155763292578e-10,3.587382260679877e-05,0.0,0.001220584664928575,0.0,2.9568685936638607e-05,0.0,0.0001264336215196594,0.0,2.338760595196341e-05,0.0,4.593083117850065e-05,0.0,3.0619180146253335e-05,0.0,0.0005555003078157369,0.0,3.103822258845815e-05,0.0,0.000299783046997461,0.0,1.3228569862575866e-05,0.0,0.0,4.5903867150467614e-10,0.004655439898652851,0.0031648079554239907,0.002290457861978303,3.604866957029788e-16,6.881831272405648e-05,4.5903849275178665e-10,0.00017622025367223991,0.0,0.005606294355472973,0.0,0.00013205971357957373,0.0,0.0005447947004306241,0.0,0.00010960204702503277,0.0,0.00026956376320910904,0.0,0.00013400251104396844,0.0,0.002478489710849786,0.0,0.00012904450109919662,0.0,0.0026744441041406594,0.0,6.185190271843904e-05,0.0,0.0
GenerativeAdversarialNetwork,0.0001,8.0,45.0,True,412.0,7.90106811962079e-11,0.0009401218107125829,0.0006781731333051409,0.00048538990258527895,3.532645655492553e-17,1.333488372337786e-05,7.901066683213644e-11,3.586639461893277e-05,0.0,0.0012216202612058092,0.0,2.9554111114891392e-05,0.0,0.00012538540917586766,0.0,2.3392578863069375e-05,0.0,4.6277614536311105e-05,0.0,3.0509896596486998e-05,0.0,0.0005586297123258647,0.0,3.075460348569479e-05,0.0,0.0003027838034771202,0.0,1.322711137627977e-05,0.0,0.0,3.0949567995782026e-10,0.004656687472601357,0.0031648079554239907,0.002290233313662451,1.5790188963518269e-16,6.851907702362012e-05,3.094956129254867e-10,0.00017577592494352808,0.0,0.005610964668815625,0.0,0.00013159621952089874,0.0,0.0005493679511472114,0.0,0.0001099501039434529,0.0,0.00026724897559333896,0.0,0.00013395935390730324,0.0,0.002466473751847849,0.0,0.00012869647932502458,0.0,0.002636017476987539,0.0,6.181324990290516e-05,0.0,0.0
GenerativeAdversarialNetwork,0.0001,8.0,45.0,True,413.0,5.601275897132815e-11,0.0009394641513773052,0.0006781731333051409,0.0004853647995509227,1.9368049892226123e-17,1.3302232206590735e-05,5.6012749395280495e-11,3.580171665091399e-05,0.0,0.001221663741035242,0.0,2.97067049298325e-05,0.0,0.0001264930353813737,0.0,2.3465294822689014e-05,0.0,4.5757881313000086e-05,0.0,3.0325268799403927e-05,0.0,0.0005561715830368494,0.0,3.0759606520441985e-05,0.0,0.00030227901157985803,0.0,1.3227474115126217e-05,0.0,0.0,2.266877559180005e-10,0.004658755266441489,0.0031648079554239907,0.0022900696820433034,7.845948458164167e-17,6.823761845534702e-05,2.2668771122977813e-10,0.00017538045843442282,0.0,0.0056131542660839365,0.0,0.00013220134489941147,0.0,0.0005372803447381506,0.0,0.00010962565224500572,0.0,0.00026948049477061386,0.0,0.0001325709803861642,0.0,0.0024817880219633473,0.0,0.00012815854974887656,0.0,0.002640072842064144,0.0,6.178305513641369e-05,0.0,0.0
GenerativeAdversarialNetwork,0.0001,8.0,45.0,True,414.0,3.851699671996649e-11,0.0009400187476947302,0.0006781731333051409,0.00048535395504008087,8.732539251971642e-18,1.3285927785776375e-05,3.8516991931942664e-11,3.580474909746422e-05,0.0,0.0012213206338533501,0.0,2.945874468737214e-05,0.0,0.00012540807219528445,0.0,2.347543895887236e-05,0.0,4.551697753349726e-05,0.0,3.048523286523202e-05,0.0,0.0005543968989200026,0.0,3.086206204486343e-05,0.0,0.00030287017799773304,0.0,1.3243260158281121e-05,0.0,0.0,1.4429578985204584e-10,0.00465958185915677,0.0031648079554239907,0.0022903733283468762,3.477300385732497e-17,6.860096897906478e-05,1.4429578985204584e-10,0.0001759858766816697,0.0,0.005607834510131956,0.0,0.0001319145678349261,0.0,0.0005424818808927476,0.0,0.00011026012307068088,0.0,0.0002678807051676624,0.0,0.00013223226012298896,0.0,0.002497414747873942,0.0,0.00012898495502816805,0.0,0.002659603109899557,0.0,6.188576420148213e-05,0.0,0.0
GenerativeAdversarialNetwork,0.0001,8.0,45.0,True,415.0,2.1082583417885792e-11,0.0009403053640997956,0.0006781731333051409,0.00048534716717959093,2.358013155374265e-18,1.3291080183577987e-05,2.1082578629861965e-11,3.580865010900318e-05,0.0,0.0012215180590153963,0.0,2.9634232469646114e-05,0.0,0.00012652951511090015,0.0,2.35132642110403e-05,0.0,4.503047068646012e-05,0.0,3.0542490376295105e-05,0.0,0.0005524637644502995,0.0,3.085533443165597e-05,0.0,0.0003030290902464216,0.0,1.3227988727330519e-05,0.0,0.0,8.696688931541306e-11,0.0046595320011834675,0.0031648079554239907,0.0022902848585596622,1.1945347397481469e-17,6.861871682435462e-05,8.696688372938526e-11,0.00017581937494892745,0.0,0.005610878860760571,0.0,0.00013173160687932428,0.0,0.0005431473255157471,0.0,0.00010994834673104796,0.0,0.00026758910162643816,0.0,0.00013408953991701019,0.0,0.002470860128882546,0.0,0.00012809469265008124,0.0,0.0026708460828793125,0.0,6.179003712703597e-05,0.0,0.0
GenerativeAdversarialNetwork,0.0001,8.0,45.0,True,416.0,1.9885328484177673e-11,0.0009422201833956325,0.0006781731333051409,0.0004853807048334908,2.1616874421925126e-18,1.3355829695244683e-05,1.9885328484177673e-11,3.583200848247163e-05,0.0,0.0012206766665065906,0.0,2.965491988025907e-05,0.0,0.00012548853244100298,0.0,2.3374366611643943e-05,0.0,4.552567824520512e-05,0.0,3.0226756961679846e-05,0.0,0.00055784099506882,0.0,3.101642060311978e-05,0.0,0.0003019241350037711,0.0,1.3240547775418932e-05,0.0,0.0,7.987959979006845e-11,0.004673015021678037,0.0031648079554239907,0.0022903036021586485,8.988651706966963e-18,6.861715290531422e-05,7.987959979006845e-11,0.00017598625155364943,0.0,0.005610571058117551,0.0,0.00013092606556865404,0.0,0.0005447145715449591,0.0,0.00011080034873770469,0.0,0.00026483852533424425,0.0,0.00013258037561515593,0.0,0.0024812776337629593,0.0,0.0001295977769970144,0.0,0.0026627512847852406,0.0,6.186036076748146e-05,0.0,0.0
GenerativeAdversarialNetwork,0.0001,8.0,45.0,True,417.0,2.0955068767355044e-11,0.0009409172355004077,0.0006781731333051409,0.0004853202567267611,2.218839905832351e-18,1.3230480203490374e-05,2.095506637334313e-11,3.570509005107005e-05,0.0,0.0012219192224338618,0.0,2.9456357388804864e-05,0.0,0.00012622172178605175,0.0,2.3429417565987117e-05,0.0,4.5317910471052494e-05,0.0,3.021289004550147e-05,0.0,0.0005548768689368934,0.0,3.072566972829582e-05,0.0,0.00030269509939491907,0.0,1.3251417389295172e-05,0.0,0.0,7.410390959142566e-11,0.00466551570772375,0.0031648079554239907,0.0022900792412787864,8.057602014490865e-18,6.821971831831542e-05,7.410390400539786e-11,0.00017533214680803648,0.0,0.005611613658864255,0.0,0.00013146768529085243,0.0,0.0005441785514729578,0.0,0.00010980368129112435,0.0,0.00026626898994985614,0.0,0.00013207903120127863,0.0,0.0024771131809402562,0.0,0.00012823429731827863,0.0,0.002650185576025045,0.0,6.19219979212719e-05,0.0,0.0
GenerativeAdversarialNetwork,0.0001,8.0,45.0,True,418.0,4.3248612238647545e-12,0.0009404792779218155,0.0006781731333051409,0.0004853412227810554,1.8835224501688108e-19,1.3253553657518886e-05,4.3248612238647545e-12,3.5728302826939246e-05,0.0,0.0012217269426360914,0.0,2.9472759711453213e-05,0.0,0.000125643839893958,0.0,2.3354100932008174e-05,0.0,4.539866693257643e-05,0.0,3.029047348348278e-05,0.0,0.0005577896242193134,0.0,3.059601506614942e-05,0.0,0.0003054173728526442,0.0,1.3241325969483974e-05,0.0,0.0,1.034100408378364e-11,0.004666497497438635,0.0031648079554239907,0.002290027321509595,2.185635921776812e-19,6.802416986451958e-05,1.034100408378364e-11,0.0001752364138762156,0.0,0.005613490957638377,0.0,0.00013158408304055533,0.0,0.000541776606121903,0.0,0.00011016840829789264,0.0,0.00026385153427064043,0.0,0.00013122892698401925,0.0,0.0024758045028590555,0.0,0.00012840910480832154,0.0,0.002662192725535459,0.0,6.182264513189687e-05,0.0,0.0
GenerativeAdversarialNetwork,0.0001,8.0,45.0,True,419.0,4.6268170486892004e-12,0.0009417275212845712,0.0006781731333051409,0.00048533455541513036,1.921771638428837e-19,1.3265717332816188e-05,4.6268170486892004e-12,3.5742734561390634e-05,0.0,0.0012217400311719782,0.0,2.9468080505849216e-05,0.0,0.00012436799323462411,0.0,2.343340643814632e-05,0.0,4.496361126475578e-05,0.0,3.0311851227540534e-05,0.0,0.0005591489234060611,0.0,3.078217916893509e-05,0.0,0.00030603305991447837,0.0,1.3232062949806532e-05,0.0,0.0,1.0777498390590403e-11,0.0046795291720696216,0.0031648079554239907,0.0022901472805431054,2.4413416922720124e-19,6.829622734642628e-05,1.0777498390590403e-11,0.0001754804086760155,0.0,0.005613626004225971,0.0,0.0001318991980837576,0.0,0.0005373188159750693,0.0,0.00010950631409321191,0.0,0.00026873412465899246,0.0,0.00013146560006546524,0.0,0.002492452192606416,0.0,0.00012853567096047432,0.0,0.002650112475989,0.0,6.181291603254822e-05,0.0,0.0
GenerativeAdversarialNetwork,0.0001,8.0,45.0,True,420.0,4.615400005876398e-12,0.0009425902623693256,0.0006781731333051409,0.0004853428695401091,2.008773380458495e-19,1.3284185635192053e-05,4.615399706624908e-12,3.575555970164322e-05,0.0,0.0012215310797509705,0.0,2.9255108872674544e-05,0.0,0.00012599260137087571,0.0,2.341894709035714e-05,0.0,4.528175206036581e-05,0.0,3.0287965690350598e-05,0.0,0.0005551627623745695,0.0,3.092536687690293e-05,0.0,0.00030428594897056847,0.0,1.3239302664914864e-05,0.0,0.0,1.100609750088157e-11,0.004672952418057424,0.0031648079554239907,0.002290177270301483,2.4334171979558784e-19,6.844826136370125e-05,1.100609750088157e-11,0.0001755635013932702,0.0,0.0056135981988692085,0.0,0.0001316807765818242,0.0,0.0005415255824724833,0.0,0.0001092361016843304,0.0,0.0002702050051599179,0.0,0.0001323111706747199,0.0,0.002477380464661796,0.0,0.00012845038758508813,0.0,0.002649555228791147,0.0,6.18215615175805e-05,0.0,0.0
GenerativeAdversarialNetwork,0.0001,8.0,45.0,True,421.0,5.188412742267972e-12,0.0009421711019428592,0.0006781731333051409,0.0004853276470600755,2.297845134579048e-19,1.3294934754503383e-05,5.188412742267972e-12,3.576173253779141e-05,0.0,0.0012216744855495405,0.0,2.9629284661574505e-05,0.0,0.00012540309175326818,0.0,2.344177076919381e-05,0.0,4.5106045881692934e-05,0.0,3.044868033690594e-05,0.0,0.0005553153888234552,0.0,3.0858545109750126e-05,0.0,0.00030159221264229954,0.0,1.3243098243709524e-05,0.0,0.0,1.2384338139199884e-11,0.004672458336788154,0.0031648079554239907,0.00228991411017172,3.166925380794382e-19,6.81073914440173e-05,1.2384338139199884e-11,0.0001748214305946662,0.0,0.005618893769902332,0.0,0.00013092293773057326,0.0,0.0005431238022990197,0.0,0.00011001367988826344,0.0,0.0002664204382296628,0.0,0.00013109302417662157,0.0,0.0024840336925578566,0.0,0.00012742600304150732,0.0,0.002641296424205948,0.0,6.186366432680274e-05,0.0,0.0
GenerativeAdversarialNetwork,0.0001,8.0,45.0,True,422.0,4.5340646481402734e-12,0.0009436302107942073,0.0006781731333051409,0.0004853433515183688,1.7850377467429394e-19,1.3288246050999171e-05,4.5340646481402734e-12,3.5739448574193406e-05,0.0,0.0012218379283174526,0.0,2.93587065851592e-05,0.0,0.0001266238121491558,0.0,2.33900083123513e-05,0.0,4.537242422046044e-05,0.0,3.0197798101246518e-05,0.0,0.0005561318198304292,0.0,3.080189509211846e-05,0.0,0.0003034590148540199,0.0,1.3242755587290562e-05,0.0,0.0,1.1863077955336253e-11,0.004677306930973845,0.0031648079554239907,0.002290104920009397,2.818464674753399e-19,6.824802115278424e-05,1.1863077955336253e-11,0.00017540263445497308,0.0,0.005614105918244084,0.0,0.000130788838994578,0.0,0.0005443849184977933,0.0,0.0001093969686226275,0.0,0.0002695440355711763,0.0,0.00013286436456929213,0.0,0.00248004786623349,0.0,0.0001284794401635164,0.0,0.0026382839529769226,0.0,6.181553427903157e-05,0.0,0.0
GenerativeAdversarialNetwork,0.0001,8.0,45.0,True,423.0,4.993802017607768e-12,0.0009432046239909457,0.0006781731333051409,0.0004852994914967416,2.544011409358023e-19,1.3272000622315548e-05,4.993802017607768e-12,3.568114928720454e-05,0.0,0.0012223166995180728,0.0,2.9843865399251407e-05,0.0,0.00012390582628969877,0.0,2.3451714081102303e-05,0.0,4.4624303590576606e-05,0.0,3.018475456459503e-05,0.0,0.000553519979641444,0.0,3.0752690634476847e-05,0.0,0.0003035905748364739,0.0,1.3239951578352971e-05,0.0,0.0,1.1680769559144159e-11,0.0046863664621077245,0.0031648079554239907,0.002290003142266903,2.694493503608002e-19,6.816991306138489e-05,1.1680769559144159e-11,0.00017519480308646676,0.0,0.005615055319512247,0.0,0.0001308168723898114,0.0,0.00054270253991181,0.0,0.00011020748870177838,0.0,0.00026495677401434703,0.0,0.00013154016444518133,0.0,0.0025028402700364213,0.0,0.00012838241860926527,0.0,0.0026356249860247727,0.0,6.182464249666382e-05,0.0,0.0
GenerativeAdversarialNetwork,0.0001,8.0,45.0,True,424.0,4.795599676575179e-12,0.0009433560454941824,0.0006781731333051409,0.0004852545871888852,2.1276935028815824e-19,1.3135858080939784e-05,4.795599676575179e-12,3.555212471122048e-05,0.0,0.0012221423699342664,0.0,2.9476761135129594e-05,0.0,0.000126374016874884,0.0,2.3426731541311003e-05,0.0,4.527553152845234e-05,0.0,2.9998083380515362e-05,0.0,0.0005547103454481881,0.0,3.0508013868910282e-05,0.0,0.000302117970593856,0.0,1.3252644927675191e-05,0.0,0.0,1.3378031037954824e-11,0.004681053026667181,0.0031648079554239907,0.002289892742468876,3.737817970939273e-19,6.796592413067067e-05,1.3378031037954824e-11,0.00017500674621489062,0.0,0.00561371714003253,0.0,0.00013152190115091935,0.0,0.0005386773520295725,0.0,0.0001094941073243723,0.0,0.0002658082957162797,0.0,0.00013232405689902275,0.0,0.002468332179687308,0.0,0.0001279165933154664,0.0,0.002655666579240523,0.0,6.191055846851577e-05,0.0,0.0
GenerativeAdversarialNetwork,0.0001,8.0,45.0,True,425.0,5.070054588801235e-12,0.0009438230824277728,0.0006781731333051409,0.00048526523087545224,2.427418451452883e-19,1.3225185973544647e-05,5.070054588801235e-12,3.563262261149054e-05,0.0,0.0012228317497476639,0.0,2.9553101972910272e-05,0.0,0.00012524884866896987,0.0,2.3383699919817582e-05,0.0,4.46537745529108e-05,0.0,3.0358675917525177e-05,0.0,0.000546796342754621,0.0,3.078896702942501e-05,0.0,0.0003025458267114233,0.0,1.3239340319466397e-05,0.0,0.0,1.3296033735924774e-11,0.004683867565490915,0.0031648079554239907,0.0022898423221876037,3.446311407341274e-19,6.794131144225223e-05,1.3296033735924774e-11,0.00017489655728235184,0.0,0.005618307469161839,0.0,0.00013135597344089605,0.0,0.0005384130204248728,0.0,0.00010898869789246494,0.0,0.00026618171506707775,0.0,0.00013166115437663575,0.0,0.0024755988855781797,0.0,0.0001281383769504679,0.0,0.0026551916164422183,0.0,6.181814081076556e-05,0.0,0.0
GenerativeAdversarialNetwork,0.0001,8.0,45.0,True,426.0,5.761806126553704e-12,0.0009437912718626367,0.0006781731333051409,0.0004852057065603868,3.1227297969768667e-19,1.3122400344221418e-05,5.761806126553704e-12,3.547941126190427e-05,0.0,0.0012234002202785924,0.0,2.9417254392188192e-05,0.0,0.00012547550898677897,0.0,2.3419780511097767e-05,0.0,4.415625751500502e-05,0.0,3.0057221108851728e-05,0.0,0.0005509079787930388,0.0,3.060916654584864e-05,0.0,0.0003009157762373233,0.0,1.3251283088061367e-05,0.0,0.0,1.3469523190732581e-11,0.004686651739684291,0.0031648079554239907,0.0022897767195911526,3.4933728858496273e-19,6.792996570749103e-05,1.3469523190732581e-11,0.00017466501526112825,0.0,0.00561720726938814,0.0,0.0001305020033563458,0.0,0.0005368892126863108,0.0,0.00010933099115419688,0.0,0.00026599479452619015,0.0,0.00013189629282591477,0.0,0.0024803104640552832,0.0,0.0001277259943432778,0.0,0.0026387221783212146,0.0,6.185735007689434e-05,0.0,0.0
GenerativeAdversarialNetwork,0.0001,8.0,45.0,True,427.0,5.431030887069817e-12,0.0009428693277816567,0.0006781731333051409,0.00048523398261828563,3.0245811384618416e-19,1.3147017634862838e-05,5.431030288566839e-12,3.556660414143714e-05,0.0,0.0012228947776074734,0.0,2.9453402761661137e-05,0.0,0.00012455027138769145,0.0,2.3479018651571556e-05,0.0,4.433494593415942e-05,0.0,3.0297926574383143e-05,0.0,0.000550473395062264,0.0,3.067503188739247e-05,0.0,0.00030256888133817607,0.0,1.3246386741210186e-05,0.0,0.0,1.3045193157706949e-11,0.0046783591966209175,0.0031648079554239907,0.002289761912147954,3.4216995066097337e-19,6.802483760523346e-05,1.3045193157706949e-11,0.00017482200461738516,0.0,0.005618370009405199,0.0,0.00013124301982750681,0.0,0.0005371478274933197,0.0,0.00010956132655623574,0.0,0.00026221592096412706,0.0,0.00013254336872190798,0.0,0.002484412875565343,0.0,0.0001284405120513724,0.0,0.0026323542280017203,0.0,6.191631041045459e-05,0.0,0.0
GenerativeAdversarialNetwork,0.0001,8.0,45.0,True,428.0,5.146337384395102e-12,0.0009444772875855232,0.0006781731333051409,0.0004852486829552046,2.504465487285973e-19,1.3180093392930583e-05,5.146337384395102e-12,3.558556697358982e-05,0.0,0.0012226775706439363,0.0,2.9394420672137783e-05,0.0,0.000124967082170142,0.0,2.3440907224811953e-05,0.0,4.463483682379247e-05,0.0,3.0186614699440826e-05,0.0,0.0005545708127420224,0.0,3.0754088873490494e-05,0.0,0.0002999672028574982,0.0,1.324948069019459e-05,0.0,0.0,1.3329253843232677e-11,0.004690764085301813,0.0031648079554239907,0.0022897945260101893,3.5353616142215767e-19,6.777924959951977e-05,1.3329253843232677e-11,0.00017465130900436976,0.0,0.005617998903438484,0.0,0.00013000821495580972,0.0,0.0005383872011172696,0.0,0.0001093403863831886,0.0,0.0002665560247388276,0.0,0.00013045966625213623,0.0,0.002487711374114894,0.0,0.00012818868008424651,0.0,0.0026385649195257224,0.0,6.187563094328034e-05,0.0,0.0
GenerativeAdversarialNetwork,0.0001,8.0,45.0,True,429.0,5.128912568686781e-12,0.0009462508069215759,0.0006781731333051409,0.0004852377982795078,2.435326922396145e-19,1.3174676158116513e-05,5.128912568686781e-12,3.5499476117265195e-05,0.0,0.0012233943175802187,0.0,2.9365444239580405e-05,0.0,0.00012772072437959863,0.0,2.334345724544114e-05,0.0,4.465823787241933e-05,0.0,2.9798509236776602e-05,0.0,0.0005571771503458769,0.0,3.06417778977808e-05,0.0,0.0003013279078141698,0.0,1.323814039442417e-05,0.0,0.0,1.3088648264445642e-11,0.004695611929743545,0.0031648079554239907,0.0022898254529485165,3.327371575277715e-19,6.800266744205787e-05,1.3088648264445642e-11,0.00017460781213997294,0.0,0.005619550821388667,0.0,0.00013037203992687682,0.0,0.0005420773003086353,0.0,0.00010880474118316699,0.0,0.00026507333577054104,0.0,0.00013203484316666922,0.0,0.002467184509121397,0.0,0.00012697924935967667,0.0,0.0026585161685943604,0.0,6.182505251289164e-05,0.0,0.0
GenerativeAdversarialNetwork,0.0001,8.0,45.0,True,430.0,5.832531223491685e-12,0.000944863753820044,0.0006781731333051409,0.0004852417746001498,3.2742792737926575e-19,1.320564200614662e-05,5.832531223491685e-12,3.5566458543837874e-05,0.0,0.0012232742432823247,0.0,2.957735903500868e-05,0.0,0.00012164388223478414,0.0,2.3368166162157957e-05,0.0,4.4685148325249195e-05,0.0,3.0014784429272553e-05,0.0,0.0005553088419520951,0.0,3.09110029206443e-05,0.0,0.0003011280474958394,0.0,1.3252391387028192e-05,0.0,0.0,1.3543078608254633e-11,0.004699067499652598,0.0031648079554239907,0.0022895399879359598,3.6733665547581596e-19,6.75174483806832e-05,1.3543078608254633e-11,0.00017434157103112658,0.0,0.005620486690058683,0.0,0.0001308790659941967,0.0,0.0005335689715619357,0.0,0.00010984224624603799,0.0,0.0002604725085339456,0.0,0.00013100622959856718,0.0,0.0024871522525571426,0.0,0.0001279090255873758,0.0,0.0026395195310220778,0.0,6.188673066830486e-05,0.0,0.0
GenerativeAdversarialNetwork,0.0001,8.0,45.0,True,431.0,4.638246061561568e-12,0.0009448163592911795,0.0006781731333051409,0.00048527776231020286,1.935265696624303e-19,1.3264470967160403e-05,4.638246061561568e-12,3.564480260376018e-05,0.0,0.001222297603180198,0.0,2.9573696502296108e-05,0.0,0.00012775458335233827,0.0,2.336057500456864e-05,0.0,4.4175616975100536e-05,0.0,3.008508798729056e-05,0.0,0.0005528087403896362,0.0,3.114182783185311e-05,0.0,0.0002986283274995028,0.0,1.3249489476256615e-05,0.0,0.0,1.2508340973755344e-11,0.0046954788501907445,0.0031648079554239907,0.002289643827474342,2.9323848210972084e-19,6.76671453054596e-05,1.2508340973755344e-11,0.00017453737135203379,0.0,0.0056171107912754035,0.0,0.00013136605984010038,0.0,0.0005334358451501379,0.0,0.0001087261235001702,0.0,0.000264204241944559,0.0,0.00013174948358685715,0.0,0.0024787024506982766,0.0,0.00012812375694325884,0.0,0.002626702095727501,0.0,6.184381954137634e-05,0.0,0.0
GenerativeAdversarialNetwork,0.0001,8.0,45.0,True,432.0,4.565606353596214e-12,0.0009447976424687635,0.0006781731333051409,0.0004852330989914763,1.9253434533649823e-19,1.3163576851475914e-05,4.565606353596214e-12,3.55605266968195e-05,0.0,0.0012222412308334984,0.0,2.965077536928686e-05,0.0,0.00012386320133736192,0.0,2.3365901868459027e-05,0.0,4.455727346823865e-05,0.0,3.0147192894287828e-05,0.0,0.0005538742336622789,0.0,3.079333746770643e-05,0.0,0.00030311391842011815,0.0,1.3249911207233799e-05,0.0,0.0,1.092038549036661e-11,0.004699477609598411,0.0031648079554239907,0.0022896751292846487,2.278116379026253e-19,6.78521270553271e-05,1.092038549036661e-11,0.00017453071737439377,0.0,0.00561529051442667,0.0,0.00013095801169017577,0.0,0.0005317907663261365,0.0,0.00010897214495161045,0.0,0.0002624159385948061,0.0,0.00013243935346228522,0.0,0.002483266329615371,0.0,0.00012760781595167123,0.0,0.0026416889151687144,0.0,6.186466008049888e-05,0.0,0.0
GenerativeAdversarialNetwork,0.0001,8.0,45.0,True,433.0,4.011831298434034e-12,0.0009453238823985796,0.0006781731333051409,0.0004852300866273536,1.3945186894371187e-19,1.314838072962838e-05,4.011831298434034e-12,3.551985225025213e-05,0.0,0.0012225150404815888,0.0,2.949094183923742e-05,0.0,0.00012644902474154038,0.0,2.333786177908314e-05,0.0,4.4234117086364256e-05,0.0,3.0017688850347566e-05,0.0,0.0005521754611213252,0.0,3.063587366410021e-05,0.0,0.00030188652061709177,0.0,1.324531233133974e-05,0.0,0.0,9.567387413408814e-12,0.004697865285213638,0.0031648079554239907,0.0022894350237816384,1.786024447613065e-19,6.740963168489109e-05,9.567387413408814e-12,0.0001739676948051033,0.0,0.005622014659196636,0.0,0.00013125278992847826,0.0,0.000525304450179046,0.0,0.0001087035726076402,0.0,0.00026414374697883176,0.0,0.0001304348426982292,0.0,0.0024883655257195046,0.0,0.000127279428097437,0.0,0.002636348301509641,0.0,6.189687564125602e-05,0.0,0.0
GenerativeAdversarialNetwork,0.0001,8.0,45.0,True,434.0,6.200214346134364e-12,0.0009459919845961496,0.0006781731333051409,0.00048522872102228456,3.8449224165873254e-19,1.3174125146512393e-05,6.200214346134364e-12,3.552574644271897e-05,0.0,0.0012233205309360184,0.0,2.943599129703167e-05,0.0,0.0001252712405756156,0.0,2.3392280136960537e-05,0.0,4.396556482482149e-05,0.0,3.00236181870625e-05,0.0,0.0005555685880691858,0.0,3.065935755274045e-05,0.0,0.0003013473074391203,0.0,1.3247527674121676e-05,0.0,0.0,1.5213511792063948e-11,0.004699451743431811,0.0031648079554239907,0.002289435586089608,4.44153745503404e-19,6.748397934174388e-05,1.5213511792063948e-11,0.00017408356539108468,0.0,0.005622281842410763,0.0,0.00013083635401800743,0.0,0.0005309947256772024,0.0,0.00010898292252102738,0.0,0.00026312261913557475,0.0,0.0001311455062537823,0.0,0.002465372940279403,0.0,0.0001278456136490564,0.0,0.0026298382747098337,0.0,6.18497999209278e-05,0.0,0.0
GenerativeAdversarialNetwork,0.0001,8.0,45.0,True,435.0,8.731510273717177e-12,0.0009478163526385942,0.0006781731333051409,0.0004851893192995591,7.567047886899523e-19,1.3117712352555395e-05,8.731510273717177e-12,3.547141845576525e-05,0.0,0.0012227178450023844,0.0,2.9385880619849798e-05,0.0,0.00012372605844006705,0.0,2.3323279426425615e-05,0.0,4.426116309557963e-05,0.0,3.0116318672333124e-05,0.0,0.0005514109231069724,0.0,3.0787039116386456e-05,0.0,0.000298615956724172,0.0,1.324445882817163e-05,0.0,0.0,2.0834274906267883e-11,0.004709932039368828,0.0031648079554239907,0.0022895624802547433,8.123828404194702e-19,6.752978401176585e-05,2.0834274906267883e-11,0.00017432240570116342,0.0,0.005621263728570935,0.0,0.00013062342673352678,0.0,0.0005339938889509477,0.0,0.00010921706521661026,0.0,0.0002633767120493283,0.0,0.00013277530904461004,0.0,0.0024417177686151467,0.0,0.0001269055870156618,0.0,0.002640775539590128,0.0,6.185651832968934e-05,0.0,0.0
GenerativeAdversarialNetwork,0.0001,8.0,45.0,True,436.0,8.673494986024986e-12,0.0009466494832720075,0.0006781731333051409,0.0004852120124426171,8.334305484649658e-19,1.3164670088622127e-05,8.67349378901903e-12,3.5494809463178374e-05,0.0,0.0012231319441873057,0.0,2.9567684325567797e-05,0.0,0.000125163177033319,0.0,2.3464378561935015e-05,0.0,4.371451439883188e-05,0.0,2.983571695429938e-05,0.0,0.0005568529798014145,0.0,3.082787673267714e-05,0.0,0.00029987829795102226,0.0,1.3255028460787313e-05,0.0,0.0,1.933245876452057e-11,0.0047136458960719075,0.0031648079554239907,0.0022894783214952963,6.92349881372832e-19,6.762656541365498e-05,1.933245876452057e-11,0.00017428929981945444,0.0,0.005621568920103589,0.0,0.00013022792508017342,0.0,0.0005338551863184515,0.0,0.00010916981963241626,0.0,0.0002608062617433896,0.0,0.0001315882534913297,0.0,0.0024661626081046817,0.0,0.00012879299714505297,0.0,0.0026265663920708423,0.0,6.186302001558759e-05,0.0,0.0
GenerativeAdversarialNetwork,0.0001,8.0,45.0,True,437.0,8.573150575197155e-12,0.0009466645049277663,0.0006781731333051409,0.00048519992282127113,8.704579887306538e-19,1.3127707125684321e-05,8.573150575197155e-12,3.545784775539228e-05,0.0,0.001223048132458569,0.0,2.9409113478146475e-05,0.0,0.000125734030075793,0.0,2.3450039708710747e-05,0.0,4.3518831225418336e-05,0.0,2.9925440219695355e-05,0.0,0.000554364365387477,0.0,3.055553391294659e-05,0.0,0.00030361682256919677,0.0,1.3254625557085895e-05,0.0,0.0,1.5966904947053734e-11,0.004712593255552856,0.0031648079554239907,0.0022894149681307236,4.882333367489857e-19,6.752051178764248e-05,1.5966904947053734e-11,0.00017389848406584757,0.0,0.005623074847865458,0.0,0.00013031278672458242,0.0,0.000534000168056608,0.0,0.00010897130148965607,0.0,0.000263420525211958,0.0,0.00013159084245093963,0.0,0.0024534210843859977,0.0,0.00012666372430024657,0.0,0.0026358626548599147,0.0,6.18736335785134e-05,0.0,0.0
GenerativeAdversarialNetwork,0.0001,8.0,45.0,True,438.0,6.087824464366582e-12,0.0009487420722159414,0.0006781731333051409,0.00048516248917643913,5.427358971969465e-19,1.3065106433758518e-05,6.0878238658636036e-12,3.538238552381407e-05,0.0,0.0012230271854447852,0.0,2.961013355666415e-05,0.0,0.00012517353956590122,0.0,2.336111974041417e-05,0.0,4.40477923241587e-05,0.0,2.9790983347076612e-05,0.0,0.0005523897807874448,0.0,3.056316021478401e-05,0.0,0.0002987138183933063,0.0,1.3248123871187637e-05,0.0,0.0,1.1408599432037513e-11,0.004717603794433786,0.0031648079554239907,0.0022894363358335673,2.3648706654793112e-19,6.734994503687012e-05,1.1408599432037513e-11,0.00017402526108348894,0.0,0.0056172325789173435,0.0,0.00013032474748368532,0.0,0.0005316168257275467,0.0,0.00010917964830713452,0.0,0.00026387109790208205,0.0,0.00013059276923443536,0.0,0.0024677301352878786,0.0,0.00012772704867072075,0.0,0.0026282148916016586,0.0,6.187967838918637e-05,0.0,0.0
GenerativeAdversarialNetwork,0.0001,8.0,45.0,True,439.0,3.778597081827929e-11,0.0009465053717723754,0.0006781731333051409,0.00048514843147719964,8.725450202642196e-18,1.3083778070712668e-05,3.778596842426738e-11,3.5370875782561755e-05,0.0,0.0012236860729141535,0.0,2.9443738093433997e-05,0.0,0.00012427112564565037,0.0,2.3389694524421846e-05,0.0,4.3615919721094424e-05,0.0,2.9907348462834834e-05,0.0,0.0005502443750592255,0.0,3.0742704647409945e-05,0.0,0.00030023082488309343,0.0,1.3246361638175831e-05,0.0,0.0,1.5908954656784977e-10,0.004713737364834959,0.0031648079554239907,0.0022894168424906223,4.270348833452561e-17,6.754015742232964e-05,1.590895242237386e-10,0.0001741051322446679,0.0,0.005619597930586585,0.0,0.00013074318661629778,0.0,0.0005268482667095257,0.0,0.00010961933799509732,0.0,0.0002624553235821754,0.0,0.0001310629407002491,0.0,0.0024667174186346666,0.0,0.0001282036749634353,0.0,0.00262069008635275,0.0,6.188892718381103e-05,0.0,0.0
GenerativeAdversarialNetwork,0.0001,8.0,45.0,True,440.0,3.7829587321321114e-11,0.0009480227196634297,0.0006781731333051409,0.0004851746189626401,8.72563285125616e-18,1.3137418234525022e-05,3.782958013928537e-11,3.5460011636953793e-05,0.0,0.0012229383402715542,0.0,2.958891145141941e-05,0.0,0.00012313045380571783,0.0,2.334128332266589e-05,0.0,4.3464593609388304e-05,0.0,3.020770375860348e-05,0.0,0.0005497276943648922,0.0,3.070005208173531e-05,0.0,0.00029992308176431375,0.0,1.32628781796305e-05,0.0,0.0,1.5915645600880052e-10,0.004717634908808103,0.0031648079554239907,0.002289359487077725,4.2703829278605003e-17,6.756537342034046e-05,1.5915644483674493e-10,0.00017394569450579348,0.0,0.005622665174152982,0.0,0.00013071026817057868,0.0,0.0005287242198140366,0.0,0.00010882084896354556,0.0,0.0002616808146425763,0.0,0.00013216277994449783,0.0,0.002454430989499362,0.0,0.00012758935350667006,0.0,0.0026273290691135815,0.0,6.187902236322186e-05,0.0,0.0
GenerativeAdversarialNetwork,0.0001,8.0,45.0,True,441.0,3.783835898097012e-11,0.0009466471537104193,0.0006781731333051409,0.0004851312409192725,8.725652257671392e-18,1.3037173032278642e-05,3.783835179893438e-11,3.533690635647092e-05,0.0,0.0012235589266262569,0.0,2.964781572153626e-05,0.0,0.00012267615917236656,0.0,2.3476257317792372e-05,0.0,4.338515254686464e-05,0.0,2.9871365773388638e-05,0.0,0.0005527511038227544,0.0,3.041613425286311e-05,0.0,0.0003022178003408838,0.0,1.3249622522338703e-05,0.0,0.0,1.5925233458990575e-10,0.004712625119671132,0.0031648079554239907,0.0022892260326529447,4.270403437777777e-17,6.732503362234284e-05,1.5925233458990575e-10,0.00017356169673631776,0.0,0.005624596575114755,0.0,0.0001304092694003627,0.0,0.0005293756067377966,0.0,0.00010861223270683169,0.0,0.00026182835019609464,0.0,0.0001312271111978675,0.0,0.002451149547624888,0.0,0.0001270898365936939,0.0,0.0026366937460389527,0.0,6.18951418583498e-05,0.0,0.0
GenerativeAdversarialNetwork,0.0001,8.0,45.0,True,442.0,3.780785448117546e-11,0.000948246839554162,0.0006781731333051409,0.00048514726669640553,8.72553182374156e-18,1.306313835586499e-05,3.780785208716355e-11,3.5361266341010196e-05,0.0,0.0012234433745007183,0.0,2.9320030340126584e-05,0.0,0.0001261299852573004,0.0,2.328907905241871e-05,0.0,4.425716669251013e-05,0.0,2.9803713095798647e-05,0.0,0.0005528479412880869,0.0,3.0814449119600004e-05,0.0,0.0002967998827242787,0.0,1.3251313211702594e-05,0.0,0.0,1.5921088626365309e-10,0.004724095452506587,0.0031648079554239907,0.0022892830131938623,4.270386923298931e-17,6.737554762161003e-05,1.592108639195419e-10,0.000173796554031612,0.0,0.005622823293463453,0.0,0.0001307541164774565,0.0,0.0005277157204705964,0.0,0.00010909258428984468,0.0,0.00026115147197771374,0.0,0.00013121004280804087,0.0,0.0024593326280701834,0.0,0.0001276706187230236,0.0,0.0026258509488975477,0.0,6.186956856048332e-05,0.0,0.0
GenerativeAdversarialNetwork,0.0001,8.0,45.0,True,443.0,3.782267580892846e-11,0.0009491703902293409,0.0006781731333051409,0.00048513855092287706,8.725577485895052e-18,1.305800101988399e-05,3.782266862689272e-11,3.5363691294129e-05,0.0,0.0012237394031556343,0.0,2.950076716688444e-05,0.0,0.00012342573577824308,0.0,2.335800194354713e-05,0.0,4.351275127049726e-05,0.0,2.984310226700698e-05,0.0,0.0005515965249017885,0.0,3.070316987860235e-05,0.0,0.0002994104175554774,0.0,1.3254200060653559e-05,0.0,0.0,1.5917225329541004e-10,0.004722322308042514,0.0031648079554239907,0.0022891853590431455,4.270381063322566e-17,6.74387369796915e-05,1.5917225329541004e-10,0.00017356611319682883,0.0,0.005624407733753235,0.0,0.00013104304905582525,0.0,0.000526454932284805,0.0,0.00010910719258230438,0.0,0.00026135945563796184,0.0,0.00013017739936615685,0.0,0.0024472966134173315,0.0,0.00012758662397006773,0.0,0.002613616626967424,0.0,6.188865188720092e-05,0.0,0.0
GenerativeAdversarialNetwork,0.0001,8.0,45.0,True,444.0,3.781387781514841e-11,0.0009495867391159592,0.0006781731333051409,0.00048518036253690077,8.725555796372144e-18,1.3130251318216324e-05,3.781387781514841e-11,3.543933677785801e-05,0.0,0.0012234785641308792,0.0,2.934044161736162e-05,0.0,0.00012507290652177404,0.0,2.333445027671413e-05,0.0,4.3448382069801064e-05,0.0,3.005975400501827e-05,0.0,0.0005567107560499659,0.0,3.0583257704089596e-05,0.0,0.00029976326580638833,0.0,1.3255755193631926e-05,0.0,0.0,1.5920050742400652e-10,0.0047334121458185545,0.0031648079554239907,0.00228937935529265,4.2703898532871136e-17,6.787220027836613e-05,1.5920047390783976e-10,0.0001738790141524009,0.0,0.00562726578818414,0.0,0.00013045906879991854,0.0,0.000527740368303263,0.0,0.00010883651158344821,0.0,0.00025767722875817017,0.0,0.00013179267586777046,0.0,0.002462867858274928,0.0,0.00012712621089047606,0.0,0.0026800784299958426,0.0,6.189766638683823e-05,0.0,0.0
GenerativeAdversarialNetwork,0.0001,8.0,45.0,True,445.0,3.7812453378060214e-11,0.0009484977895680142,0.0006781731333051409,0.0004851427280677939,8.725562074918249e-18,1.3038725654953574e-05,3.7812448590036385e-11,3.5342649930731624e-05,0.0,0.0012233118123740018,0.0,2.942174030442765e-05,0.0,0.00012566479590703857,0.0,2.3363878563889916e-05,0.0,4.3890090041726104e-05,0.0,2.9734014520908622e-05,0.0,0.0005525784752760936,0.0,3.055041289393792e-05,0.0,0.0002982985539577721,0.0,1.3253370405368085e-05,0.0,0.0,1.5084508345424744e-10,0.004711455519094407,0.0031648079554239907,0.0022890683989854727,4.1710720438708023e-17,6.694534688063388e-05,1.5084507228219184e-10,0.00017303705168595103,0.0,0.005624147847258038,0.0,0.00013013734663807372,0.0,0.0005330853867080976,0.0,0.0001085886743458562,0.0,0.0002591272101462262,0.0,0.00012970750905432792,0.0,0.0024493319808312182,0.0,0.00012598884930400728,0.0,0.0026306532463937437,0.0,6.18817870440723e-05,0.0,0.0
GenerativeAdversarialNetwork,0.0001,8.0,45.0,True,446.0,3.788267453549052e-11,0.0009492205159683433,0.0006781731333051409,0.00048516445725433266,8.72587486066966e-18,1.3111687624309904e-05,3.788267214147861e-11,3.536700238436059e-05,0.0,0.0012239381179600915,0.0,2.940212228307827e-05,0.0,0.0001240180067296298,0.0,2.3340454922532137e-05,0.0,4.368843234613578e-05,0.0,2.9723774993194724e-05,0.0,0.0005554992233646526,0.0,3.050110300355202e-05,0.0,0.0003030790754084317,0.0,1.3260459502270279e-05,0.0,0.0,1.5102600372253202e-10,0.004720211778796694,0.0031648079554239907,0.0022891997916143643,4.1711444944876744e-17,6.742993920291745e-05,1.5102598137842083e-10,0.00017355142290112358,0.0,0.005624957675892398,0.0,0.0001308197776476542,0.0,0.0005284361775566197,0.0,0.00010904106282213199,0.0,0.0002566692682932008,0.0,0.0001296133927579196,0.0,0.002460708220799764,0.0,0.00012735997871407922,0.0,0.002644563433509203,0.0,6.1917763039376e-05,0.0,0.0
GenerativeAdversarialNetwork,0.0001,8.0,45.0,True,447.0,3.7882109548679064e-11,0.0009488486697410316,0.0006781731333051409,0.0004851240514102329,8.725918239715477e-18,1.3074127209154422e-05,3.788210236664333e-11,3.532005719981104e-05,0.0,0.0012238181500226343,0.0,2.948720901802865e-05,0.0,0.00012202271714686062,0.0,2.3328817155804595e-05,0.0,4.349013343654232e-05,0.0,2.9881160977394433e-05,0.0,0.0005498716853699594,0.0,3.071652720318329e-05,0.0,0.000297188317036693,0.0,1.3240482507529606e-05,0.0,0.0,1.426612063981298e-10,0.004715161128613934,0.0031648079554239907,0.0022890342856353185,3.4759885501145003e-17,6.713540111697695e-05,1.42661172881963e-10,0.00017310452864230055,0.0,0.005629373982516801,0.0,0.00013060007923803988,0.0,0.0005248287844957795,0.0,0.0001087811828221915,0.0,0.0002575446880838406,0.0,0.0001306097907652645,0.0,0.0024788083520325475,0.0,0.00012622657671289625,0.0,0.002627494012784658,0.0,6.182012060340846e-05,0.0,0.0
GenerativeAdversarialNetwork,0.0001,8.0,45.0,True,448.0,2.014051339601351e-11,0.00094937185714187,0.0006781731333051409,0.00048508549314946176,2.3425127092891247e-18,1.2990583055665229e-05,2.0140511002001598e-11,3.525917983119378e-05,0.0,0.001224068814253085,0.0,2.949718496388181e-05,0.0,0.00012179331557769981,0.0,2.3354964476390026e-05,0.0,4.327170189339517e-05,0.0,2.9693488182243953e-05,0.0,0.0005500962069092414,0.0,3.075169906461978e-05,0.0,0.0002997928271396462,0.0,1.325263363130973e-05,0.0,0.0,9.306170369606244e-11,0.004722801769304575,0.0031648079554239907,0.002289061276417858,1.688642486383115e-17,6.711790513879848e-05,9.306169811003464e-11,0.00017307750271551263,0.0,0.005629626684177384,0.0,0.00013053574183452055,0.0,0.0005201593791163943,0.0,0.00010901784418888812,0.0,0.00025850079906811506,0.0,0.00012945382615680214,0.0,0.0024845671353849975,0.0,0.00012595434936712373,0.0,0.0026364615128475167,0.0,6.190730762556664e-05,0.0,0.0
GenerativeAdversarialNetwork,0.0001,8.0,45.0,True,449.0,2.0198833920224602e-11,0.0009481816921594008,0.0006781731333051409,0.00048511931195734646,2.3430266939043555e-18,1.3047893283100463e-05,2.0198829132200776e-11,3.53132542775005e-05,0.0,0.0012232169648052121,0.0,2.958459372951014e-05,0.0,0.000122107083424725,0.0,2.324277399524524e-05,0.0,4.351132039753896e-05,0.0,2.9926396645304327e-05,0.0,0.0005497900703846605,0.0,3.067101038128861e-05,0.0,0.000300540676656759,0.0,1.3243464748011124e-05,0.0,0.0,8.480396259438697e-11,0.004711181112805252,0.0031648079554239907,0.002289262207798988,1.1921791624308376e-17,6.733811314001023e-05,8.480395700835917e-11,0.0001738688106057029,0.0,0.005622190587770402,0.0,0.00013100477696964576,0.0,0.000523153950208388,0.0,0.00010928305439979026,0.0,0.00025793525782771083,0.0,0.0001312606856695511,0.0,0.002452497587263959,0.0,0.00012807289150151068,0.0,0.002624641237018993,0.0,6.18822029176748e-05,0.0,0.0
GenerativeAdversarialNetwork,0.0001,8.0,45.0,True,450.0,2.0350171383301e-11,0.0009516996514765079,0.0006781731333051409,0.00048511388970192554,2.3442296062603787e-18,1.3060668217284338e-05,2.0350166595277172e-11,3.528398916004803e-05,0.0,0.001224144955292822,0.0,2.951133303404497e-05,0.0,0.00012294067486598486,0.0,2.3374956532951313e-05,0.0,4.3532662997348614e-05,0.0,2.9683379190308707e-05,0.0,0.0005514534576883856,0.0,3.053560963457807e-05,0.0,0.000301265511711974,0.0,1.327097265305866e-05,0.0,0.0,8.533965707407767e-11,0.004728878069223848,0.0031648079554239907,0.0022892758906262476,1.1925272982994103e-17,6.754859204187333e-05,8.533965148804989e-11,0.00017357650417951668,0.0,0.005628367467246382,0.0,0.00013049736431559677,0.0,0.0005257137166629047,0.0,0.00010915468417623508,0.0,0.00025794303642129,0.0,0.00013003928247112899,0.0,0.00251403900812257,0.0,0.00012633997548676138,0.0,0.002654136726691288,0.0,6.198973845948213e-05,0.0,0.0
GenerativeAdversarialNetwork,0.0001,8.0,45.0,True,451.0,1.894738813285521e-11,0.0009499842105207418,0.0006781731333051409,0.0004850997516729761,2.136568976945684e-18,1.3017203568448274e-05,1.8947384541837344e-11,3.5262157051068435e-05,0.0,0.0012246415789509807,0.0,2.9472724567205116e-05,0.0,0.0001235240191783545,0.0,2.3251324088746967e-05,0.0,4.347308345560757e-05,0.0,2.974138728209904e-05,0.0,0.000550019210882264,0.0,3.0560604725886546e-05,0.0,0.00030097700755872493,0.0,1.3252297250649357e-05,0.0,0.0,6.96533033905863e-11,0.00472724475200821,0.0031648079554239907,0.0022890983887438503,7.96279958322608e-18,6.724764598802951e-05,6.96532978045585e-11,0.00017338223849077645,0.0,0.005626542828908164,0.0,0.00013057992986912996,0.0,0.0005256846640844765,0.0,0.00010818840478951076,0.0,0.0002585637775607079,0.0,0.00013096979672803818,0.0,0.00246228999311819,0.0,0.0001275943674193988,0.0,0.00260043425380059,0.0,6.187405530949059e-05,0.0,0.0
GenerativeAdversarialNetwork,0.0001,8.0,45.0,True,452.0,1.5876129401841914e-12,0.0009500328099952554,0.0006781731333051409,0.00048508304309330863,1.9689324380666256e-20,1.296237728626259e-05,1.5876129401841914e-12,3.5248262521552265e-05,0.0,0.001223433720541966,0.0,2.9610618045227226e-05,0.0,0.0001223673516849302,0.0,2.326996058145302e-05,0.0,4.363796018525918e-05,0.0,2.979715116261793e-05,0.0,0.0005466141148076225,0.0,3.06168380331479e-05,0.0,0.0002973370073297917,0.0,1.324579430959938e-05,0.0,0.0,1.263066241394395e-11,0.00472491942111801,0.0031648079554239907,0.002289048343334558,1.0296808358551577e-18,6.700505110077888e-05,1.2630661017437001e-11,0.0001734288749080034,0.0,0.005626728867600887,0.0,0.00013082780225097008,0.0,0.0005212266865016529,0.0,0.000109824205532014,0.0,0.0002550963523252955,0.0,0.00013100210600679025,0.0,0.002471005954082657,0.0,0.00012727352386375642,0.0,0.002609410188482992,0.0,6.186620642741521e-05,0.0,0.0
GenerativeAdversarialNetwork,0.0001,8.0,45.0,True,453.0,1.7640136132286295e-12,0.0009489778399146149,0.0006781731333051409,0.0004850519153307069,2.303102257551357e-20,1.2963731594966107e-05,1.7640136132286295e-12,3.521064562456948e-05,0.0,0.001223767671381305,0.0,2.9544913363103276e-05,0.0,0.00012308832087285434,0.0,2.3288192915305937e-05,0.0,4.2759951435009426e-05,0.0,2.996532141037707e-05,0.0,0.0005435663252827935,0.0,3.0580923121894465e-05,0.0,0.00029757050571415944,0.0,1.3270534605109146e-05,0.0,0.0,1.3041380693735595e-11,0.0047361299676715206,0.0031648079554239907,0.002288931570712875,1.0356483561042296e-18,6.701126577531766e-05,1.3041380693735595e-11,0.00017308401611616027,0.0,0.005626864484030521,0.0,0.00013075812292173973,0.0,0.0005180083636967641,0.0,0.00010891680447560436,0.0,0.0002589634145205876,0.0,0.00013043667019913032,0.0,0.002458283361398949,0.0,0.00012709453420818977,0.0,0.002625866693520696,0.0,6.189722122636231e-05,0.0,0.0
GenerativeAdversarialNetwork,0.0001,8.0,45.0,True,454.0,1.694876344691905e-12,0.0009511118789888778,0.0006781731333051409,0.00048505850236692195,2.2625931494291102e-20,1.2961601602500982e-05,1.694876344691905e-12,3.51781095817404e-05,0.0,0.0012248214044550804,0.0,2.9286015728573914e-05,0.0,0.00012248433182503014,0.0,2.32824819749899e-05,0.0,4.308390107276947e-05,0.0,2.969288821972284e-05,0.0,0.0005511239853830672,0.0,3.056543706000012e-05,0.0,0.00029910175064503346,0.0,1.3254275369756627e-05,0.0,0.0,1.2881772518002973e-11,0.004742804188398445,0.0031648079554239907,0.0022890738346291787,1.0338940256800617e-18,6.727392217085796e-05,1.2881771121496023e-11,0.0001730884442914207,0.0,0.005630635260383592,0.0,0.00012958505477920267,0.0,0.0005275601954580103,0.0,0.00010819747200552022,0.0,0.0002597573933736333,0.0,0.000130482849741132,0.0,0.0024877430507971804,0.0,0.00012638592073377572,0.0,0.002634253329450979,0.0,6.187656812322964e-05,0.0,0.0
GenerativeAdversarialNetwork,0.0001,8.0,45.0,True,455.0,1.6600926982286117e-12,0.0009518332397841379,0.0006781731333051409,0.00048506533039226684,1.9766463989380838e-20,1.2986023089474423e-05,1.6600926982286117e-12,3.5177406696778426e-05,0.0,0.0012255030983954207,0.0,2.9150502018208773e-05,0.0,0.00012556809901869843,0.0,2.3354231467786826e-05,0.0,4.329944074635878e-05,0.0,2.9569690058012858e-05,0.0,0.0005495179936570941,0.0,3.055589037603445e-05,0.0,0.0002987455486287325,0.0,1.3263035073595227e-05,0.0,0.0,1.3173543318395313e-11,0.004730430414091866,0.0031648079554239907,0.002289132876965985,1.037214318254062e-18,6.722265257025665e-05,1.3173540525381413e-11,0.00017331448038044215,0.0,0.005627714972028459,0.0,0.00013044523368091704,0.0,0.0005245944426494574,0.0,0.00010844946797913726,0.0,0.00025499593349372817,0.0,0.00013038073227090655,0.0,0.002500257964404124,0.0,0.000126512182302445,0.0,0.0026436494956226467,0.0,6.195375074942906e-05,0.0,0.0
GenerativeAdversarialNetwork,0.0001,8.0,45.0,True,456.0,2.0519185332588067e-12,0.0009504199991971656,0.0006781731333051409,0.00048504183395210943,2.9279981923817466e-20,1.294338935107555e-05,2.0519185332588067e-12,3.5135193434205016e-05,0.0,0.0012245323645315698,0.0,2.9254679610787055e-05,0.0,0.00012294892874368117,0.0,2.322120797842982e-05,0.0,4.3449918375503666e-05,0.0,2.968572381371758e-05,0.0,0.0005477640346054118,0.0,3.046148288442761e-05,0.0,0.000297704656329759,0.0,1.3260323945884755e-05,0.0,0.0,1.3849437320238463e-11,0.004721861215507459,0.0031648079554239907,0.002288739823695249,1.0536753581108933e-18,6.66949968293028e-05,1.3849435923731513e-11,0.00017260770612167862,0.0,0.0056299203184286785,0.0,0.00013005770977188207,0.0,0.0005241948291190765,0.0,0.00010793093802793971,0.0,0.00025604721510185383,0.0,0.00012959005697718207,0.0,0.0024571788011107055,0.0,0.00012697710556054266,0.0,0.0026081421840115915,0.0,6.191111491911067e-05,0.0,0.0
GenerativeAdversarialNetwork,0.0001,8.0,45.0,True,457.0,2.120811163703178e-12,0.0009518291429689309,0.0006781731333051409,0.00048503464444306984,3.454381375451748e-20,1.2945373745941409e-05,2.120811163703178e-12,3.5137927154646405e-05,0.0,0.0012242912926511628,0.0,2.9625536778545124e-05,0.0,0.00012142576698986989,0.0,2.3260218093819376e-05,0.0,4.3135096201035534e-05,0.0,2.9620513661370445e-05,0.0,0.0005474840855662714,0.0,3.051617988598636e-05,0.0,0.00029686970932464395,0.0,1.3253153264120904e-05,0.0,0.0,5.727693651305253e-12,0.004736286664159043,0.0031648079554239907,0.0022890303494795313,6.362777319633682e-20,6.712764009552182e-05,5.727693651305253e-12,0.00017319149894159545,0.0,0.005626572941837404,0.0,0.00012934128255964075,0.0,0.0005316618572241105,0.0,0.0001081047146200384,0.0,0.0002565203035402598,0.0,0.00013059848603212608,0.0,0.0024684227112704103,0.0,0.00012773034051529266,0.0,0.0026213511730889855,0.0,6.188534832787964e-05,0.0,0.0
GenerativeAdversarialNetwork,0.0001,8.0,45.0,True,458.0,2.2448307064667803e-12,0.0009505585679468119,0.0006781731333051409,0.0004850556506622191,3.657533812458498e-20,1.294346466017862e-05,2.2448307064667803e-12,3.518541707504149e-05,0.0,0.001224764679605433,0.0,2.928276739592822e-05,0.0,0.00012324676118449703,0.0,2.327743124447743e-05,0.0,4.346162141012053e-05,0.0,2.980040953647737e-05,0.0,0.0005472201221394089,0.0,3.0581708846869816e-05,0.0,0.00029844210314943463,0.0,1.3252126550015734e-05,0.0,0.0,6.3196526977263176e-12,0.004726304947955054,0.0031648079554239907,0.0022889495645679017,7.717131581833091e-20,6.678160982874204e-05,6.3196526977263176e-12,0.00017302956596110602,0.0,0.005627880822828532,0.0,0.00013009090937158598,0.0,0.000527648758963219,0.0,0.00010845127205053966,0.0,0.0002572220170272971,0.0,0.00012988786933557043,0.0,0.0024625718968469394,0.0,0.0001270785670048036,0.0,0.002623765910946348,0.0,6.185887885168663e-05,0.0,0.0
GenerativeAdversarialNetwork,0.0001,8.0,45.0,True,459.0,2.2585828086491655e-12,0.0009508448630330377,0.0006781731333051409,0.00048504034785247556,4.0120493765354934e-20,1.2918449486442653e-05,2.2585828086491655e-12,3.510607893495868e-05,0.0,0.001225215094406679,0.0,2.923867642638497e-05,0.0,0.00012357404450521957,0.0,2.3246777929225056e-05,0.0,4.31200343804218e-05,0.0,2.9552484438265108e-05,0.0,0.0005486383431683975,0.0,3.020950364616682e-05,0.0,0.0003036674102040314,0.0,1.325226085124954e-05,0.0,0.0,5.744952033310377e-12,0.004732649281339825,0.0031648079554239907,0.0022888442255416005,6.589755679718233e-20,6.684536149479309e-05,5.744952033310377e-12,0.0001725939061469252,0.0,0.005631281346354277,0.0,0.0001291592353544895,0.0,0.0005323677880209197,0.0,0.00010885075671867755,0.0,0.000255375327366703,0.0,0.0001293044279581346,0.0,0.0024517965766618836,0.0,0.00012564027693661505,0.0,0.0026297781077570886,0.0,6.19010753789038e-05,0.0,0.0
GenerativeAdversarialNetwork,0.0001,8.0,45.0,True,460.0,2.4487312447293963e-12,0.0009511097904164194,0.0006781731333051409,0.00048504018719305566,4.730041702312054e-20,1.2933463611291104e-05,2.4487312447293963e-12,3.512827503793644e-05,0.0,0.0012250554727524432,0.0,2.933524026864301e-05,0.0,0.00012293128633113562,0.0,2.3238654587307386e-05,0.0,4.2926921757726335e-05,0.0,2.9408920184781932e-05,0.0,0.0005459931259849322,0.0,3.0694675011776205e-05,0.0,0.0003009973912226222,0.0,1.325788016549018e-05,0.0,0.0,6.5044405920067425e-12,0.004739432214940869,0.0031648079554239907,0.0022890888295083677,8.158401224267394e-20,6.712035352141602e-05,6.5044405920067425e-12,0.00017324859663000647,0.0,0.005626498628384125,0.0,0.00012966507823212342,0.0,0.000524576964243403,0.0,0.00010894844601364255,0.0,0.000251329076365105,0.0,0.00013038349695175698,0.0,0.002466608518324558,0.0,0.00012685019968065826,0.0,0.0026531785539111253,0.0,6.188555333599354e-05,0.0,0.0
GenerativeAdversarialNetwork,0.0001,8.0,45.0,True,461.0,2.3858176590375887e-12,0.0009508930608590015,0.0006781731333051409,0.00048501930146847133,4.2555093660650973e-20,1.290298476212751e-05,2.3858176590375887e-12,3.510091775109504e-05,0.0,0.0012253007566703279,0.0,2.9387640342558168e-05,0.0,0.0001228935614911051,0.0,2.3238948292809356e-05,0.0,4.274603933336921e-05,0.0,2.960080024849051e-05,0.0,0.0005475217200353781,0.0,3.04358727687774e-05,0.0,0.0002996128885893809,0.0,1.3260095508272115e-05,0.0,0.0,6.4126237513632925e-12,0.004739960784432273,0.0031648079554239907,0.0022888843368434305,8.19145567368864e-20,6.687399234224415e-05,6.4126237513632925e-12,0.00017294684811583106,0.0,0.005627704217176438,0.0,0.0001297341601091361,0.0,0.0005293168455549756,0.0,0.00010813218570730221,0.0,0.0002568707619823,0.0,0.00012987296817437659,0.0,0.0024407813384098075,0.0,0.0001274434228738149,0.0,0.0026136091295278297,0.0,6.19392361749643e-05,0.0,0.0
GenerativeAdversarialNetwork,0.0001,8.0,45.0,True,462.0,2.8480467460292187e-12,0.0009511051312932428,0.0006781731333051409,0.00048502777625286994,6.833874143661782e-20,1.2941581932601902e-05,2.8480467460292187e-12,3.512148215683965e-05,0.0,0.0012248087848112151,0.0,2.950406821590228e-05,0.0,0.00012235325382083575,0.0,2.322532989667111e-05,0.0,4.302154513542864e-05,0.0,2.959599050710786e-05,0.0,0.0005524160486025952,0.0,3.056767374036126e-05,0.0,0.00029606052807399204,0.0,1.3260020199169045e-05,0.0,0.0,7.488681931729403e-12,0.004738863534147634,0.0031648079554239907,0.002288862781704597,1.0863762528501957e-19,6.669511983417115e-05,7.488681931729403e-12,0.0001727623056690648,0.0,0.005628978910806596,0.0,0.000130088191549733,0.0,0.0005274357848197409,0.0,0.00010754083687404416,0.0,0.00025755473933879684,0.0,0.00013003515887935206,0.0,0.002463717318180972,0.0,0.0001263288581896128,0.0,0.0026258138365715554,0.0,6.191667942505962e-05,0.0,0.0
GenerativeAdversarialNetwork,0.0001,8.0,45.0,True,463.0,2.9557952372007913e-12,0.0009508215674171551,0.0006781731333051409,0.00048496391413346775,6.819912851048077e-20,1.2827668128148565e-05,2.9557952372007913e-12,3.500166035325058e-05,0.0,0.0012255558735050334,0.0,2.9355633973754e-05,0.0,0.0001223755051504891,0.0,2.324596208060848e-05,0.0,4.27730150540884e-05,0.0,2.9590771586265203e-05,0.0,0.000545883877579414,0.0,3.0407400907210586e-05,0.0,0.0002956449222371906,0.0,1.325899222991216e-05,0.0,0.0,7.988967977722787e-12,0.004739413096469903,0.0031648079554239907,0.002288730077023776,1.2171570453226063e-19,6.662462632985985e-05,7.988967977722787e-12,0.00017257130839539773,0.0,0.005631850552635843,0.0,0.00012910988111540956,0.0,0.0005283902088801066,0.0,0.00010787603099766018,0.0,0.00025373102171615984,0.0,0.00012975980369549879,0.0,0.0024313077611743277,0.0,0.00012718280484466432,0.0,0.002617716039501646,0.0,6.190064779055194e-05,0.0,0.0
GenerativeAdversarialNetwork,0.0001,8.0,45.0,True,464.0,3.0120287815267783e-12,0.0009518807949724223,0.0006781731333051409,0.00048497451765517984,6.68048988660426e-20,1.2854493230661613e-05,3.0120287815267783e-12,3.503631760248277e-05,0.0,0.0012246481218912975,0.0,2.9628468812957928e-05,0.0,0.00012030875224951463,0.0,2.3200590856313063e-05,0.0,4.2793614604081104e-05,0.0,2.9662209801436113e-05,0.0,0.0005459483421716407,0.0,3.051661416848072e-05,0.0,0.00029595228378984805,0.0,1.3275087040389645e-05,0.0,0.0,7.903555517948434e-12,0.004748447136309162,0.0031648079554239907,0.002288969807654807,1.222380040591655e-19,6.714163922101447e-05,7.903555517948434e-12,0.0001728925033935211,0.0,0.0056293349093338805,0.0,0.00012877572960448715,0.0,0.0005290771617829425,0.0,0.00010833585833978353,0.0,0.0002531314139845986,0.0,0.0001293717643374917,0.0,0.0024485177588912674,0.0,0.00012727567937763983,0.0,0.002655806968796928,0.0,6.200466305017471e-05,0.0,0.0
GenerativeAdversarialNetwork,0.0001,8.0,45.0,True,465.0,3.105641230855428e-12,0.0009510164472934692,0.0006781731333051409,0.0004849909852457175,7.64477646604702e-20,1.2886106736978109e-05,3.105641230855428e-12,3.5032168070903684e-05,0.0,0.0012252826489243152,0.0,2.942206162326741e-05,0.0,0.00012170842715672084,0.0,2.3229454325215836e-05,0.0,4.2218574375476476e-05,0.0,2.9539822467735837e-05,0.0,0.0005489386959538627,0.0,3.042605246173725e-05,0.0,0.00029917523224720096,0.0,1.3264641667794025e-05,0.0,0.0,8.113701883666162e-12,0.004735665501288648,0.0031648079554239907,0.002288707209833013,1.2970468772181084e-19,6.652902811765671e-05,8.113701883666162e-12,0.00017249274928614778,0.0,0.005630908516967861,0.0,0.0001289072628103712,0.0,0.0005277561597854086,0.0,0.00010847518185399613,0.0,0.0002523394500684438,0.0,0.00013001994141992532,0.0,0.002463378808783285,0.0,0.0001268493796482026,0.0,0.0026134796112588367,0.0,6.19050349641896e-05,0.0,0.0
GenerativeAdversarialNetwork,0.0001,8.0,45.0,True,466.0,3.2353894945009474e-12,0.0009522076565621676,0.0006781731333051409,0.0004849298141715983,7.937958705820681e-20,1.2818987498868187e-05,3.2353894945009474e-12,3.495675353509075e-05,0.0,0.0012253713253949107,0.0,2.934630568618723e-05,0.0,0.00012071127438480964,0.0,2.331259055439674e-05,0.0,4.190517554305634e-05,0.0,2.9653614522472546e-05,0.0,0.0005421643308552127,0.0,3.0417919078605837e-05,0.0,0.0002960671552750621,0.0,1.3268990768496238e-05,0.0,0.0,8.048676330589907e-12,0.004741704688881928,0.0031648079554239907,0.0022887032736772263,1.2805480055536388e-19,6.680059358009003e-05,8.048676330589907e-12,0.0001724622557935475,0.0,0.005631009781013365,0.0,0.00012909657316012953,0.0,0.0005274736000306951,0.0,0.00010825244932429596,0.0,0.00025409446010049786,0.0,0.00012938081983875178,0.0,0.0024746412751059862,0.0,0.00012674380632691414,0.0,0.0026222729832871155,0.0,6.200274768865333e-05,0.0,0.0
GenerativeAdversarialNetwork,0.0001,8.0,45.0,True,467.0,2.8079886424444887e-12,0.0009523415661886374,0.0006781731333051409,0.00048494041769331033,6.230813547405453e-20,1.2766224686106581e-05,2.8079886424444887e-12,3.493311902824438e-05,0.0,0.001225308914850426,0.0,2.941645360539223e-05,0.0,0.00012072246029691876,0.0,2.3160526413480547e-05,0.0,4.275646211323391e-05,0.0,2.9479700700452708e-05,0.0,0.0005444004689908092,0.0,3.0194961458364264e-05,0.0,0.00029724288099216965,0.0,1.326338902637965e-05,0.0,0.0,7.64024622743455e-12,0.004745224736771494,0.0031648079554239907,0.0022887598793461636,1.077471315400466e-19,6.678201984496986e-05,7.64024622743455e-12,0.0001725551537560217,0.0,0.005633086817894068,0.0,0.0001296642816291665,0.0,0.0005249754531578448,0.0,0.00010818184452986568,0.0,0.00025559500234681855,0.0,0.00012899655263004064,0.0,0.0024678750233080404,0.0,0.00012671681554437433,0.0,0.0026061774799658816,0.0,6.19031898911644e-05,0.0,0.0
GenerativeAdversarialNetwork,0.0001,8.0,45.0,True,468.0,2.546825284359067e-12,0.0009516251858353936,0.0006781731333051409,0.0004849614239124596,5.93473862804493e-20,1.2820255202103176e-05,2.546825284359067e-12,3.496510029401419e-05,0.0,0.0012258486387892718,0.0,2.934188002123023e-05,0.0,0.00012205325247785152,0.0,2.3252290555569683e-05,0.0,4.277544000720721e-05,0.0,2.9375344876330496e-05,0.0,0.0005473265991699343,0.0,3.0315295363854204e-05,0.0,0.0002962040772656546,0.0,1.3259095152353019e-05,0.0,0.0,6.181886588932879e-12,0.004744790260146999,0.0031648079554239907,0.0022885598851449833,7.522963158661673e-20,6.650097129292458e-05,6.181886588932879e-12,0.00017209988345140182,0.0,0.0056356144097043145,0.0,0.0001289196218709526,0.0,0.0005270382799442459,0.0,0.00010835010347501286,0.0,0.00025533195936454915,0.0,0.0001279502849346437,0.0,0.0024716361138805653,0.0,0.0001265752193687847,0.0,0.002594161520963945,0.0,6.192089087745678e-05,0.0,0.0
GenerativeAdversarialNetwork,0.0001,8.0,45.0,True,469.0,2.412389844639503e-12,0.0009542988799010326,0.0006781731333051409,0.00048495487704109953,4.4656324161906763e-20,1.2859072024128186e-05,2.412389844639503e-12,3.498305147388232e-05,0.0,0.0012254214859163488,0.0,2.96417508284358e-05,0.0,0.000120208058958105,0.0,2.3204848330939875e-05,0.0,4.241174222484753e-05,0.0,2.9541755401381262e-05,0.0,0.0005463885891469662,0.0,3.030238236298137e-05,0.0,0.00029522682617938103,0.0,1.32728993109455e-05,0.0,0.0,6.229945280829656e-12,0.004742848798164031,0.0031648079554239907,0.002288628486717272,7.491691569592137e-20,6.682767222325008e-05,6.229945280829656e-12,0.0001722727931520474,0.0,0.005630182049893103,0.0,0.00012930511912834718,0.0,0.0005211329685067231,0.0,0.00010822071406826283,0.0,0.00025453643416458707,0.0,0.00012890411154279168,0.0,0.0024819722715413795,0.0,0.00012673855811919807,0.0,0.0026136992862389524,0.0,6.19604340139425e-05,0.0,0.0
GenerativeAdversarialNetwork,0.0001,8.0,45.0,True,470.0,2.639813495081418e-12,0.0009532104926610571,0.0006781731333051409,0.00048495351143603056,5.267995380769775e-20,1.2858367884014494e-05,2.639813495081418e-12,3.4985571818531684e-05,0.0,0.0012250890697801332,0.0,2.9534134120150718e-05,0.0,0.0001202866917029224,0.0,2.3276580251612752e-05,0.0,4.2152312405989816e-05,0.0,2.9560492306224742e-05,0.0,0.0005459461331046173,0.0,3.0417118291809874e-05,0.0,0.00029868504027472033,0.0,1.3256888595633108e-05,0.0,0.0,6.923153874082637e-12,0.004749169139742102,0.0031648079554239907,0.0022885636338647805,9.187176677126552e-20,6.657577582500266e-05,6.923153874082637e-12,0.0001723015880059896,0.0,0.005632603741547794,0.0,0.00012948895869015147,0.0,0.000521801177810573,0.0,0.00010858795974614486,0.0,0.0002505684376887555,0.0,0.00012999217746392737,0.0,0.0024310252951376095,0.0,0.0001265897456579988,0.0,0.0026108157709709505,0.0,6.191538494525466e-05,0.0,0.0
GenerativeAdversarialNetwork,0.0001,8.0,45.0,True,471.0,3.6910043754543625e-12,0.0009534466620082804,0.0006781731333051409,0.00048496511907911686,1.066572835514528e-19,1.2860707486816494e-05,3.6910043754543625e-12,3.497880153016582e-05,0.0,0.0012251352307642662,0.0,2.940166289754955e-05,0.0,0.00012035594595410432,0.0,2.3118087223597934e-05,0.0,4.243486714009648e-05,0.0,2.9472604072640204e-05,0.0,0.0005483400789553908,0.0,3.043211735483771e-05,0.0,0.00029739530661678057,0.0,1.3268230146555245e-05,0.0,0.0,9.03701921122241e-12,0.004754053721637846,0.0031648079554239907,0.0022885683197645273,1.536404645468739e-19,6.6604623395317e-05,9.03701921122241e-12,0.00017226296447732912,0.0,0.005633198926500673,0.0,0.0001295869525686,0.0,0.000517929640581023,0.0,0.0001081693097480438,0.0,0.000251315065524863,0.0,0.00012924379241541496,0.0,0.0024426213975222606,0.0,0.00012675174892698443,0.0,0.0026145148202308317,0.0,6.19660160920155e-05,0.0,0.0
GenerativeAdversarialNetwork,0.0001,8.0,45.0,True,472.0,4.863419340805321e-12,0.0009524556343767521,0.0006781731333051409,0.0004849312199415222,2.5152544196226834e-19,1.2805296303930309e-05,4.863419340805321e-12,3.4914781261647164e-05,0.0,0.001225923460215927,0.0,2.9489533559010035e-05,0.0,0.00012079513860198687,0.0,2.316216564162401e-05,0.0,4.256190857636639e-05,0.0,2.9491471513262336e-05,0.0,0.0005421580651378374,0.0,3.027416906266842e-05,0.0,0.0002975106801626817,0.0,1.3258669655920682e-05,0.0,0.0,1.0451932122027084e-11,0.0047513737618548315,0.0031648079554239907,0.002288475351513557,1.9389702469219955e-19,6.655860200243176e-05,1.0451932122027084e-11,0.0001718765066104865,0.0,0.005636016334357146,0.0,0.00012909920897873694,0.0,0.0005242038729055872,0.0,0.000107782910454948,0.0,0.00025323855708230214,0.0,0.0001298972059908153,0.0,0.002448251224913687,0.0,0.000125571183344853,0.0,0.00261522539006839,0.0,6.196468646796245e-05,0.0,0.0
GenerativeAdversarialNetwork,0.0001,8.0,45.0,True,473.0,5.056340491557968e-12,0.0009529370503284218,0.0006781731333051409,0.00048489270184560605,2.1684023829253511e-19,1.2779381186412673e-05,5.056340491557968e-12,3.4883470246894665e-05,0.0,0.0012259318773320017,0.0,2.937950946973019e-05,0.0,0.0001192718161887557,0.0,2.324749336570421e-05,0.0,4.2219051333129245e-05,0.0,2.958551501087101e-05,0.0,0.0005412570871111518,0.0,3.0488722187007533e-05,0.0,0.00029510010606195085,0.0,1.3259447849985723e-05,0.0,0.0,1.035968585549675e-11,0.004751243681277869,0.0031648079554239907,0.002288329713749436,1.943927712012021e-19,6.620807327189536e-05,1.035968585549675e-11,0.0001718148870288201,0.0,0.005635597910900588,0.0,0.00012938742695739434,0.0,0.0005225164804068751,0.0,0.0001080775481162581,0.0,0.0002500478576564189,0.0,0.00012939456123975838,0.0,0.002442269580169294,0.0,0.0001265174539396598,0.0,0.002590702952079053,0.0,6.193228932859013e-05,0.0,0.0
GenerativeAdversarialNetwork,0.0001,8.0,45.0,True,474.0,4.1088641922832946e-12,0.0009548521909430984,0.0006781731333051409,0.0004849063177314409,1.7471142580621093e-19,1.2796649563746311e-05,4.108863893031806e-12,3.486784862861479e-05,0.0,0.0012254991366386213,0.0,2.9487806470246328e-05,0.0,0.00011981754611444602,0.0,2.322486046992865e-05,0.0,4.260631584414253e-05,0.0,2.9355925168952532e-05,0.0,0.0005427749169804658,0.0,3.027071990574788e-05,0.0,0.0002971599807315117,0.0,1.3272551633919668e-05,0.0,0.0,6.443431392916429e-12,0.004758035611806426,0.0031648079554239907,0.002288481536901222,7.171408276890363e-20,6.653797818617251e-05,6.443431392916429e-12,0.00017211850990289413,0.0,0.005633790317618821,0.0,0.000129421130291321,0.0,0.0005174637215692292,0.0,0.00010891418037174633,0.0,0.00025021090353809813,0.0,0.00012827716158620966,0.0,0.002456054372607537,0.0,0.00012696232154684248,0.0,0.002626337157855244,0.0,6.196922007596718e-05,0.0,0.0
GenerativeAdversarialNetwork,0.0001,8.0,45.0,True,475.0,1.6875946582072137e-12,0.0009555840749303607,0.0006781731333051409,0.00048493375032738535,3.2081341662893886e-20,1.284276509301039e-05,1.6875946582072137e-12,3.4939723636583495e-05,0.0,0.001225821787169441,0.0,2.9708743296222224e-05,0.0,0.00011934046796711308,0.0,2.3182612063107143e-05,0.0,4.213741124479597e-05,0.0,2.9381231537887027e-05,0.0,0.0005462307412669344,0.0,3.049157891231727e-05,0.0,0.00029665565073008163,0.0,1.3257782263656189e-05,0.0,0.0,1.7626351112440107e-12,0.00475362036962929,0.0031648079554239907,0.002288474789205587,5.810458029664912e-21,6.64673499622435e-05,1.7626351112440107e-12,0.0001718917709289107,0.0,0.005633451027262786,0.0,0.00012896324759759244,0.0,0.0005205709885501261,0.0,0.0001082873358479086,0.0,0.0002509635293258811,0.0,0.00012947428010919558,0.0,0.0024524767818690845,0.0,0.00012557429946818442,0.0,0.0026348221976802036,0.0,6.18952824353422e-05,0.0,0.0
GenerativeAdversarialNetwork,0.0001,8.0,45.0,True,476.0,2.1967700195600755e-12,0.0009537624380980541,0.0006781731333051409,0.0004849290108744989,4.4354525866178523e-20,1.279769384997553e-05,2.1967700195600755e-12,3.4944259754891664e-05,0.0,0.0012250470177606293,0.0,2.9512327114205475e-05,0.0,0.0001180559256166782,0.0,2.3069668490931673e-05,0.0,4.252316455314102e-05,0.0,2.9595061694836682e-05,0.0,0.0005440725229499796,0.0,3.0500011021557523e-05,0.0,0.00029698401850188836,0.0,1.3264091911341624e-05,0.0,0.0,5.492892304525888e-12,0.004753303227934448,0.0031648079554239907,0.0022885062784518836,5.993315278199045e-20,6.645771458088977e-05,5.492892304525888e-12,0.0001721596286731696,0.0,0.005627327695545308,0.0,0.00012883174953595648,0.0,0.0005162808130372245,0.0,0.00010889154747597077,0.0,0.0002486264368273177,0.0,0.00012900094566105296,0.0,0.002460041698419823,0.0,0.00012743816295134947,0.0,0.0026115364623519608,0.0,6.190572027702751e-05,0.0,0.0
GenerativeAdversarialNetwork,0.0001,8.0,45.0,True,477.0,2.3082480820405168e-12,0.0009547709776063492,0.0006781731333051409,0.00048496058045050525,4.9272669777543537e-20,1.2844293867802684e-05,2.3082480820405168e-12,3.4998374366053354e-05,0.0,0.0012251805527012587,0.0,2.942129347041611e-05,0.0,0.00012044834520296266,0.0,2.3151090182866047e-05,0.0,4.266776305163967e-05,0.0,2.971640976291461e-05,0.0,0.0005439501808017412,0.0,3.0340697124319257e-05,0.0,0.0002977856889246609,0.0,1.326513117696397e-05,0.0,0.0,5.615703918653669e-12,0.004756096024183357,0.0031648079554239907,0.0022884545461186825,6.011081452990672e-20,6.63892184413454e-05,5.615703918653669e-12,0.00017220947493172293,0.0,0.005630169977526517,0.0,0.00012909177011288938,0.0,0.0005205145703171784,0.0,0.00010903025010846696,0.0,0.00024832002584289456,0.0,0.00013002859861970697,0.0,0.002454197256820007,0.0,0.0001273482991089611,0.0,0.0025964428043965273,0.0,6.195373317730502e-05,0.0,0.0
GenerativeAdversarialNetwork,0.0001,8.0,45.0,True,478.0,2.242224824499547e-12,0.0009547334636318074,0.0006781731333051409,0.0004849260386752311,4.415353212531483e-20,1.2836687648392752e-05,2.242224824499547e-12,3.494996567460083e-05,0.0,0.0012256623740023779,0.0,2.923277219270439e-05,0.0,0.00012075035478869538,0.0,2.3080666130283128e-05,0.0,4.2411074484133655e-05,0.0,2.966622879723654e-05,0.0,0.000544571812262111,0.0,3.067716564531275e-05,0.0,0.00029301442547307184,0.0,1.3263351371828116e-05,0.0,0.0,5.808955692426543e-12,0.004748016783276444,0.0031648079554239907,0.0022883823832625864,6.151799441888553e-20,6.634633660129032e-05,5.808955692426543e-12,0.0001721031870107231,0.0,0.005631639223936975,0.0,0.0001288103701183631,0.0,0.000520538515264883,0.0,0.0001087196686732694,0.0,0.00024789471015240414,0.0,0.00012982443396775229,0.0,0.00244784636317559,0.0,0.00012783334830646995,0.0,0.002601313516029022,0.0,6.193074298167378e-05,0.0,0.0
GenerativeAdversarialNetwork,0.0001,8.0,45.0,True,479.0,2.266900354163436e-12,0.0009537842074494478,0.0006781731333051409,0.0004849246329053072,4.332639164551389e-20,1.2819267397701258e-05,2.266900354163436e-12,3.4902415506923294e-05,0.0,0.0012252678604999366,0.0,2.9448153717177255e-05,0.0,0.00012177601456642151,0.0,2.325890771542598e-05,0.0,4.286582599271019e-05,0.0,2.9428558288558795e-05,0.0,0.0005456797597864567,0.0,3.020673478147733e-05,0.0,0.00029697391704086346,0.0,1.3279191386506885e-05,0.0,0.0,6.049924363020373e-12,0.004751867093380142,0.0031648079554239907,0.0022883793842867484,7.042515329076338e-20,6.632790930053723e-05,6.049924363020373e-12,0.0001719077264175475,0.0,0.005635211218576275,0.0,0.0001293921597161383,0.0,0.0005181643104403274,0.0,0.00010886585703061062,0.0,0.00024895466067506084,0.0,0.00012838075511485526,0.0,0.0024520614237155554,0.0,0.00012652819636482863,0.0,0.002613039698990636,0.0,6.199086893279598e-05,0.0,0.0
GenerativeAdversarialNetwork,0.0001,8.0,45.0,True,480.0,2.423911775099242e-12,0.0009558967181614467,0.0006781731333051409,0.0004848907337677125,4.9345854080579764e-20,1.2785756101987432e-05,2.423911775099242e-12,3.488540318054009e-05,0.0,0.0012259257522303107,0.0,2.9626636291449926e-05,0.0,0.00011714570967334943,0.0,2.3162502022284382e-05,0.0,4.249407515692904e-05,0.0,2.9599796127116264e-05,0.0,0.0005464016828896865,0.0,3.048221297019897e-05,0.0,0.00029042443496519023,0.0,1.3271624076800205e-05,0.0,0.0,6.2770669165635105e-12,0.004756618595723086,0.0031648079554239907,0.0022883767601828905,7.063920578323818e-20,6.640606425093406e-05,6.2770669165635105e-12,0.0001720752239039859,0.0,0.005633077532659469,0.0,0.0001294991856663482,0.0,0.0005187679011866732,0.0,0.00010828995995176663,0.0,0.0002470562855402629,0.0,0.00012835748962261391,0.0,0.0024736731682183607,0.0,0.00012827381116789092,0.0,0.0025998395194047653,0.0,6.191679657255329e-05,0.0,0.0
GenerativeAdversarialNetwork,0.0001,8.0,45.0,True,481.0,2.206290855312087e-12,0.0009554413290357975,0.0006781731333051409,0.0004848613732587295,4.182444123526741e-20,1.2732959400129446e-05,2.206290855312087e-12,3.4830133829798016e-05,0.0,0.001225238415667048,0.0,2.9343240605692335e-05,0.0,0.00011907869352484649,0.0,2.3209979391162287e-05,0.0,4.210586175121708e-05,0.0,2.961083895192956e-05,0.0,0.0005405475749481077,0.0,3.047228220980765e-05,0.0,0.00029267780382356877,0.0,1.3272507703609544e-05,0.0,0.0,5.7163089775285224e-12,0.0047593529119431596,0.0031648079554239907,0.002288259987561208,6.180909956577872e-20,6.626348403639763e-05,5.7163089775285224e-12,0.00017169770439090967,0.0,0.005634981115192391,0.0,0.00012919969809880045,0.0,0.0005178248638626914,0.0,0.00010848590084966624,0.0,0.000246309165684682,0.0,0.00012975610183469903,0.0,0.0024228251580172364,0.0,0.0001262506973818413,0.0,0.0026164410998986204,0.0,6.20289184387375e-05,0.0,0.0
GenerativeAdversarialNetwork,0.0001,8.0,45.0,True,482.0,2.2419747998803895e-12,0.0009553569025106507,0.0006781731333051409,0.00048489410761553,4.266883433927302e-20,1.2777793419489642e-05,2.2419747998803895e-12,3.4843910375052705e-05,0.0,0.0012259178676386313,0.0,2.9240827756429296e-05,0.0,0.00012076860971527922,0.0,2.3172583400881838e-05,0.0,4.223742173367112e-05,0.0,2.9429253642610464e-05,0.0,0.0005419410945912899,0.0,3.0381655235174853e-05,0.0,0.00029635057857415746,0.0,1.3260037771293095e-05,0.0,0.0,5.656286410597829e-12,0.004753234626362159,0.0031648079554239907,0.0022881443395554642,5.888028712444899e-20,6.597148219369492e-05,5.656286410597829e-12,0.0001713349923210324,0.0,0.005640918556384191,0.0,0.000128918227815778,0.0,0.0005208136244389996,0.0,0.00010856458882115922,0.0,0.000246996985478971,0.0,0.00012982100154618797,0.0,0.0024366283191824857,0.0,0.00012504071606405127,0.0,0.0026040656386681323,0.0,6.190723147969575e-05,0.0,0.0
GenerativeAdversarialNetwork,0.0001,8.0,45.0,True,483.0,2.2309764099008614e-12,0.0009561279873963636,0.0006781731333051409,0.0004848926616807511,4.171964570116709e-20,1.279593412726716e-05,2.2309764099008614e-12,3.486165822034255e-05,0.0,0.0012252635375656366,0.0,2.9406126217058085e-05,0.0,0.00011816841733423526,0.0,2.3119096365579053e-05,0.0,4.1935311735800975e-05,0.0,2.9541383876472792e-05,0.0,0.0005420151987487094,0.0,3.0383417468186658e-05,0.0,0.0002985788644806073,0.0,1.3279522746560387e-05,0.0,0.0,5.943696967167984e-12,0.004761247889800642,0.0031648079554239907,0.0022882541770455223,6.630552851816602e-20,6.635675687085158e-05,5.943696967167984e-12,0.0001716509039671916,0.0,0.005635732710687709,0.0,0.00012931563897327806,0.0,0.0005148184843033365,0.0,0.00010742537630429058,0.0,0.0002464672679421287,0.0,0.00013007412213574416,0.0,0.0024581995775114817,0.0,0.0001267709142569476,0.0,0.002598066937248662,0.0,6.197025683128609e-05,0.0,0.0
GenerativeAdversarialNetwork,0.0001,8.0,45.0,True,484.0,2.3062496805961915e-12,0.0009561750606063884,0.0006781731333051409,0.0004848837049180928,5.05866071626306e-20,1.2789298140135093e-05,2.3062496805961915e-12,3.4835164477883e-05,0.0,0.0012244971329326093,0.0,2.94546403412549e-05,0.0,0.00011941091712273035,0.0,2.318891292473055e-05,0.0,4.170653774249907e-05,0.0,2.9489034008626348e-05,0.0,0.0005437585944435346,0.0,3.034947314513019e-05,0.0,0.00029601893736667066,0.0,1.3268566527215618e-05,0.0,0.0,6.042645070547596e-12,0.004764321090290381,0.0031648079554239907,0.0022881134126171375,6.825988578115177e-20,6.605691200344818e-05,6.042645070547596e-12,0.00017139180885545862,0.0,0.005637870697854404,0.0,0.00012947596703310433,0.0,0.0005134599013898358,0.0,0.00010805191624464478,0.0,0.00024522002200660464,0.0,0.0001288820058107376,0.0,0.002426243803036288,0.0,0.00012644881722312303,0.0,0.002604445196547598,0.0,6.192719341261582e-05,0.0,0.0
GenerativeAdversarialNetwork,0.0001,8.0,45.0,True,485.0,2.0936642656164133e-12,0.0009564211105079342,0.0006781731333051409,0.00048490338569702804,3.900590467829582e-20,1.2821171462857177e-05,2.0936642656164133e-12,3.490223727537936e-05,0.0,0.0012250812628718001,0.0,2.9741324524513154e-05,0.0,0.00011819356053344644,0.0,2.3241872796311854e-05,0.0,4.185490420645459e-05,0.0,2.9502938579356254e-05,0.0,0.0005436687456629668,0.0,3.0412055009780225e-05,0.0,0.0002972351693400154,0.0,1.3288901240195869e-05,0.0,0.0,5.819279719175345e-12,0.004765609525284677,0.0031648079554239907,0.002288011072566674,6.15214279987867e-20,6.593885075933529e-05,5.819279719175345e-12,0.0001712854857902107,0.0,0.005635942975870696,0.0,0.00012904479396793077,0.0,0.0005160242600261041,0.0,0.00010841995852548371,0.0,0.00024439115662994626,0.0,0.00012959583234861962,0.0,0.002434973259392025,0.0,0.00012655723722850752,0.0,0.0025801040091604555,0.0,6.200876906982758e-05,0.0,0.0
GenerativeAdversarialNetwork,0.0001,8.0,45.0,True,486.0,2.133539676167037e-12,0.0009563072029792395,0.0006781731333051409,0.0004848789654652063,4.757296300176874e-20,1.2793814176015777e-05,2.133539676167037e-12,3.48296744442693e-05,0.0,0.0012254979000422084,0.0,2.9538366491743174e-05,0.0,0.0001173756233444111,0.0,2.3205192242510558e-05,0.0,4.147693032845654e-05,0.0,2.948655633913539e-05,0.0,0.0005437798416518137,0.0,3.0339911399343906e-05,0.0,0.0002942224236511477,0.0,1.3269376100073607e-05,0.0,0.0,5.318628486614741e-12,0.004759251321636656,0.0031648079554239907,0.0022881407782716573,5.396153304661235e-20,6.623786973690837e-05,5.318628486614741e-12,0.00017167878507068322,0.0,0.00563571308594308,0.0,0.00012957387890830729,0.0,0.0005133991721291212,0.0,0.00010807211247255218,0.0,0.0002442924012927889,0.0,0.00012969653233417175,0.0,0.002437586491962649,0.0,0.0001280839502249124,0.0,0.00257046473850994,0.0,6.191950267965688e-05,0.0,0.0
GenerativeAdversarialNetwork,0.0001,8.0,45.0,True,487.0,2.2821267188069575e-12,0.0009560037173350866,0.0006781731333051409,0.00048483486445444933,4.6137062183075546e-20,1.268757562431685e-05,2.2821267188069575e-12,3.4711567177926756e-05,0.0,0.0012266873309036519,0.0,2.9243581559298173e-05,0.0,0.00011929766227292886,0.0,2.3214091268189832e-05,0.0,4.137073947252289e-05,0.0,2.9205788941074897e-05,0.0,0.0005475083049738183,0.0,3.020178697340572e-05,0.0,0.00029747975322435487,0.0,1.3267469524614252e-05,0.0,0.0,5.924945370107412e-12,0.004763987829100411,0.0031648079554239907,0.0022880577441281493,6.701914607668497e-20,6.581497899953674e-05,5.924945370107412e-12,0.000171307439230523,0.0,0.005639163692203499,0.0,0.00012877121942598115,0.0,0.0005126335429695417,0.0,0.00010821092053779266,0.0,0.00024467181859526245,0.0,0.0001280160515375857,0.0,0.0024760519183656703,0.0,0.00012696762832830537,0.0,0.0026064395154797057,0.0,6.192404800241099e-05,0.0,0.0
GenerativeAdversarialNetwork,0.0001,8.0,45.0,True,488.0,2.167777637539925e-12,0.0009569773937492679,0.0006781731333051409,0.0004848430580848632,4.224269139998121e-20,1.2707140929294082e-05,2.167777637539925e-12,3.47465030708403e-05,0.0,0.0012260676256446426,0.0,2.956160437064672e-05,0.0,0.00011732085856465959,0.0,2.3109562233130565e-05,0.0,4.172640930449545e-05,0.0,2.93498201109971e-05,0.0,0.0005442408538571587,0.0,3.0201945122522163e-05,0.0,0.00029713120261292574,0.0,1.3264911525413354e-05,0.0,0.0,5.561332666219707e-12,0.00476580595820205,0.0031648079554239907,0.0022882163149755704,6.101277955318584e-20,6.63542850587353e-05,5.561332666219707e-12,0.00017159073701444663,0.0,0.0056345640374198536,0.0,0.00012860697863986657,0.0,0.000515728439175108,0.0,0.00010899292691698615,0.0,0.00024509005857713565,0.0,0.0001284022516799423,0.0,0.002455888866628491,0.0,0.0001272487354540975,0.0,0.0026067266674161707,0.0,6.194296146526276e-05,0.0,0.0
GenerativeAdversarialNetwork,0.0001,8.0,45.0,True,489.0,2.2877391804853525e-12,0.0009569426913145739,0.0006781731333051409,0.0004848345431356096,4.8437092501414027e-20,1.2715134990584817e-05,2.2877391804853525e-12,3.474071180081432e-05,0.0,0.0012256641314143367,0.0,2.948558736200924e-05,0.0,0.00011716650502701012,0.0,2.312261330069236e-05,0.0,4.1673876184498205e-05,0.0,2.943795686462176e-05,0.0,0.0005408556393857272,0.0,3.02634274742674e-05,0.0,0.000294653633534105,0.0,1.3272477579968317e-05,0.0,0.0,5.6967145885241006e-12,0.0047582192990764886,0.0031648079554239907,0.0022879409715064664,6.362306502995719e-20,6.58979428545484e-05,5.6967145885241006e-12,0.00017104231102286644,0.0,0.0056396503926519695,0.0,0.00012851539272932137,0.0,0.0005128573415414343,0.0,0.00010770846322272559,0.0,0.000245496466662149,0.0,0.00012832445402940115,0.0,0.0024253647282438456,0.0,0.00012693642023599373,0.0,0.0025955980303902296,0.0,6.195403776078854e-05,0.0,0.0
GenerativeAdversarialNetwork,0.0001,8.0,45.0,True,490.0,2.1564003951751744e-12,0.0009554463898075237,0.0006781731333051409,0.00048485478622251445,4.716327449083446e-20,1.273300960619816e-05,2.1564003951751744e-12,3.477259014414327e-05,0.0,0.0012262674550973193,0.0,2.9402134834595445e-05,0.0,0.00011776534293218443,0.0,2.3193326038170376e-05,0.0,4.176341117713651e-05,0.0,2.9405932923693542e-05,0.0,0.0005438616976262424,0.0,3.0228802858979876e-05,0.0,0.00029547351871860635,0.0,1.3264203619844508e-05,0.0,0.0,5.234691087305494e-12,0.004764230746143269,0.0031648079554239907,0.0022879600899774325,5.339706291564865e-20,6.585271220724537e-05,5.234691087305494e-12,0.0001710854447300329,0.0,0.005638731320728637,0.0,0.00012919169692498334,0.0,0.0005108859835180847,0.0,0.00010782459153319305,0.0,0.00024473676516574886,0.0,0.0001275278627872467,0.0,0.002462545468372369,0.0,0.00012691673945705847,0.0,0.002584736302213849,0.0,6.193346080352676e-05,0.0,0.0
GenerativeAdversarialNetwork,0.0001,8.0,45.0,True,491.0,2.091955689239298e-12,0.0009573716519656528,0.0006781731333051409,0.00048486868326233403,4.0432427810583626e-20,1.2759656477167278e-05,2.091955689239298e-12,3.476929160542886e-05,0.0,0.0012262460516576025,0.0,2.9602419394206486e-05,0.0,0.0001175069122140941,0.0,2.3070147958887876e-05,0.0,4.1513171579156604e-05,0.0,2.9154526034616073e-05,0.0,0.000545818328536103,0.0,3.0272675432124226e-05,0.0,0.00029887540160485033,0.0,1.3265569224913486e-05,0.0,0.0,5.3250709222982025e-12,0.004768192768096924,0.0031648079554239907,0.0022879673999810367,5.328993002033856e-20,6.586872041225433e-05,5.3250709222982025e-12,0.00017111064315591967,0.0,0.00564029541044945,0.0,0.0001288099601021353,0.0,0.0005148189528933111,0.0,0.00010815118703077424,0.0,0.0002448061164819969,0.0,0.00012833114315128927,0.0,0.0024532640130264954,0.0,0.00012646831056606844,0.0,0.0025923270849311877,0.0,6.195316501196076e-05,0.0,0.0
GenerativeAdversarialNetwork,0.0001,8.0,45.0,True,492.0,2.11558787858638e-12,0.0009572346094804954,0.0006781731333051409,0.00048484498599790177,4.32576665371545e-20,1.2749455859156632e-05,2.11558787858638e-12,3.479967882851706e-05,0.0,0.0012255671439056468,0.0,2.9455842776600564e-05,0.0,0.00011656619106341565,0.0,2.3147432670760348e-05,0.0,4.123989743685144e-05,0.0,2.9611900810282827e-05,0.0,0.0005443003380073691,0.0,3.055915879110763e-05,0.0,0.00029482525795939156,0.0,1.326491403571679e-05,0.0,0.0,5.141966866271793e-12,0.004765341116947198,0.0031648079554239907,0.0022880547451523117,5.164867362518861e-20,6.61238207944534e-05,5.141966866271793e-12,0.00017127884352732004,0.0,0.005635508151452412,0.0,0.00012921782081607003,0.0,0.0005114439804598971,0.0,0.00010816204660343674,0.0,0.00024052418815264913,0.0,0.00012826529454510168,0.0,0.0024209678547937167,0.0,0.00012711319580393019,0.0,0.002605915069580078,0.0,6.192206235239341e-05,0.0,0.0
GenerativeAdversarialNetwork,0.0001,8.0,45.0,True,493.0,2.0681378143432194e-12,0.000958233348764178,0.0006781731333051409,0.00048479421762121974,3.562981048530873e-20,1.2649912286720507e-05,2.0681378143432194e-12,3.466431824666149e-05,0.0,0.0012265841266215997,0.0,2.9237825433520293e-05,0.0,0.00011877448491330417,0.0,2.3204604831506622e-05,0.0,4.1190446969473136e-05,0.0,2.9440007782528663e-05,0.0,0.0005380345403023486,0.0,3.0152703010329016e-05,0.0,0.0002940198923699618,0.0,1.3273228160695567e-05,0.0,0.0,5.425198026669687e-12,0.004770191585492788,0.0031648079554239907,0.0022879342238108316,5.60786159849443e-20,6.584793258950395e-05,5.425198026669687e-12,0.0001709384949139829,0.0,0.005638210751183545,0.0,0.0001280041142079815,0.0,0.0005173238943207938,0.0,0.00010785502645204652,0.0,0.00024454126942832517,0.0,0.00012861531954141533,0.0,0.0024513407323345448,0.0,0.00012639156724297026,0.0,0.0025781544874299246,0.0,6.198230545100926e-05,0.0,0.0
GenerativeAdversarialNetwork,0.0001,8.0,45.0,True,494.0,1.8465723110522647e-12,0.0009583031552821157,0.0006781731333051409,0.00048477566145822365,3.006539994862459e-20,1.2662073451714375e-05,1.8465723110522647e-12,3.463329842710752e-05,0.0,0.0012268130867923058,0.0,2.914864188336298e-05,0.0,0.00011905033713723772,0.0,2.3225814385234185e-05,0.0,4.08150185391588e-05,0.0,2.9415597591920683e-05,0.0,0.0005365724190868779,0.0,3.0236125414101582e-05,0.0,0.00029365786644969027,0.0,1.3274259895407608e-05,0.0,0.0,4.699997903097374e-12,0.004774526605066264,0.0031648079554239907,0.00228782982196448,4.285216706801955e-20,6.590200787257848e-05,4.699997903097374e-12,0.000170975923538208,0.0,0.0056389317526622405,0.0,0.00012867965694493468,0.0,0.0005127693872031925,0.0,0.00010884168950266808,0.0,0.0002419075126168113,0.0,0.00012843719677730177,0.0,0.0024362586954104824,0.0,0.00012723446688936942,0.0,0.0025721317942037523,0.0,6.202610689888961e-05,0.0,0.0
GenerativeAdversarialNetwork,0.0001,8.0,45.0,True,495.0,1.853680730924757e-12,0.0009583711142167248,0.0006781731333051409,0.00048479863575526645,2.9036688262249314e-20,1.2655438719734027e-05,1.853680730924757e-12,3.466174016503311e-05,0.0,0.0012262608145934889,0.0,2.911856091729393e-05,0.0,0.0001191079335392646,0.0,2.3147859422344404e-05,0.0,4.091409017454903e-05,0.0,2.947948230405381e-05,0.0,0.0005390650098214574,0.0,3.0093628039578542e-05,0.0,0.00029565795573262835,0.0,1.3271984305343216e-05,0.0,0.0,4.692864196474052e-12,0.004770858857616689,0.0031648079554239907,0.0022878731196781374,4.125667352984018e-20,6.57540388733336e-05,4.692864196474052e-12,0.0001707928220056138,0.0,0.00563763926824955,0.0,0.00012808452424763132,0.0,0.0005126073487899588,0.0,0.00010768358109507171,0.0,0.0002470689374695784,0.0,0.00012726460893948874,0.0,0.002484093297202632,0.0,0.00012670431590680055,0.0,0.002579728200000787,0.0,6.199403777249954e-05,0.0,0.0
GenerativeAdversarialNetwork,0.0001,8.0,45.0,True,496.0,1.9453906889113434e-12,0.0009586641569985855,0.0006781731333051409,0.0004847195109909757,3.122320309129693e-20,1.2594895221473715e-05,1.9453906889113434e-12,3.450549385859317e-05,0.0,0.001227509224908876,0.0,2.8973513074480297e-05,0.0,0.00011781261696648405,0.0,2.3177094416155648e-05,0.0,4.0413560772520515e-05,0.0,2.920964476715201e-05,0.0,0.0005362325842489772,0.0,3.0235688621303786e-05,0.0,0.00029512362258453574,0.0,1.3272117351425304e-05,0.0,0.0,4.783013258693402e-12,0.004776513801430756,0.0031648079554239907,0.002287767780651836,4.47159636611121e-20,6.584519133815225e-05,4.783013258693402e-12,0.00017060749467064,0.0,0.005641993815513359,0.0,0.0001282086654466653,0.0,0.0005140898737517542,0.0,0.0001080381748436382,0.0,0.0002411121279938416,0.0,0.00012842433398249764,0.0,0.0024584415573743906,0.0,0.0001259084626938562,0.0,0.0025825924093618334,0.0,6.196448145984853e-05,0.0,0.0
GenerativeAdversarialNetwork,0.0001,8.0,45.0,True,497.0,1.749257073423022e-12,0.0009584530505208635,0.0006781731333051409,0.0004847463009492406,2.462094174874733e-20,1.2583972891225326e-05,1.749257073423022e-12,3.4586561597743126e-05,0.0,0.0012272895909200916,0.0,2.9094411798243254e-05,0.0,0.0001184621127949892,0.0,2.317079355453224e-05,0.0,4.088526184989436e-05,0.0,2.928950254004599e-05,0.0,0.000539987476045552,0.0,3.0364356734199986e-05,0.0,0.00029269105822570885,0.0,1.327672375822967e-05,0.0,0.0,4.4031748896895165e-12,0.004772906408369916,0.0031648079554239907,0.0022878571876189992,3.7019898652690785e-20,6.569767921413266e-05,4.4031748896895165e-12,0.0001709953583074066,0.0,0.005638002427627855,0.0,0.00012805679543588148,0.0,0.0005117672138244101,0.0,0.00010824048856519303,0.0,0.00024338237613252123,0.0,0.00012928395057624242,0.0,0.0024461493177234,0.0,0.00012668031238534914,0.0,0.0025783168069971434,0.0,6.200326899500013e-05,0.0,0.0
GenerativeAdversarialNetwork,0.0001,8.0,45.0,True,498.0,1.858463218598085e-12,0.0009583016290176268,0.0006781731333051409,0.00048477325156692547,3.3297328377709576e-20,1.2632797037896441e-05,1.858463218598085e-12,3.4608140166075725e-05,0.0,0.0012267012678032004,0.0,2.8994883287627743e-05,0.0,0.00011844513310255066,0.0,2.3124804795591657e-05,0.0,4.095006784338836e-05,0.0,2.929465117239245e-05,0.0,0.0005374483744089173,0.0,3.0209902784413085e-05,0.0,0.0002963760631746359,0.0,1.3276050996908923e-05,0.0,0.0,4.322870503208649e-12,0.004773142202845159,0.0031648079554239907,0.0022880198820581974,3.649796849574499e-20,6.593378413023438e-05,4.322870503208649e-12,0.00017097341658184364,0.0,0.005638740038414428,0.0,0.00012789527247161986,0.0,0.0005146972600768947,0.0,0.00010808797424319405,0.0,0.00024345840485590807,0.0,0.0001269642544804879,0.0,0.0024682746368384213,0.0,0.0001260691539109128,0.0,0.0026153545334654032,0.0,6.200125405810914e-05,0.0,0.0
GenerativeAdversarialNetwork,0.0001,8.0,45.0,True,499.0,1.6515345545170909e-12,0.0009586104164226357,0.0006781731333051409,0.0004847713236538869,2.6247352741618982e-20,1.2654616595358862e-05,1.6515345545170909e-12,3.462971120349802e-05,0.0,0.0012270999844547856,0.0,2.9098789767434977e-05,0.0,0.00011807226267143723,0.0,2.3158400186470578e-05,0.0,4.0853867995128474e-05,0.0,2.9393353793177644e-05,0.0,0.0005374650829885847,0.0,3.0305349541642272e-05,0.0,0.00029403824770868304,0.0,1.3285098130490901e-05,0.0,0.0,4.106283796567884e-12,0.004776900669313826,0.0031648079554239907,0.002287884553273519,3.200585232780929e-20,6.562038529781426e-05,4.106283796567884e-12,0.00017102154077224013,0.0,0.0056394921720430815,0.0,0.0001280546633514968,0.0,0.000512438843835075,0.0,0.00010748779248891387,0.0,0.0002455667551583464,0.0,0.00012793189277813868,0.0,0.002458601065401761,0.0,0.00012757186338586626,0.0,0.002576258197520514,0.0,6.19940553446236e-05,0.0,0.0
