Model Name,Learning Rate,Down Scale Factor,Batch Size,Noise,Epoch,train ANN BCE Loss,train ANN BCELogits Loss,train ANN MSE Loss,train ANN MAE Loss,test ANN BCE Loss,test ANN BCELogits Loss,test ANN MSE Loss,test ANN MAE Loss
NeuralNetwork,0.0001,8.0,45.0,1.0,0.0,0.00021842300811546512,0.0005210034770143,4.5332781508605116e-05,0.00010421888204919038,0.0010461214953248607,0.0024609713809295272,0.00021818716008708162,0.0005096016252565684
NeuralNetwork,0.0001,8.0,45.0,True,1.0,0.00019292177938708076,0.0005121366836311361,3.697871760216685e-05,8.317578654244262e-05,0.0009324473779906267,0.002416494132587745,0.0001792949302204,0.0004115970629566121
NeuralNetwork,0.0001,8.0,45.0,True,2.0,0.00018531427470178937,0.0005099220738578036,3.446914717514881e-05,7.808285280861302e-05,0.0008943195238053424,0.0024053951104482016,0.00016610882004851815,0.000386250468919862
NeuralNetwork,0.0001,8.0,45.0,True,3.0,0.00017991543539129499,0.0005084548918706066,3.291048219984754e-05,7.450198026680239e-05,0.0008680975099779525,0.0023983077807996256,0.00015818926289021593,0.00036928819129302065
NeuralNetwork,0.0001,8.0,45.0,True,4.0,0.00017574646402240764,0.0005072728803536962,3.175528323393305e-05,7.145508943060337e-05,0.0008492201754132157,0.002392748241904397,0.00015290076815107332,0.00035443484970608597
NeuralNetwork,0.0001,8.0,45.0,True,5.0,0.00017269520023762376,0.000506377927055256,3.088682869855927e-05,6.907772664432577e-05,0.0008346720499062688,0.0023880482844586643,0.000148649274740579,0.0003419386328391309
NeuralNetwork,0.0001,8.0,45.0,True,6.0,0.00017035828848090777,0.0005056972532580805,3.0195112076570404e-05,6.725102904029291e-05,0.0008228700490867566,0.0023843396759632997,0.00014507504613519464,0.00033217574815330264
NeuralNetwork,0.0001,8.0,45.0,True,7.0,0.00016822845667520303,0.0005051237392939647,2.9537352329155185e-05,6.574528879232484e-05,0.0008128220742603518,0.0023813620678283885,0.00014196529562743204,0.0003243179628684086
NeuralNetwork,0.0001,8.0,45.0,True,8.0,0.00016630072437849328,0.0005045906311739487,2.8928322592032244e-05,6.43658720338441e-05,0.0008036527056364144,0.0023786120069851664,0.00013906957359059052,0.00031717262178097133
NeuralNetwork,0.0001,8.0,45.0,True,9.0,0.00016460548634477702,0.0005040708176209278,2.8381550890416148e-05,6.299631072665161e-05,0.0007948330925695551,0.002375899433339917,0.00013623602172863558,0.00031016919316735657
NeuralNetwork,0.0001,8.0,45.0,True,10.0,0.00016297825745173862,0.0005035451399990812,2.785508001268392e-05,6.164976388135688e-05,0.0007858259497948413,0.0023731714899434984,0.00013326348608019967,0.000303747776731755
NeuralNetwork,0.0001,8.0,45.0,True,11.0,0.00016115406010992764,0.000503001589016773,2.7266313444893314e-05,6.0440003470269174e-05,0.0007765598642001362,0.002370478222205204,0.00013015801145595574,0.0002982359637254439
NeuralNetwork,0.0001,8.0,45.0,True,12.0,0.0001592230443363241,0.0005024218896649918,2.663320236691246e-05,5.925278558403334e-05,0.0007674871188289715,0.002367830313976456,0.0001271415923563939,0.00029279153395748737
NeuralNetwork,0.0001,8.0,45.0,True,13.0,0.0001572765751347709,0.0005018629153783752,2.5990629955282752e-05,5.8082236112610025e-05,0.000758547453010607,0.002365337977619291,0.00012422990311616622,0.0002875013874386841
NeuralNetwork,0.0001,8.0,45.0,True,14.0,0.00015520736213642952,0.0005013087207095,2.529967144493144e-05,5.69619881014297e-05,0.0007497088620497745,0.0023629567908041134,0.00012135776286979892,0.0002825318267510372
NeuralNetwork,0.0001,8.0,45.0,True,15.0,0.00015321972395853213,0.0005007937671039303,2.4618658756792063e-05,5.6069580250673215e-05,0.0007414257376448913,0.0023607143066214317,0.00011867288289205083,0.0002779987576247761
NeuralNetwork,0.0001,8.0,45.0,True,16.0,0.00015154249986226988,0.0005003102224149473,2.4030015193869805e-05,5.522017389776893e-05,0.0007337776932326502,0.002358534613495353,0.00011629461304946515,0.0002729378453215713
NeuralNetwork,0.0001,8.0,45.0,True,17.0,0.0001499961730283547,0.000499826798220529,2.349145218448819e-05,5.423683281536051e-05,0.0007263000281351917,0.0023563920326952663,0.00011405761136948688,0.0002674835283051497
NeuralNetwork,0.0001,8.0,45.0,True,18.0,0.0001485604602050267,0.0004993813699789124,2.2990415701165675e-05,5.328256104673658e-05,0.0007190620468097663,0.002354419081466003,0.00011189946166749271,0.0002624650233946506
NeuralNetwork,0.0001,8.0,45.0,True,19.0,0.00014721761856760298,0.0004989597996611479,2.251975137911074e-05,5.2362108085997344e-05,0.000712137224164399,0.0023525904559489317,0.00010983604914362325,0.00025800252391857174
NeuralNetwork,0.0001,8.0,45.0,True,20.0,0.00014600349524914415,0.0004985558215498603,2.2093037449606665e-05,5.145901638381886e-05,0.0007057368942776566,0.002350831369184098,0.00010793002427748914,0.00025364726125819126
NeuralNetwork,0.0001,8.0,45.0,True,21.0,0.0001448757464512982,0.000498187309005511,2.1696813665631647e-05,5.0652732023331676e-05,0.0006997775544160567,0.002349242849170037,0.00010615815672109711,0.0002497874622075063
NeuralNetwork,0.0001,8.0,45.0,True,22.0,0.0001438383484947071,0.0004978283958614997,2.133414761798401e-05,4.988203372434786e-05,0.0006941715782543399,0.0023476766340387693,0.00010448384959742707,0.0002460022626807855
NeuralNetwork,0.0001,8.0,45.0,True,23.0,0.0001428489274573776,0.0004974959915217685,2.0987659220827236e-05,4.916374051988607e-05,0.0006889199966904502,0.002346233939224819,0.00010290369391441345,0.00024249573361198858
NeuralNetwork,0.0001,8.0,45.0,True,24.0,0.00014187545186747117,0.0004971762792762077,2.065713760867273e-05,4.847814652797668e-05,0.0006836628857648597,0.0023448465380278773,0.0001013115071838007,0.00023913060156804212
NeuralNetwork,0.0001,8.0,45.0,True,25.0,0.00014094698099755855,0.0004968750830287882,2.0341559832870478e-05,4.784670480178052e-05,0.0006786030043595992,0.002343498873260786,9.97718611040955e-05,0.00023593711403180968
NeuralNetwork,0.0001,8.0,45.0,True,26.0,0.000140022406118578,0.0004965856952487298,2.003607096657599e-05,4.725015629333949e-05,0.0006738534700945489,0.002342257672135935,9.831519059415134e-05,0.00023302269525497964
NeuralNetwork,0.0001,8.0,45.0,True,27.0,0.00013909866466033812,0.0004963000428001836,1.9724428091409072e-05,4.666495937703434e-05,0.0006692618506509553,0.0023411075649021557,9.687820086314243e-05,0.00023049186423139753
NeuralNetwork,0.0001,8.0,45.0,True,28.0,0.00013821447554302987,0.0004960327456903586,1.9429250296476396e-05,4.610630138865057e-05,0.0006648697568185675,0.002339988759478683,9.550556025040225e-05,0.00022805777360808174
NeuralNetwork,0.0001,8.0,45.0,True,29.0,0.00013738649714025204,0.0004957753291348563,1.9146542433860168e-05,4.5585172436629345e-05,0.0006608777919655326,0.0023389574866624747,9.424953411022823e-05,0.00022585190973191892
NeuralNetwork,0.0001,8.0,45.0,True,30.0,0.00013659315088367205,0.0004955240979670193,1.887789603593857e-05,4.507614816777468e-05,0.0006570876019555817,0.0023379584528365224,9.306032890043919e-05,0.00022376982389755968
NeuralNetwork,0.0001,8.0,45.0,True,31.0,0.00013586199990501302,0.0004952975280201339,1.8635230023423937e-05,4.460574240697362e-05,0.0006533921139795075,0.002336993907232704,9.190519603918183e-05,0.0002216695802016828
NeuralNetwork,0.0001,8.0,45.0,True,32.0,0.00013516450707481878,0.0004950844534645183,1.839652275942728e-05,4.416095680303651e-05,0.0006499448849720025,0.002336139011682954,9.082796626120994e-05,0.00021985594956380018
NeuralNetwork,0.0001,8.0,45.0,True,33.0,0.0001344754890290232,0.0004948699329741238,1.8158120497298047e-05,4.3728777942953083e-05,0.0006467184555605523,0.002335306795887977,8.981101472610198e-05,0.0002181751641837306
NeuralNetwork,0.0001,8.0,45.0,True,34.0,0.0001338328613907179,0.0004946687070507245,1.7937927976290812e-05,4.3319257081679576e-05,0.0006436111885796552,0.0023344897624081786,8.883091779250019e-05,0.00021643767941672846
NeuralNetwork,0.0001,8.0,45.0,True,35.0,0.00013319151902777164,0.0004944737468447004,1.772346773317882e-05,4.29012463741868e-05,0.0006406678812308881,0.0023337154643340683,8.790377152603378e-05,0.00021473470630135926
NeuralNetwork,0.0001,8.0,45.0,True,36.0,0.00013260711034674528,0.0004942920008759614,1.753140943792631e-05,4.2509377966672584e-05,0.0006378121064893854,0.002332940603951988,8.700112665786683e-05,0.00021300359435801237
NeuralNetwork,0.0001,8.0,45.0,True,37.0,0.000132031939582362,0.000494109531939833,1.733946034087325e-05,4.2115835186766804e-05,0.0006349528173230729,0.0023321728661375224,8.610115275255539e-05,0.00021129764569630412
NeuralNetwork,0.0001,8.0,45.0,True,38.0,0.0001314751241567,0.0004939403575706996,1.7152976174399538e-05,4.174846734078425e-05,0.0006322702802951981,0.002331489661954484,8.524399039880284e-05,0.00020977212760433462
NeuralNetwork,0.0001,8.0,45.0,True,39.0,0.00013093307935645317,0.0004937704602341768,1.6968258006392785e-05,4.138706648606817e-05,0.0006296062057123245,0.0023307873393004796,8.439204110851828e-05,0.000208224374918068
NeuralNetwork,0.0001,8.0,45.0,True,40.0,0.00013039561334967292,0.0004936021694918527,1.679338901391569e-05,4.1025364394939815e-05,0.0006270725865783932,0.002330089515110232,8.359495198951577e-05,0.0002066348005765639
NeuralNetwork,0.0001,8.0,45.0,True,41.0,0.00012990106349042806,0.0004934515111208605,1.6632051812108314e-05,4.0691712434401086e-05,0.0006246310922334779,0.0023294496086408508,8.281370121165642e-05,0.00020516879341137483
NeuralNetwork,0.0001,8.0,45.0,True,42.0,0.0001293924559319437,0.0004932957116484321,1.6463591624302362e-05,4.034467051533676e-05,0.000622342123925311,0.0023287980811400985,8.209480218729882e-05,0.00020362368825846498
NeuralNetwork,0.0001,8.0,45.0,True,43.0,0.0001289167534308935,0.0004931534878969835,1.630255565890726e-05,4.0031482548405216e-05,0.0006200931732009792,0.00232819509956072,8.136529545739013e-05,0.0002022542340575524
NeuralNetwork,0.0001,8.0,45.0,True,44.0,0.00012843743609289597,0.0004929997769970135,1.6144286047898215e-05,3.970388041914634e-05,0.0006179403302804479,0.002327576935666162,8.067736437298217e-05,0.0002008633887242971
NeuralNetwork,0.0001,8.0,45.0,True,45.0,0.0001279946286080661,0.0004928622123687415,1.5993869921187505e-05,3.938789848449095e-05,0.0006158121351925832,0.0023269983207654652,7.998962658193876e-05,0.00019956764372639686
NeuralNetwork,0.0001,8.0,45.0,True,46.0,0.00012756823850770523,0.0004927285437314016,1.585396192465831e-05,3.909171280272887e-05,0.0006137088222323724,0.0023264225174046164,7.931736397480815e-05,0.0001982785058471392
NeuralNetwork,0.0001,8.0,45.0,True,47.0,0.0001271456640685665,0.0004925963611936955,1.571518481982686e-05,3.88059925759899e-05,0.000611645573714994,0.0023258410909640713,7.864720416518878e-05,0.00019702362189502837
NeuralNetwork,0.0001,8.0,45.0,True,48.0,0.00012672457572906166,0.0004924638573371497,1.557724615634291e-05,3.8513461896030086e-05,0.0006096673742780145,0.002325280657354391,7.80067353878381e-05,0.0001957694173983808
NeuralNetwork,0.0001,8.0,45.0,True,49.0,0.00012633069907879894,0.0004923414348592013,1.5447290257784235e-05,3.8240280634952044e-05,0.0006077058566441326,0.0023247547119668445,7.736640718747985e-05,0.00019461920473185724
NeuralNetwork,0.0001,8.0,45.0,True,50.0,0.00012594348979446123,0.0004922153573794506,1.531898362858276e-05,3.795838862095239e-05,0.0006058678124685708,0.002324223705807572,7.677305513208018e-05,0.00019342830674078478
NeuralNetwork,0.0001,8.0,45.0,True,51.0,0.00012555779673339865,0.0004920961480898999,1.5192136740829103e-05,3.770046498415605e-05,0.0006040971515313635,0.002323719690430839,7.619069736896072e-05,0.0001923305410071739
NeuralNetwork,0.0001,8.0,45.0,True,52.0,0.0001251884708507363,0.0004919781839108531,1.5065680205259682e-05,3.7446075854597065e-05,0.000602362056573232,0.002323225609161569,7.5619527191486e-05,0.00019128241066662771
NeuralNetwork,0.0001,8.0,45.0,True,53.0,0.00012481839187704328,0.0004918697789672892,1.4944062279562424e-05,3.720465997319337e-05,0.0006005718554340818,0.0023227474599514368,7.50294786954076e-05,0.00019027981555686806
NeuralNetwork,0.0001,8.0,45.0,True,54.0,0.0001244477104305257,0.0004917570763842437,1.4822433057499703e-05,3.695586379968895e-05,0.0005989814142011246,0.0023222801820287167,7.450844178784569e-05,0.00018922316859353264
NeuralNetwork,0.0001,8.0,45.0,True,55.0,0.00012407250039661027,0.0004916485911109698,1.4700597990555261e-05,3.670866668947302e-05,0.0005973947685469622,0.0023218277115491953,7.397856610188694e-05,0.00018823020300775205
NeuralNetwork,0.0001,8.0,45.0,True,56.0,0.00012371880868374498,0.0004915394632000165,1.458408978750121e-05,3.646676631950625e-05,0.0005957464095931383,0.002321357434650637,7.343469129043556e-05,0.0001871958257829618
NeuralNetwork,0.0001,8.0,45.0,True,57.0,0.0001233914048684575,0.000491439934689401,1.4477357961177183e-05,3.624497348005881e-05,0.0005941062041048734,0.002320891468779846,7.290048700458599e-05,0.00018620826069663904
NeuralNetwork,0.0001,8.0,45.0,True,58.0,0.00012304994335393058,0.0004913320920538067,1.4366497940853278e-05,3.6016616197127214e-05,0.0005924522220713537,0.0023204213793172777,7.234843529807697e-05,0.0001852502870672154
NeuralNetwork,0.0001,8.0,45.0,True,59.0,0.00012272585313917813,0.0004912355759073139,1.4261967650642292e-05,3.5797767943609754e-05,0.0005909229318300883,0.0023199634731940503,7.184362331838727e-05,0.00018428120785539255
NeuralNetwork,0.0001,8.0,45.0,True,60.0,0.0001224216947337045,0.0004911401040470504,1.4163342849263605e-05,3.560105554578761e-05,0.0005893238216826001,0.0023195126896384376,7.132213539297475e-05,0.00018337053838390975
NeuralNetwork,0.0001,8.0,45.0,True,61.0,0.0001221208700111934,0.0004910493314748183,1.4065373237081615e-05,3.540658986954034e-05,0.0005878857190504014,0.002319088709429375,7.083755478544056e-05,0.00018252249596253882
NeuralNetwork,0.0001,8.0,45.0,True,62.0,0.00012181883030181946,0.00049095341780115,1.3968666307527742e-05,3.519836019955556e-05,0.0005864930227867462,0.002318670539735998,7.037924450336013e-05,0.00018166700296057096
NeuralNetwork,0.0001,8.0,45.0,True,63.0,0.00012149919838596869,0.0004908565803358176,1.3864479928887436e-05,3.49909714812217e-05,0.0005851002328050961,0.0023182551815824686,6.99245072198364e-05,0.00018075244419229856
NeuralNetwork,0.0001,8.0,45.0,True,64.0,0.00012118043001449976,0.0004907627552346078,1.3761961646880102e-05,3.4805191454861686e-05,0.0005837305911681937,0.0023178319511173657,6.946161647075378e-05,0.00017992512516255648
NeuralNetwork,0.0001,8.0,45.0,True,65.0,0.00012088889341470045,0.0004906730671134599,1.3663943083781117e-05,3.461966245884523e-05,0.0005822831635954995,0.0023174152809119076,6.897734044670308e-05,0.00017907728189192477
NeuralNetwork,0.0001,8.0,45.0,True,66.0,0.0001206045061590858,0.0004905854273999155,1.3571351796709945e-05,3.444201832592005e-05,0.0005809103824057669,0.0023169969237825405,6.851494171709385e-05,0.00017822478786579468
NeuralNetwork,0.0001,8.0,45.0,True,67.0,0.0001203218158685936,0.0004905003984019442,1.3477624597334155e-05,3.426231574417767e-05,0.0005795950034879288,0.0023165976851241394,6.807604277471326e-05,0.00017741852024066374
NeuralNetwork,0.0001,8.0,45.0,True,68.0,0.00012003620358490237,0.0004904143251177436,1.3384201144674075e-05,3.408519375436711e-05,0.0005782762507222733,0.0023161991962096975,6.763194834098876e-05,0.00017659240783010638
NeuralNetwork,0.0001,8.0,45.0,True,69.0,0.00011975507972375401,0.000490326886228474,1.3290421228926138e-05,3.3905275286529264e-05,0.0005770409069721054,0.002315817951406323,6.721691820044188e-05,0.0001758258063463295
NeuralNetwork,0.0001,8.0,45.0,True,70.0,0.00011949302412750265,0.0004902481631127329,1.3203104089373206e-05,3.374171646618136e-05,0.0005757289487610822,0.002315442329682644,6.678224242520782e-05,0.00017504717381495348
NeuralNetwork,0.0001,8.0,45.0,True,71.0,0.00011922189127402807,0.0004901675924136633,1.3117210291868271e-05,3.357685981895724e-05,0.000574582262234118,0.00231508732591785,6.640100933658252e-05,0.00017434619835712624
NeuralNetwork,0.0001,8.0,45.0,True,72.0,0.00011895753623982967,0.000490083728196486,1.3028117112634638e-05,3.3410748020015314e-05,0.000573418472173079,0.002314730072921177,6.601118933667176e-05,0.00017361778695628328
NeuralNetwork,0.0001,8.0,45.0,True,73.0,0.00011869626385825021,0.000490003518981111,1.2941816645973134e-05,3.324563532184076e-05,0.0005722416084517473,0.0023143610114571434,6.561384261029321e-05,0.00017286762126586723
NeuralNetwork,0.0001,8.0,45.0,True,74.0,0.00011843534291915173,0.0004899253983381945,1.285876576710904e-05,3.308251078398722e-05,0.0005710734136449466,0.0023140075071802677,6.522811105791127e-05,0.0001721456412624263
NeuralNetwork,0.0001,8.0,45.0,True,75.0,0.00011817461276311438,0.0004898509326970802,1.2773633846696817e-05,3.2929701082950655e-05,0.0005699029227472701,0.002313652128543494,6.483468291519573e-05,0.00017142322781325887
NeuralNetwork,0.0001,8.0,45.0,True,76.0,0.0001179194353982766,0.0004897760654074163,1.268951357856915e-05,3.276995541352146e-05,0.0005687940045722626,0.0023133239281252493,6.44676129585542e-05,0.0001707657257903297
NeuralNetwork,0.0001,8.0,45.0,True,77.0,0.00011767069445144777,0.0004896990292155839,1.2609638233551118e-05,3.2612295806247266e-05,0.0005677548594444803,0.0023129962900149746,6.413102477976361e-05,0.00017006627324992005
NeuralNetwork,0.0001,8.0,45.0,True,78.0,0.0001174304082065901,0.0004896258086849737,1.2528531584697914e-05,3.246323147793664e-05,0.0005666302903643194,0.002312645972149927,6.374754245925999e-05,0.0001693855643084964
NeuralNetwork,0.0001,8.0,45.0,True,79.0,0.000117200394123391,0.0004895580907394943,1.245221710510331e-05,3.2325691952698955e-05,0.0005655648573389593,0.002312331641994932,6.339851907401715e-05,0.00016872632850266104
NeuralNetwork,0.0001,8.0,45.0,True,80.0,0.00011695060889033294,0.00048948370542809,1.2369049497129461e-05,3.2177285323888465e-05,0.000564480961868598,0.002311992195417296,6.303229257932999e-05,0.00016802852774191202
NeuralNetwork,0.0001,8.0,45.0,True,81.0,0.00011673470271244204,0.0004894159473177558,1.2295255362184222e-05,3.203469255783487e-05,0.0005635097622871399,0.0023116833009060073,6.271458271914308e-05,0.00016735393389965753
NeuralNetwork,0.0001,8.0,45.0,True,82.0,0.00011649700710072994,0.0004893467031077876,1.2217884044843222e-05,3.1894738120692114e-05,0.0005624680867734945,0.0023113438543283715,6.235980739196141e-05,0.00016668252646923065
NeuralNetwork,0.0001,8.0,45.0,True,83.0,0.00011629309013204754,0.0004892818770318661,1.2149509655015488e-05,3.17603465159627e-05,0.0005614631487138616,0.002311031773405255,6.202857871100587e-05,0.00016602296265041304
NeuralNetwork,0.0001,8.0,45.0,True,84.0,0.0001160815016760659,0.0004892080941932863,1.2078525804766426e-05,3.161506270462612e-05,0.0005604548368064112,0.002310693826315538,6.169549324227578e-05,0.0001652956524360105
NeuralNetwork,0.0001,8.0,45.0,True,85.0,0.0001158530238985694,0.0004891391713021579,1.200146827535488e-05,3.148024183800921e-05,0.0005594072102000879,0.0023103615023055166,6.134015560712455e-05,0.00016461509578632858
NeuralNetwork,0.0001,8.0,45.0,True,86.0,0.00011564607448333679,0.0004890755100070306,1.193434150633465e-05,3.134825259366768e-05,0.0005584553633845828,0.0023100638539536194,6.1019019182748014e-05,0.00016401421114708642
NeuralNetwork,0.0001,8.0,45.0,True,87.0,0.00011544334237787601,0.0004890101216231395,1.1866713931779014e-05,3.1217724345925684e-05,0.000557445505130216,0.002309751585594513,6.0693823597716085e-05,0.00016337030994817146
NeuralNetwork,0.0001,8.0,45.0,True,88.0,0.00011523583065467382,0.0004889423233479502,1.1799250782098411e-05,3.1075784258765355e-05,0.0005564579048996451,0.002309425634408147,6.0373331484554696e-05,0.0001626594472418791
NeuralNetwork,0.0001,8.0,45.0,True,89.0,0.00011504121184991697,0.0004888807907901363,1.1733814702442071e-05,3.0954187670647295e-05,0.0005555690834357303,0.0023091379201637123,6.007536097704989e-05,0.00016206785239888437
NeuralNetwork,0.0001,8.0,45.0,True,90.0,0.00011486113272265925,0.0004888217082884755,1.167574134276241e-05,3.082722907439075e-05,0.000554660440615888,0.0023088603274627304,5.977747833016533e-05,0.00016145312092589133
NeuralNetwork,0.0001,8.0,45.0,True,91.0,0.00011464837948588348,0.0004887538698484313,1.1604013187544687e-05,3.069418048199939e-05,0.000553781178387456,0.0023085688644984984,5.9484767745125966e-05,0.00016086014374247138
NeuralNetwork,0.0001,8.0,45.0,True,92.0,0.0001144508186055001,0.0004886907306964186,1.1538229430862514e-05,3.056733484939745e-05,0.0005528713172336795,0.0023082747774304086,5.918254478360122e-05,0.00016022858988938842
NeuralNetwork,0.0001,8.0,45.0,True,93.0,0.00011425145030664305,0.0004886268284121614,1.1472505921462797e-05,3.0434527246135908e-05,0.0005520194675187644,0.002307993248573639,5.8898526542591596e-05,0.0001596087507856717
NeuralNetwork,0.0001,8.0,45.0,True,94.0,0.00011406783667214798,0.0004885665811297065,1.1414025892626564e-05,3.0321872358855532e-05,0.000551118884446486,0.002307706096637174,5.8601844657517076e-05,0.0001590429166765333
NeuralNetwork,0.0001,8.0,45.0,True,95.0,0.0001138747943379487,0.0004885076994523205,1.1348665122073294e-05,3.0195212488707827e-05,0.0005502543828022555,0.002307442936507411,5.831749254615052e-05,0.00015847998782523773
NeuralNetwork,0.0001,8.0,45.0,True,96.0,0.00011368992555173581,0.0004884485767858047,1.1287263100038e-05,3.007636217254834e-05,0.0005494550620234988,0.002307184649713384,5.805212418613194e-05,0.00015794928624944868
NeuralNetwork,0.0001,8.0,45.0,True,97.0,0.00011351968681394572,0.0004883889721410293,1.1227893168633838e-05,2.9957750335215237e-05,0.0005485904198022758,0.0023069100559882398,5.777180780592205e-05,0.00015736121754601317
NeuralNetwork,0.0001,8.0,45.0,True,98.0,0.00011335094421700325,0.0004883372799726831,1.117482911945996e-05,2.9852523435800866e-05,0.0005477493007977804,0.002306661140993706,5.749994361737989e-05,0.00015681281498393173
NeuralNetwork,0.0001,8.0,45.0,True,99.0,0.0001131606230517282,0.0004882768720308083,1.111344090409356e-05,2.9732121752118166e-05,0.0005468859706284865,0.0023063773629050585,5.7210776744023806e-05,0.00015622526172946833
NeuralNetwork,0.0001,8.0,45.0,True,100.0,0.0001129772403651492,0.00048822361343311814,1.1052681519737783e-05,2.9619775632160372e-05,0.0005460806518980542,0.0023061432553537235,5.694974869864542e-05,0.00015572842749409706
NeuralNetwork,0.0001,8.0,45.0,True,101.0,0.00011280500342582435,0.0004881707966488327,1.0996779572529934e-05,2.9505529212501813e-05,0.0005453524162184518,0.0023059228306296486,5.671643189289285e-05,0.0001552276571029387
NeuralNetwork,0.0001,8.0,45.0,True,102.0,0.00011263410196792726,0.00048811605195150866,1.0939250948695802e-05,2.9398489874006925e-05,0.0005445085325331058,0.0023056585458839465,5.6439536219497894e-05,0.00015465921060469164
NeuralNetwork,0.0001,8.0,45.0,True,103.0,0.00011247463745248286,0.0004880638376400477,1.088769684703845e-05,2.9288124383459836e-05,0.0005438009616713854,0.0023054073816575343,5.6203964324492326e-05,0.00015416060744216607
NeuralNetwork,0.0001,8.0,45.0,True,104.0,0.00011230967035190757,0.0004880133504173505,1.0833498140711668e-05,2.9180073392680393e-05,0.0005430222119925157,0.00230517289923422,5.595933107085198e-05,0.0001536368409980018
NeuralNetwork,0.0001,8.0,45.0,True,105.0,0.0001121396726032473,0.0004879593688522709,1.0777395369228969e-05,2.90668888313751e-05,0.0005422132851192786,0.002304921360135828,5.569609479521805e-05,0.00015307824660397177
NeuralNetwork,0.0001,8.0,45.0,True,106.0,0.0001119827585560935,0.0004879087209701538,1.0724288644896685e-05,2.8954005506482085e-05,0.0005414837842467446,0.002304700185667794,5.546361559404517e-05,0.00015256494143099154
NeuralNetwork,0.0001,8.0,45.0,True,107.0,0.00011182167740523654,0.00048785803292318174,1.0671706573982444e-05,2.8853937280627917e-05,0.0005407718554982599,0.0023044640163205703,5.5228043699039606e-05,0.0001520653542295192
NeuralNetwork,0.0001,8.0,45.0,True,108.0,0.00011165981303970768,0.000487808308832729,1.0617778980426711e-05,2.8749179807956006e-05,0.0005400537413621099,0.002304245653392384,5.499788987561592e-05,0.00015157618144023344
NeuralNetwork,0.0001,8.0,45.0,True,109.0,0.00011151055039742566,0.00048776051265531474,1.0568053634822208e-05,2.8640825070460853e-05,0.000539406196876142,0.0023040310391839944,5.47879381374743e-05,0.00015111726784856064
NeuralNetwork,0.0001,8.0,45.0,True,110.0,0.00011134698906677431,0.0004877127164779005,1.051438648524792e-05,2.8541286518631598e-05,0.0005386858803671111,0.0023038119265118484,5.455621453763554e-05,0.00015062605669288515
NeuralNetwork,0.0001,8.0,45.0,True,111.0,0.00011119380030991897,0.00048766720969721955,1.0463617480990057e-05,2.844274204696285e-05,0.000537960596804349,0.002303583816912189,5.4318598418865565e-05,0.00015015187878278816
NeuralNetwork,0.0001,8.0,45.0,True,112.0,0.00011103671556213153,0.0004876165618151025,1.0412898055225048e-05,2.8338682438646045e-05,0.0005373165198841935,0.00230336901526781,5.410990601628082e-05,0.00014971215395057725
NeuralNetwork,0.0001,8.0,45.0,True,113.0,0.00011088681028216997,0.0004875714968478262,1.036323797750987e-05,2.8235963332363857e-05,0.0005365712743885113,0.002303144841823938,5.387484371287268e-05,0.00014918559939606385
NeuralNetwork,0.0001,8.0,45.0,True,114.0,0.00011073427420420788,0.00048752141127367867,1.0314155269584887e-05,2.813742639160542e-05,0.0005359113591272126,0.002302925541715802,5.365054726413211e-05,0.00014872810328906438
NeuralNetwork,0.0001,8.0,45.0,True,115.0,0.00011059002212758335,0.00048747614548212757,1.0264630120679375e-05,2.8038969780556916e-05,0.0005352346683448215,0.002302711489815382,5.343613806385664e-05,0.00014828443058631705
NeuralNetwork,0.0001,8.0,45.0,True,116.0,0.00011044656330684445,0.000487434133043829,1.0215623349433317e-05,2.794706004086852e-05,0.0005346353886262426,0.0023025223669016137,5.32412866376481e-05,0.00014788077546740478
NeuralNetwork,0.0001,8.0,45.0,True,117.0,0.00011030178908710531,0.00048738862626314806,1.0168626076087476e-05,2.784435348610351e-05,0.0005339748173389795,0.0023023115014130214,5.3018636111193484e-05,0.00014744074605171036
NeuralNetwork,0.0001,8.0,45.0,True,118.0,0.00011015268710424316,0.0004873441637686963,1.0119700889703076e-05,2.7745279340409846e-05,0.0005332874895641639,0.0023021019479763584,5.2797631507024824e-05,0.00014699245773771273
NeuralNetwork,0.0001,8.0,45.0,True,119.0,0.000110013606252696,0.000487300504571344,1.0074888207922085e-05,2.7653962032332253e-05,0.000532669981695571,0.0023019186355782754,5.260426785398579e-05,0.00014658447987628433
NeuralNetwork,0.0001,8.0,45.0,True,120.0,0.00010987318991972109,0.00048725953641927465,1.0028663480458555e-05,2.756478852338868e-05,0.0005320722014649109,0.002301728388048568,5.2404636810035824e-05,0.00014618387059220727
NeuralNetwork,0.0001,8.0,45.0,True,121.0,0.00010973449063429613,0.0004872174034864112,9.981841928353206e-06,2.7471362560425165e-05,0.0005314202990921789,0.002301519959227844,5.21922601187754e-05,0.00014574359516677618
NeuralNetwork,0.0001,8.0,45.0,True,122.0,0.00010958952563149589,0.00048717012945211156,9.934012489418457e-06,2.7378895533374058e-05,0.0005308783279274994,0.0023013276499022476,5.20109568002089e-05,0.00014534173240451692
NeuralNetwork,0.0001,8.0,45.0,True,123.0,0.0001094646932622493,0.0004871301654214165,9.895658190801458e-06,2.7281925021959443e-05,0.0005302962923199875,0.0023011364651925907,5.1824293983807354e-05,0.0001449326885008962
NeuralNetwork,0.0001,8.0,45.0,True,124.0,0.00010933173755108507,0.0004870898399070267,9.850454529260367e-06,2.71973905537649e-05,0.0005296212416025077,0.002300931410219684,5.160171374584894e-05,0.00014450873172133224
NeuralNetwork,0.0001,8.0,45.0,True,125.0,0.00010918839922491109,0.00048704461428033055,9.802453134540278e-06,2.7096792653885812e-05,0.000529071679280239,0.002300751096797439,5.142527790564411e-05,0.00014409606796015733
NeuralNetwork,0.0001,8.0,45.0,True,126.0,0.00010907658026867478,0.00048700701997607865,9.76868516030016e-06,2.7017971636310742e-05,0.000528544656135751,0.002300569658759255,5.125082771545686e-05,0.0001437336487590142
NeuralNetwork,0.0001,8.0,45.0,True,127.0,0.00010894138536684596,0.0004869645255595205,9.722210030068926e-06,2.692348883560083e-05,0.0005279572317435306,0.00230037622481772,5.1061493936199814e-05,0.0001433086376520073
NeuralNetwork,0.0001,8.0,45.0,True,128.0,0.00010881857128156164,0.0004869278952117879,9.680577902740866e-06,2.6850303449238727e-05,0.0005274306771890173,0.0023002144675584708,5.088580198257974e-05,0.00014296069788108083
NeuralNetwork,0.0001,8.0,45.0,True,129.0,0.00010868213126922875,0.00048688985909413134,9.636769969909981e-06,2.6761569243396388e-05,0.0005267909112966285,0.0023000290933644996,5.068090515878965e-05,0.00014256519622772744
NeuralNetwork,0.0001,8.0,45.0,True,130.0,0.00010855621444889799,0.0004868496942391614,9.594177023941938e-06,2.667539805736182e-05,0.0005262627166772039,0.0022998540281499707,5.050641396697962e-05,0.00014221850993498315
NeuralNetwork,0.0001,8.0,45.0,True,131.0,0.00010842964494967396,0.0004868106941649856,9.551985098947733e-06,2.659153635048802e-05,0.0005257330225698603,0.002299695644738539,5.033433601353903e-05,0.00014185941772266005
NeuralNetwork,0.0001,8.0,45.0,True,132.0,0.00010830270392554147,0.0004867726178824741,9.51131755571481e-06,2.6506811099232368e-05,0.0005252074989132911,0.0022995202046520303,5.0162375207592106e-05,0.00014149104742883887
NeuralNetwork,0.0001,8.0,45.0,True,133.0,0.00010818139602231851,0.0004867354653916269,9.472978318918427e-06,2.64199847240011e-05,0.0005246935025700983,0.0022993427027696335,4.999663493355865e-05,0.00014109022727927322
NeuralNetwork,0.0001,8.0,45.0,True,134.0,0.00010807282037812102,0.000486697951417085,9.434732590925018e-06,2.6350085324836227e-05,0.0005241184958122061,0.002299155641651753,4.9799622136092035e-05,0.000140753299372751
NeuralNetwork,0.0001,8.0,45.0,True,135.0,0.00010795068909537117,0.00048666164238819217,9.397046033021895e-06,2.6261388773545422e-05,0.000523617666847301,0.0022989995074722,4.9646902805979144e-05,0.0001403794934352239
NeuralNetwork,0.0001,8.0,45.0,True,136.0,0.00010783029494259878,0.0004866291490205215,9.358153901893815e-06,2.6191213241002632e-05,0.0005230526410558688,0.0022988390622648803,4.9455343224342515e-05,0.0001400502621190353
NeuralNetwork,0.0001,8.0,45.0,True,137.0,0.00010772394844785213,0.00048659524988292684,9.320856441023215e-06,2.611641121922799e-05,0.0005225854568511435,0.0022986891134729923,4.930615003378886e-05,0.0001397216868288112
NeuralNetwork,0.0001,8.0,45.0,True,138.0,0.00010760914725113429,0.0004865596236565685,9.281668094089731e-06,2.6035293274009323e-05,0.0005220299902951942,0.002298513673386484,4.912590397135267e-05,0.0001393583304477188
NeuralNetwork,0.0001,8.0,45.0,True,139.0,0.00010749601289589772,0.000486526889299768,9.243694734019089e-06,2.5962494474376307e-05,0.0005215320665881319,0.002298363537158606,4.8960708433164744e-05,0.00013904485546942778
NeuralNetwork,0.0001,8.0,45.0,True,140.0,0.00010740079206597773,0.0004864963640099908,9.21230087925321e-06,2.589620489155186e-05,0.0005210224281317033,0.0022981920332278845,4.879710902957796e-05,0.0001386909528910739
NeuralNetwork,0.0001,8.0,45.0,True,141.0,0.00010727392133034143,0.00048645973366225824,9.16909165379172e-06,2.5806928460167425e-05,0.0005204781140171506,0.0022980462080277736,4.862351108740711e-05,0.00013833750718794527
NeuralNetwork,0.0001,8.0,45.0,True,142.0,0.00010715300503445443,0.00048642454924930457,9.129163394920588e-06,2.572586323132091e-05,0.000519974707807385,0.00229789063615619,4.846303952190111e-05,0.00013799855262978272
NeuralNetwork,0.0001,8.0,45.0,True,143.0,0.00010705560526115233,0.0004863940239595274,9.098014922315541e-06,2.5652843524985556e-05,0.0005195019942409588,0.0022977360014645558,4.8312710000658934e-05,0.0001376514211765625
NeuralNetwork,0.0001,8.0,45.0,True,144.0,0.00010695385764229973,0.0004863646232856894,9.063915588021921e-06,2.559154693569456e-05,0.0005190303115724768,0.002297591488316374,4.815582607714635e-05,0.00013735586976480185
NeuralNetwork,0.0001,8.0,45.0,True,145.0,0.00010682647480476256,0.0004863292782133159,9.02065552891586e-06,2.5506362298910188e-05,0.0005185157997803118,0.0022974391028566183,4.799319899775697e-05,0.00013701081182221947
NeuralNetwork,0.0001,8.0,45.0,True,146.0,0.0001067293461442315,0.00048630092182570713,8.989108545640409e-06,2.5442824008651176e-05,0.0005180642196217423,0.0022973052735598583,4.7845522867246245e-05,0.00013670826670508714
NeuralNetwork,0.0001,8.0,45.0,True,147.0,0.00010661913378219399,0.0004862686292823113,8.952554134586751e-06,2.5369844467170796e-05,0.0005176106245262818,0.002297160198103707,4.770052648565304e-05,0.00013637966798536432
NeuralNetwork,0.0001,8.0,45.0,True,148.0,0.00010651170283636315,0.00048623392684761724,8.914512996323346e-06,2.5297326821522572e-05,0.0005171823801484498,0.002297005001104103,4.755865501345329e-05,0.0001360847608848188
NeuralNetwork,0.0001,8.0,45.0,True,149.0,0.00010639950231400461,0.00048620155397451146,8.87756258490272e-06,2.5219663053831323e-05,0.0005166862839422886,0.0022968661110356167,4.740133178683947e-05,0.00013575681819106048
NeuralNetwork,0.0001,8.0,45.0,True,150.0,0.00010629022378484515,0.0004861695024202455,8.842038653409384e-06,2.5148606404782627e-05,0.0005162188654425759,0.00229672853301906,4.725262182969717e-05,0.00013545914640966452
NeuralNetwork,0.0001,8.0,45.0,True,151.0,0.00010619048440874105,0.00048613961976814784,8.808494723750896e-06,2.50819377661394e-05,0.0005158378549341885,0.0022965855193587967,4.712646862245956e-05,0.0001351703426935388
NeuralNetwork,0.0001,8.0,45.0,True,152.0,0.00010608195897061227,0.00048610740755446197,8.771416286855052e-06,2.500890550828687e-05,0.0005153530517464164,0.0022964271359473655,4.6966468575615555e-05,0.00013478432998717207
NeuralNetwork,0.0001,8.0,45.0,True,153.0,0.00010597904657096555,0.00048607443220853163,8.73708914252465e-06,2.4941523943467924e-05,0.00051491065595135,0.0022962756876675587,4.682118518266288e-05,0.00013451620280367774
NeuralNetwork,0.0001,8.0,45.0,True,154.0,0.00010587808216678486,0.0004860443085673042,8.703858373219755e-06,2.48712053236293e-05,0.0005144631525255599,0.0022961450447826267,4.6680186459290906e-05,0.00013419519524154424
NeuralNetwork,0.0001,8.0,45.0,True,155.0,0.00010578079284683391,0.0004860157915202755,8.671111464902076e-06,2.4807847775217657e-05,0.0005140106351870411,0.0022959994070185057,4.653536872762554e-05,0.00013389926895780382
NeuralNetwork,0.0001,8.0,45.0,True,156.0,0.00010566599165011609,0.0004859835793065896,8.633385369719842e-06,2.4735797046008458e-05,0.0005135463093811611,0.0022958608918219993,4.637997550596981e-05,0.00013359070245949728
NeuralNetwork,0.0001,8.0,45.0,True,157.0,0.00010556458543253074,0.00048595281302768267,8.600107532225529e-06,2.4665563776486645e-05,0.000513148898223661,0.002295734185092854,4.624877324175535e-05,0.00013331907256594245
NeuralNetwork,0.0001,8.0,45.0,True,158.0,0.00010546974616873296,0.00048592248856218036,8.568733759887135e-06,2.460109667395646e-05,0.000512665219651828,0.002295580675017159,4.6094123906684374e-05,0.00013298199236767846
NeuralNetwork,0.0001,8.0,45.0,True,159.0,0.00010536924366038443,0.0004858936903611669,8.534200770675011e-06,2.4532934404769032e-05,0.0005122671993273609,0.0022954530311080643,4.59565078171919e-05,0.0001327149546558752
NeuralNetwork,0.0001,8.0,45.0,True,160.0,0.00010526815876163884,0.0004858652134789932,8.499338304136962e-06,2.4470284761926236e-05,0.0005119294865326312,0.002295329885662727,4.584563357181519e-05,0.00013246588736959974
NeuralNetwork,0.0001,8.0,45.0,True,161.0,0.00010517623144982638,0.0004858425203359352,8.471237339902759e-06,2.4416722417520385e-05,0.0005115293575532782,0.00229521798637678,4.571499068688297e-05,0.00013220130975516336
NeuralNetwork,0.0001,8.0,45.0,True,162.0,0.00010509902455736042,0.00048581384262948667,8.443749517282707e-06,2.435112316814073e-05,0.0005111445983250936,0.0022950815329761624,4.559098127877937e-05,0.0001318974994450995
NeuralNetwork,0.0001,8.0,45.0,True,163.0,0.00010499674475417947,0.00048578255420746505,8.409551653579239e-06,2.4280945125294502e-05,0.000510731208249458,0.0022949398313678285,4.545307817792742e-05,0.00013159538777369372
NeuralNetwork,0.0001,8.0,45.0,True,164.0,0.00010489838102435809,0.00048575520194123054,8.378376822788119e-06,2.4220961424700335e-05,0.0005103747518557422,0.002294829619005791,4.5338578217621866e-05,0.00013134049825698325
NeuralNetwork,0.0001,8.0,45.0,True,165.0,0.00010481144419577566,0.0004857298980825995,8.34894853561233e-06,2.4158798780724045e-05,0.0005099405563852322,0.002294689042013396,4.519635530294113e-05,0.00013104447825524793
NeuralNetwork,0.0001,8.0,45.0,True,166.0,0.00010472131426122311,0.0004857019835083954,8.317415359005774e-06,2.4097369145350958e-05,0.0005095556565800553,0.0022945670211839977,4.506969250410608e-05,0.00013077633935700423
NeuralNetwork,0.0001,8.0,45.0,True,167.0,0.00010463296162150298,0.00048567422959361117,8.288250653690726e-06,2.403029132724772e-05,0.0005091311609220205,0.0022944330044512478,4.493436079074002e-05,0.00013046610936428765
NeuralNetwork,0.0001,8.0,45.0,True,168.0,0.00010452593232422183,0.00048564567238172754,8.252948884051443e-06,2.3966574805444786e-05,0.0005087450427829095,0.002294319418241393,4.48099267229719e-05,0.00013019312055980635
NeuralNetwork,0.0001,8.0,45.0,True,169.0,0.000104443534124251,0.00048562265791982973,8.2245843379565e-06,2.3913891067241402e-05,0.0005083437423286198,0.0022941928989482375,4.467728647327273e-05,0.00012991954601785673
NeuralNetwork,0.0001,8.0,45.0,True,170.0,0.00010434450767432261,0.00048559313675142684,8.191480338975104e-06,2.3837002983311757e-05,0.0005079722910557153,0.0022940697535028995,4.455489955795636e-05,0.00012962735673916414
NeuralNetwork,0.0001,8.0,45.0,True,171.0,0.00010426129613603865,0.00048556759190366595,8.163287748665501e-06,2.3784997027035993e-05,0.0005075929206122393,0.0022939486698534506,4.443350839633612e-05,0.00012938686464942476
NeuralNetwork,0.0001,8.0,45.0,True,172.0,0.0001041610747816749,0.00048553931584576713,8.129305143481637e-06,2.3716586237808445e-05,0.000507211722667862,0.0022938253369721227,4.430935548255279e-05,0.0001291029342690354
NeuralNetwork,0.0001,8.0,45.0,True,173.0,0.00010408435990868231,0.0004855142128114109,8.101543697787102e-06,2.36582392550543e-05,0.0005068813198767368,0.0022937156869180545,4.420300898780613e-05,0.00012885690110284577
NeuralNetwork,0.0001,8.0,45.0,True,174.0,0.00010400490378433803,0.00048549312626255166,8.073830575433702e-06,2.3612298191878996e-05,0.0005065206461732492,0.0022936086609678446,4.4088011150652506e-05,0.00012862138778158705
NeuralNetwork,0.0001,8.0,45.0,True,175.0,0.00010391755526599216,0.0004854672600959511,8.045978131239626e-06,2.3549332250803307e-05,0.0005061678916403333,0.002293487764754385,4.397257401039765e-05,0.00012835491237775336
NeuralNetwork,0.0001,8.0,45.0,True,176.0,0.00010382012536904882,0.00048543934552174695,8.011616470236983e-06,2.3490776912864006e-05,0.0005058048281279749,0.002293381301112145,4.385466212933918e-05,0.00012812975489493437
NeuralNetwork,0.0001,8.0,45.0,True,177.0,0.00010375426504811187,0.00048541817864317777,7.988731916542002e-06,2.3438733302036706e-05,0.0005054773305946926,0.0022932763369578235,4.375185934627581e-05,0.00012787907097324636
NeuralNetwork,0.0001,8.0,45.0,True,178.0,0.00010367503987168366,0.00048539375841135605,7.961753057943522e-06,2.3379480099742304e-05,0.0005051685766603962,0.0022931706230595425,4.365310986649315e-05,0.00012764409653045846
NeuralNetwork,0.0001,8.0,45.0,True,179.0,0.00010359117565450642,0.0004853704627954735,7.932853189640932e-06,2.332996687477811e-05,0.0005048501229136245,0.002293071094548927,4.3547003524108504e-05,0.0001274522675095864
NeuralNetwork,0.0001,8.0,45.0,True,180.0,0.00010349670791561713,0.0004853449179477126,7.90168526218426e-06,2.3265788457143018e-05,0.0005044282982184452,0.0022929453249997313,4.3414497994027046e-05,0.0001270972988890402
NeuralNetwork,0.0001,8.0,45.0,True,181.0,0.00010342402961054902,0.0004853225059586394,7.874306637763656e-06,2.3220008053387592e-05,0.0005041829445077188,0.0022928551682886086,4.33346356189101e-05,0.0001269441636853248
NeuralNetwork,0.0001,8.0,45.0,True,182.0,0.00010333474313795084,0.0004852959971543592,7.84445850233826e-06,2.316195226583198e-05,0.000503801277973367,0.002292741207206774,4.321161024975327e-05,0.00012667576706259506
NeuralNetwork,0.0001,8.0,45.0,True,183.0,0.00010327138307923577,0.00048527740082650816,7.824214160281694e-06,2.3117886399323084e-05,0.0005034835739705548,0.00229263924202829,4.311228381856432e-05,0.00012643392777667855
NeuralNetwork,0.0001,8.0,45.0,True,184.0,0.00010318912545625733,0.000485253542902656,7.795687072039293e-06,2.3066814275925373e-05,0.0005031814740138983,0.0022925397135176748,4.3013868209138605e-05,0.00012623378128375648
NeuralNetwork,0.0001,8.0,45.0,True,185.0,0.00010310302204841552,0.0004852305686056132,7.766843685564004e-06,2.3014871077235496e-05,0.000502876656235389,0.00229242575243584,4.291447441814081e-05,0.00012596844221061132
NeuralNetwork,0.0001,8.0,45.0,True,186.0,0.00010302880743764481,0.00048520667051690607,7.7429179835191e-06,2.295980506107171e-05,0.0005025056735524591,0.0022923117913540053,4.279651274939753e-05,0.0001256882371205204
NeuralNetwork,0.0001,8.0,45.0,True,187.0,0.00010295144992697271,0.0004851837765495732,7.716136811316174e-06,2.2908941292859154e-05,0.0005021939206423249,0.0022922047654037954,4.269372753845821e-05,0.00012548751660487937
NeuralNetwork,0.0001,8.0,45.0,True,188.0,0.00010287502624917866,0.00048516457774889756,7.691377688530643e-06,2.2856581383798965e-05,0.0005019101425536774,0.002292134851779578,4.261057917614403e-05,0.00012525793094679994
NeuralNetwork,0.0001,8.0,45.0,True,189.0,0.00010279629309222383,0.00048513967553881623,7.663885472879577e-06,2.2807798657134537e-05,0.0005015592155216625,0.002291991650683325,4.2490104693661694e-05,0.0001249969146161709
NeuralNetwork,0.0001,8.0,45.0,True,190.0,0.00010271943764223886,0.00048511850866024705,7.637623305911967e-06,2.2755478912929318e-05,0.0005012597396688641,0.002291898120124385,4.239516250742306e-05,0.000124783881898946
NeuralNetwork,0.0001,8.0,45.0,True,191.0,0.000102645423855743,0.0004850984262327621,7.613137806200917e-06,2.2709829044952547e-05,0.0005009534692614334,0.002291801778025597,4.229800330486687e-05,0.00012456893967757436
NeuralNetwork,0.0001,8.0,45.0,True,192.0,0.00010257068710185769,0.00048507565275999413,7.587319335365553e-06,2.266090323099229e-05,0.0005006861855398934,0.0022916998128471133,4.221247391974401e-05,0.00012435020187740806
NeuralNetwork,0.0001,8.0,45.0,True,193.0,0.0001024936408688116,0.0004850529194520811,7.562563350459315e-06,2.260966793787126e-05,0.0005004226973971481,0.0022916115304958897,4.213006651532725e-05,0.00012413407646635042
NeuralNetwork,0.0001,8.0,45.0,True,194.0,0.00010240910389031362,0.00048503026647387813,7.5326938774547165e-06,2.2555799336446263e-05,0.0005000809078696389,0.0022915194994248683,4.20180969408848e-05,0.0001238995706135372
NeuralNetwork,0.0001,8.0,45.0,True,195.0,0.00010235831543120413,0.000485013035751096,7.514789765776007e-06,2.251737914236408e-05,0.0004998534542959442,0.002291436090409381,4.194222050923971e-05,0.00012372587602468407
NeuralNetwork,0.0001,8.0,45.0,True,196.0,0.00010227525451112629,0.0004849874909033351,7.487228516780463e-06,2.24594312978562e-05,0.000499466914425856,0.0022913163188118604,4.181994195535498e-05,0.00012346436767458167
NeuralNetwork,0.0001,8.0,45.0,True,197.0,0.00010220004582019508,0.00048496407479288765,7.462255390627044e-06,2.240663710630165e-05,0.0004991710467158624,0.002291224475176829,4.173172403525257e-05,0.0001232322984896366
NeuralNetwork,0.0001,8.0,45.0,True,198.0,0.00010213440640596045,0.0004849482498400295,7.441883650671118e-06,2.2368867080809293e-05,0.0004989084020350714,0.0022911358179536255,4.1648238873894106e-05,0.00012303393263861818
NeuralNetwork,0.0001,8.0,45.0,True,199.0,0.0001020584546652123,0.0004849254362024066,7.414916716013957e-06,2.2320742053644998e-05,0.0004985873710434392,0.0022910355396990505,4.1540556897719703e-05,0.0001228296274096711
NeuralNetwork,0.0001,8.0,45.0,True,200.0,0.00010198545504130443,0.000484906157072021,7.390751279990949e-06,2.226819889243401e-05,0.0004982410361931759,0.002290937698112344,4.1429006125567094e-05,0.00012257711598708196
NeuralNetwork,0.0001,8.0,45.0,True,201.0,0.00010191713462300057,0.0004848851508528717,7.367805851437654e-06,2.2228654082412667e-05,0.0004979771263194534,0.0022908272983143164,4.134467164487959e-05,0.00012236716424894034
NeuralNetwork,0.0001,8.0,45.0,True,202.0,0.00010184702686865054,0.0004848659520521961,7.344851009246474e-06,2.218018012307082e-05,0.0004977055784291441,0.0022907485751985754,4.1260006222522485e-05,0.00012216242557426668
NeuralNetwork,0.0001,8.0,45.0,True,203.0,0.00010178830585068448,0.00048484679341637545,7.324652480227607e-06,2.2139279749194244e-05,0.0004974353894497614,0.0022906496089959293,4.117192595072512e-05,0.00012193471427608586
NeuralNetwork,0.0001,8.0,45.0,True,204.0,0.00010171380004471524,0.00048482638967005067,7.3001575668786735e-06,2.209371272123085e-05,0.0004971356324429782,0.002290567512032371,4.107619594759161e-05,0.00012173808220797364
NeuralNetwork,0.0001,8.0,45.0,True,205.0,0.0001016498575956031,0.0004848078335070546,7.277069678605406e-06,2.204173688859631e-05,0.0004968598672428971,0.002290480916605056,4.099204597420662e-05,0.00012152121876770595
NeuralNetwork,0.0001,8.0,45.0,True,206.0,0.0001015790469562911,0.00048478767074985966,7.253752097567779e-06,2.1995434341726277e-05,0.0004966011118588958,0.0022903995693854566,4.0908824394708906e-05,0.00012132735138044418
NeuralNetwork,0.0001,8.0,45.0,True,207.0,0.00010151560656786608,0.0004847697170596881,7.231788197657811e-06,2.1955156523101733e-05,0.0004963371551261758,0.002290311849342202,4.0827919406898366e-05,0.00012111738792755318
NeuralNetwork,0.0001,8.0,45.0,True,208.0,0.00010144933455716567,0.00048474710424634,7.209029786710469e-06,2.190876862591489e-05,0.0004960600310151682,0.00229022169263108,4.073910403457827e-05,0.00012091072803398349
NeuralNetwork,0.0001,8.0,45.0,True,209.0,0.0001013801405532662,0.00048473027517210765,7.184721263391631e-06,2.1863344685247325e-05,0.0004958197849351655,0.0022901407202834605,4.0661979982125684e-05,0.00012072727505890828
NeuralNetwork,0.0001,8.0,45.0,True,210.0,0.00010131387858377955,0.00048470995175549283,7.163195411431179e-06,2.1819005195663946e-05,0.0004955687144267484,0.0022900619971677194,4.0584653850246525e-05,0.00012053530546104383
NeuralNetwork,0.0001,8.0,45.0,True,211.0,0.00010124689364690344,0.00048469179724104644,7.138683553534055e-06,2.1777120782840606e-05,0.000495287279287974,0.002289974089688475,4.049376496728861e-05,0.00012032055067566205
NeuralNetwork,0.0001,8.0,45.0,True,212.0,0.00010118143497451618,0.0004846716344838515,7.117588846188671e-06,2.1729879382485648e-05,0.000494994785425798,0.002289880371693545,4.039633925418434e-05,0.0001201044018351057
NeuralNetwork,0.0001,8.0,45.0,True,213.0,0.00010111565498328916,0.0004846528774965806,7.095023101030013e-06,2.1687098791335793e-05,0.0004947466670342212,0.0022897930265222705,4.031886375925076e-05,0.00011990123293684714
NeuralNetwork,0.0001,8.0,45.0,True,214.0,0.00010105089919586388,0.0004846359680926382,7.073722548802908e-06,2.1644689725094406e-05,0.0004944910512030499,0.0022897199264862254,4.023800270175034e-05,0.00011971642105084545
NeuralNetwork,0.0001,8.0,45.0,True,215.0,0.00010098870391794293,0.00048461656846768774,7.052293343524727e-06,2.160128406838908e-05,0.0004942301871641627,0.0022896338933668797,4.015688684845121e-05,0.00011950675046668862
NeuralNetwork,0.0001,8.0,45.0,True,216.0,0.00010092673958793804,0.00048459925741519566,7.031135251017593e-06,2.155829261175063e-05,0.000494004748527359,0.002289549172299463,4.0081748446016194e-05,0.00011932622617895498
NeuralNetwork,0.0001,8.0,45.0,True,217.0,0.00010086131103919201,0.0004845810225710393,7.009499573281833e-06,2.151759557245234e-05,0.0004937512882100711,0.002289479633547225,4.000290818278145e-05,0.00011915831867628877
NeuralNetwork,0.0001,8.0,45.0,True,218.0,0.00010079161497460542,0.000484561422121814,6.9861688131511695e-06,2.147206619904048e-05,0.0004934710714052308,0.0022893892894001126,3.991618682191057e-05,0.0001189417949637527
NeuralNetwork,0.0001,8.0,45.0,True,219.0,0.0001007506970286048,0.000484545396344681,6.968970724313728e-06,2.144062464850932e-05,0.0004932469448203561,0.002289305880384625,3.98421788927894e-05,0.00011878028371424045
NeuralNetwork,0.0001,8.0,45.0,True,220.0,0.00010067573936801715,0.0004845260368845855,6.943334878053305e-06,2.138645481067205e-05,0.0004930323306119666,0.0022892333426565493,3.9776005202306894e-05,0.00011857652907851357
NeuralNetwork,0.0001,8.0,45.0,True,221.0,0.00010061002966528633,0.00048450671758934493,6.921527244532205e-06,2.134809486387232e-05,0.0004927601735546903,0.002289148246717153,3.968441636307434e-05,0.00011839949578609107
NeuralNetwork,0.0001,8.0,45.0,True,222.0,0.0001005552849679623,0.00048449257956039555,6.903869770166045e-06,2.1311339000967956e-05,0.0004925270031833048,0.0022890693361654222,3.961049922326076e-05,0.00011820949426612014
NeuralNetwork,0.0001,8.0,45.0,True,223.0,0.00010049385282228577,0.0004844737824082696,6.8821029290757735e-06,2.127152809878244e-05,0.0004922592040127928,0.002288987801509833,3.952447488997717e-05,0.00011800052656692528
NeuralNetwork,0.0001,8.0,45.0,True,224.0,0.00010043729066527436,0.00048445916240106055,6.865894527367826e-06,2.1233607455083943e-05,0.0004920580383366758,0.0022889162009617067,3.946257708301334e-05,0.00011782313011727243
NeuralNetwork,0.0001,8.0,45.0,True,225.0,0.00010038512655988216,0.0004844450243721111,6.848329934228784e-06,2.1201176844999154e-05,0.0004918317093789203,0.0022888367281020065,3.938988120582119e-05,0.00011767780865138432
NeuralNetwork,0.0001,8.0,45.0,True,226.0,0.00010032287103467874,0.0004844261870551302,6.830010994907338e-06,2.1163512252251092e-05,0.0004915992887514942,0.0022887520070345897,3.931146560225097e-05,0.00011748214890746951
NeuralNetwork,0.0001,8.0,45.0,True,227.0,0.00010025221101357288,0.0004844046185280113,6.80476801113459e-06,2.1110803411013355e-05,0.0004912596078788709,0.002288666911095193,3.920964392944702e-05,0.00011728059664462348
NeuralNetwork,0.0001,8.0,45.0,True,228.0,0.00010020183424422683,0.00048438991819109233,6.787462606825276e-06,2.1082655378589732e-05,0.0004911150478716916,0.0022886013084987425,3.916081685408856e-05,0.00011715442879394916
NeuralNetwork,0.0001,8.0,45.0,True,229.0,0.00010015136710395711,0.0004843742137327991,6.770679345630571e-06,2.104473347973952e-05,0.0004908794876914355,0.0022885124638395487,3.908620268668768e-05,0.00011697329533924847
NeuralNetwork,0.0001,8.0,45.0,True,230.0,0.00010009241513807497,0.00048436091916580405,6.750623276331676e-06,2.1010294626906233e-05,0.0004906465984740347,0.0022884530466307632,3.900823517228073e-05,0.00011679363794296792
NeuralNetwork,0.0001,8.0,45.0,True,231.0,0.00010003022990136776,0.00048434155970570854,6.7301517518141845e-06,2.096512046143051e-05,0.0004904586470352029,0.0022883883812142617,3.89469084593485e-05,0.00011663759748140971
NeuralNetwork,0.0001,8.0,45.0,True,232.0,9.996733173848484e-05,0.00048432400766408666,6.706869315024656e-06,2.0926078967248013e-05,0.0004901942217125083,0.0022882965375792307,3.8866416416453115e-05,0.00011644144571802151
NeuralNetwork,0.0001,8.0,45.0,True,233.0,9.99185615633376e-05,0.0004843093876568776,6.6908372621330615e-06,2.089448052275213e-05,0.0004899479308218326,0.0022882219380552663,3.878476168468313e-05,0.00011628320288358245
NeuralNetwork,0.0001,8.0,45.0,True,234.0,9.986337505260889e-05,0.0004842937635282943,6.671081174094722e-06,2.085871120909796e-05,0.0004897561838042062,0.002288155960586836,3.872856896066066e-05,0.00011612884934593296
NeuralNetwork,0.0001,8.0,45.0,True,235.0,9.98030373992303e-05,0.00048427641231094733,6.652675629304747e-06,2.081880114992674e-05,0.0004895185618280615,0.002288075925419166,3.8653451059037035e-05,0.00011595775543143914
NeuralNetwork,0.0001,8.0,45.0,True,236.0,9.974455737039407e-05,0.0004842626759305476,6.634244981480416e-06,2.0780532829202412e-05,0.0004892720366423984,0.002288020444366167,3.85758730600465e-05,0.00011577868377262691
NeuralNetwork,0.0001,8.0,45.0,True,237.0,9.968254283432047e-05,0.000484244722240376,6.615263949627825e-06,2.074583792541869e-05,0.0004890436458887544,0.002287919978675602,3.8505171618933947e-05,0.0001155912829270153
NeuralNetwork,0.0001,8.0,45.0,True,238.0,9.963120210845516e-05,0.0004842341588835189,6.599713874995869e-06,2.0716290398829708e-05,0.0004888374194409113,0.0022878759312179855,3.843857034009958e-05,0.00011545620015207326
NeuralNetwork,0.0001,8.0,45.0,True,239.0,9.95637351933194e-05,0.0004842120682132855,6.578186140307841e-06,2.0668920972999536e-05,0.0004886049519544877,0.0022877822132230555,3.836545858930492e-05,0.00011527255974100821
NeuralNetwork,0.0001,8.0,45.0,True,240.0,9.952296786552491e-05,0.00048419989826222956,6.563234773045281e-06,2.064020686715118e-05,0.0004884237482112909,0.002287733104993712,3.830627860419405e-05,0.00011514645046408071
NeuralNetwork,0.0001,8.0,45.0,True,241.0,9.946149555499342e-05,0.000484184595452486,6.542837930054999e-06,2.0608555706283154e-05,0.00048817459892176984,0.0022876521326460927,3.82306862552211e-05,0.00011496856199495448
NeuralNetwork,0.0001,8.0,45.0,True,242.0,9.94173644205952e-05,0.00048417093940179623,6.52743847362918e-06,2.057354073881139e-05,0.00048800178293911914,0.0022875816567139054,3.817428559439737e-05,0.00011480182596722489
NeuralNetwork,0.0001,8.0,45.0,True,243.0,9.935900488632387e-05,0.0004841557972514726,6.507286385223872e-06,2.053537659567964e-05,0.0004877489317887984,0.0022875188656573025,3.809487130844368e-05,0.00011466167070580728
NeuralNetwork,0.0001,8.0,45.0,True,244.0,9.930485262061065e-05,0.00048414270350875235,6.491955962142533e-06,2.0507897559121613e-05,0.00048751744834132167,0.0022874457656212573,3.8017835116611334e-05,0.00011450613397847182
NeuralNetwork,0.0001,8.0,45.0,True,245.0,9.925219649574505e-05,0.0004841259949290849,6.473749358899831e-06,2.046929285773691e-05,0.0004873171261271591,0.0022873732278931814,3.795285633056419e-05,0.00011433586009643363
NeuralNetwork,0.0001,8.0,45.0,True,246.0,9.919773295240582e-05,0.00048411290118636466,6.455624340518787e-06,2.0434383323009444e-05,0.00048711675705399903,0.002287315122736325,3.789185177323953e-05,0.00011419311587540608
NeuralNetwork,0.0001,8.0,45.0,True,247.0,9.914983636285417e-05,0.0004841003295867591,6.441714749182009e-06,2.0404742915193346e-05,0.000486897644381853,0.0022872465211640366,3.782349035331288e-05,0.00011401737120541386
NeuralNetwork,0.0001,8.0,45.0,True,248.0,9.909698945492747e-05,0.0004840856292498401,6.423051270714025e-06,2.0372410206942545e-05,0.00048670271095239894,0.002287181668311545,3.776250629679962e-05,0.00011388314360717557
NeuralNetwork,0.0001,8.0,45.0,True,249.0,9.904897237081091e-05,0.00048406964363756203,6.40682968991304e-06,2.0335817513761494e-05,0.00048652745830188006,0.0022871083808395096,3.770440406863045e-05,0.00011373556119465977
NeuralNetwork,0.0001,8.0,45.0,True,250.0,9.899378586008221e-05,0.0004840533768712992,6.3890548588612655e-06,2.0301534299741214e-05,0.00048633646102821303,0.002287055711326359,3.764889372875855e-05,0.00011360012697723676
NeuralNetwork,0.0001,8.0,45.0,True,251.0,9.894393123385078e-05,0.0004840374715887311,6.369099201699794e-06,2.0270538328069883e-05,0.00048611800438203153,0.0022869751138507193,3.757808099752702e-05,0.00011345723046446746
NeuralNetwork,0.0001,8.0,45.0,True,252.0,9.889729983723067e-05,0.000484025622956515,6.353785723166645e-06,2.024084896933679e-05,0.00048589762651695393,0.0022869100735622384,3.751088226647497e-05,0.00011327586271477945
NeuralNetwork,0.0001,8.0,45.0,True,253.0,9.884509556698349e-05,0.00048401124393843576,6.3374053656733585e-06,2.0204689303498383e-05,0.0004857059732173224,0.002286852905585331,3.745101989721352e-05,0.00011314417721715363
NeuralNetwork,0.0001,8.0,45.0,True,254.0,9.879636555669121e-05,0.00048400027893302896,6.324381911449355e-06,2.017915575210296e-05,0.00048551136780085053,0.002286794425556495,3.738799161693585e-05,0.00011300227645808045
NeuralNetwork,0.0001,8.0,45.0,True,255.0,9.874714352692556e-05,0.00048398517694756026,6.3067890773966626e-06,2.0144698071993906e-05,0.00048531470058849025,0.0022867357580916687,3.733058348766663e-05,0.00011286489759226265
NeuralNetwork,0.0001,8.0,45.0,True,256.0,9.869334270369332e-05,0.00048397007496209156,6.289784281923764e-06,2.0124988424569127e-05,0.0004851280143425899,0.0022866600339517653,3.726590635641566e-05,0.00011273291922590268
NeuralNetwork,0.0001,8.0,45.0,True,257.0,9.864268478036248e-05,0.00048395621808712693,6.2737120641772e-06,2.0079339811744073e-05,0.0004849145716091372,0.002286608489054554,3.719840304188009e-05,0.00011255210206943488
NeuralNetwork,0.0001,8.0,45.0,True,258.0,9.860105390818614e-05,0.00048394203989332254,6.257636080975481e-06,2.0052336477687097e-05,0.00048472319946349043,0.002286541574406174,3.7136555022601065e-05,0.00011243154558370698
NeuralNetwork,0.0001,8.0,45.0,True,259.0,9.855264521673361e-05,0.0004839293477991521,6.24171636416263e-06,2.0024134473739608e-05,0.0004845927908735455,0.0022864844064292666,3.7095878484114164e-05,0.00011233756986429107
NeuralNetwork,0.0001,8.0,45.0,True,260.0,9.848919478709486e-05,0.0004839143663082483,6.2210697459805045e-06,1.9988747981359375e-05,0.0004843757868562854,0.002286436235379873,3.703115156517839e-05,0.00011218457523756806
NeuralNetwork,0.0001,8.0,45.0,True,261.0,9.845428148691223e-05,0.0004839015135546579,6.209779656278798e-06,1.9961655531530433e-05,0.00048414823956459575,0.0022863646348317466,3.695804860044575e-05,0.00011202163478863315
NeuralNetwork,0.0001,8.0,45.0,True,262.0,9.839800048388561e-05,0.0004838888214604874,6.189921900951316e-06,1.99274250338823e-05,0.00048393601516507706,0.0022863093412147377,3.690047353599806e-05,0.00011186609806129768
NeuralNetwork,0.0001,8.0,45.0,True,263.0,9.836421179964215e-05,0.00048387938271956946,6.1800250296563796e-06,1.9906502909898115e-05,0.0004837783346386076,0.002286246550158135,3.68419700776631e-05,0.00011174767365995443
NeuralNetwork,0.0001,8.0,45.0,True,264.0,9.83008818645683e-05,0.00048385990276490906,6.158767780163539e-06,1.9864573311612934e-05,0.00048363274373348404,0.002286189007309248,3.67959662569019e-05,0.00011160188360409167
NeuralNetwork,0.0001,8.0,45.0,True,265.0,9.826653087235526e-05,0.0004838482951218227,6.146837563085749e-06,1.9835246691726287e-05,0.0004834373417140553,0.0022861241544567565,3.6738030963911204e-05,0.00011146017028100835
NeuralNetwork,0.0001,8.0,45.0,True,266.0,9.820659486752636e-05,0.0004838341169280183,6.128750826832098e-06,1.9803006864702607e-05,0.0004832598866906556,0.0022860660492999,3.66793488556484e-05,0.00011132498207332203
NeuralNetwork,0.0001,8.0,45.0,True,267.0,9.816992435493881e-05,0.00048382218796609225,6.115674656235947e-06,1.9775045849884937e-05,0.0004829971482918697,0.002285997447727611,3.659576704760767e-05,0.00011116895332651318
NeuralNetwork,0.0001,8.0,45.0,True,268.0,9.812254990850176e-05,0.0004838085720802574,6.100116423117825e-06,1.9745844745170073e-05,0.000482883890094997,0.0022859400923147142,3.656390585801886e-05,0.0001110416960041478
NeuralNetwork,0.0001,8.0,45.0,True,269.0,9.808028643985965e-05,0.0004837965627886214,6.0844740948346106e-06,1.9716816851392268e-05,0.0004826691353096152,0.0022858887348534925,3.649495284324922e-05,0.00011090797214013226
NeuralNetwork,0.0001,8.0,45.0,True,270.0,9.80308334621779e-05,0.0004837834288810463,6.069529630906498e-06,1.9684479122534595e-05,0.0004824822616277251,0.002285834940724403,3.643655774634589e-05,0.00011077250277846115
NeuralNetwork,0.0001,8.0,45.0,True,271.0,9.79933496112772e-05,0.00048377085728144067,6.054855652173575e-06,1.9655230322054456e-05,0.0004823191923165471,0.002285773086847749,3.6383730084078866e-05,0.00011062844650550458
NeuralNetwork,0.0001,8.0,45.0,True,272.0,9.794086418704523e-05,0.00048376061524342334,6.039464354233921e-06,1.9625596189996947e-05,0.00048213836344532994,0.002285733162981909,3.633045140396124e-05,0.00011051248220152825
NeuralNetwork,0.0001,8.0,45.0,True,273.0,9.789344957575322e-05,0.00048374695919273355,6.022356636320163e-06,1.9598817528097456e-05,0.0004819493811085539,0.0022856694347453566,3.6265668839965975e-05,0.00011038001181569489
NeuralNetwork,0.0001,8.0,45.0,True,274.0,9.785108569497368e-05,0.0004837333031420438,6.008640338347929e-06,1.9567304433918386e-05,0.0004817834065395331,0.0022856132039483987,3.6219840740445273e-05,0.00011026091967363777
NeuralNetwork,0.0001,8.0,45.0,True,275.0,9.780064867834518e-05,0.0004837216151692475,5.992784006696827e-06,1.95399835464768e-05,0.00048160388972024495,0.002285559784691289,3.616155986234827e-05,0.0001101352555571862
NeuralNetwork,0.0001,8.0,45.0,True,276.0,9.77611365022685e-05,0.0004837092443939168,5.979772476414144e-06,1.951404207077309e-05,0.0004814116272536464,0.0022854936197868685,3.610113518511724e-05,0.00011000538584571214
NeuralNetwork,0.0001,8.0,45.0,True,277.0,9.770866111925028e-05,0.0004836972351022808,5.961769835325585e-06,1.9476572026541292e-05,0.00048121008670554973,0.0022854446989935147,3.604213092124687e-05,0.00010985420700514092
NeuralNetwork,0.0001,8.0,45.0,True,278.0,9.766157786801177e-05,0.00048368309707333136,5.945177984767847e-06,1.9450409644135245e-05,0.000481007936990486,0.002285368225109652,3.597412387248855e-05,0.00010971408688797141
NeuralNetwork,0.0001,8.0,45.0,True,279.0,9.761808937129307e-05,0.0004836725738813292,5.933758614439206e-06,1.942436901144583e-05,0.0004808740608347287,0.0022853206163682277,3.593130060618029e-05,0.00010959192548158034
NeuralNetwork,0.0001,8.0,45.0,True,280.0,9.757356662955888e-05,0.0004836605645896932,5.918140134038629e-06,1.9389778285254688e-05,0.00048073353070133136,0.002285280317630408,3.589484137746523e-05,0.00010946499617219722
NeuralNetwork,0.0001,8.0,45.0,True,281.0,9.752244681039588e-05,0.000483648796287187,5.900426805421027e-06,1.9362639394812187e-05,0.00048052669508652116,0.0022852276481172573,3.582873504679158e-05,0.00010935152710983589
NeuralNetwork,0.0001,8.0,45.0,True,282.0,9.749014422578632e-05,0.00048363534106077207,5.889628735192703e-06,1.933446500420249e-05,0.0004803662967381987,0.0022851584842369993,3.5781591966654516e-05,0.00010919415116684991
NeuralNetwork,0.0001,8.0,45.0,True,283.0,9.74492764858544e-05,0.000483627428584343,5.876942289204932e-06,1.93171577171656e-05,0.00048019015376672805,0.0022851181854991794,3.572658536100538e-05,0.00010907891317733429
NeuralNetwork,0.0001,8.0,45.0,True,284.0,9.741029649410607e-05,0.0004836158209412567,5.8634487806626084e-06,1.92852479950437e-05,0.00048005295062215073,0.002285064766242069,3.568495992781981e-05,0.00010896130880844668
NeuralNetwork,0.0001,8.0,45.0,True,285.0,9.73625605639743e-05,0.0004836036911550558,5.846428295793237e-06,1.925630294127927e-05,0.0004799434880040727,0.002285027466480087,3.565470951626886e-05,0.00010884986639772571
NeuralNetwork,0.0001,8.0,45.0,True,286.0,9.731458364471272e-05,0.0004835888301587169,5.834563974180633e-06,1.9221604272040396e-05,0.00047971397263448943,0.002284959427215768,3.557912302467058e-05,0.00010867601951713082
NeuralNetwork,0.0001,8.0,45.0,True,287.0,9.727636678520881e-05,0.0004835801947148984,5.82146583842942e-06,1.9204446348057925e-05,0.000479591576933111,0.0022849123807823133,3.554222156416695e-05,0.0001085999790789946
NeuralNetwork,0.0001,8.0,45.0,True,288.0,9.721937285600646e-05,0.00048356565503739925,5.804425898708423e-06,1.9171876416132457e-05,0.00047935798483074834,0.0022848482776737815,3.5473617063190953e-05,0.000108465517185769
NeuralNetwork,0.0001,8.0,45.0,True,289.0,9.717617555448629e-05,0.0004835543687131527,5.790430329478976e-06,1.9141957364635005e-05,0.0004792372760532787,0.0022848036679081946,3.5438947262441584e-05,0.00010834530042777271
NeuralNetwork,0.0001,8.0,45.0,True,290.0,9.714055936934171e-05,0.0004835426004106465,5.7778844604836e-06,1.911279642477511e-05,0.0004791035404745138,0.002284744250699409,3.539320702354113e-05,0.00010823042559548744
NeuralNetwork,0.0001,8.0,45.0,True,291.0,9.710622845955615e-05,0.0004835317960646596,5.76634396801419e-06,1.9090832524865143e-05,0.0004789437512931584,0.0022847052640135182,3.534703333891413e-05,0.0001081154687599566
NeuralNetwork,0.0001,8.0,45.0,True,292.0,9.706475824679969e-05,0.00048352131303751246,5.753619867474885e-06,1.906648760214649e-05,0.0004787900069224759,0.0022846555934762057,3.529880078708601e-05,0.00010801123092009586
NeuralNetwork,0.0001,8.0,45.0,True,293.0,9.701359826278172e-05,0.0004835082996245022,5.735599026686419e-06,1.9039670030543745e-05,0.000478582187268719,0.0022846025490910753,3.523463910480715e-05,0.0001078886829269757
NeuralNetwork,0.0001,8.0,45.0,True,294.0,9.69593757085723e-05,0.00048349295664990363,5.71758006862553e-06,1.900125109161328e-05,0.000478374367614962,0.0022845258877712228,3.5165375649179304e-05,0.0001077126571029987
NeuralNetwork,0.0001,8.0,45.0,True,295.0,9.693407184994124e-05,0.00048348387939268047,5.708660332942908e-06,1.897811236969544e-05,0.0004782695908966304,0.0022844964603208145,3.5141322340043086e-05,0.00010761241399267185
NeuralNetwork,0.0001,8.0,45.0,True,296.0,9.689293299723829e-05,0.0004834730750466935,5.696281399126001e-06,1.8951314880520186e-05,0.00047817151501493635,0.0022844460400395423,3.510973644706438e-05,0.00010753633841028754
NeuralNetwork,0.0001,8.0,45.0,True,297.0,9.685066952859616e-05,0.0004834607042713628,5.6811015942508e-06,1.892353084209473e-05,0.00047791341565689953,0.0022843845610348683,3.503370186630285e-05,0.00010735150309478711
NeuralNetwork,0.0001,8.0,45.0,True,298.0,9.680715090823623e-05,0.00048345146635471974,5.669497089043782e-06,1.8901400007006292e-05,0.0004777680121877658,0.002284339763833292,3.4985850043829133e-05,0.00010728889947417397
NeuralNetwork,0.0001,8.0,45.0,True,299.0,9.677709755550497e-05,0.0004834412243167024,5.6606357179160385e-06,1.8875492420398963e-05,0.0004776793081055647,0.0022842938420157763,3.4958809473604526e-05,0.00010716727694625374
NeuralNetwork,0.0001,8.0,45.0,True,300.0,9.673716364845112e-05,0.0004834317855757844,5.6467474641584645e-06,1.8854669453400487e-05,0.0004774363442037091,0.00228423536198694,3.4886049165290855e-05,0.00010703397481321538
NeuralNetwork,0.0001,8.0,45.0,True,301.0,9.668510999641007e-05,0.00048341322941278833,5.6273384255701e-06,1.8810457989292325e-05,0.00047731797837611265,0.002284189627605414,3.4846409382122865e-05,0.00010690948217170044
NeuralNetwork,0.0001,8.0,45.0,True,302.0,9.665085941633446e-05,0.0004834059194091838,5.620569392355947e-06,1.8796176873047076e-05,0.0004771334007850983,0.0022841356460403346,3.479038359327886e-05,0.00010678487238269181
NeuralNetwork,0.0001,8.0,45.0,True,303.0,9.660949965692916e-05,0.00048339559704145655,5.606276352169378e-06,1.877354146696808e-05,0.00047700435110607987,0.0022840944101225657,3.47543753824144e-05,0.00010668752281545842
NeuralNetwork,0.0001,8.0,45.0,True,304.0,9.65808621153356e-05,0.00048338643945452337,5.597645301381854e-06,1.8751015259088532e-05,0.0004768611031508296,0.0022840597344644413,3.470791468642792e-05,0.00010660966659117045
NeuralNetwork,0.0001,8.0,45.0,True,305.0,9.652460119473645e-05,0.00048337366703064295,5.57889521744534e-06,1.87180813331649e-05,0.00047664016297778244,0.0022839946941759603,3.464360656978199e-05,0.00010645059200952637
NeuralNetwork,0.0001,8.0,45.0,True,306.0,9.648795076457638e-05,0.0004833630233440759,5.566284080560638e-06,1.869163026586376e-05,0.0004764684716110709,0.00228394183722682,3.45886175362569e-05,0.00010632295981518128
NeuralNetwork,0.0001,8.0,45.0,True,307.0,9.645991569580737e-05,0.00048335374526257784,5.556067773153519e-06,1.867624712641027e-05,0.00047635291732332243,0.002283886356173821,3.4555760592971957e-05,0.0001062413900153442
NeuralNetwork,0.0001,8.0,45.0,True,308.0,9.642369703783822e-05,0.00048334386470825526,5.54688822106531e-06,1.8647987385483765e-05,0.00047613483554912063,0.0022838260017850865,3.4490570941436215e-05,0.0001060912069284691
NeuralNetwork,0.0001,8.0,45.0,True,309.0,9.636990625581972e-05,0.0004833279995905421,5.527417680042773e-06,1.8616088959727327e-05,0.00047599036925993624,0.002283779330223611,3.444347472029662e-05,0.0001059858796169173
NeuralNetwork,0.0001,8.0,45.0,True,310.0,9.63419414755469e-05,0.0004833205690923727,5.5186265974112275e-06,1.859325272937348e-05,0.00047581052442766586,0.002283739406357771,3.438819867541205e-05,0.00010586668204211589
NeuralNetwork,0.0001,8.0,45.0,True,311.0,9.6297719970225e-05,0.0004833098450760957,5.504890217011509e-06,1.8567382797317685e-05,0.000475710152455096,0.0022836882363325393,3.4365085474912474e-05,0.00010575265067178498
NeuralNetwork,0.0001,8.0,45.0,True,312.0,9.626410198661517e-05,0.00048330189243481165,5.4949939732924305e-06,1.855256071068206e-05,0.0004755515347486772,0.0022836346296394396,3.431723365243876e-05,0.00010565485594407567
NeuralNetwork,0.0001,8.0,45.0,True,313.0,9.62159443255062e-05,0.000483288075724702,5.4809783216354985e-06,1.8521330025639495e-05,0.00047540139852079956,0.0022835890826939037,3.426652635980702e-05,0.00010554077771474731
NeuralNetwork,0.0001,8.0,45.0,True,314.0,9.618978696370703e-05,0.0004832802034131279,5.472507930267853e-06,1.8502285608625156e-05,0.00047522441208737453,0.0022835347262568444,3.420486284783051e-05,0.00010543086993619331
NeuralNetwork,0.0001,8.0,45.0,True,315.0,9.61552251060054e-05,0.00048326903758344627,5.460712641999728e-06,1.8473461049425635e-05,0.00047517099283026447,0.002283501924958619,3.4195461761464115e-05,0.00010535008502456378
NeuralNetwork,0.0001,8.0,45.0,True,316.0,9.611494979768429e-05,0.00048325967917223824,5.447288794377744e-06,1.8448391904165804e-05,0.0004749629388815202,0.0022834546910891745,3.413222554438519e-05,0.00010521028120562715
NeuralNetwork,0.0001,8.0,45.0,True,317.0,9.607268632904217e-05,0.00048324791086973203,5.434429765028774e-06,1.842844879852151e-05,0.00047482625118591503,0.0022834108310675473,3.40904009604604e-05,0.00010512693076388641
NeuralNetwork,0.0001,8.0,45.0,True,318.0,9.604341619098283e-05,0.00048323867295308896,5.426043468826222e-06,1.839972590661113e-05,0.00047465315404927953,0.002283350664114802,3.403539142612391e-05,0.00010498242933045394
NeuralNetwork,0.0001,8.0,45.0,True,319.0,9.598528760462758e-05,0.00048322549888065884,5.408434317801198e-06,1.83677647232688e-05,0.0004745172629566313,0.002283312052300891,3.399638131073436e-05,0.00010488485718298259
NeuralNetwork,0.0001,8.0,45.0,True,320.0,9.594895849330728e-05,0.0004832148551940918,5.398049820063891e-06,1.834169898754503e-05,0.00047438296506989674,0.0022832644435594666,3.39543195031349e-05,0.00010477082581265167
NeuralNetwork,0.0001,8.0,45.0,True,321.0,9.591355317365127e-05,0.0004832061795854183,5.3851857701080505e-06,1.8321181022413977e-05,0.00047423254768803435,0.00228323370405713,3.391314215911259e-05,0.00010469125923495622
NeuralNetwork,0.0001,8.0,45.0,True,322.0,9.588786774889799e-05,0.00048319738348217986,5.378109852298893e-06,1.8300240071154028e-05,0.0004741484826465823,0.0022831857204437256,3.3884241872426096e-05,0.00010460261372650195
NeuralNetwork,0.0001,8.0,45.0,True,323.0,9.585523380423492e-05,0.0004831890693572011,5.367525157862597e-06,1.8280088610324578e-05,0.00047396863781431185,0.0022831238665670718,3.3833558009293096e-05,0.00010446592603089675
NeuralNetwork,0.0001,8.0,45.0,True,324.0,9.582161582062507e-05,0.0004831782248463592,5.357163880432069e-06,1.825239619797452e-05,0.0004738437585860678,0.0022830753206456982,3.379064688236458e-05,0.00010436425372114722
NeuralNetwork,0.0001,8.0,45.0,True,325.0,9.579258667169555e-05,0.0004831708746778997,5.347042336979645e-06,1.8233855096799022e-05,0.0004736719266423639,0.0022830256501083853,3.373920156052277e-05,0.00010424416582539397
NeuralNetwork,0.0001,8.0,45.0,True,326.0,9.575360667994722e-05,0.0004831577809351795,5.335919182456407e-06,1.8205198727929687e-05,0.00047351972861859785,0.0022829746675191434,3.369233670568316e-05,0.00010412418336238502
NeuralNetwork,0.0001,8.0,45.0,True,327.0,9.571257828059544e-05,0.00048314641428122304,5.322538009992828e-06,1.817583947409838e-05,0.00047336467219598636,0.002282938117501121,3.364548356559292e-05,0.00010401481446230187
NeuralNetwork,0.0001,8.0,45.0,True,328.0,9.567199169464832e-05,0.00048313540911096124,5.30872632049004e-06,1.8155811018137276e-05,0.0004731994942299225,0.0022828815118321835,3.359489927782953e-05,0.00010390321975983914
NeuralNetwork,0.0001,8.0,45.0,True,329.0,9.565143733011744e-05,0.0004831300671852503,5.300924924987988e-06,1.813651808108281e-05,0.00047311364854656676,0.002282857707461471,3.3570558957333834e-05,0.00010382628900075108
NeuralNetwork,0.0001,8.0,45.0,True,330.0,9.561737753310294e-05,0.00048311930300411833,5.290997302475965e-06,1.811104101151469e-05,0.0004729878321383734,0.002282811410771976,3.353397965243778e-05,0.00010371455372129596
NeuralNetwork,0.0001,8.0,45.0,True,331.0,9.558799694169243e-05,0.00048310986426320035,5.281534713675391e-06,1.8089985841448415e-05,0.00047286126598622066,0.0022827658638264396,3.3489284954918254e-05,0.00010362344811547477
NeuralNetwork,0.0001,8.0,45.0,True,332.0,9.555365599069312e-05,0.0004831001042034427,5.270899185594523e-06,1.806833698461962e-05,0.00047272200104575486,0.0022827253776526303,3.344292969167608e-05,0.0001035291092388285
NeuralNetwork,0.0001,8.0,45.0,True,333.0,9.551924475119763e-05,0.00048309195073788377,5.259478560114164e-06,1.8044448937126246e-05,0.00047254660781824367,0.002282686765838719,3.339841364408439e-05,0.00010341261777113068
NeuralNetwork,0.0001,8.0,45.0,True,334.0,9.548276502167118e-05,0.00048308110622704187,5.248813222179997e-06,1.801663100960441e-05,0.0004723915045366347,0.0022826234124741465,3.334697417961727e-05,0.00010328206860419339
NeuralNetwork,0.0001,8.0,45.0,True,335.0,9.545177783606187e-05,0.00048307126583757424,5.238182714706001e-06,1.799871748428782e-05,0.00047229980147859587,0.0022825883619440428,3.332092350571411e-05,0.00010320759794247226
NeuralNetwork,0.0001,8.0,45.0,True,336.0,9.542881358023281e-05,0.00048306443781222935,5.229506478456635e-06,1.798023788554649e-05,0.0004721350452435092,0.0022825420652545472,3.3271378901956963e-05,0.00010310757741238336
NeuralNetwork,0.0001,8.0,45.0,True,337.0,9.538361807717789e-05,0.0004830526293448682,5.21547513740323e-06,1.7952271850121953e-05,0.0004720139147350623,0.0022825064524164738,3.3236222939108904e-05,0.00010301783071748866
NeuralNetwork,0.0001,8.0,45.0,True,338.0,9.534291099666585e-05,0.0004830420659880111,5.2037786923328825e-06,1.792442254380717e-05,0.0004718710416517917,0.0022824614677789076,3.318923507940094e-05,0.00010292267180838675
NeuralNetwork,0.0001,8.0,45.0,True,339.0,9.531719544827135e-05,0.0004830352781275212,5.194766389211073e-06,1.7910210460906403e-05,0.00047175544050504577,0.00228243110314855,3.31590490989715e-05,0.0001028423437719825
NeuralNetwork,0.0001,8.0,45.0,True,340.0,9.52814487273481e-05,0.0004830245541112442,5.184676852127452e-06,1.7883040191670956e-05,0.00047156598957829503,0.0022823602523443834,3.3098697638924014e-05,0.00010268735763786724
NeuralNetwork,0.0001,8.0,45.0,True,341.0,9.524933692579963e-05,0.0004830147137217766,5.172550517593754e-06,1.7861053699030066e-05,0.000471471240685421,0.0022823257641222494,3.30729456911297e-05,0.00010262332481783141
NeuralNetwork,0.0001,8.0,45.0,True,342.0,9.521362032851761e-05,0.00048300515448629377,5.161510203083892e-06,1.783418090075174e-05,0.0004713892842988548,0.002282294274875953,3.3048303715837825e-05,0.0001025436762368904
NeuralNetwork,0.0001,8.0,45.0,True,343.0,9.51854446827562e-05,0.0004829966797018951,5.153746148345445e-06,1.7813875056261e-05,0.00047123263467032956,0.0022822481656224474,3.300145057574758e-05,0.00010241679378650474
NeuralNetwork,0.0001,8.0,45.0,True,344.0,9.515056150621481e-05,0.0004829885262363362,5.141928894922258e-06,1.779286883711172e-05,0.0004711063028131641,0.0022822103035524954,3.2963831586845265e-05,0.00010232014710423332
NeuralNetwork,0.0001,8.0,45.0,True,345.0,9.512092988446074e-05,0.0004829793284845481,5.134160447152798e-06,1.7779580545875262e-05,0.00047103517085501234,0.0022821653189149292,3.2942217874264566e-05,0.00010227060542916352
NeuralNetwork,0.0001,8.0,45.0,True,346.0,9.508297409651414e-05,0.0004829682028197214,5.1242736170716045e-06,1.774891593425743e-05,0.0004709041062391029,0.0022821298935128457,3.2898337351826e-05,0.00010214876032100533
NeuralNetwork,0.0001,8.0,45.0,True,347.0,9.505380437059223e-05,0.0004829622182563309,5.113632754595936e-06,1.7738151753125486e-05,0.00047072219961094406,0.0022820794732315735,3.284241406703895e-05,0.0001020650935810317
NeuralNetwork,0.0001,8.0,45.0,True,348.0,9.503014727101493e-05,0.000482958081276269,5.105010176082506e-06,1.7724542143049266e-05,0.0004706752000364867,0.002282061291940557,3.283061731442715e-05,0.00010200758587639287
NeuralNetwork,0.0001,8.0,45.0,True,349.0,9.499165929873999e-05,0.0004829449072038388,5.094737073060155e-06,1.7691006999452803e-05,0.00047052740675848235,0.0022820088098633963,3.278500008039505e-05,0.00010187124962326866
NeuralNetwork,0.0001,8.0,45.0,True,350.0,9.496482917562007e-05,0.00048294032841037226,5.086053305900482e-06,1.7679974215853247e-05,0.00047040449560813185,0.0022819683236895865,3.275219292479491e-05,0.00010178778203403424
NeuralNetwork,0.0001,8.0,45.0,True,351.0,9.493596068611043e-05,0.0004829306085154695,5.078724475020187e-06,1.765133039850109e-05,0.0004702842085616394,0.002281915841612426,3.27154408273457e-05,0.00010166107530488908
NeuralNetwork,0.0001,8.0,45.0,True,352.0,9.489384783567444e-05,0.0004829196033452078,5.063095325830008e-06,1.762847785117491e-05,0.0004701160784787352,0.0022818791041584133,3.266251358970906e-05,0.00010157101231176148
NeuralNetwork,0.0001,8.0,45.0,True,353.0,9.487276128681523e-05,0.0004829123736713132,5.05672543086212e-06,1.7608090421822514e-05,0.0004700638306965618,0.002281858298763539,3.264674553706211e-05,0.00010151708932042872
NeuralNetwork,0.0001,8.0,45.0,True,354.0,9.483376121263941e-05,0.0004829011275119216,5.045025220336618e-06,1.7586454116510896e-05,0.0004699223165242177,0.002281811814638054,3.260250185739319e-05,0.00010142173126058758
NeuralNetwork,0.0001,8.0,45.0,True,355.0,9.48101241954896e-05,0.0004828947412999814,5.036616645191076e-06,1.7573275023473883e-05,0.00046981215102117767,0.0022817735776961227,3.257036537119427e-05,0.00010134175466666432
NeuralNetwork,0.0001,8.0,45.0,True,356.0,9.478642693105733e-05,0.0004828863066804377,5.030013919579533e-06,1.7553031936569033e-05,0.0004697185267442427,0.0022817400266539377,3.254063626599012e-05,0.00010127780384987405
NeuralNetwork,0.0001,8.0,45.0,True,357.0,9.47536122445469e-05,0.0004828780327203139,5.0197210479176266e-06,1.7526206834055984e-05,0.00046959505328592266,0.002281694854580381,3.250529579583954e-05,0.0001011443259955952
NeuralNetwork,0.0001,8.0,45.0,True,358.0,9.472820797377841e-05,0.00048287216865148825,5.010790643445404e-06,1.7515027197705447e-05,0.00046949411900538317,0.0022816656145659632,3.2473042162146955e-05,0.00010108352644638446
NeuralNetwork,0.0001,8.0,45.0,True,359.0,9.468619553547985e-05,0.00048286329221853994,5.000105536871683e-06,1.7489530045709843e-05,0.0004693392500187616,0.002281626253008093,3.242815709995024e-05,0.00010096776129314735
NeuralNetwork,0.0001,8.0,45.0,True,360.0,9.465778894180236e-05,0.00048285413463160676,4.992146619829045e-06,1.746596206190451e-05,0.0004692172760483604,0.0022815810809345364,3.238720526485323e-05,0.00010085916556652237
NeuralNetwork,0.0001,8.0,45.0,True,361.0,9.463305743235462e-05,0.0004828479492439414,4.984873643200192e-06,1.7451053369800356e-05,0.0004690951146419693,0.0022815475298923514,3.235427217569741e-05,0.00010076633789254434
NeuralNetwork,0.0001,8.0,45.0,True,362.0,9.460371700579908e-05,0.00048283971544867257,4.97430338300865e-06,1.7431464216940485e-05,0.00046903869640902156,0.002281519227057883,3.2335745299574716e-05,0.00010072233729392478
NeuralNetwork,0.0001,8.0,45.0,True,363.0,9.455795919477458e-05,0.0004828250954414635,4.962354024867163e-06,1.7392391343965042e-05,0.00046888331197342785,0.0022814674947246815,3.22845606309063e-05,0.0001005858487490588
NeuralNetwork,0.0001,8.0,45.0,True,364.0,9.455258714542234e-05,0.0004828278668164564,4.9587799803506976e-06,1.739939132509527e-05,0.0004687462962648404,0.0022814500631776246,3.2246956285440695e-05,0.00010053966920705711
NeuralNetwork,0.0001,8.0,45.0,True,365.0,9.452161000102678e-05,0.0004828169018110496,4.949351908222363e-06,1.737660404565842e-05,0.00046866335583932743,0.0022814062031559974,3.222472169114359e-05,0.00010045029738414212
NeuralNetwork,0.0001,8.0,45.0,True,366.0,9.448596369224096e-05,0.00048280674010274223,4.938843464252923e-06,1.7348417103531548e-05,0.0004684440088721941,0.002281350909538989,3.215140200354768e-05,0.00010030392159081105
NeuralNetwork,0.0001,8.0,45.0,True,367.0,9.445486605328048e-05,0.0004827989481208781,4.927693010179823e-06,1.7330060509658568e-05,0.00046837568845389024,0.002281325043372388,3.213712172407024e-05,0.00010023216875094288
NeuralNetwork,0.0001,8.0,45.0,True,368.0,9.44280459713743e-05,0.00048279115613901393,4.919398340052671e-06,1.730981491245028e-05,0.0004682772845592139,0.002281283620018629,3.210746876473697e-05,0.00010014162545309127
NeuralNetwork,0.0001,8.0,45.0,True,369.0,9.440314376129295e-05,0.0004827854125647532,4.912901047185425e-06,1.7291867498037307e-05,0.00046815320193392674,0.0022812525056443126,3.2073062545848345e-05,0.00010005910675855553
NeuralNetwork,0.0001,8.0,45.0,True,370.0,9.438084222557089e-05,0.00048277750008832415,4.906200105951964e-06,1.727364646054985e-05,0.00046806238919683973,0.0022812030225429895,3.2043175291527744e-05,9.996776685774701e-05
NeuralNetwork,0.0001,8.0,45.0,True,371.0,9.435057800735104e-05,0.00048277067206297926,4.894817762598998e-06,1.725705460999211e-05,0.0004679515676678352,0.0022811816548401454,3.2011551325613596e-05,9.990649871856162e-05
NeuralNetwork,0.0001,8.0,45.0,True,372.0,9.431797418632919e-05,0.0004827606308492368,4.885008124348449e-06,1.7235275217384662e-05,0.0004678002599650209,0.0022811299225069443,3.195924204100603e-05,9.978212322454033e-05
NeuralNetwork,0.0001,8.0,45.0,True,373.0,9.43027818299368e-05,0.00048275745782569413,4.881138177814509e-06,1.7216388949486767e-05,0.00046773311102165364,0.002281110991471968,3.194409194138815e-05,9.970659823537623e-05
NeuralNetwork,0.0001,8.0,45.0,True,374.0,9.426168314208882e-05,0.0004827436009507295,4.8686374942809745e-06,1.7189342940271383e-05,0.00046760115608479244,0.002281061883242625,3.190252801063675e-05,9.961049043157566e-05
NeuralNetwork,0.0001,8.0,45.0,True,375.0,9.423460198862534e-05,0.00048273633111197995,4.859728741175884e-06,1.7169977204417284e-05,0.00046747726089549515,0.002281026832712521,3.18670762503672e-05,9.95137851755574e-05
NeuralNetwork,0.0001,8.0,45.0,True,376.0,9.42073902993832e-05,0.00048273114984568883,4.8526230135134285e-06,1.715823274979373e-05,0.00046739305527705065,0.002281004340393738,3.1839280078808464e-05,9.946849595450756e-05
NeuralNetwork,0.0001,8.0,45.0,True,377.0,9.418312068576762e-05,0.00048272339802867963,4.843985686967315e-06,1.7140863960322665e-05,0.00046726602053492324,0.0022809649788358677,3.180130964742517e-05,9.938115078323292e-05
NeuralNetwork,0.0001,8.0,45.0,True,378.0,9.416165257078618e-05,0.00048271841758666336,4.838235523160095e-06,1.711849213610441e-05,0.0004671746923488641,0.002280936301129419,3.177463516311825e-05,9.92811771121415e-05
NeuralNetwork,0.0001,8.0,45.0,True,379.0,9.412917928554299e-05,0.00048271291500153244,4.830425655383948e-06,1.710471559084972e-05,0.0004671000928248999,0.0022809100600908387,3.1756503659786666e-05,9.922963221493007e-05
NeuralNetwork,0.0001,8.0,45.0,True,380.0,9.410119442284268e-05,0.00048270174917185084,4.8196272713676935e-06,1.7079230990371294e-05,0.0004669401630665521,0.0022808650754532725,3.170039879638444e-05,9.913214207070428e-05
NeuralNetwork,0.0001,8.0,45.0,True,381.0,9.40774469523417e-05,0.00048269411784940654,4.812609404325485e-06,1.706092836802218e-05,0.00046681144140051594,0.002280821590303625,3.1664349583897204e-05,9.903666686336949e-05
NeuralNetwork,0.0001,8.0,45.0,True,382.0,9.403918992798283e-05,0.0004826866873512371,4.801663853770317e-06,1.7040872298723284e-05,0.00046672503340919064,0.0022807977859329127,3.1638342840304165e-05,9.897596103215367e-05
NeuralNetwork,0.0001,8.0,45.0,True,383.0,9.402322439813228e-05,0.00048268110443639627,4.796878587846165e-06,1.7030401823093307e-05,0.0004666200692548692,0.0022807554253992043,3.160583441081287e-05,9.887291809672829e-05
NeuralNetwork,0.0001,8.0,45.0,True,384.0,9.398738730628536e-05,0.0004826713443766386,4.785305461432092e-06,1.7005308829950837e-05,0.00046652035330826383,0.002280716251277324,3.157743200097444e-05,9.877577939498349e-05
NeuralNetwork,0.0001,8.0,45.0,True,385.0,9.39756290449929e-05,0.0004826671672317217,4.781227159712996e-06,1.6998945210741537e-05,0.00046645910859857714,0.002280690572546713,3.155665296428608e-05,9.872840494854645e-05
NeuralNetwork,0.0001,8.0,45.0,True,386.0,9.394962230139987e-05,0.0004826590137661628,4.773834629883021e-06,1.697585669489241e-05,0.0004663656248986346,0.002280658520992447,3.153297159844225e-05,9.86587607635642e-05
NeuralNetwork,0.0001,8.0,45.0,True,387.0,9.390487865296335e-05,0.0004826470848042367,4.759264828742675e-06,1.6948268460134932e-05,0.00046622153348142994,0.002280608850455134,3.1484077163274934e-05,9.856831118370751e-05
NeuralNetwork,0.0001,8.0,45.0,True,388.0,9.388868217519672e-05,0.0004826435904618543,4.754242966719715e-06,1.6934368910011898e-05,0.00046612931497441897,0.0022805893571121887,3.1461204115137365e-05,9.848430471600227e-05
NeuralNetwork,0.0001,8.0,45.0,True,389.0,9.38706883201702e-05,0.0004826402567788918,4.748127867550542e-06,1.6925867767427168e-05,0.00046605743327230776,0.002280569114025284,3.1444727320153756e-05,9.845114026054646e-05
NeuralNetwork,0.0001,8.0,45.0,True,390.0,9.383729124326269e-05,0.0004826264400687822,4.7373094011068024e-06,1.689906400249332e-05,0.00046594033263764294,0.002280523567079748,3.141068718718283e-05,9.834759359089833e-05
NeuralNetwork,0.0001,8.0,45.0,True,391.0,9.381345340183802e-05,0.00048262258424270504,4.729839365658253e-06,1.6887165164208478e-05,0.00046583058886558,0.002280492827577411,3.1371243626066723e-05,9.827331036516705e-05
NeuralNetwork,0.0001,8.0,45.0,True,392.0,9.379259780089489e-05,0.0004826158767119251,4.723644564354998e-06,1.6872328015752235e-05,0.00046573560567771864,0.002280460776023145,3.1348660517975966e-05,9.8195307706512e-05
NeuralNetwork,0.0001,8.0,45.0,True,393.0,9.377619045763967e-05,0.0004826102937970843,4.718514131708447e-06,1.6852087439150823e-05,0.00046566531718152126,0.0022804324731886764,3.1330725236696266e-05,9.811005361799924e-05
NeuralNetwork,0.0001,8.0,45.0,True,394.0,9.374162859993803e-05,0.00048260105588044115,4.70780329452451e-06,1.6832960182123105e-05,0.0004654871592731596,0.0022803880508590795,3.127451786923708e-05,9.802390920853465e-05
NeuralNetwork,0.0001,8.0,45.0,True,395.0,9.373485078066186e-05,0.00048260093538587625,4.7066312966080045e-06,1.6830512636273376e-05,0.00046545965304164766,0.0022803719313639515,3.127140467459301e-05,9.799796103868844e-05
NeuralNetwork,0.0001,8.0,45.0,True,396.0,9.369975673863188e-05,0.00048258904658880514,4.695448522378171e-06,1.6800991467870472e-05,0.00046536106171098145,0.0022803314451901417,3.1239476125195345e-05,9.78875495259117e-05
NeuralNetwork,0.0001,8.0,45.0,True,397.0,9.367337847013037e-05,0.0004825814955960708,4.6860941904132574e-06,1.6785243079267102e-05,0.0004651948059879759,0.0022802947077361292,3.1185989508276464e-05,9.780778965485171e-05
NeuralNetwork,0.0001,8.0,45.0,True,398.0,9.365785475368449e-05,0.00048257394460333644,4.682668881375353e-06,1.676356660910051e-05,0.00046513201493137286,0.002280255908486228,3.117241797113569e-05,9.770315937088721e-05
NeuralNetwork,0.0001,8.0,45.0,True,399.0,9.362334310205157e-05,0.00048256599196205244,4.6713420784859005e-06,1.6748303964211934e-05,0.0004650215214153506,0.002280228167959729,3.1138392481601465e-05,9.765266294374406e-05
NeuralNetwork,0.0001,8.0,45.0,True,400.0,9.360811058080421e-05,0.0004825628189385098,4.665971284285389e-06,1.6737874908588648e-05,0.0004649760681878096,0.002280205300768966,3.112316330742536e-05,9.759028776074356e-05
NeuralNetwork,0.0001,8.0,45.0,True,401.0,9.357918184401212e-05,0.00048255406300012633,4.65843190170443e-06,1.6715205613413267e-05,0.00046481093708074315,0.002280161628183329,3.1081441227557525e-05,9.749266289690006e-05
NeuralNetwork,0.0001,8.0,45.0,True,402.0,9.356281466561186e-05,0.00048255205475737786,4.65298548461292e-06,1.6708518165060772e-05,0.00046476018878648865,0.0022801486951000284,3.106491171620177e-05,9.743393685832714e-05
NeuralNetwork,0.0001,8.0,45.0,True,403.0,9.353114467746807e-05,0.00048253952332262724,4.644040645895942e-06,1.668057723267059e-05,0.0004646425258438542,0.002280097337638807,3.102679485045139e-05,9.732288689170994e-05
NeuralNetwork,0.0001,8.0,45.0,True,404.0,9.351480762270904e-05,0.00048253671178277935,4.637867182171891e-06,1.6668212733098437e-05,0.00046452837732602966,0.002280081593015659,3.099454121675881e-05,9.724018661855901e-05
NeuralNetwork,0.0001,8.0,45.0,True,405.0,9.347713298874724e-05,0.0004825255459530977,4.627407689119445e-06,1.6644440159563107e-05,0.00046442734932749527,0.002280043543509717,3.0963215976953506e-05,9.718492228842381e-05
NeuralNetwork,0.0001,8.0,45.0,True,406.0,9.346225190998088e-05,0.0004825210073244861,4.62223991570929e-06,1.6631180736816156e-05,0.00046431727754245013,0.0022800107422114918,3.093287477609497e-05,9.710028908162747e-05
NeuralNetwork,0.0001,8.0,45.0,True,407.0,9.343370473931099e-05,0.0004825152235853704,4.614446051117545e-06,1.661655696415194e-05,0.00046424361519843525,0.002279979627837175,3.090778764032718e-05,9.703799004449784e-05
NeuralNetwork,0.0001,8.0,45.0,True,408.0,9.340720597624457e-05,0.00048250755209807117,4.606532005748819e-06,1.659551309045113e-05,0.0004641215006510417,0.0022799472014109292,3.0871952222015874e-05,9.694567781949193e-05
NeuralNetwork,0.0001,8.0,45.0,True,409.0,9.338261504378922e-05,0.0004825026921506198,4.600201020484183e-06,1.6583746043096654e-05,0.0004640085704671512,0.002279915524728643,3.0837396640072826e-05,9.688397623457999e-05
NeuralNetwork,0.0001,8.0,45.0,True,410.0,9.336315517155629e-05,0.00048249694857635907,4.593423201208006e-06,1.6566219104509147e-05,0.00046393748536799687,0.0022798947193337685,3.08200939552589e-05,9.681706744357475e-05
NeuralNetwork,0.0001,8.0,45.0,True,411.0,9.33295271467327e-05,0.00048248843362710546,4.583358767158741e-06,1.654497817198864e-05,0.00046379128529590633,0.0022798591064956955,3.0774725659650825e-05,9.67359018025908e-05
NeuralNetwork,0.0001,8.0,45.0,True,412.0,9.33062917781326e-05,0.0004824835736796541,4.576190281910395e-06,1.6533300240406128e-05,0.0004637305560351918,0.002279845985976405,3.0760246229434164e-05,9.668350172867565e-05
NeuralNetwork,0.0001,8.0,45.0,True,413.0,9.327998379812729e-05,0.00048247256850939235,4.568066626204795e-06,1.650701359798002e-05,0.0004636630790788423,0.00227979950185092,3.0744642183278345e-05,9.656807044579548e-05
NeuralNetwork,0.0001,8.0,45.0,True,414.0,9.325495105226728e-05,0.0004824664634514369,4.55983126199631e-06,1.648775831547709e-05,0.0004635367472216768,0.00227977232363239,3.0708487538046804e-05,9.651475662142975e-05
NeuralNetwork,0.0001,8.0,45.0,True,415.0,9.323697727966823e-05,0.0004824615231742756,4.555412186585829e-06,1.6477910395099146e-05,0.0004634838434135389,0.0022797505810575663,3.0686621958354736e-05,9.647190992562276e-05
NeuralNetwork,0.0001,8.0,45.0,True,416.0,9.321883280643556e-05,0.00048245638207283943,4.549646960957995e-06,1.6463055674518857e-05,0.00046334134520224806,0.0022797117818076657,3.065075139579533e-05,9.635474485983639e-05
NeuralNetwork,0.0001,8.0,45.0,True,417.0,9.318913089618528e-05,0.0004824493532232197,4.5404266164389585e-06,1.6447966240567338e-05,0.0004632842240843383,0.0022796958497485276,3.062969999118421e-05,9.632054950643635e-05
NeuralNetwork,0.0001,8.0,45.0,True,418.0,9.316784352305122e-05,0.0004824417620656304,4.534897045546144e-06,1.642356107056623e-05,0.00046319598859211183,0.0022796516148549206,3.060837036127564e-05,9.622140758254993e-05
NeuralNetwork,0.0001,8.0,45.0,True,419.0,9.315842486456076e-05,0.0004824368619533241,4.5317597938274755e-06,1.6412464274229065e-05,0.0004630974441204431,0.0022796236868924315,3.057922992222714e-05,9.614809668101605e-05
NeuralNetwork,0.0001,8.0,45.0,True,420.0,9.312908443800522e-05,0.0004824269010692915,4.521921600875347e-06,1.6388844829203305e-05,0.0004629776256639253,0.0022795839504625814,3.05437371603348e-05,9.606576542247017e-05
NeuralNetwork,0.0001,8.0,45.0,True,421.0,9.311388204039911e-05,0.0004824269412341465,4.517316763010629e-06,1.638207705114087e-05,0.00046285429278259755,0.0022795670812234938,3.0508136037010815e-05,9.599403015472604e-05
NeuralNetwork,0.0001,8.0,45.0,True,422.0,9.309774580991493e-05,0.00048241967139539695,4.511566912991339e-06,1.636647300498505e-05,0.00046282889520597156,0.0022795500245484167,3.0498398151600135e-05,9.597210014391246e-05
NeuralNetwork,0.0001,8.0,45.0,True,423.0,9.308520433395056e-05,0.0004824164983718543,4.508333955954188e-06,1.635755891748516e-05,0.0004627578101068173,0.0022795153488902927,3.0482685744012678e-05,9.588201957866081e-05
NeuralNetwork,0.0001,8.0,45.0,True,424.0,9.3066587923672e-05,0.00048240959001679946,4.50254237214028e-06,1.6339253784832607e-05,0.00046266081198206486,0.0022794791737442495,3.0456143050636137e-05,9.578494530803753e-05
NeuralNetwork,0.0001,8.0,45.0,True,425.0,9.303891433859771e-05,0.0004824027619914546,4.494512852813516e-06,1.6321651537142033e-05,0.00046258049566041,0.0022794609924532334,3.0430130449668417e-05,9.575065037926788e-05
NeuralNetwork,0.0001,8.0,45.0,True,426.0,9.302999774079438e-05,0.00048240067341899615,4.4913655598811065e-06,1.6319177633106226e-05,0.0004625082390863191,0.0022794323147467847,3.0411331205622956e-05,9.5676747882891e-05
NeuralNetwork,0.0001,8.0,45.0,True,427.0,9.30125360700962e-05,0.0004823942872070559,4.485600961829131e-06,1.630253432132806e-05,0.00046242356487789994,0.0022793989511405897,3.0386727303266525e-05,9.560364198947102e-05
NeuralNetwork,0.0001,8.0,45.0,True,428.0,9.298739287088502e-05,0.00048238753951142097,4.477442161875433e-06,1.6288617199080974e-05,0.00046233668829659993,0.002279380020105614,3.0362351838522738e-05,9.554553683261452e-05
NeuralNetwork,0.0001,8.0,45.0,True,429.0,9.297200973143154e-05,0.0004823830812125193,4.472639323827231e-06,1.627641963468729e-05,0.00046229981026559507,0.0022793607141986584,3.0349893202571748e-05,9.551909078592025e-05
NeuralNetwork,0.0001,8.0,45.0,True,430.0,9.295395562912255e-05,0.0004823770966491288,4.46819671432204e-06,1.6261705491099397e-05,0.00046223392651515934,0.0022793320364922097,3.0334186652358972e-05,9.5449926905662e-05
NeuralNetwork,0.0001,8.0,45.0,True,431.0,9.293613247472964e-05,0.00048237063010747865,4.4620427054496144e-06,1.624494545021147e-05,0.0004620953644596556,0.0022792936121142885,3.0291225737745657e-05,9.533685028740445e-05
NeuralNetwork,0.0001,8.0,45.0,True,432.0,9.290740456221238e-05,0.0004823650471926378,4.452898925185364e-06,1.623444359578855e-05,0.0004619895568433798,0.0022792696203075865,3.0258781739375877e-05,9.528708017472202e-05
NeuralNetwork,0.0001,8.0,45.0,True,433.0,9.288785431905577e-05,0.000482359464277797,4.4480477637960265e-06,1.6216970628724908e-05,0.00046190511692994796,0.00227923813106129,3.023266370566386e-05,9.521357597982358e-05
NeuralNetwork,0.0001,8.0,45.0,True,434.0,9.286482981594425e-05,0.0004823534395495515,4.440531601521847e-06,1.6204750471600302e-05,0.00046181814663065306,0.002279210015662811,3.0204841175919058e-05,9.515913168214402e-05
NeuralNetwork,0.0001,8.0,45.0,True,435.0,9.284998890203286e-05,0.00048234725416188614,4.436323391599957e-06,1.61889079466181e-05,0.0004616950480443127,0.0022791689671810317,3.017061067827093e-05,9.504151559850705e-05
NeuralNetwork,0.0001,8.0,45.0,True,436.0,9.28291533835172e-05,0.00048234070729052605,4.428073279358788e-06,1.6172771716133925e-05,0.00046161477858165526,0.0022791462874262587,3.014467129448675e-05,9.49921320725537e-05
NeuralNetwork,0.0001,8.0,45.0,True,437.0,9.280166054029028e-05,0.00048233520470539513,4.420858667284813e-06,1.615837387077892e-05,0.0004616181992884702,0.002279138415114685,3.015410752510125e-05,9.496587931922397e-05
NeuralNetwork,0.0001,8.0,45.0,True,438.0,9.277082397288711e-05,0.0004823255249753474,4.411527555626679e-06,1.614084191158454e-05,0.00046146379889182326,0.002279094180221078,3.0107351031693274e-05,9.48513149277969e-05
NeuralNetwork,0.0001,8.0,45.0,True,439.0,9.27607526355034e-05,0.00048231833546630775,4.407030660809693e-06,1.6121523871495717e-05,0.00046139510360153964,0.002279059504562954,3.0084179257446864e-05,9.481061203112392e-05
NeuralNetwork,0.0001,8.0,45.0,True,440.0,9.274913495120335e-05,0.0004823160862344295,4.4046427346665585e-06,1.6111989739047228e-05,0.0004613429495373612,0.0022790411358359474,3.0072830593998327e-05,9.47322872168613e-05
NeuralNetwork,0.0001,8.0,45.0,True,441.0,9.272897219400843e-05,0.00048230994101161904,4.397909787064293e-06,1.609902653210568e-05,0.00046124777891350994,0.002279004585817925,3.0039505060738737e-05,9.467283486382766e-05
NeuralNetwork,0.0001,8.0,45.0,True,442.0,9.270731329596589e-05,0.00048230315315112916,4.391230810985893e-06,1.6079555363507284e-05,0.00046114928130083863,0.0022789792819592936,3.001159467037369e-05,9.459692914530915e-05
NeuralNetwork,0.0001,8.0,45.0,True,443.0,9.268779317645049e-05,0.0004823007834246859,4.384299235624284e-06,1.607293694849927e-05,0.0004611062178821684,0.002278973658879598,3.0002208227443993e-05,9.458839495039586e-05
NeuralNetwork,0.0001,8.0,45.0,True,444.0,9.267077331915698e-05,0.00048229471853158544,4.379555703494748e-06,1.605915538263771e-05,0.0004609885080805365,0.002278936546553606,2.9963567126659478e-05,9.448692179138555e-05
NeuralNetwork,0.0001,8.0,45.0,True,445.0,9.265450655289416e-05,0.0004822900995732639,4.374084810944741e-06,1.6045769189567258e-05,0.0004609162046474481,0.002278920052186498,2.9944709308867186e-05,9.44532887459551e-05
NeuralNetwork,0.0001,8.0,45.0,True,446.0,9.264586106786187e-05,0.0004822861232526219,4.373379415679331e-06,1.6037230392430993e-05,0.00046081259940405314,0.0022788838770404552,2.9913167346198605e-05,9.436227100075416e-05
NeuralNetwork,0.0001,8.0,45.0,True,447.0,9.262580876401813e-05,0.000482283271547919,4.365733345202358e-06,1.6025523592358974e-05,0.0004607868269554474,0.0022788827524245162,2.991424803182764e-05,9.433955024435836e-05
NeuralNetwork,0.0001,8.0,45.0,True,448.0,9.259859707477601e-05,0.00048227720665481856,4.358983766839832e-06,1.6010691464509603e-05,0.0004607044019789066,0.002278846202406493,2.9884354920132354e-05,9.424510593496778e-05
NeuralNetwork,0.0001,8.0,45.0,True,449.0,9.256889516452573e-05,0.0004822701778051988,4.351825636593158e-06,1.59938623902772e-05,0.00046062745950506916,0.0022788268964995377,2.9860518333859414e-05,9.422022380731391e-05
NeuralNetwork,0.0001,8.0,45.0,True,450.0,9.254829059392616e-05,0.0004822620645044949,4.345836052595766e-06,1.597385903735045e-05,0.00046050862508749814,0.0022787873475056774,2.982709322523021e-05,9.41437616382005e-05
NeuralNetwork,0.0001,8.0,45.0,True,451.0,9.253879160572577e-05,0.0004822593332943569,4.34240509537513e-06,1.5970969678096053e-05,0.0004605283058664334,0.002278771790318519,2.9836432809162438e-05,9.41069948973146e-05
NeuralNetwork,0.0001,8.0,45.0,True,452.0,9.251314634582745e-05,0.0004822523446095922,4.335616293521423e-06,1.594906602546854e-05,0.0004603879163100285,0.0022787363649164356,2.9795407756881894e-05,9.40260869808167e-05
NeuralNetwork,0.0001,8.0,45.0,True,453.0,9.248787261083762e-05,0.0004822488502672098,4.3290753841319815e-06,1.5941397048472715e-05,0.000460371843673898,0.0022787363649164356,2.979293887345296e-05,9.400221232160832e-05
NeuralNetwork,0.0001,8.0,45.0,True,454.0,9.24635025850846e-05,0.00048224041564766607,4.322171422108164e-06,1.5920816325755775e-05,0.00046026767612253344,0.0022786938169467373,2.9755656683594925e-05,9.392677519306447e-05
NeuralNetwork,0.0001,8.0,45.0,True,455.0,9.245562023229676e-05,0.00048223796559151294,4.319236563603994e-06,1.5912743189906818e-05,0.00046022447212687076,0.002278678259759579,2.9748923631396684e-05,9.386673710256253e-05
NeuralNetwork,0.0001,8.0,45.0,True,456.0,9.243694357473574e-05,0.0004822332261386265,4.3140694177696965e-06,1.5902482324613715e-05,0.00046012658368116654,0.0022786576418006945,2.9719642615355786e-05,9.3824769012958e-05
NeuralNetwork,0.0001,8.0,45.0,True,457.0,9.240909928902783e-05,0.0004822255144864722,4.305164743907689e-06,1.588318813240753e-05,0.00046000714009662843,0.0022786184676788137,2.9680527067221936e-05,9.372977411034722e-05
NeuralNetwork,0.0001,8.0,45.0,True,458.0,9.240492214411095e-05,0.0004822236669031436,4.304535285321208e-06,1.587517398868931e-05,0.0004600208229238882,0.002278609095879321,2.9688258801803648e-05,9.371556411936599e-05
NeuralNetwork,0.0001,8.0,45.0,True,459.0,9.236987830814968e-05,0.00048221290272201165,4.291648956422375e-06,1.5849673071238552e-05,0.00045981773602887517,0.002278565235857694,2.962736553459797e-05,9.357452439437122e-05
NeuralNetwork,0.0001,8.0,45.0,True,460.0,9.235894342638412e-05,0.0004822090067310796,4.289430161973216e-06,1.584108532318529e-05,0.00045988727478111314,0.0022785626117538356,2.965506505947443e-05,9.359874463868591e-05
NeuralNetwork,0.0001,8.0,45.0,True,461.0,9.23448053974347e-05,0.00048220639601550657,4.284396689796865e-06,1.5837555836554807e-05,0.0004597617863859021,0.002278536370715255,2.9616549892245598e-05,9.354413047714054e-05
NeuralNetwork,0.0001,8.0,45.0,True,462.0,9.231896935447529e-05,0.000482199086011902,4.276143753464331e-06,1.5817674233344687e-05,0.00045963568882372393,0.0022785015076211414,2.9577407985925674e-05,9.343575147337883e-05
NeuralNetwork,0.0001,8.0,45.0,True,463.0,9.229835474266197e-05,0.00048219290062423664,4.271116243258641e-06,1.5797595571314872e-05,0.00045958662745337816,0.0022784827640221555,2.9563836448784894e-05,9.337473520130481e-05
NeuralNetwork,0.0001,8.0,45.0,True,464.0,9.228334312811694e-05,0.00048218848249018993,4.266792559378713e-06,1.5790284312558623e-05,0.00045947880490021135,0.002278441528104386,2.9533436674179523e-05,9.32936632783158e-05
NeuralNetwork,0.0001,8.0,45.0,True,465.0,9.226555009736527e-05,0.00048218310039962396,4.2619746595098966e-06,1.5772763649729705e-05,0.00045941535781764386,0.0022784235342493595,2.9513032509470885e-05,9.322644404645236e-05
NeuralNetwork,0.0001,8.0,45.0,True,466.0,9.224737550049136e-05,0.0004821771961659434,4.252299322493153e-06,1.576370270947883e-05,0.00045936952971812315,0.0022784106011660595,2.9502471662917226e-05,9.321494016257472e-05
NeuralNetwork,0.0001,8.0,45.0,True,467.0,9.222299543352462e-05,0.00048217229605363707,4.246899973591062e-06,1.5752989989567318e-05,0.0004593426795125757,0.002278391482695094,2.9495548246041784e-05,9.317891730827355e-05
NeuralNetwork,0.0001,8.0,45.0,True,468.0,9.221951113235597e-05,0.00048216751643589566,4.2446642345937115e-06,1.5744023185695277e-05,0.0004592485397866687,0.0022783583065248887,2.946915198703232e-05,9.310008875978817e-05
NeuralNetwork,0.0001,8.0,45.0,True,469.0,9.22020293792303e-05,0.00048216566885256703,4.239160080523183e-06,1.5733085793626276e-05,0.00045912380113541704,0.0022783382508739735,2.9430780325483226e-05,9.30301399913224e-05
NeuralNetwork,0.0001,8.0,45.0,True,470.0,9.21828607021959e-05,0.00048215815802468763,4.234074205762614e-06,1.571441792212728e-05,0.00045906419649064165,0.0022783159459911803,2.941589673641343e-05,9.296988517795719e-05
NeuralNetwork,0.0001,8.0,45.0,True,471.0,9.215067861215123e-05,0.0004821520529667322,4.2252799852517735e-06,1.5701188623021554e-05,0.0004589986407531882,0.002278286893412752,2.93950561972909e-05,9.291228375532342e-05
NeuralNetwork,0.0001,8.0,45.0,True,472.0,9.214987531505183e-05,0.000482151048845358,4.223458132533371e-06,1.5698023130389237e-05,0.00045896171586318587,0.002278273398021482,2.9391966432145557e-05,9.289732402038274e-05
NeuralNetwork,0.0001,8.0,45.0,True,473.0,9.213538584362143e-05,0.000482142935544654,4.217764764341382e-06,1.5689029968331122e-05,0.0004589103115429668,0.0022782394721073173,2.9367854549262507e-05,9.28483212237838e-05
NeuralNetwork,0.0001,8.0,45.0,True,474.0,9.211192956831899e-05,0.00048213558537619453,4.212339057253217e-06,1.5666418410134765e-05,0.0004588549242079633,0.002278215855172595,2.935665524886839e-05,9.275210212986424e-05
NeuralNetwork,0.0001,8.0,45.0,True,475.0,9.20942771145597e-05,0.0004821337779577209,4.205988930924883e-06,1.5661430437208186e-05,0.000458694947590618,0.0022781926131098524,2.9307760813701077e-05,9.272291483181827e-05
NeuralNetwork,0.0001,8.0,45.0,True,476.0,9.207037902585258e-05,0.00048212618680013155,4.198718778387395e-06,1.5642035832864576e-05,0.0004586639737932937,0.002278176118742745,2.9300614816587676e-05,9.264389884734303e-05
NeuralNetwork,0.0001,8.0,45.0,True,477.0,9.205916299010223e-05,0.0004821236965791234,4.196243932987802e-06,1.5630784652866124e-05,0.0004585496846984767,0.0022781485656522354,2.9267564579938193e-05,9.257942672420597e-05
NeuralNetwork,0.0001,8.0,45.0,True,478.0,9.204522578542766e-05,0.00048211807349942765,4.1903026723315455e-06,1.5622717792775752e-05,0.00045853951629602687,0.0022781260733334523,2.9262418876279076e-05,9.254736345519059e-05
NeuralNetwork,0.0001,8.0,45.0,True,479.0,9.20195704843156e-05,0.0004821128520682816,4.184844958874575e-06,1.5601993982762982e-05,0.00045843047540892594,0.0022781108910182738,2.9228276239251192e-05,9.248135669988656e-05
NeuralNetwork,0.0001,8.0,45.0,True,480.0,9.199510004642518e-05,0.0004821066666806162,4.177027246400192e-06,1.5587941304130374e-05,0.00045837461948394775,0.0022780775274120787,2.921834798916331e-05,9.240425021955802e-05
NeuralNetwork,0.0001,8.0,45.0,True,481.0,9.198247824075088e-05,0.00048210180673316483,4.17309516985622e-06,1.5576206890720564e-05,0.0004582856811067593,0.0022780550350932956,2.9194941919929578e-05,9.234967705963543e-05
NeuralNetwork,0.0001,8.0,45.0,True,482.0,9.197503770136769e-05,0.00048210052145780576,4.1700592716387665e-06,1.557625458648584e-05,0.0004582129090836963,0.00227803572918634,2.9175574510539854e-05,9.229273166296617e-05
NeuralNetwork,0.0001,8.0,45.0,True,483.0,9.194695242652995e-05,0.00048209160486000245,4.161303333255319e-06,1.555079383389005e-05,0.0004580954335770517,0.0022780063017359318,2.9137882304454e-05,9.223129951728965e-05
NeuralNetwork,0.0001,8.0,45.0,True,484.0,9.192661896870142e-05,0.00048208658425313123,4.1563081432063626e-06,1.5538415527649005e-05,0.0004580927157551987,0.0022779905571127836,2.9137949664262856e-05,9.2183714205364e-05
NeuralNetwork,0.0001,8.0,45.0,True,485.0,9.191715010414226e-05,0.0004820818046353898,4.15188341961315e-06,1.5529080964323645e-05,0.00045802987783959826,0.0022779676899220207,2.911741663731119e-05,9.213928601839257e-05
NeuralNetwork,0.0001,8.0,45.0,True,486.0,9.189425613680939e-05,0.00048207557908286943,4.1452775561223135e-06,1.5515496457281782e-05,0.0004579381747815594,0.002277932826827907,2.9088800433296826e-05,9.207386500055684e-05
NeuralNetwork,0.0001,8.0,45.0,True,487.0,9.187329008251509e-05,0.0004820728478727315,4.14007432467613e-06,1.550375074750651e-05,0.0004578574835879248,0.0022779223304124747,2.906951502715267e-05,9.203372441185345e-05
NeuralNetwork,0.0001,8.0,45.0,True,488.0,9.185834875646627e-05,0.00048206786743071523,4.1354252427133586e-06,1.5494688552103918e-05,0.0004577945519543294,0.0022778932778340466,2.90517583958008e-05,9.197889938481949e-05
NeuralNetwork,0.0001,8.0,45.0,True,489.0,9.18271105405134e-05,0.00048206115989993524,4.125250982888786e-06,1.547922382778877e-05,0.0004577016305623564,0.002277864600127598,2.9022726318183936e-05,9.192757121047134e-05
NeuralNetwork,0.0001,8.0,45.0,True,490.0,9.18293296487505e-05,0.00048205794671153765,4.126562616433898e-06,1.5473240519549968e-05,0.000457683542989335,0.002277845669092622,2.901848265022602e-05,9.186031097698512e-05
NeuralNetwork,0.0001,8.0,45.0,True,491.0,9.180369443006593e-05,0.00048205393022604065,4.119701643356416e-06,1.5458704607506005e-05,0.00045755941350505037,0.0022778269254936363,2.8985113186656304e-05,9.181352812539107e-05
NeuralNetwork,0.0001,8.0,45.0,True,492.0,9.17876184468642e-05,0.0004820479858275051,4.1139866237972945e-06,1.5445817964819242e-05,0.00045753884240516327,0.002277810993434498,2.89775513159404e-05,9.177738226622155e-05
NeuralNetwork,0.0001,8.0,45.0,True,493.0,9.177219514255575e-05,0.00048204360785831336,4.110036975129274e-06,1.5434200280519188e-05,0.00045740702804529445,0.002277775193160435,2.8938860427471076e-05,9.169117928301014e-05
NeuralNetwork,0.0001,8.0,45.0,True,494.0,9.174434081563409e-05,0.0004820372618112281,4.101589804068409e-06,1.541293550011604e-05,0.00045739273605106763,0.002277771069568658,2.893952231081027e-05,9.163895493033547e-05
NeuralNetwork,0.0001,8.0,45.0,True,495.0,9.173253234827293e-05,0.0004820340887876855,4.0983276647538184e-06,1.5404195878704926e-05,0.0004572556734834827,0.002277736393910534,2.889734628440449e-05,9.157161269360368e-05
NeuralNetwork,0.0001,8.0,45.0,True,496.0,9.172701972192831e-05,0.0004820285862025546,4.096942918621144e-06,1.5393378981200832e-05,0.00045729540991333296,0.0022777386431424122,2.890769626546956e-05,9.159261138184265e-05
NeuralNetwork,0.0001,8.0,45.0,True,497.0,9.169728768803682e-05,0.0004820216778474998,4.0875010398239135e-06,1.5379515830477616e-05,0.00045713791682285335,0.0022776972197886534,2.886343794236393e-05,9.14841503748354e-05
NeuralNetwork,0.0001,8.0,45.0,True,498.0,9.169033916812701e-05,0.0004820204327369957,4.0864950357220884e-06,1.5371254421870984e-05,0.0004571264363684744,0.002277683349525404,2.8865643243932124e-05,9.14664903901658e-05
NeuralNetwork,0.0001,8.0,45.0,True,499.0,9.16558074340666e-05,0.00048201083333665793,4.076444722129649e-06,1.5345354366173964e-05,0.00045705141511353305,0.0022776644184904276,2.884619675998418e-05,9.140646401441322e-05
NeuralNetwork,0.0001,8.0,45.0,True,500.0,9.165570702192918e-05,0.0004820084234453597,4.074789804589716e-06,1.5344758169108e-05,0.00045700694592493884,0.002277638739759817,2.883031448853091e-05,9.138574062278435e-05
NeuralNetwork,0.0001,8.0,45.0,True,501.0,9.16415790341935e-05,0.0004820065356971761,4.072366106622624e-06,1.533383207340446e-05,0.00045687705278396606,0.002277611936413267,2.8789690666416157e-05,9.129394970412525e-05
NeuralNetwork,0.0001,8.0,45.0,True,502.0,9.162880661031307e-05,0.0004820032421790686,4.067115493199092e-06,1.5330724317751164e-05,0.00045681304339342896,0.002277592255634332,2.877152109014913e-05,9.125575962119133e-05
NeuralNetwork,0.0001,8.0,45.0,True,503.0,9.161210807185931e-05,0.0004819977395939377,4.062395495164266e-06,1.5312390316609103e-05,0.00045679036363865597,0.0022775780104991026,2.8763886002249688e-05,9.122568785956821e-05
NeuralNetwork,0.0001,8.0,45.0,True,504.0,9.15977591774213e-05,0.00048199328129503604,4.059780700348137e-06,1.52983238313076e-05,0.0004566605173566806,0.0022775388363772218,2.873076840579135e-05,9.112977920650685e-05
NeuralNetwork,0.0001,8.0,45.0,True,505.0,9.159697596274939e-05,0.0004819905500848981,4.058885149597479e-06,1.529381783664066e-05,0.0004566784643527097,0.0022775236540620433,2.8733489156331655e-05,9.108775254315551e-05
NeuralNetwork,0.0001,8.0,45.0,True,506.0,9.155712238540547e-05,0.00048198087035485033,4.045789210361773e-06,1.5275153730596814e-05,0.00045656248833398396,0.002277495913535544,2.86980871837469e-05,9.103546375935932e-05
NeuralNetwork,0.0001,8.0,45.0,True,507.0,9.15502541952056e-05,0.0004819790629363767,4.0426337589431965e-06,1.527051845530294e-05,0.00045654126120813236,0.002277493289431686,2.8698728566274702e-05,9.102046302279586e-05
NeuralNetwork,0.0001,8.0,45.0,True,508.0,9.152958937732357e-05,0.00048197408249436044,4.0371647491207666e-06,1.526103076346801e-05,0.0004564554155247766,0.002277462362493359,2.8669623271474297e-05,9.095871457888645e-05
NeuralNetwork,0.0001,8.0,45.0,True,509.0,9.153359582160682e-05,0.0004819703471628482,4.0407249869683365e-06,1.5240698560791196e-05,0.0004564349850018819,0.002277440994790515,2.8662380627678625e-05,9.089886978174905e-05
NeuralNetwork,0.0001,8.0,45.0,True,510.0,9.150405457077643e-05,0.00048196588886394653,4.030398853785908e-06,1.5233322034145623e-05,0.0004564030740246083,0.002277441931970464,2.8657586366500494e-05,9.088265656862618e-05
NeuralNetwork,0.0001,8.0,45.0,True,511.0,9.14980900898134e-05,0.0004819608280922203,4.02924536935724e-06,1.5220406522969352e-05,0.00045628049088724,0.002277390761945233,2.8622365972530917e-05,9.076484133424999e-05
NeuralNetwork,0.0001,8.0,45.0,True,512.0,9.146405037522637e-05,0.0004819521926484018,4.019354773820893e-06,1.5200565084614201e-05,0.0004562639965201324,0.0022773832645056383,2.8619299636884306e-05,9.075754304539482e-05
NeuralNetwork,0.0001,8.0,45.0,True,513.0,9.145644917642331e-05,0.0004819481761629048,4.017028350111931e-06,1.5189628947696917e-05,0.0004561908027660922,0.002277357960647007,2.8591371674395208e-05,9.070494967811512e-05
NeuralNetwork,0.0001,8.0,45.0,True,514.0,9.14444398847873e-05,0.00048194733270095043,4.0139676626480495e-06,1.5183535186106947e-05,0.00045610223926088346,0.0022773364055081735,2.8571154945676432e-05,9.064825614855724e-05
NeuralNetwork,0.0001,8.0,45.0,True,515.0,9.142752043963121e-05,0.0004819405448404605,4.007276762628331e-06,1.5176074564296281e-05,0.000456032653649648,0.002277305853441826,2.8547760591192065e-05,9.059416915073334e-05
NeuralNetwork,0.0001,8.0,45.0,True,516.0,9.141388447136892e-05,0.00048193693000351325,4.0039079354177266e-06,1.5160855849717826e-05,0.00045594587078634296,0.0022772931077945156,2.8520690734094045e-05,9.054516049675972e-05
NeuralNetwork,0.0001,8.0,45.0,True,517.0,9.138667278212678e-05,0.0004819290978567941,3.997761143667678e-06,1.514314565897952e-05,0.0004558761445981152,0.0022772595567523307,2.850329433128519e-05,9.04581257663433e-05
NeuralNetwork,0.0001,8.0,45.0,True,518.0,9.137213310462767e-05,0.000481927933076,3.992721709520669e-06,1.5137100848306542e-05,0.0004558454050957782,0.002277256370340503,2.849699765350084e-05,9.046021099173047e-05
NeuralNetwork,0.0001,8.0,45.0,True,519.0,9.136086686280859e-05,0.0004819221091720293,3.990296756401859e-06,1.5123462369740813e-05,0.0004557889868628304,0.002277227505198065,2.8481651331831074e-05,9.039132240808235e-05
NeuralNetwork,0.0001,8.0,45.0,True,520.0,9.134355581031655e-05,0.00048191845417022705,3.984730472321298e-06,1.511306469291047e-05,0.0004557351458747432,0.0022772063249312108,2.8463174243393184e-05,9.033133117657787e-05
NeuralNetwork,0.0001,8.0,45.0,True,521.0,9.132866469033645e-05,0.0004819149196629897,3.980167054463268e-06,1.5106183951193432e-05,0.00045565197115424297,0.002277188518512174,2.844233956164534e-05,9.029915661744351e-05
NeuralNetwork,0.0001,8.0,45.0,True,522.0,9.131308072660811e-05,0.00048190781048366,3.976002774851502e-06,1.508452003254402e-05,0.00045560103542399856,0.0022771650890134414,2.8419774025678635e-05,9.023194324295476e-05
NeuralNetwork,0.0001,8.0,45.0,True,523.0,9.12975971750172e-05,0.0004819023882282391,3.970849121898172e-06,1.5078352217002699e-05,0.000455508254609018,0.002277131163099277,2.8395260912629794e-05,9.018059749648256e-05
NeuralNetwork,0.0001,8.0,45.0,True,524.0,9.129858121396397e-05,0.0004819001791612157,3.971753772498784e-06,1.5069989141106927e-05,0.00045551420570169604,0.002277124415403642,2.8398930557868766e-05,9.014113050586773e-05
NeuralNetwork,0.0001,8.0,45.0,True,525.0,9.125888829603991e-05,0.0004818900576177633,3.959142949402011e-06,1.5046891839195775e-05,0.0004554259702094696,0.0022770966748771426,2.8379211705998056e-05,9.00816781528341e-05
NeuralNetwork,0.0001,8.0,45.0,True,526.0,9.125000182187782e-05,0.00048188732640762534,3.9571632613550944e-06,1.5040705196378687e-05,0.0004554191756548372,0.0022770944256452646,2.837903012738288e-05,9.009903355402016e-05
NeuralNetwork,0.0001,8.0,45.0,True,527.0,9.123251002753842e-05,0.0004818816229982196,3.951967560819217e-06,1.5026958774765225e-05,0.0004552756934045996,0.0022770505656236374,2.8332188702041998e-05,8.997505050410264e-05
NeuralNetwork,0.0001,8.0,45.0,True,528.0,9.122092246687959e-05,0.00048187973525003604,3.947399749930175e-06,1.5021724792101955e-05,0.0004552648221171877,0.002277047941519779,2.8328984718090334e-05,8.99974783917643e-05
NeuralNetwork,0.0001,8.0,45.0,True,529.0,9.119736577943971e-05,0.00048187326870838585,3.940859781904522e-06,1.5005834571354473e-05,0.0004551700732243136,0.0022770170145814525,2.8304117233873165e-05,8.989734657155643e-05
NeuralNetwork,0.0001,8.0,45.0,True,530.0,9.119212426586614e-05,0.0004818709391467976,3.940634795959105e-06,1.4993027003225933e-05,0.00045512902474253433,0.0022770007076503345,2.8293553458632164e-05,8.98433767212262e-05
NeuralNetwork,0.0001,8.0,45.0,True,531.0,9.116780444618184e-05,0.000481863789802613,3.932256972030649e-06,1.4983293301654311e-05,0.0004551157636462517,0.0022769819640513487,2.8292777356486652e-05,8.981522617849914e-05
NeuralNetwork,0.0001,8.0,45.0,True,532.0,9.116192029492874e-05,0.00048186049628450543,3.9304435915863415e-06,1.497428256747215e-05,0.00045500058423048295,0.0022769551607047986,2.8250905913564395e-05,8.974520126416248e-05
NeuralNetwork,0.0001,8.0,45.0,True,533.0,9.113727915640469e-05,0.00048185591749103887,3.923185049202243e-06,1.4961127322317777e-05,0.00045495536529792927,0.002276936042233833,2.8247895222977274e-05,8.970359047441363e-05
NeuralNetwork,0.0001,8.0,45.0,True,534.0,9.112344236386754e-05,0.00048185214199467167,3.91980429805032e-06,1.4949121796136917e-05,0.0004548237383740503,0.0022769071770913944,2.8205133459103183e-05,8.962936582242917e-05
NeuralNetwork,0.0001,8.0,45.0,True,535.0,9.111485712611772e-05,0.00048184607710157124,3.918367149333427e-06,1.4933168817803545e-05,0.00045479576355256376,0.002276894618880074,2.819924972623399e-05,8.958446318810841e-05
NeuralNetwork,0.0001,8.0,45.0,True,536.0,9.108282565427919e-05,0.0004818400925381807,3.907414695443811e-06,1.4923126348909341e-05,0.0004546858792035085,0.0022768710019453516,2.8169388830099467e-05,8.953027075754021e-05
NeuralNetwork,0.0001,8.0,45.0,True,537.0,9.107988357865264e-05,0.00048183896792224155,3.90636036800085e-06,1.4918331669347306e-05,0.0004546251030837965,0.002276851508602406,2.8152812459746247e-05,8.947812255073643e-05
NeuralNetwork,0.0001,8.0,45.0,True,538.0,9.106565517877954e-05,0.00048183563423927905,3.902860691223665e-06,1.4907767057338494e-05,0.0004545778692143518,0.002276830140899562,2.814028060661172e-05,8.94299104997197e-05
NeuralNetwork,0.0001,8.0,45.0,True,539.0,9.104894659911204e-05,0.0004818293685219037,3.898434398690806e-06,1.4890882756430506e-05,0.0004545224818793483,0.002276808960632708,2.8125669385464687e-05,8.937550134628823e-05
NeuralNetwork,0.0001,8.0,45.0,True,540.0,9.102910516075689e-05,0.0004818229823099635,3.89276268186595e-06,1.4876315465593595e-05,0.0004544659699284056,0.0022767922788296106,2.8109353668284865e-05,8.93363799407797e-05
NeuralNetwork,0.0001,8.0,45.0,True,541.0,9.100420295067554e-05,0.00048181820269222207,3.884438829461358e-06,1.4866392236112584e-05,0.0004544517716521737,0.002276782344722148,2.8102509325967645e-05,8.932484091265396e-05
NeuralNetwork,0.0001,8.0,45.0,True,542.0,9.101200497375344e-05,0.00048181575263606894,3.8881026173256475e-06,1.4860936091595262e-05,0.00045432998511776233,0.0022767441077802164,2.806798595958536e-05,8.921449968837342e-05
NeuralNetwork,0.0001,8.0,45.0,True,543.0,9.099324798648248e-05,0.0004818124189531064,3.8826116423481555e-06,1.4847375432436035e-05,0.0004542878120200439,0.002276730050080977,2.8058127997993672e-05,8.918271757334283e-05
NeuralNetwork,0.0001,8.0,45.0,True,544.0,9.097847736106728e-05,0.00048180800081905974,3.878422573489963e-06,1.4839991374880156e-05,0.0004542300348761696,0.0022767084949421434,2.8043024757373258e-05,8.913090909427067e-05
NeuralNetwork,0.0001,8.0,45.0,True,545.0,9.096050358846823e-05,0.000481804948290082,3.872233420369439e-06,1.4831304469841189e-05,0.0004542355642378705,0.002276705308530316,2.8048331538836162e-05,8.912385095777752e-05
NeuralNetwork,0.0001,8.0,45.0,True,546.0,9.094843404954977e-05,0.0004817984014187219,3.867643644325335e-06,1.4820635680239797e-05,0.00045415463874924855,0.0022766743815919887,2.8022898817962072e-05,8.906995139594348e-05
NeuralNetwork,0.0001,8.0,45.0,True,547.0,9.092746799525547e-05,0.0004817930594930109,3.862227664662982e-06,1.4804442967928323e-05,0.00045406410716614635,0.0022766526390171652,2.7997961045248702e-05,8.900798037179611e-05
NeuralNetwork,0.0001,8.0,45.0,True,548.0,9.091802925433753e-05,0.00048179289883359104,3.859462879216574e-06,1.4800354938783414e-05,0.00045405604741858234,0.0022766509520932565,2.799786439856643e-05,8.898449229931682e-05
NeuralNetwork,0.0001,8.0,45.0,True,549.0,9.091497672535982e-05,0.0004817896053154835,3.860006046122457e-06,1.4791079367588795e-05,0.00045396617186144466,0.002276614214639244,2.797041966948869e-05,8.89013058640672e-05
NeuralNetwork,0.0001,8.0,45.0,True,550.0,9.089032554562201e-05,0.0004817845847086122,3.851006294517825e-06,1.4777696939973497e-05,0.00045396490666851306,0.002276610840791426,2.7972458035878417e-05,8.8889960129306e-05
NeuralNetwork,0.0001,8.0,45.0,True,551.0,9.087875806739067e-05,0.0004817807288825351,3.848361376060469e-06,1.4768452747571823e-05,0.00045385605321740204,0.0022765911600124912,2.7938742987202398e-05,8.884116819819565e-05
NeuralNetwork,0.0001,8.0,45.0,True,552.0,9.084942768204887e-05,0.00048177510580283935,3.8394893361431245e-06,1.4753871650066017e-05,0.00045377615862672436,0.0022765611702541136,2.7917266922926752e-05,8.876747656730736e-05
NeuralNetwork,0.0001,8.0,45.0,True,553.0,9.083926597374147e-05,0.00048176964338256343,3.836225314100959e-06,1.4741500874735274e-05,0.000453703761475641,0.0022765394276792897,2.789444366247399e-05,8.87103203051495e-05
NeuralNetwork,0.0001,8.0,45.0,True,554.0,9.083932622102392e-05,0.00048177004503111313,3.836171342577092e-06,1.4741254864998584e-05,0.0004536645404947629,0.002276529868443807,2.7882778700792563e-05,8.870254756894501e-05
NeuralNetwork,0.0001,8.0,45.0,True,555.0,9.083109242575509e-05,0.0004817651047539518,3.835935687842073e-06,1.4722560635313512e-05,0.0004536455626007896,0.0022765120620247704,2.7882084601892615e-05,8.863489489135502e-05
NeuralNetwork,0.0001,8.0,45.0,True,556.0,9.078837710249456e-05,0.00048175703161810286,3.821015699372459e-06,1.4708720077321215e-05,0.0004535291648510867,0.0022764929435538047,2.7847587593696403e-05,8.859732569013752e-05
NeuralNetwork,0.0001,8.0,45.0,True,557.0,9.078913019352525e-05,0.0004817545413970947,3.822444689603186e-06,1.4700167473516053e-05,0.0004534871791893581,0.002276468202003143,2.7836502512108604e-05,8.854048572621255e-05
NeuralNetwork,0.0001,8.0,45.0,True,558.0,9.07682243865134e-05,0.0004817506454061626,3.815204346918996e-06,1.4693018129331403e-05,0.0004534245287097475,0.002276447958916238,2.7817955135174516e-05,8.849571195413482e-05
NeuralNetwork,0.0001,8.0,45.0,True,559.0,9.076072359984776e-05,0.000481746146942406,3.814467259072711e-06,1.4682853910720573e-05,0.000453305647433179,0.0022764074727424284,2.778331462129857e-05,8.84035403061213e-05
NeuralNetwork,0.0001,8.0,45.0,True,560.0,9.074192644772182e-05,0.00048174060419242014,3.808228841247263e-06,1.4667874930120221e-05,0.0004533022735853615,0.002276404286330601,2.7783953075139027e-05,8.839866111301026e-05
NeuralNetwork,0.0001,8.0,45.0,True,561.0,9.072947534268114e-05,0.0004817400017195956,3.805056131492567e-06,1.4658271764327252e-05,0.00045324637080138583,0.002276396414019027,2.776978408578057e-05,8.834549372301162e-05
NeuralNetwork,0.0001,8.0,45.0,True,562.0,9.07129675872885e-05,0.0004817346196290296,3.800236662684104e-06,1.4647393364388987e-05,0.0004531862975666358,0.002276370735288416,2.7753916457764007e-05,8.82932517982129e-05
NeuralNetwork,0.0001,8.0,45.0,True,563.0,9.070734450759271e-05,0.00048173208924316653,3.7986827848574544e-06,1.4644295649949432e-05,0.00045316366467086026,0.0022763557404092273,2.7750642185316145e-05,8.824194705336349e-05
NeuralNetwork,0.0001,8.0,45.0,True,564.0,9.068062483782396e-05,0.00048172461858014213,3.7906375761342176e-06,1.4626090929434306e-05,0.0004531001238702978,0.002276335122450343,2.773546279882485e-05,8.819289739776707e-05
NeuralNetwork,0.0001,8.0,45.0,True,565.0,9.067161786909695e-05,0.00048172325297507316,3.7881282140623847e-06,1.461966204233568e-05,0.00045302791415520433,0.0022763163788513566,2.7710337590121623e-05,8.81529208155548e-05
NeuralNetwork,0.0001,8.0,45.0,True,566.0,9.066676796285932e-05,0.0004817205217649352,3.787636822164862e-06,1.4610268486879585e-05,0.0004529214973719615,0.0022762923870446546,2.767613930803425e-05,8.809147109775424e-05
NeuralNetwork,0.0001,8.0,45.0,True,567.0,9.065125428762719e-05,0.00048171614379574347,3.782790995170325e-06,1.4600446924687717e-05,0.00045292271570589556,0.0022762809534492734,2.7682731783240097e-05,8.807143887633797e-05
NeuralNetwork,0.0001,8.0,45.0,True,568.0,9.063672465134181e-05,0.00048171393472872014,3.777956150753318e-06,1.4593080439255887e-05,0.0004528550513135562,0.0022762708319058206,2.7664020399814882e-05,8.804647474543854e-05
NeuralNetwork,0.0001,8.0,45.0,True,569.0,9.06127562741385e-05,0.0004817055402740314,3.771186803751236e-06,1.4575228416373466e-05,0.0004527115690633186,0.002276227721628153,2.7620549893604135e-05,8.795100539547843e-05
NeuralNetwork,0.0001,8.0,45.0,True,570.0,9.0611762193978e-05,0.00048170602225229103,3.7709210253749896e-06,1.4572029034644767e-05,0.00045271185021730336,0.0022762271593201834,2.761828601828911e-05,8.794845743749127e-05
NeuralNetwork,0.0001,8.0,45.0,True,571.0,9.059787519537213e-05,0.00048170092131570987,3.768061162185958e-06,1.4562988176821377e-05,0.0004526447481329336,0.0022761924836620594,2.760084275648279e-05,8.787249314522594e-05
NeuralNetwork,0.0001,8.0,45.0,True,572.0,9.05830945287432e-05,0.0004816979089515871,3.7627154710198027e-06,1.4554223452375906e-05,0.0004525870647070543,0.00227617823852683,2.7585853734668695e-05,8.783620085168934e-05
NeuralNetwork,0.0001,8.0,45.0,True,573.0,9.05687255518777e-05,0.0004816956597197088,3.7574573266859646e-06,1.4547451908858318e-05,0.0004525335985909468,0.002276172615447134,2.757230855571399e-05,8.781169359601519e-05
NeuralNetwork,0.0001,8.0,45.0,True,574.0,9.054478729831562e-05,0.00048169019729943287,3.7505464613276995e-06,1.453618566703925e-05,0.0004525496243680798,0.0022761638059556107,2.7583071481694214e-05,8.779845007185666e-05
NeuralNetwork,0.0001,8.0,45.0,True,575.0,9.054798040428574e-05,0.0004816875062541499,3.7528945364037935e-06,1.4526492130322597e-05,0.0004524754465750928,0.0022761403764568785,2.7557471825641658e-05,8.771658740328543e-05
NeuralNetwork,0.0001,8.0,45.0,True,576.0,9.052411243921984e-05,0.0004816840520766225,3.745858155873747e-06,1.4514976113311685e-05,0.00045242141815101576,0.0022761253815776895,2.7546222737562732e-05,8.767914706431095e-05
NeuralNetwork,0.0001,8.0,45.0,True,577.0,9.051275582647709e-05,0.0004816792322940261,3.7428162956856333e-06,1.4503276844149972e-05,0.00045234007093141663,0.0022761030766948963,2.75187575076736e-05,8.764261461841236e-05
NeuralNetwork,0.0001,8.0,45.0,True,578.0,9.04947017241681e-05,0.00048167376987375015,3.7374078469335873e-06,1.4489274371586077e-05,0.00045223890235588987,0.002276072712064539,2.749541294087404e-05,8.756402622228898e-05
NeuralNetwork,0.0001,8.0,45.0,True,579.0,9.049031371376263e-05,0.00048167316740092565,3.735475540864018e-06,1.4486884562715366e-05,0.0004522337947251662,0.002276065214624945,2.7491514858022425e-05,8.754913091846982e-05
NeuralNetwork,0.0001,8.0,45.0,True,580.0,9.046816279624671e-05,0.0004816675443212298,3.7305117296080064e-06,1.4473706724830072e-05,0.00045219185592243504,0.0022760520941056545,2.748334674902682e-05,8.752141382146931e-05
NeuralNetwork,0.0001,8.0,45.0,True,581.0,9.046749003492597e-05,0.0004816675443212298,3.7293190216881566e-06,1.44714323899174e-05,0.00045213590627946195,0.0022760535935935733,2.7466530226311595e-05,8.749853491595706e-05
NeuralNetwork,0.0001,8.0,45.0,True,582.0,9.044268823698203e-05,0.00048165947118538086,3.7225976842392807e-06,1.445602791288471e-05,0.0004521057290850945,0.002276019855115399,2.7460420984517105e-05,8.742398225099036e-05
NeuralNetwork,0.0001,8.0,45.0,True,583.0,9.04329884245068e-05,0.0004816562178321283,3.720732842574544e-06,1.4444365043122813e-05,0.0004520132762830962,0.0022759943638207777,2.7427663616601775e-05,8.737637936694068e-05
NeuralNetwork,0.0001,8.0,45.0,True,584.0,9.042039674247372e-05,0.00048165485222705936,3.7162692092780795e-06,1.443823237182959e-05,0.00045200081178977053,0.00227599155228093,2.743438202536331e-05,8.733122486550853e-05
NeuralNetwork,0.0001,8.0,45.0,True,585.0,9.0406660362074e-05,0.0004816510365658372,3.7124965370022705e-06,1.4426725140880704e-05,0.00045191852739022214,0.002275967373038238,2.74064745636856e-05,8.7270144162313e-05
NeuralNetwork,0.0001,8.0,45.0,True,586.0,9.039412892732337e-05,0.0004816483455205542,3.7082964855665464e-06,1.4420605021104658e-05,0.0004518873192979105,0.00227596418662641,2.7400195458025303e-05,8.727341843476086e-05
NeuralNetwork,0.0001,8.0,45.0,True,587.0,9.037623548443427e-05,0.0004816409953520947,3.7038626621233806e-06,1.4405323548940314e-05,0.0004517508658972926,0.0022759281989163573,2.736503949517724e-05,8.718470849518506e-05
NeuralNetwork,0.0001,8.0,45.0,True,588.0,9.036311161807283e-05,0.0004816391477687661,3.6995534124882074e-06,1.440018370265588e-05,0.0004517712027021924,0.002275925574812499,2.7368732569914943e-05,8.717516683182626e-05
NeuralNetwork,0.0001,8.0,45.0,True,589.0,9.03564844170028e-05,0.0004816362960640632,3.69901871785642e-06,1.439197375526968e-05,0.00045167575092435635,0.002275895210182142,2.7348524627258194e-05,8.709100807237926e-05
NeuralNetwork,0.0001,8.0,45.0,True,590.0,9.033525729115119e-05,0.0004816332033702305,3.691642191210847e-06,1.4390526565339046e-05,0.00045167439201342985,0.0022758942730021926,2.7344152097057247e-05,8.713640858354809e-05
NeuralNetwork,0.0001,8.0,45.0,True,591.0,9.03237500602023e-05,0.0004816276204553897,3.6904049254050154e-06,1.4367530930717036e-05,0.00045155705708377765,0.0022758614717039672,2.7308269819748477e-05,8.700789778300052e-05
NeuralNetwork,0.0001,8.0,45.0,True,592.0,9.031820731021645e-05,0.0004816276606202447,3.6883380043137106e-06,1.4368379413278277e-05,0.0004515511059910996,0.0022758639083718356,2.7314223841113864e-05,8.700496909565895e-05
NeuralNetwork,0.0001,8.0,45.0,True,593.0,9.030100671107557e-05,0.0004816235236401828,3.6827142970420603e-06,1.435804700433726e-05,0.00045145912177907595,0.0022758249216859447,2.7286120157384272e-05,8.694179730970154e-05
NeuralNetwork,0.0001,8.0,45.0,True,594.0,9.027943818395671e-05,0.0004816164546257081,3.676598570297028e-06,1.4343434528038508e-05,0.0004514057493809634,0.0022758140503985327,2.7266328088330022e-05,8.690702207620789e-05
NeuralNetwork,0.0001,8.0,45.0,True,595.0,9.026919614593937e-05,0.00048161392423984496,3.6739947580584297e-06,1.4332205940770975e-05,0.00045140157893018904,0.0022757996178273134,2.7267042688041363e-05,8.686604974029949e-05
NeuralNetwork,0.0001,8.0,45.0,True,596.0,9.025440543809669e-05,0.0004816070560496451,3.6698499332982896e-06,1.4321877297285111e-05,0.0004513617019233464,0.0022757784375604592,2.7259351955082433e-05,8.682779522624405e-05
NeuralNetwork,0.0001,8.0,45.0,True,597.0,9.024888277053833e-05,0.0004816044453340721,3.6692280056221146e-06,1.4311003917953717e-05,0.0004513247301743465,0.002275765504477159,2.7247812926956692e-05,8.67874672015508e-05
NeuralNetwork,0.0001,8.0,45.0,True,598.0,9.023446358760413e-05,0.0004816036822018276,3.6654148547034058e-06,1.430766019377747e-05,0.0004512682182234038,0.0022757476980581224,2.7235655945801886e-05,8.673591644696469e-05
NeuralNetwork,0.0001,8.0,45.0,True,599.0,9.023003541234368e-05,0.0004816001476945903,3.6628392833784583e-06,1.430304500091108e-05,0.00045121489268428876,0.0022757285795871568,2.721828297249176e-05,8.67063894211871e-05
NeuralNetwork,0.0001,8.0,45.0,True,600.0,9.021506396265364e-05,0.00048159701483590264,3.6598153091023233e-06,1.4288035896669502e-05,0.0004511726258685754,0.0022757276424072072,2.7212194231508664e-05,8.665579341867435e-05
NeuralNetwork,0.0001,8.0,45.0,True,601.0,9.020015276024605e-05,0.0004815923557127261,3.655303980040582e-06,1.4281286945882834e-05,0.00045103720336590175,0.00227568396982157,2.716829613694605e-05,8.659874844663548e-05
NeuralNetwork,0.0001,8.0,45.0,True,602.0,9.018336385086861e-05,0.0004815893433486034,3.6492328111815326e-06,1.4271757834041215e-05,0.00045105229196308545,0.0022756845321295397,2.7172803386764707e-05,8.660269045979722e-05
NeuralNetwork,0.0001,8.0,45.0,True,603.0,9.018500056870865e-05,0.00048158886137034373,3.651531935340632e-06,1.4268830820235281e-05,0.0004510346729800386,0.0022756607277588273,2.717228500910525e-05,8.652913940590133e-05
NeuralNetwork,0.0001,8.0,45.0,True,604.0,9.017458783005768e-05,0.00048158737527070986,3.6474614783197723e-06,1.4262428291322729e-05,0.0004509471872317716,0.0022756607277588273,2.7148509925266483e-05,8.651268018304177e-05
NeuralNetwork,0.0001,8.0,45.0,True,605.0,9.014870158102956e-05,0.00048157998493739536,3.639753591620697e-06,1.4246402514189723e-05,0.00045088673912504183,0.002275631862616389,2.7129994763893153e-05,8.646588561669835e-05
NeuralNetwork,0.0001,8.0,45.0,True,606.0,9.014285759463144e-05,0.0004815758077924785,3.6395901081094523e-06,1.4235231663901209e-05,0.00045083528794582535,0.0022756018728580115,2.7115708627041032e-05,8.638208415710701e-05
NeuralNetwork,0.0001,8.0,45.0,True,607.0,9.013505557155352e-05,0.0004815735987254551,3.6374039476049557e-06,1.4226586178868929e-05,0.00045078088464976855,0.0022756013105500418,2.709597513173361e-05,8.637396583579621e-05
NeuralNetwork,0.0001,8.0,45.0,True,608.0,9.011747340629042e-05,0.0004815705863613324,3.630869313974104e-06,1.4221605736852656e-05,0.0004507449906577104,0.0022755791931032385,2.709106372306182e-05,8.63430974712162e-05
NeuralNetwork,0.0001,8.0,45.0,True,609.0,9.009475013959119e-05,0.0004815641599845372,3.6245584111369525e-06,1.4206049386462111e-05,0.00045062535963718246,0.0022755552012965366,2.7056833225413687e-05,8.629291148493125e-05
NeuralNetwork,0.0001,8.0,45.0,True,610.0,9.009157711604856e-05,0.0004815651239410565,3.6256629446486258e-06,1.4207101203601637e-05,0.0004505731587140065,0.002275542455649226,2.7044219369033596e-05,8.623897677884911e-05
NeuralNetwork,0.0001,8.0,45.0,True,611.0,9.007039015505191e-05,0.00048155998283962035,3.6182211501137267e-06,1.4194519562782303e-05,0.00045057128435410795,0.002275536082825571,2.7042125357584383e-05,8.623432016597603e-05
NeuralNetwork,0.0001,8.0,45.0,True,612.0,9.005821016278229e-05,0.00048155468107876433,3.6161429326569616e-06,1.417910504453587e-05,0.0004504481389087701,0.0022755014071674465,2.700785678700081e-05,8.614120548063854e-05
NeuralNetwork,0.0001,8.0,45.0,True,613.0,9.004503609035214e-05,0.0004815498612961679,3.6122262317215335e-06,1.416848269554804e-05,0.0004503954693956195,0.002275481351516532,2.6995295646992868e-05,8.609787262273285e-05
NeuralNetwork,0.0001,8.0,45.0,True,614.0,9.00354065663731e-05,0.0004815492186584884,3.609881922100593e-06,1.4161640863534253e-05,0.0004503636521363408,0.002275491660495974,2.698607028186696e-05,8.609097263535614e-05
NeuralNetwork,0.0001,8.0,45.0,True,615.0,9.002634939157738e-05,0.00048154395706248733,3.606691012645989e-06,1.415475761151378e-05,0.0004503615434814549,0.002275463357661505,2.698619621542265e-05,8.605263026068046e-05
NeuralNetwork,0.0001,8.0,45.0,True,616.0,9.001281383545251e-05,0.00048154202914944876,3.603225852541043e-06,1.4148742924482032e-05,0.0004502740108741904,0.002275458671761759,2.6962134120224408e-05,8.60254168979027e-05
NeuralNetwork,0.0001,8.0,45.0,True,617.0,8.999702904744933e-05,0.0004815380126639518,3.5983103646261672e-06,1.413715159836805e-05,0.0004502548455442273,0.0022754324307231785,2.695939286887271e-05,8.598221290224003e-05
NeuralNetwork,0.0001,8.0,45.0,True,618.0,8.997330165937582e-05,0.0004815316666168665,3.590949527377067e-06,1.4124652797562092e-05,0.0004501630956271909,0.0022754065645565775,2.6932036000415213e-05,8.592256139846718e-05
NeuralNetwork,0.0001,8.0,45.0,True,619.0,8.99844976126987e-05,0.0004815313051331718,3.5956714081394705e-06,1.4117630223700943e-05,0.0004500796397527059,0.0022753868837776426,2.6900004946960593e-05,8.58771433151743e-05
NeuralNetwork,0.0001,8.0,45.0,True,620.0,8.995803901448726e-05,0.0004815282124393391,3.586329313903806e-06,1.4111085862644278e-05,0.0004501041001493826,0.0022753810732619568,2.690968425862444e-05,8.588004857301712e-05
NeuralNetwork,0.0001,8.0,45.0,True,621.0,8.994953410644737e-05,0.00048152319183246786,3.5852953826762594e-06,1.4100508699118288e-05,0.00045006834673431685,0.002275361954790991,2.690077226304408e-05,8.581544173026234e-05
NeuralNetwork,0.0001,8.0,45.0,True,622.0,8.994444321107993e-05,0.0004815233926567427,3.582873567436744e-06,1.4100337998484665e-05,0.0004500061648446809,0.0022753546447873865,2.6884441902427552e-05,8.581553544825728e-05
NeuralNetwork,0.0001,8.0,45.0,True,623.0,8.992996378086326e-05,0.00048151881386327615,3.5799757359082486e-06,1.4088088972870551e-05,0.00045001291254031584,0.0022753495840156603,2.688748187988809e-05,8.577979960531559e-05
NeuralNetwork,0.0001,8.0,45.0,True,624.0,8.991107625781365e-05,0.00048151636380712297,3.5742352995268416e-06,1.4079762296374597e-05,0.000449897733124547,0.0022753293409287553,2.6857333972394093e-05,8.573302261109622e-05
NeuralNetwork,0.0001,8.0,45.0,True,625.0,8.990292279225475e-05,0.00048151226699191606,3.5717927742839823e-06,1.4072756039485777e-05,0.0004498957650466535,0.0022753104098937795,2.6852457707970398e-05,8.571157876238133e-05
NeuralNetwork,0.0001,8.0,45.0,True,626.0,8.99005229421703e-05,0.00048151070056257224,3.5723921092292367e-06,1.4066741352454029e-05,0.00044989553075166616,0.002275311347073729,2.685983214269644e-05,8.56913298181018e-05
NeuralNetwork,0.0001,8.0,45.0,True,627.0,8.988365370308292e-05,0.0004815059611096858,3.5662208420206916e-06,1.4059278220339927e-05,0.00044978016389990753,0.0022752762965436253,2.68208513141803e-05,8.565192140123379e-05
NeuralNetwork,0.0001,8.0,45.0,True,628.0,8.987198581271416e-05,0.00048150302907527294,3.5639399175615004e-06,1.4047532510564655e-05,0.00044975167362944885,0.0022752648629482436,2.681475378713518e-05,8.559371081163299e-05
NeuralNetwork,0.0001,8.0,45.0,True,629.0,8.985156198396195e-05,0.00048149712484159236,3.5571062440338805e-06,1.4035029944303544e-05,0.00044974900266659334,0.002275250242941035,2.6818285784069098e-05,8.556450008408828e-05
NeuralNetwork,0.0001,8.0,45.0,True,630.0,8.985063819229764e-05,0.0004814958797310883,3.5574554899993613e-06,1.4027915744366993e-05,0.0004496829314801678,0.0022752384344736734,2.679923174422492e-05,8.550906003271259e-05
NeuralNetwork,0.0001,8.0,45.0,True,631.0,8.983754444957744e-05,0.00048149367066406497,3.553683131511481e-06,1.4026114601651935e-05,0.00044963822799658627,0.0022752382470376835,2.6789432356380065e-05,8.553501991730816e-05
NeuralNetwork,0.0001,8.0,45.0,True,632.0,8.982209102162774e-05,0.0004814862803307505,3.5505063425137027e-06,1.400659071668139e-05,0.00044961376759990954,0.0022752033839435696,2.6780086915073155e-05,8.545470359565327e-05
NeuralNetwork,0.0001,8.0,45.0,True,633.0,8.981798416520708e-05,0.0004814857581876359,3.548756661019075e-06,1.400829897816933e-05,0.0004494991504921103,0.002275173394185192,2.6746368937709797e-05,8.538252316743323e-05
NeuralNetwork,0.0001,8.0,45.0,True,634.0,8.981233096187005e-05,0.00048148234417496347,3.5481959219891427e-06,1.399536589486901e-05,0.00044949858818414077,0.002275171144953314,2.6746140500097153e-05,8.53633109784726e-05
NeuralNetwork,0.0001,8.0,45.0,True,635.0,8.979641563808822e-05,0.0004814784883488863,3.5432336796727785e-06,1.3985698716338433e-05,0.0004493899690280171,0.0022751424672468653,2.6716478754701854e-05,8.529374879673592e-05
NeuralNetwork,0.0001,8.0,45.0,True,636.0,8.978717772144513e-05,0.0004814770825789624,3.5402605390412144e-06,1.3982287213969424e-05,0.00044944352886211946,0.0022751396557070176,2.6737500872439558e-05,8.529325091988785e-05
NeuralNetwork,0.0001,8.0,45.0,True,637.0,8.977651395245061e-05,0.0004814745120282443,3.537862257896408e-06,1.397195857048356e-05,0.0004493481239432809,0.0022751299090355446,2.670590912208617e-05,8.524715923850642e-05
NeuralNetwork,0.0001,8.0,45.0,True,638.0,8.976386202313508e-05,0.00048147053570760226,3.5332476926058773e-06,1.3966365614428996e-05,0.00044935121663711354,0.002275114726720366,2.6708524439882183e-05,8.524844200356201e-05
NeuralNetwork,0.0001,8.0,45.0,True,639.0,8.974722373196379e-05,0.00048146523394674624,3.5283758212131955e-06,1.3955201039899071e-05,0.0004492534687684017,0.002275084174654019,2.6680558404457645e-05,8.516192857949239e-05
NeuralNetwork,0.0001,8.0,45.0,True,640.0,8.974282568034458e-05,0.0004814649126279065,3.528527380783121e-06,1.3947141710719008e-05,0.0004492414728650507,0.0022750808008062014,2.667767071873887e-05,8.514084203063317e-05
NeuralNetwork,0.0001,8.0,45.0,True,641.0,8.972720155176127e-05,0.0004814608961424095,3.5224599773792244e-06,1.3940957578205356e-05,0.0004491514098719231,0.002275059995411327,2.6645118358937448e-05,8.509128864081401e-05
NeuralNetwork,0.0001,8.0,45.0,True,642.0,8.972582590547854e-05,0.0004814603338344399,3.523028874895322e-06,1.3935959564065033e-05,0.0004491869289920015,0.002275054747203611,2.6663434369571553e-05,8.506949334961814e-05
NeuralNetwork,0.0001,8.0,45.0,True,643.0,8.97063861156731e-05,0.0004814527025119956,3.5160769033182983e-06,1.3923001377730356e-05,0.0004491178588297382,0.0022750298182169595,2.6641574647254163e-05,8.502821057285153e-05
NeuralNetwork,0.0001,8.0,45.0,True,644.0,8.96955616872587e-05,0.00048144977047758283,3.5132142160379018e-06,1.391740967682751e-05,0.00044907104669127075,0.002275013698721832,2.6629944829820836e-05,8.499721920340316e-05
NeuralNetwork,0.0001,8.0,45.0,True,645.0,8.968491800069166e-05,0.000481446878608025,3.5110255452299696e-06,1.3908337440211176e-05,0.00044904218154883237,0.002275005264102288,2.661991114698866e-05,8.497832917005012e-05
NeuralNetwork,0.0001,8.0,45.0,True,646.0,8.967668420542283e-05,0.0004814447097058566,3.5077668575826037e-06,1.389947732423515e-05,0.00044901786172914807,0.002274996079738785,2.6618174435395116e-05,8.493898518430362e-05
NeuralNetwork,0.0001,8.0,45.0,True,647.0,8.966674340381777e-05,0.0004814416973417339,3.505671381789719e-06,1.389247734310492e-05,0.0004489226442462993,0.0022749711507521336,2.658459117764947e-05,8.489610334424853e-05
NeuralNetwork,0.0001,8.0,45.0,True,648.0,8.966428330645085e-05,0.00048144065305550466,3.504705542542864e-06,1.3890145271213228e-05,0.00044888173634151244,0.0022749499704852794,2.6572106183512404e-05,8.483559666377193e-05
NeuralNetwork,0.0001,8.0,45.0,True,649.0,8.963861796412506e-05,0.0004814328209087855,3.49657843517004e-06,1.3871825076740065e-05,0.0004488799088406113,0.0022749428479176648,2.657574068450328e-05,8.481057981650035e-05
NeuralNetwork,0.0001,8.0,45.0,True,650.0,8.962866712130627e-05,0.0004814318971171212,3.4935946257488747e-06,1.3865920843059484e-05,0.00044882156938876744,0.002274930477142334,2.655807191377166e-05,8.478874352368169e-05
NeuralNetwork,0.0001,8.0,45.0,True,651.0,8.962694003254256e-05,0.0004814289249178534,3.493217766445602e-06,1.3860113256061174e-05,0.0004488387666408371,0.002274926353550557,2.6568457039084825e-05,8.477074381128047e-05
NeuralNetwork,0.0001,8.0,45.0,True,652.0,8.96147098342042e-05,0.0004814273584885096,3.4893126756635636e-06,1.3856195927549886e-05,0.00044879125161740766,0.0022749109837993885,2.6552056389972098e-05,8.475157848131732e-05
NeuralNetwork,0.0001,8.0,45.0,True,653.0,8.959442658244439e-05,0.00048142181573852376,3.4836406450507774e-06,1.384428077229271e-05,0.0004487588720501594,0.0022748933648163417,2.6542485439739886e-05,8.470573866704724e-05
NeuralNetwork,0.0001,8.0,45.0,True,654.0,8.958303984606041e-05,0.00048141715661534725,3.4802225531352497e-06,1.3830698775554282e-05,0.000448676493932616,0.0022748748086533458,2.6517099577863262e-05,8.466680469752857e-05
NeuralNetwork,0.0001,8.0,45.0,True,655.0,8.95706991943709e-05,0.00048141567051571333,3.4755562128363593e-06,1.3828632795826766e-05,0.0004486576097566377,0.0022748714348055283,2.6513500221120488e-05,8.466085946222522e-05
NeuralNetwork,0.0001,8.0,45.0,True,656.0,8.956363017989619e-05,0.00048141197534905613,3.4732865847426284e-06,1.3817962751073657e-05,0.00044863478942487226,0.0022748598137741567,2.6506049640523564e-05,8.462813430987064e-05
NeuralNetwork,0.0001,8.0,45.0,True,657.0,8.955381991406979e-05,0.0004814097261171778,3.4720499465126553e-06,1.380880516414051e-05,0.0004485747630491197,0.002274839570687252,2.649468926232566e-05,8.456875224533321e-05
NeuralNetwork,0.0001,8.0,45.0,True,658.0,8.954504389325884e-05,0.00048140550880740595,3.4691872592322588e-06,1.380037807550713e-05,0.0004485487563055266,0.002274835072223495,2.6490129296134853e-05,8.45518595767471e-05
NeuralNetwork,0.0001,8.0,45.0,True,659.0,8.953584614147073e-05,0.0004814037415537873,3.4675163385079233e-06,1.379670926703597e-05,0.00044852710744869783,0.0022748213893962355,2.647982324537991e-05,8.45402736896239e-05
NeuralNetwork,0.0001,8.0,45.0,True,660.0,8.952361594313238e-05,0.0004814009300139394,3.4649439050622705e-06,1.378412009530633e-05,0.00044842420509026487,0.002274794586049686,2.6453385984747666e-05,8.446807568927981e-05
NeuralNetwork,0.0001,8.0,45.0,True,661.0,8.951892669631465e-05,0.0004814009300139394,3.4632036372055263e-06,1.378349502975086e-05,0.0004483971674487276,0.002274796647845574,2.644631027613046e-05,8.44438261580917e-05
NeuralNetwork,0.0001,8.0,45.0,True,662.0,8.951527169451237e-05,0.00048139932341974056,3.4609870392718727e-06,1.3782104321647525e-05,0.0004484665187649757,0.0022748041452851685,2.6465039231679725e-05,8.447430793594265e-05
NeuralNetwork,0.0001,8.0,45.0,True,663.0,8.950144494318898e-05,0.000481394744626274,3.4565390953718812e-06,1.377255638253014e-05,0.00044841366181583525,0.0022747814655303955,2.645431730732228e-05,8.442142755730347e-05
NeuralNetwork,0.0001,8.0,45.0,True,664.0,8.94820453182385e-05,0.00048138936253570803,3.452170226030112e-06,1.375782341166648e-05,0.0004483994635396034,0.0022747694696270446,2.6449959420558042e-05,8.437599190188653e-05
NeuralNetwork,0.0001,8.0,45.0,True,665.0,8.947526749896232e-05,0.0004813861091824555,3.4494870254453623e-06,1.375182002100019e-05,0.00044834220184470123,0.0022747576611596835,2.64348825381237e-05,8.434316131678768e-05
NeuralNetwork,0.0001,8.0,45.0,True,666.0,8.946423220505934e-05,0.0004813853058853561,3.446480937081206e-06,1.3747305240271226e-05,0.00044826933610364324,0.0022747421039725248,2.641390727938346e-05,8.430779448845101e-05
NeuralNetwork,0.0001,8.0,45.0,True,667.0,8.945735397364573e-05,0.0004813839001154321,3.445505056620608e-06,1.3737808762374272e-05,0.0004482635724469551,0.0022747385426887174,2.641415036043281e-05,8.42755379260711e-05
NeuralNetwork,0.0001,8.0,45.0,True,668.0,8.944834700491872e-05,0.0004813771122549422,3.442921326809495e-06,1.372552961311893e-05,0.0004481947365796791,0.002274704804210543,2.6390009190676347e-05,8.422388173874069e-05
NeuralNetwork,0.0001,8.0,45.0,True,669.0,8.944084621825309e-05,0.0004813769515955223,3.440880763904264e-06,1.3724403742028053e-05,0.00044820003164639264,0.002274716987549884,2.6403419650013342e-05,8.421475009160972e-05
NeuralNetwork,0.0001,8.0,45.0,True,670.0,8.943206015622841e-05,0.0004813741802205294,3.4389101757073017e-06,1.3716286675868972e-05,0.000448143425977455,0.0022746858731755673,2.6380921473855494e-05,8.417377775570132e-05
NeuralNetwork,0.0001,8.0,45.0,True,671.0,8.941498005165244e-05,0.0004813672718654746,3.433000921419849e-06,1.3703373674996137e-05,0.0004481251041094462,0.0022746633808567837,2.6375160745854647e-05,8.412876968863625e-05
NeuralNetwork,0.0001,8.0,45.0,True,672.0,8.940917623010928e-05,0.00048136875796510846,3.431581658614935e-06,1.3703053611308095e-05,0.0004480670458115872,0.0022746757516321145,2.635867809349636e-05,8.413133521874745e-05
NeuralNetwork,0.0001,8.0,45.0,True,673.0,8.939631343530516e-05,0.00048136474147961146,3.4269256733177166e-06,1.369483487785987e-05,0.0004480460998397203,0.0022746573829051085,2.635454278697008e-05,8.410279808929131e-05
NeuralNetwork,0.0001,8.0,45.0,True,674.0,8.939378304944205e-05,0.0004813598815321601,3.427395413848107e-06,1.3684784878055362e-05,0.000447990431350732,0.00227462814289069,2.6336507930320765e-05,8.403313633218502e-05
NeuralNetwork,0.0001,8.0,45.0,True,675.0,8.937845011605728e-05,0.0004813575921354268,3.421613243672083e-06,1.367733304230672e-05,0.0004479602541563646,0.002274623082118964,2.6330741344945237e-05,8.40090625222374e-05
NeuralNetwork,0.0001,8.0,45.0,True,676.0,8.936215322615323e-05,0.00048135196905573104,3.4177025047073145e-06,1.3663438512790557e-05,0.0004478075406836264,0.002274576035685509,2.627955081890214e-05,8.392180521158302e-05
NeuralNetwork,0.0001,8.0,45.0,True,677.0,8.936120935206143e-05,0.00048135526257383853,3.4168464912357676e-06,1.3669489599222122e-05,0.00044785782038790623,0.0022745985280042923,2.6302804596394112e-05,8.395729504478802e-05
NeuralNetwork,0.0001,8.0,45.0,True,678.0,8.936437233439032e-05,0.00048135393713362456,3.4189946834008004e-06,1.3662409288381951e-05,0.00044786545840449306,0.002274582970817134,2.630602908115717e-05,8.392266038828675e-05
NeuralNetwork,0.0001,8.0,45.0,True,679.0,8.934409912384424e-05,0.0004813474705919744,3.412607216308862e-06,1.3646319498511338e-05,0.00044777778522023617,0.0022745572920865233,2.627757395494659e-05,8.385013437496041e-05
NeuralNetwork,0.0001,8.0,45.0,True,680.0,8.933023220766587e-05,0.0004813427311390879,3.408190337413887e-06,1.3638636714846619e-05,0.00044769751575757873,0.0022745400479754563,2.6251983084956055e-05,8.379979023955903e-05
NeuralNetwork,0.0001,8.0,45.0,True,681.0,8.932172729962598e-05,0.00048134216883111836,3.4054117452985835e-06,1.3637207097040033e-05,0.00044766686997323667,0.002274530676175963,2.624706581890958e-05,8.377982244926429e-05
NeuralNetwork,0.0001,8.0,45.0,True,682.0,8.931818275117488e-05,0.00048134060240177454,3.404717646398634e-06,1.3627578828212707e-05,0.00044766808830717074,0.0022745261777122067,2.6245296891755277e-05,8.375867732665824e-05
NeuralNetwork,0.0001,8.0,45.0,True,683.0,8.930921594730284e-05,0.0004813369072351173,3.40284558761152e-06,1.3620207322174006e-05,0.00044759002121739415,0.0022745021859055044,2.62237973979809e-05,8.371669752230434e-05
NeuralNetwork,0.0001,8.0,45.0,True,684.0,8.929370227207071e-05,0.0004813323284416507,3.3974515731042287e-06,1.3608887108831071e-05,0.00044756701344963887,0.0022744900025661635,2.6217245924397833e-05,8.368455810741809e-05
NeuralNetwork,0.0001,8.0,45.0,True,685.0,8.92858801665653e-05,0.00048132963739636774,3.3946767464440786e-06,1.360490953303733e-05,0.00044751898297723736,0.0022744796935867213,2.620643028204546e-05,8.365407632956715e-05
NeuralNetwork,0.0001,8.0,45.0,True,686.0,8.927045686225685e-05,0.00048132718734021456,3.3908014655153386e-06,1.359176934970357e-05,0.0004474456017872073,0.002274457951011898,2.6181753162505492e-05,8.359183000880967e-05
NeuralNetwork,0.0001,8.0,45.0,True,687.0,8.925745349046034e-05,0.00048132401431667197,3.385705863328957e-06,1.358940213356378e-05,0.000447430560049021,0.002274453452548141,2.6183317081545885e-05,8.35951862845031e-05
NeuralNetwork,0.0001,8.0,45.0,True,688.0,8.925022381656575e-05,0.0004813193953583504,3.3843204896204233e-06,1.3578472272405085e-05,0.00044737976489576904,0.0022744315225373276,2.616759295920906e-05,8.353490804163914e-05
NeuralNetwork,0.0001,8.0,45.0,True,689.0,8.924456057201498e-05,0.00048131774859929663,3.381374020962863e-06,1.3575712193777619e-05,0.0004473888555412772,0.0022744302104853982,2.6172773807116273e-05,8.351877097438717e-05
NeuralNetwork,0.0001,8.0,45.0,True,690.0,8.923477038861607e-05,0.0004813129689815552,3.37866414840411e-06,1.3560201028848916e-05,0.00044732287807284664,0.0022744101548344835,2.6150861368426735e-05,8.347752334186866e-05
NeuralNetwork,0.0001,8.0,45.0,True,691.0,8.922520111191948e-05,0.00048131172387105115,3.376119328296249e-06,1.355814006972827e-05,0.0004472839851049507,0.0022744009704709803,2.614114691251479e-05,8.343842536585885e-05
NeuralNetwork,0.0001,8.0,45.0,True,692.0,8.920957698333617e-05,0.00048130662293446993,3.371003329894453e-06,1.3544600748148246e-05,0.00044720605859216656,0.0022743805399480857,2.6116414147915332e-05,8.342200714462208e-05
NeuralNetwork,0.0001,8.0,45.0,True,693.0,8.919683468309695e-05,0.000481302566284118,3.3680336409301127e-06,1.3536167383756278e-05,0.0004471375038788753,0.0022743608591691503,2.6097351322009127e-05,8.3334503824231e-05
NeuralNetwork,0.0001,8.0,45.0,True,694.0,8.918605041953753e-05,0.0004812996342497052,3.364923061185449e-06,1.3526382220964227e-05,0.00044710920104440655,0.0022743486758298095,2.6094141480682782e-05,8.330997313905812e-05
NeuralNetwork,0.0001,8.0,45.0,True,695.0,8.918724532397289e-05,0.0004813008391953543,3.3647046647865494e-06,1.3528143198824314e-05,0.00044712667945046096,0.0022743484883938196,2.6099017745106476e-05,8.331218136931366e-05
NeuralNetwork,0.0001,8.0,45.0,True,696.0,8.917216342093167e-05,0.000481295858753338,3.3598955509797583e-06,1.3519537878647005e-05,0.0004470666062157109,0.0022743273081269654,2.608467010582018e-05,8.326705029738025e-05
NeuralNetwork,0.0001,8.0,45.0,True,697.0,8.915665978691327e-05,0.0004812916012787112,3.356212935839702e-06,1.3504225027689716e-05,0.0004470238239510254,0.0022743136252997057,2.607199767569326e-05,8.321042119894387e-05
NeuralNetwork,0.0001,8.0,45.0,True,698.0,8.915140823212595e-05,0.00048129079798161183,3.354182100360284e-06,1.3499480554196392e-05,0.0004469786987364667,0.0022743089393999594,2.606003984527768e-05,8.319470000529439e-05
NeuralNetwork,0.0001,8.0,45.0,True,699.0,8.914475090741468e-05,0.00048128794627690894,3.353166368832646e-06,1.3494856575267977e-05,0.0004469443510913249,0.0022742804491295006,2.6051315285687178e-05,8.31404021419819e-05
NeuralNetwork,0.0001,8.0,45.0,True,700.0,8.913658740064205e-05,0.00048128718314466453,3.3500479443897457e-06,1.3492376395473584e-05,0.00044692813787820205,0.002274286447081176,2.604366848303837e-05,8.314954550386226e-05
NeuralNetwork,0.0001,8.0,45.0,True,701.0,8.912897616062524e-05,0.00048128396995626694,3.348003929817291e-06,1.3486219876297722e-05,0.0004468817474707118,0.0022742675160462,2.603654884411104e-05,8.310436171555669e-05
NeuralNetwork,0.0001,8.0,45.0,True,702.0,8.911891486445527e-05,0.0004812794313276553,3.344542221379569e-06,1.3476107118907322e-05,0.0004468359193711911,0.0022742427744955386,2.602341075269681e-05,8.304277142076373e-05
NeuralNetwork,0.0001,8.0,45.0,True,703.0,8.910582112173507e-05,0.0004812764189635326,3.339834461073991e-06,1.3471869726707993e-05,0.0004467749089564917,0.0022742294665402587,2.6003703615575466e-05,8.30334464802682e-05
NeuralNetwork,0.0001,8.0,45.0,True,704.0,8.910299954067343e-05,0.00048127738292005185,3.340170527946435e-06,1.3469065717770404e-05,0.0004467358754116034,0.0022742229062806137,2.5990996041200446e-05,8.301098344835845e-05
NeuralNetwork,0.0001,8.0,45.0,True,705.0,8.909187387584676e-05,0.00048127300495086014,3.3368079764944204e-06,1.345577366107879e-05,0.00044672200514835384,0.002274216720892948,2.5986728943743794e-05,8.298248732052509e-05
NeuralNetwork,0.0001,8.0,45.0,True,706.0,8.90784588142868e-05,0.00048126987209217245,3.3315589320105363e-06,1.345176596164382e-05,0.000446728377972009,0.0022742109103772623,2.5994082877658446e-05,8.295798592222561e-05
NeuralNetwork,0.0001,8.0,45.0,True,707.0,8.906655997600196e-05,0.0004812664580795,3.3287624539832543e-06,1.3443896160373148e-05,0.00044659431438026187,0.0022741811080548746,2.5954317160934772e-05,8.288975922191668e-05
NeuralNetwork,0.0001,8.0,45.0,True,708.0,8.906261377900116e-05,0.00048126473099073633,3.3278621964136545e-06,1.3434491308551592e-05,0.00044666286909355305,0.0022741857939546214,2.5976012876761035e-05,8.290440851599915e-05
NeuralNetwork,0.0001,8.0,45.0,True,709.0,8.904457975911966e-05,0.00048125890708676565,3.321537486907607e-06,1.34257391356233e-05,0.00044653231992661577,0.0022741603026600003,2.5941120495773713e-05,8.283682026953068e-05
NeuralNetwork,0.0001,8.0,45.0,True,710.0,8.903460883387337e-05,0.0004812572603277119,3.3186826443254464e-06,1.341903160484332e-05,0.0004465050479900912,0.002274149993680558,2.593384270772994e-05,8.281503669308417e-05
NeuralNetwork,0.0001,8.0,45.0,True,711.0,8.903674761240051e-05,0.00048125774230597154,3.3199927089309114e-06,1.341855590234227e-05,0.00044649366125370724,0.002274142121368984,2.593340926200339e-05,8.277992173185889e-05
NeuralNetwork,0.0001,8.0,45.0,True,712.0,8.903330347608684e-05,0.00048125569389836806,3.319353836706546e-06,1.3415180799373077e-05,0.00044651685645745237,0.002274137997777207,2.5936856327004403e-05,8.276888643795589e-05
NeuralNetwork,0.0001,8.0,45.0,True,713.0,8.901493809615184e-05,0.00048125131592917635,3.3135882972907827e-06,1.3404244662455793e-05,0.0004464465211022575,0.002274127313925785,2.5913936419869368e-05,8.274466033626652e-05
NeuralNetwork,0.0001,8.0,45.0,True,714.0,8.90053085721728e-05,0.0004812472592788244,3.3108288462391762e-06,1.3390081530472017e-05,0.00044636522074165586,0.0022741010728872047,2.5895113746325176e-05,8.2676814365312e-05
NeuralNetwork,0.0001,8.0,45.0,True,715.0,8.900822052415812e-05,0.0004812481830704887,3.312132007510193e-06,1.3389560642509126e-05,0.0004464020987726607,0.002274110257250708,2.5913142745599806e-05,8.267742938965371e-05
NeuralNetwork,0.0001,8.0,45.0,True,716.0,8.8991341243857e-05,0.00048124251982593793,3.3051552466867428e-06,1.3384061822833398e-05,0.0004463986780658458,0.002274092638267661,2.591183362235813e-05,8.267295435539581e-05
NeuralNetwork,0.0001,8.0,45.0,True,717.0,8.898408144632118e-05,0.00048124251982593793,3.3036107824979766e-06,1.3380264988887021e-05,0.0004463421192559056,0.002274081579544259,2.5894920452960633e-05,8.261222509468127e-05
NeuralNetwork,0.0001,8.0,45.0,True,718.0,8.897768519316722e-05,0.00048124006976978475,3.300863882963548e-06,1.3376136794887142e-05,0.00044627623550546995,0.0022740598369694357,2.5875898628677213e-05,8.260531924992988e-05
NeuralNetwork,0.0001,8.0,45.0,True,719.0,8.89640191012637e-05,0.0004812365754274024,3.2975126278769937e-06,1.336797454326622e-05,0.0004462761886464725,0.0022740545887617197,2.5875210387151946e-05,8.255853639833583e-05
NeuralNetwork,0.0001,8.0,45.0,True,720.0,8.896326601023301e-05,0.00048123637460312756,3.297241201318017e-06,1.3365301070107282e-05,0.00044624694863205433,0.002274048403374054,2.5866327678445e-05,8.255181798957429e-05
NeuralNetwork,0.0001,8.0,45.0,True,721.0,8.894960995954323e-05,0.00048123079168828673,3.293244798248508e-06,1.335371099914502e-05,0.0004462148033597934,0.002274031159262987,2.5860900820801094e-05,8.251628715474651e-05
NeuralNetwork,0.0001,8.0,45.0,True,722.0,8.894132595820569e-05,0.000481229064599523,3.290486916136549e-06,1.3347042378068292e-05,0.0004462042132263663,0.0022740289100311086,2.5861483629582063e-05,8.251269072669107e-05
NeuralNetwork,0.0001,8.0,45.0,True,723.0,8.894073352659488e-05,0.00048122781948901894,3.2905280223553073e-06,1.3346414802209386e-05,0.00044618186148457555,0.0022740077297642544,2.584969273434495e-05,8.248236709795658e-05
NeuralNetwork,0.0001,8.0,45.0,True,724.0,8.892390445236247e-05,0.0004812238833332319,3.2849498143334275e-06,1.3336081138116651e-05,0.0004461414690287608,0.0022740015443765893,2.5838367500395145e-05,8.245199661022462e-05
NeuralNetwork,0.0001,8.0,45.0,True,725.0,8.891999842021664e-05,0.00048121994717744484,3.284207078304413e-06,1.3325437451549618e-05,0.0004460974215711438,0.002273988423857299,2.5830471759322303e-05,8.2404651450661e-05
NeuralNetwork,0.0001,8.0,45.0,True,726.0,8.89101078246803e-05,0.0004812207906393992,3.281897912931571e-06,1.3325616938245264e-05,0.0004459956438286499,0.0022739783023138465,2.580155975788644e-05,8.236547147140563e-05
NeuralNetwork,0.0001,8.0,45.0,True,727.0,8.890782846916075e-05,0.0004812171758024519,3.279786433954284e-06,1.3319363772387132e-05,0.0004460868314377167,0.0022739781148778566,2.583018181927549e-05,8.238312559870053e-05
NeuralNetwork,0.0001,8.0,45.0,True,728.0,8.889990595151794e-05,0.00048121621184593264,3.2787879607627657e-06,1.3313955323635086e-05,0.00044602399352211623,0.0022739723043621713,2.5813406298183044e-05,8.234648186268296e-05
NeuralNetwork,0.0001,8.0,45.0,True,729.0,8.889222442300493e-05,0.00048121352080064965,3.2766272170805546e-06,1.330615079025374e-05,0.00044597062112400364,0.0022739494371714084,2.5796961718760196e-05,8.232231433474042e-05
NeuralNetwork,0.0001,8.0,45.0,True,730.0,8.88715596051229e-05,0.00048120693376443456,3.2690150356999626e-06,1.3294974919358354e-05,0.0004459299475142041,0.0022739387533199863,2.5783937846152287e-05,8.226928752173417e-05
NeuralNetwork,0.0001,8.0,45.0,True,731.0,8.887365821879508e-05,0.00048120898217203804,3.2714710538237885e-06,1.3293207665739676e-05,0.00044589873942189244,0.002273931068444402,2.577535386355418e-05,8.226781732068871e-05
NeuralNetwork,0.0001,8.0,45.0,True,732.0,8.885643753722671e-05,0.0004812054074999457,3.264522533913989e-06,1.3286144927023556e-05,0.00044585342677134387,0.0022739170107451624,2.5766266146733325e-05,8.223863588001743e-05
NeuralNetwork,0.0001,8.0,45.0,True,733.0,8.885668856757028e-05,0.00048120432304886153,3.266065429163108e-06,1.328333966293425e-05,0.00044589217916224735,0.002273919072541051,2.5778414341826108e-05,8.224025837280465e-05
NeuralNetwork,0.0001,8.0,45.0,True,734.0,8.884342412421645e-05,0.0004812018328278534,3.261526486763575e-06,1.3273612237121218e-05,0.0004458097073267091,0.0022738926440664807,2.5746468220304393e-05,8.21715865120198e-05
NeuralNetwork,0.0001,8.0,45.0,True,735.0,8.883748976689465e-05,0.00048119934260684526,3.2602929864128965e-06,1.3266068775297175e-05,0.00044580389681102343,0.002273889645090643,2.5754103308203834e-05,8.215990104952698e-05
NeuralNetwork,0.0001,8.0,45.0,True,736.0,8.882601265958698e-05,0.00048119464331881375,3.256373147598174e-06,1.3259257066924616e-05,0.00044568707733034336,0.0022738650909759715,2.571471246345988e-05,8.210932261913827e-05
NeuralNetwork,0.0001,8.0,45.0,True,737.0,8.882854304545009e-05,0.00048119456298910385,3.257382289579294e-06,1.3252639907068319e-05,0.0004457626608932543,0.002273868089951809,2.5743504388714735e-05,8.209706313392651e-05
NeuralNetwork,0.0001,8.0,45.0,True,738.0,8.881675466051642e-05,0.00048119094815215655,3.2542252692210707e-06,1.324721639649566e-05,0.000445732389980892,0.002273858718152316,2.5731678349229525e-05,8.20785421151785e-05
NeuralNetwork,0.0001,8.0,45.0,True,739.0,8.880777781543064e-05,0.0004811891808985379,3.2515634062155237e-06,1.324327145464658e-05,0.0004456837503415234,0.002273845597633026,2.572005731785822e-05,8.204413003891519e-05
NeuralNetwork,0.0001,8.0,45.0,True,740.0,8.879033622715993e-05,0.00048118315617029235,3.244887254228489e-06,1.3231345003023944e-05,0.00044567470655501265,0.0022738405368613,2.5721776457327717e-05,8.204257783462417e-05
NeuralNetwork,0.0001,8.0,45.0,True,741.0,8.878635990651792e-05,0.00048118114792754387,3.24463434115735e-06,1.3222567727061295e-05,0.00044564143666681256,0.002273823667622212,2.5707973553886955e-05,8.199117937177982e-05
NeuralNetwork,0.0001,8.0,45.0,True,742.0,8.879166166737395e-05,0.00048118359798369706,3.246245955963019e-06,1.322378522422757e-05,0.0004456125715243741,0.0022738180445425167,2.570243833481141e-05,8.197798856399345e-05
NeuralNetwork,0.0001,8.0,45.0,True,743.0,8.876444997813182e-05,0.00048117701094748197,3.2372628351186484e-06,1.3215397045297442e-05,0.00044552278968523133,0.002273789554272058,2.5670539072287158e-05,8.193681707734582e-05
NeuralNetwork,0.0001,8.0,45.0,True,744.0,8.876317474398651e-05,0.00048117544451813815,3.2381009626782166e-06,1.3206516846893932e-05,0.00044552166506929217,0.0022737869301681997,2.5674636305878e-05,8.191272569527416e-05
NeuralNetwork,0.0001,8.0,45.0,True,745.0,8.876230115839092e-05,0.00048117363709966447,3.238646326099605e-06,1.3201424696374774e-05,0.00044547236940395906,0.002273769123749163,2.566150114315111e-05,8.185364235684556e-05
NeuralNetwork,0.0001,8.0,45.0,True,746.0,8.874170662900509e-05,0.0004811668090743196,3.2323373059900304e-06,1.3187609241416833e-05,0.00044541009379632816,0.00227374644399439,2.5643565861871406e-05,8.18176195025444e-05
NeuralNetwork,0.0001,8.0,45.0,True,747.0,8.874105395011182e-05,0.00048116821484424355,3.2319086716783977e-06,1.318836233244752e-05,0.00044539233423628895,0.0022737445696344913,2.5636490153254203e-05,8.181124667888917e-05
NeuralNetwork,0.0001,8.0,45.0,True,748.0,8.872568085187208e-05,0.0004811638770399068,3.226448447917992e-06,1.317995281593819e-05,0.0004453282779867544,0.002273730511935252,2.561716374548726e-05,8.177775421045112e-05
NeuralNetwork,0.0001,8.0,45.0,True,749.0,8.872551015123845e-05,0.00048116331473193724,3.227106774993984e-06,1.3176556375389793e-05,0.0004453317924115643,0.0022737252637275358,2.5618988317701052e-05,8.175181775535427e-05
NeuralNetwork,0.0001,8.0,45.0,True,750.0,8.871934484600057e-05,0.0004811633548967922,3.2248911184241187e-06,1.3178351242346262e-05,0.0004453246229849521,0.0022737241391115968,2.5622341664707136e-05,8.17692961614087e-05
NeuralNetwork,0.0001,8.0,45.0,True,751.0,8.870329898644008e-05,0.0004811566473660122,3.2209056979321405e-06,1.3157893524497667e-05,0.0004452644560322072,0.0022737035211527123,2.5602810248826285e-05,8.169783619027467e-05
NeuralNetwork,0.0001,8.0,45.0,True,752.0,8.869522585059112e-05,0.00048115467928811867,3.2182501106851826e-06,1.3155866454473403e-05,0.0004451753302190289,0.00227367990421799,2.557686207898008e-05,8.165947624347495e-05
NeuralNetwork,0.0001,8.0,45.0,True,753.0,8.869148047786517e-05,0.00048115311285877485,3.216662343762152e-06,1.3149697383780363e-05,0.00044518582663446104,0.0022736806539619494,2.5578127271911632e-05,8.163457068632233e-05
NeuralNetwork,0.0001,8.0,45.0,True,754.0,8.867445057935792e-05,0.0004811457225254604,3.2117503075145003e-06,1.3136022505814818e-05,0.0004451873261223799,0.002273661348054994,2.5581641696721504e-05,8.159993602982108e-05
NeuralNetwork,0.0001,8.0,45.0,True,755.0,8.867404893080822e-05,0.0004811460840091551,3.211127438474537e-06,1.3136437961033412e-05,0.0004451054634538087,0.002273638293428241,2.555648427245752e-05,8.155492210538132e-05
NeuralNetwork,0.0001,8.0,45.0,True,756.0,8.865993098428629e-05,0.0004811425093370628,3.2069801034109612e-06,1.3124269265129238e-05,0.00044506427439503697,0.0022736349195804236,2.5542406072406647e-05,8.155327618309537e-05
NeuralNetwork,0.0001,8.0,45.0,True,757.0,8.865540239688842e-05,0.0004811421076885131,3.2053270685986045e-06,1.312380485899365e-05,0.00044511834967811154,0.0022736362316323525,2.5564084216108863e-05,8.15685639310183e-05
NeuralNetwork,0.0001,8.0,45.0,True,758.0,8.864838358848243e-05,0.0004811397781269248,3.203524356943899e-06,1.312056531240998e-05,0.0004450490920798584,0.002273619737265245,2.5542605223145875e-05,8.151731775991572e-05
NeuralNetwork,0.0001,8.0,45.0,True,759.0,8.863367321034969e-05,0.00048113841252185585,3.198574038568854e-06,1.3113945642250247e-05,0.00044502519399115126,0.0022736139267495593,2.5542119061047175e-05,8.15032424885522e-05
NeuralNetwork,0.0001,8.0,45.0,True,760.0,8.86237022851034e-05,0.0004811317853207858,3.1957414749296848e-06,1.3100467823104396e-05,0.00044502280418228055,0.00227359949417834,2.5540672289500446e-05,8.14542162624545e-05
NeuralNetwork,0.0001,8.0,45.0,True,761.0,8.862211577333209e-05,0.00048113066070484665,3.1961321409018537e-06,1.3093647328669813e-05,0.00044493517785702114,0.002273582437503263,2.5510129009215337e-05,8.141625461713323e-05
NeuralNetwork,0.0001,8.0,45.0,True,762.0,8.8605859048283e-05,0.00048112720652731926,3.1918781179422636e-06,1.308608754987344e-05,0.0004448664825667375,0.002273563506468287,2.549528349308098e-05,8.13517707792468e-05
NeuralNetwork,0.0001,8.0,45.0,True,763.0,8.860168190336613e-05,0.000481124917130586,3.1903964113393885e-06,1.308318689425358e-05,0.00044485842281917357,0.0022735511356929564,2.549338863237099e-05,8.134497622461438e-05
NeuralNetwork,0.0001,8.0,45.0,True,764.0,8.858447126301152e-05,0.00048112174410704333,3.1850905712402736e-06,1.3074266530995098e-05,0.0004448021920222156,0.0022735391397896054,2.5476700971898793e-05,8.131455302051029e-05
NeuralNetwork,0.0001,8.0,45.0,True,765.0,8.857414889528424e-05,0.00048111760712698143,3.182289700181979e-06,1.306382617900635e-05,0.0004447942728516441,0.002273522270550518,2.5478015952515153e-05,8.126551507966324e-05
NeuralNetwork,0.0001,8.0,45.0,True,766.0,8.857167875670358e-05,0.00048111676366502707,3.181141550148112e-06,1.3062202012683504e-05,0.00044476226815637554,0.0022735158977268627,2.5465727180429974e-05,8.125333759769703e-05
NeuralNetwork,0.0001,8.0,45.0,True,767.0,8.856257137583915e-05,0.0004811145545980037,3.1796391335418923e-06,1.3053274118514717e-05,0.00044469657184192967,0.0022735016525916333,2.5452791168442314e-05,8.119414882652415e-05
NeuralNetwork,0.0001,8.0,45.0,True,768.0,8.854832289353856e-05,0.00048110889135345296,3.1750631641666843e-06,1.30408769849979e-05,0.0004446684095844533,0.002273484783352546,2.543953885822176e-05,8.117466134095341e-05
NeuralNetwork,0.0001,8.0,45.0,True,769.0,8.855513083645598e-05,0.00048111451443314874,3.1771994323903982e-06,1.3051513140654628e-05,0.0004446725331762302,0.0022734829089926475,2.543840838490792e-05,8.118492931877292e-05
NeuralNetwork,0.0001,8.0,45.0,True,770.0,8.853447605978768e-05,0.00048110885118859796,3.169628043440635e-06,1.3039596730245734e-05,0.00044466616035257494,0.002273491531048181,2.54425085471861e-05,8.117823433951012e-05
NeuralNetwork,0.0001,8.0,45.0,True,771.0,8.852068947331924e-05,0.0004811027059657876,3.1673213883712285e-06,1.3024685527838144e-05,0.00044453561118563766,0.0022734501076944217,2.5403627294039575e-05,8.109693983628315e-05
NeuralNetwork,0.0001,8.0,45.0,True,772.0,8.851834987051725e-05,0.0004811036297574519,3.1650495637619914e-06,1.3025308083090179e-05,0.00044457539447448536,0.002273459104621935,2.5416179647985495e-05,8.109552235160984e-05
NeuralNetwork,0.0001,8.0,45.0,True,773.0,8.851686377088336e-05,0.0004811039912411466,3.165407282001567e-06,1.302929695524938e-05,0.0004445981210882559,0.002273454231286199,2.542782703754287e-05,8.11190924273347e-05
NeuralNetwork,0.0001,8.0,45.0,True,774.0,8.850032589184949e-05,0.00048109800667775607,3.1607255660941336e-06,1.3013685378183251e-05,0.0004444800832736417,0.00227342555357975,2.5394445859223793e-05,8.103743476687737e-05
NeuralNetwork,0.0001,8.0,45.0,True,775.0,8.850114927137637e-05,0.00048109648041326725,3.1619706765982017e-06,1.300509260952312e-05,0.0004444649478174605,0.0022734174938321863,2.5391197944962004e-05,8.099252041780724e-05
NeuralNetwork,0.0001,8.0,45.0,True,776.0,8.849506429584843e-05,0.0004810951951379082,3.159828760191758e-06,1.3005846955705524e-05,0.00044440698323759643,0.0022734009994650785,2.537072056306983e-05,8.097664107504131e-05
NeuralNetwork,0.0001,8.0,45.0,True,777.0,8.847273263648513e-05,0.00048109137947668603,3.152439682029007e-06,1.2997526554968159e-05,0.0004443670125127588,0.002273392377409545,2.536194328710718e-05,8.095193466862793e-05
NeuralNetwork,0.0001,8.0,45.0,True,778.0,8.848116725602882e-05,0.0004810910179929913,3.155980151237021e-06,1.2993430994912942e-05,0.0004443351483944827,0.002273379631762235,2.535421740990015e-05,8.088770269785287e-05
NeuralNetwork,0.0001,8.0,45.0,True,779.0,8.847585545395905e-05,0.00048108704167234927,3.153884675444136e-06,1.2984779234122074e-05,0.00044437807123616057,0.0022733715720146706,2.5370304689467327e-05,8.088973520686791e-05
NeuralNetwork,0.0001,8.0,45.0,True,780.0,8.846193833171196e-05,0.00048108487277018095,3.150747109937539e-06,1.297619274122053e-05,0.0004443457853869072,0.002273364262011066,2.5355866260873448e-05,8.086537438556083e-05
NeuralNetwork,0.0001,8.0,45.0,True,781.0,8.845980959439856e-05,0.0004810855555727154,3.1496679932481518e-06,1.297795873968749e-05,0.0004443259171719821,0.0022733595761113196,2.5350530192537127e-05,8.084100770687907e-05
NeuralNetwork,0.0001,8.0,45.0,True,782.0,8.844734844814413e-05,0.00048108097677924884,3.1458140498986143e-06,1.2969574326212516e-05,0.00044427067041397095,0.0022733421445642627,2.5340560940826464e-05,8.081119366974201e-05
NeuralNetwork,0.0001,8.0,45.0,True,783.0,8.844026939245569e-05,0.0004810798521633097,3.142913394278754e-06,1.2964863741815572e-05,0.00044429320959175157,0.002273344581232131,2.5347706937939865e-05,8.080055081994278e-05
NeuralNetwork,0.0001,8.0,45.0,True,784.0,8.843891382860045e-05,0.000481079410349905,3.1437471288073096e-06,1.2959277061519597e-05,0.0004442312151381055,0.0022733269622490842,2.53265325284604e-05,8.075423655832339e-05
NeuralNetwork,0.0001,8.0,45.0,True,785.0,8.843401371629412e-05,0.0004810766389749121,3.141795367886114e-06,1.2952898380489684e-05,0.0004442432110414565,0.0022733209642974085,2.5331022206155008e-05,8.075373282410064e-05
NeuralNetwork,0.0001,8.0,45.0,True,786.0,8.841758629061141e-05,0.0004810731847973847,3.1370537184841548e-06,1.2946414266715474e-05,0.00044416804920952273,0.0022733052196742603,2.5314381404680278e-05,8.069992112288685e-05
NeuralNetwork,0.0001,8.0,45.0,True,787.0,8.841170213935831e-05,0.00048107157820318587,3.135200800760737e-06,1.2941279441037911e-05,0.00044408196923117967,0.0022732866635112644,2.5282142414424403e-05,8.067070453796746e-05
NeuralNetwork,0.0001,8.0,45.0,True,788.0,8.841455384406119e-05,0.00048107025276297185,3.136069993325321e-06,1.294268395581014e-05,0.0004441362788092415,0.0022732827273554772,2.53074345583061e-05,8.066626464795766e-05
NeuralNetwork,0.0001,8.0,45.0,True,789.0,8.839344721277448e-05,0.0004810671199042842,3.1297352426055307e-06,1.2931049954537753e-05,0.0004441001036631986,0.0022732782288917204,2.52939391670362e-05,8.06560142422622e-05
NeuralNetwork,0.0001,8.0,45.0,True,790.0,8.837414799996143e-05,0.0004810612960003136,3.124099611392561e-06,1.291872687497229e-05,0.0004440085411821521,0.0022732637963205015,2.52692034737494e-05,8.05928776005529e-05
NeuralNetwork,0.0001,8.0,45.0,True,791.0,8.83901436534532e-05,0.0004810624607811077,3.128014115812483e-06,1.2922586466504557e-05,0.00044404743415004804,0.0022732568611888767,2.528121402053713e-05,8.059110281602391e-05
NeuralNetwork,0.0001,8.0,45.0,True,792.0,8.837340495014448e-05,0.0004810590869332902,3.1233029038396806e-06,1.291328077166871e-05,0.00044398979758316617,0.00227323867989786,2.5265583616195233e-05,8.055925041249713e-05
NeuralNetwork,0.0001,8.0,45.0,True,793.0,8.83650908251657e-05,0.0004810575205039464,3.1221083131922546e-06,1.2906963593072968e-05,0.0004438871295197205,0.0022732246221986207,2.523251287873436e-05,8.052009972011518e-05
NeuralNetwork,0.0001,8.0,45.0,True,794.0,8.835716830752287e-05,0.00048105583358003766,3.1188151088726488e-06,1.2904429441754708e-05,0.00044388783240468247,0.0022732178745029858,2.5235005191662026e-05,8.05017427078583e-05
NeuralNetwork,0.0001,8.0,45.0,True,795.0,8.836046182563042e-05,0.0004810534236887395,3.1200156614907346e-06,1.2900188284100227e-05,0.00044392555389764174,0.002273210564499381,2.524764540622819e-05,8.049297421795768e-05
NeuralNetwork,0.0001,8.0,45.0,True,796.0,8.834527951045178e-05,0.0004810512146217161,3.1147970544360076e-06,1.2896215728913355e-05,0.00044386772989477003,0.0022732100021914114,2.5232410374677408e-05,8.048411201006211e-05
NeuralNetwork,0.0001,8.0,45.0,True,797.0,8.833581064589262e-05,0.0004810465554985396,3.1123451155552645e-06,1.2881527943511536e-05,0.00044384847084681195,0.002273189571668517,2.522817256409417e-05,8.042833808832948e-05
NeuralNetwork,0.0001,8.0,45.0,True,798.0,8.83186502116067e-05,0.0004810444267612262,3.1065331355259425e-06,1.2877305613132822e-05,0.0004437798224155258,0.0022731800124330343,2.521221121808268e-05,8.038962669904877e-05
NeuralNetwork,0.0001,8.0,45.0,True,799.0,8.830224286835148e-05,0.0004810392454949351,3.1025781524631213e-06,1.2862645441068793e-05,0.00044369064974335005,0.002273154521138413,2.518040567355336e-05,8.034171337414088e-05
NeuralNetwork,0.0001,8.0,45.0,True,800.0,8.829950161699978e-05,0.00048103952664891984,3.10156398987513e-06,1.2864041169778999e-05,0.0004436277649687521,0.002273138963951255,2.516396402281785e-05,8.029385862297982e-05
NeuralNetwork,0.0001,8.0,45.0,True,801.0,8.829437055677738e-05,0.00048103671510907195,3.0996778106311902e-06,1.2853280754102208e-05,0.000443675326851179,0.002273138589079275,2.517572270249421e-05,8.027550161072293e-05
NeuralNetwork,0.0001,8.0,45.0,True,802.0,8.829405927915136e-05,0.0004810371569224766,3.099968064465934e-06,1.2854584856737014e-05,0.00044359444822155455,0.00227313202881963,2.515018454887582e-05,8.02760697760672e-05
NeuralNetwork,0.0001,8.0,45.0,True,803.0,8.827553323979648e-05,0.00048103028873227677,3.0949286303189245e-06,1.2841374384907056e-05,0.00044356502077114656,0.0022731076621409483,2.5146304038148258e-05,8.021405775029705e-05
NeuralNetwork,0.0001,8.0,45.0,True,804.0,8.828746220172255e-05,0.0004810330199424147,3.0977831591131554e-06,1.2850909772507264e-05,0.0004436498355565581,0.0022731241565080557,2.5171710400836274e-05,8.02659365178654e-05
NeuralNetwork,0.0001,8.0,45.0,True,805.0,8.825997939970937e-05,0.00048102627224677977,3.0912849248821203e-06,1.2828925790169811e-05,0.0004434939356719923,0.0022730911677738405,2.512839804374197e-05,8.015108511507886e-05
NeuralNetwork,0.0001,8.0,45.0,True,806.0,8.826015010034299e-05,0.000481023259882657,3.090976471347468e-06,1.2822775546752539e-05,0.00044345883828289105,0.0022730671759671386,2.5118689445204705e-05,8.010819741764908e-05
NeuralNetwork,0.0001,8.0,45.0,True,807.0,8.825451697943345e-05,0.0004810228582341073,3.088830789485871e-06,1.2822668858856525e-05,0.0004434452960326237,0.0022730727990468345,2.5110966496685017e-05,8.011478696416759e-05
NeuralNetwork,0.0001,8.0,45.0,True,808.0,8.824926542464613e-05,0.0004810233803772219,3.08613692011152e-06,1.2821304508939265e-05,0.0004434733177131077,0.002273074485970743,2.5125525001459902e-05,8.010628791350239e-05
NeuralNetwork,0.0001,8.0,45.0,True,809.0,8.824157385491939e-05,0.00048101868108919047,3.0854716897010803e-06,1.281003701196848e-05,0.00044341432223529936,0.002273049369548102,2.5104617102528517e-05,8.00374169019783e-05
NeuralNetwork,0.0001,8.0,45.0,True,810.0,8.821993503930434e-05,0.00048101362031746425,3.0785595691910972e-06,1.2800339709796674e-05,0.0004433889246586734,0.002273043746468406,2.510161226931608e-05,8.003612242217334e-05
NeuralNetwork,0.0001,8.0,45.0,True,811.0,8.821051638081389e-05,0.0004810116120747158,3.075089074691351e-06,1.2794155577283022e-05,0.00044331451257069904,0.0022730323128730247,2.5082581658970634e-05,7.998103967065331e-05
NeuralNetwork,0.0001,8.0,45.0,True,812.0,8.821022518561535e-05,0.0004810102063047918,3.0757474017673428e-06,1.2791126896187944e-05,0.0004432928168548728,0.0022730218164575926,2.5077453527435568e-05,7.997676964450932e-05
NeuralNetwork,0.0001,8.0,45.0,True,813.0,8.819830626490303e-05,0.00048100550701676034,3.072606698381451e-06,1.2779309642764758e-05,0.0004432482070892862,0.002272999699010789,2.506867625147292e-05,7.990936297665603e-05
NeuralNetwork,0.0001,8.0,45.0,True,814.0,8.818727097100003e-05,0.000481003217620027,3.069220926622657e-06,1.2772895817486745e-05,0.0004431537393503969,0.0022729869533634787,2.5033575933684342e-05,7.986314829040623e-05
NeuralNetwork,0.0001,8.0,45.0,True,815.0,8.818920892525233e-05,0.0004810022134986528,3.0691597379764136e-06,1.2774872681442297e-05,0.00044320800206946125,0.0022729760820760668,2.505584567222955e-05,7.986988427129181e-05
NeuralNetwork,0.0001,8.0,45.0,True,816.0,8.81678110987671e-05,0.0004809976748700412,3.062123043658438e-06,1.2762727833420761e-05,0.0004431519587084932,0.0022729680223285025,2.5038370194862473e-05,7.983958992943074e-05
NeuralNetwork,0.0001,8.0,45.0,True,817.0,8.816197715358271e-05,0.00048099606827584236,3.061279581704069e-06,1.2752694150588583e-05,0.00044311826708931594,0.0022729612746328677,2.5028468302960665e-05,7.980390094548652e-05
NeuralNetwork,0.0001,8.0,45.0,True,818.0,8.81685441073703e-05,0.00048099771503489614,3.064608871635562e-06,1.2757606814412093e-05,0.00044307745290252397,0.0022729496536014965,2.501934544189171e-05,7.97647736826033e-05
NeuralNetwork,0.0001,8.0,45.0,True,819.0,8.815106235424463e-05,0.0004809931764062845,3.0577500950735857e-06,1.27478116104063e-05,0.0004430852314961032,0.0022729451551377396,2.5020174260409374e-05,7.977267528105083e-05
NeuralNetwork,0.0001,8.0,45.0,True,820.0,8.814877295751135e-05,0.00048099040503129164,3.058048507394495e-06,1.2742094394331672e-05,0.00044306442610122875,0.002272920601023068,2.5012547958571957e-05,7.973029717521847e-05
NeuralNetwork,0.0001,8.0,45.0,True,821.0,8.813783807574578e-05,0.00048098960173419223,3.0531574949381165e-06,1.2742201082227686e-05,0.00044296822457943325,0.002272917039739261,2.4981978320100773e-05,7.970817387104034e-05
NeuralNetwork,0.0001,8.0,45.0,True,822.0,8.813357055990522e-05,0.0004809883967885431,3.0524677890691797e-06,1.2736230325506061e-05,0.0004429623672047501,0.002272913853327433,2.4983562739952555e-05,7.968461551006485e-05
NeuralNetwork,0.0001,8.0,45.0,True,823.0,8.811712305179503e-05,0.0004809838983247865,3.048499940701251e-06,1.2723413971315498e-05,0.00044287197619864027,0.002272897171524336,2.4962341471475627e-05,7.962820313449176e-05
NeuralNetwork,0.0001,8.0,45.0,True,824.0,8.811439184165708e-05,0.00048098289420341224,3.0474565958358206e-06,1.2719696211927342e-05,0.00044288711165482145,0.002272895672036417,2.4966535351748735e-05,7.962171316334286e-05
NeuralNetwork,0.0001,8.0,45.0,True,825.0,8.810743328053354e-05,0.0004809808056309538,3.0447834364648137e-06,1.271809840379057e-05,0.00044283537932162016,0.0022728735545896133,2.4947885470757694e-05,7.959750463377754e-05
NeuralNetwork,0.0001,8.0,45.0,True,826.0,8.81036678253801e-05,0.00048098096629037366,3.0436622721928793e-06,1.2715579314292923e-05,0.0004428017345614403,0.0022728611838142825,2.493616486401678e-05,7.955990028831195e-05
NeuralNetwork,0.0001,8.0,45.0,True,827.0,8.809266265511834e-05,0.0004809769498048767,3.0404873659226774e-06,1.2702564646130945e-05,0.0004427167791990364,0.0022728596843263637,2.4914987525849972e-05,7.952051530094266e-05
NeuralNetwork,0.0001,8.0,45.0,True,828.0,8.80919898937976e-05,0.00048097674898060186,3.0403847572697463e-06,1.2704762416788832e-05,0.00044279747039267103,0.002272855560734587,2.4939661716702598e-05,7.952440459773225e-05
NeuralNetwork,0.0001,8.0,45.0,True,829.0,8.808782279009446e-05,0.00048097570469437265,3.040566440480899e-06,1.2698484147896342e-05,0.00044269812931804536,0.0022728281950800673,2.4912697292348873e-05,7.945382323280071e-05
NeuralNetwork,0.0001,8.0,45.0,True,830.0,8.80651898943189e-05,0.0004809695594715622,3.032319152331095e-06,1.2688122870465815e-05,0.00044264644384384155,0.00227282425892428,2.4896311286672857e-05,7.945518800110187e-05
NeuralNetwork,0.0001,8.0,45.0,True,831.0,8.807278105190821e-05,0.00048097168820887564,3.0349154336593863e-06,1.2690727310280274e-05,0.0004426141111355908,0.002272814137380828,2.4891640030363072e-05,7.941671676418316e-05
NeuralNetwork,0.0001,8.0,45.0,True,832.0,8.806050064750117e-05,0.0004809677118882336,3.0314010088495166e-06,1.2681892297338605e-05,0.0004426099406848164,0.0022728055153252943,2.488959287791132e-05,7.940998078329758e-05
NeuralNetwork,0.0001,8.0,45.0,True,833.0,8.806454725663938e-05,0.0004809691578230125,3.033416468720391e-06,1.267974473274943e-05,0.0004425480868081627,0.0022727854596743795,2.4865009476366282e-05,7.936074369171131e-05
NeuralNetwork,0.0001,8.0,45.0,True,834.0,8.804571998087222e-05,0.000480964498699836,3.027176168167366e-06,1.2671121840448071e-05,0.00044248998165130615,0.0022727854596743795,2.4860953244398224e-05,7.935330482586375e-05
NeuralNetwork,0.0001,8.0,45.0,True,835.0,8.804506730197896e-05,0.00048096457902954595,3.026533530487847e-06,1.2674228340949653e-05,0.0004425387618676671,0.00227278433505844,2.4864315377466334e-05,7.936097212932395e-05
NeuralNetwork,0.0001,8.0,45.0,True,836.0,8.804291848223807e-05,0.0004809625707867975,3.0255786738185226e-06,1.2667160581626661e-05,0.0004425180970497851,0.0022727704647951905,2.4866128234930757e-05,7.931540175428931e-05
NeuralNetwork,0.0001,8.0,45.0,True,837.0,8.802539656425744e-05,0.0004809586346310104,3.0201570459734397e-06,1.2658048180155356e-05,0.0004424734872841985,0.0022727680281273226,2.4853716457977236e-05,7.929090621336452e-05
NeuralNetwork,0.0001,8.0,45.0,True,838.0,8.801925134144703e-05,0.00048095706820166655,3.018594068296836e-06,1.2654443384421803e-05,0.00044241889655215183,0.0022727541578640726,2.4836484061659507e-05,7.927333408931516e-05
NeuralNetwork,0.0001,8.0,45.0,True,839.0,8.801172043114017e-05,0.00048095453781580346,3.016888003324402e-06,1.2646363972814257e-05,0.0004423871261518706,0.00227274497350057,2.4827176693288034e-05,7.92322446059131e-05
NeuralNetwork,0.0001,8.0,45.0,True,840.0,8.801355797325504e-05,0.0004809544976509485,3.0175199722143196e-06,1.2646716670446962e-05,0.00044239059371768306,0.002272729603749401,2.4832583050120552e-05,7.921325499719044e-05
NeuralNetwork,0.0001,8.0,45.0,True,841.0,8.800403890262717e-05,0.0004809515656165357,3.0136584979544754e-06,1.264343319355317e-05,0.00044234832690196965,0.0022727170455380807,2.48122198870347e-05,7.920878582030723e-05
NeuralNetwork,0.0001,8.0,45.0,True,842.0,8.799232080618969e-05,0.00048094911556038254,3.0111692183101276e-06,1.2634483961805179e-05,0.00044226159089766207,0.002272703175274831,2.4792231595928564e-05,7.915227386936451e-05
NeuralNetwork,0.0001,8.0,45.0,True,843.0,8.799375669975487e-05,0.0004809476696256036,3.0107139120244914e-06,1.2632471953601529e-05,0.00044233623728062374,0.0022727086109185367,2.48128612695625e-05,7.91707011701176e-05
NeuralNetwork,0.0001,8.0,45.0,True,844.0,8.79842175466995e-05,0.00048094493841546564,3.0091343035876267e-06,1.2624707585075152e-05,0.0004422849735373971,0.002272688367831632,2.479923408736223e-05,7.911653216904815e-05
NeuralNetwork,0.0001,8.0,45.0,True,845.0,8.797651593575901e-05,0.00048094236786474755,3.008699707305335e-06,1.2614622441022544e-05,0.0004421637493109553,0.00227266456346092,2.4764868870096387e-05,7.90585090154372e-05
NeuralNetwork,0.0001,8.0,45.0,True,846.0,8.796100226052688e-05,0.00048093734725787634,3.002512123124458e-06,1.2605724670494985e-05,0.00044211909268637126,0.0022726503183256907,2.4748646870911495e-05,7.903390218439342e-05
NeuralNetwork,0.0001,8.0,45.0,True,847.0,8.795145306625778e-05,0.00048093586115824247,2.9992857556338258e-06,1.2600036322909867e-05,0.0004421465051998882,0.002272653879609498,2.4762628424280093e-05,7.902438395053336e-05
NeuralNetwork,0.0001,8.0,45.0,True,848.0,8.795653392041147e-05,0.00048093706610389153,3.0007897411796926e-06,1.2605602920778357e-05,0.00044205864457964145,0.0022726358857544714,2.473137933034567e-05,7.900182720062867e-05
NeuralNetwork,0.0001,8.0,45.0,True,849.0,8.794875197976104e-05,0.000480933812750639,2.9981611396946675e-06,1.259587800526876e-05,0.00044209116472388214,0.002272639072166299,2.47496338385456e-05,7.898236314455669e-05
NeuralNetwork,0.0001,8.0,45.0,True,850.0,8.79410604100343e-05,0.00048093144302419576,2.9959275972128234e-06,1.2593916203133822e-05,0.00044204196277654393,0.002272621640619242,2.4728078699711733e-05,7.896280537048976e-05
NeuralNetwork,0.0001,8.0,45.0,True,851.0,8.792842856314626e-05,0.00048092730604413385,2.9923777143669255e-06,1.2581668432671427e-05,0.0004420046161555644,0.002272605146252134,2.4719254564751618e-05,7.891427702124013e-05
NeuralNetwork,0.0001,8.0,45.0,True,852.0,8.792160053780137e-05,0.0004809273462089888,2.9908505085142795e-06,1.2578241868481803e-05,0.0004420010080127596,0.002272609644715891,2.4719213563128836e-05,7.889804037861854e-05
NeuralNetwork,0.0001,8.0,45.0,True,853.0,8.792445224250424e-05,0.000480925779779645,2.9903763749528768e-06,1.2580339227002264e-05,0.000442008505452354,0.0022725961493246212,2.4721864025172948e-05,7.890099835283352e-05
NeuralNetwork,0.0001,8.0,45.0,True,854.0,8.79109468100206e-05,0.00048092288791008714,2.986461556745025e-06,1.257314093190062e-05,0.00044190597796590073,0.002272576281109696,2.4689996978209455e-05,7.885942270733276e-05
NeuralNetwork,0.0001,8.0,45.0,True,855.0,8.790081522535442e-05,0.0004809214018104533,2.984000204226399e-06,1.256280475750445e-05,0.0004418447801152115,0.002272577405725635,2.4677271831710385e-05,7.881854994679397e-05
NeuralNetwork,0.0001,8.0,45.0,True,856.0,8.790608686256923e-05,0.00048092160263472813,2.985781892089831e-06,1.2565721730096642e-05,0.00044189163911267644,0.0022725794675215235,2.4693944848745873e-05,7.882514535068715e-05
NeuralNetwork,0.0001,8.0,45.0,True,857.0,8.78920894106122e-05,0.0004809183091166206,2.980939202974588e-06,1.2561240838464059e-05,0.00044182406843833205,0.0022725616611024868,2.466570644539857e-05,7.88181575026902e-05
NeuralNetwork,0.0001,8.0,45.0,True,858.0,8.787547120186838e-05,0.00048091256554235986,2.975972253839282e-06,1.2546819145226415e-05,0.00044177008687325243,0.002272541418015582,2.465642250652583e-05,7.873994983592124e-05
NeuralNetwork,0.0001,8.0,45.0,True,859.0,8.78799395419838e-05,0.0004809146942796733,2.9767071451700603e-06,1.2549147451662953e-05,0.00044183686094463994,0.002272554538534872,2.467968507007983e-05,7.877427990893898e-05
NeuralNetwork,0.0001,8.0,45.0,True,860.0,8.787023972950855e-05,0.00048091300735576457,2.9750104938355096e-06,1.2542461258462176e-05,0.0004417149338332362,0.00227253054672817,2.4638721520233453e-05,7.872650716102348e-05
NeuralNetwork,0.0001,8.0,45.0,True,861.0,8.786701649989722e-05,0.0004809107179590313,2.974226024011878e-06,1.2536359965961898e-05,0.0004417215878108762,0.0022725230492885756,2.46469277021645e-05,7.869782945457494e-05
NeuralNetwork,0.0001,8.0,45.0,True,862.0,8.785225591569576e-05,0.00048090754493548864,2.9691053187911403e-06,1.2531361951821577e-05,0.0004417250085176912,0.0022725357949358862,2.4647422650325223e-05,7.872524196809193e-05
NeuralNetwork,0.0001,8.0,45.0,True,863.0,8.784969540619143e-05,0.0004809064604844044,2.969720970708726e-06,1.2524636848917547e-05,0.0004416309156507816,0.002272521549800657,2.4618671726693146e-05,7.867926743420415e-05
NeuralNetwork,0.0001,8.0,45.0,True,864.0,8.784505636544241e-05,0.0004809053358684653,2.9683352832122633e-06,1.251789919449634e-05,0.00044156179862952084,0.0022724883736304517,2.460144225906276e-05,7.859770934911644e-05
NeuralNetwork,0.0001,8.0,45.0,True,865.0,8.783542684146337e-05,0.00048090216284492267,2.9647078947477906e-06,1.251259617848859e-05,0.00044162618289203765,0.0022725151769770018,2.4622602025105517e-05,7.86455289560294e-05
NeuralNetwork,0.0001,8.0,45.0,True,866.0,8.782691189220973e-05,0.0004809005160858689,2.961748560785123e-06,1.2511878231706003e-05,0.0004415554726648631,0.0022724938092741577,2.4600282498875504e-05,7.860711043548284e-05
NeuralNetwork,0.0001,8.0,45.0,True,867.0,8.782725329347698e-05,0.00048089802586486077,2.9639686103860003e-06,1.2502130723465484e-05,0.0004415795113305626,0.0022724846249106544,2.4609812447484933e-05,7.858097482964677e-05
NeuralNetwork,0.0001,8.0,45.0,True,868.0,8.781845719023857e-05,0.0004808965397652269,2.9606722681871e-06,1.2498982802957216e-05,0.00044149914814991024,0.002272457446692125,2.458457887735007e-05,7.8525388343904e-05
NeuralNetwork,0.0001,8.0,45.0,True,869.0,8.781784467620027e-05,0.0004808969012489216,2.96014479067769e-06,1.2500970963278228e-05,0.0004415591745256628,0.002272467943107557,2.460563028196119e-05,7.856247138302281e-05
NeuralNetwork,0.0001,8.0,45.0,True,870.0,8.781284415175652e-05,0.00048089320608226435,2.958421467369136e-06,1.2495484695119677e-05,0.000441514143029099,0.0022724568843841553,2.459377202691522e-05,7.853402211418692e-05
NeuralNetwork,0.0001,8.0,45.0,True,871.0,8.779717985831823e-05,0.00048089103718009597,2.9554382855238297e-06,1.2483241945264152e-05,0.00044136082038939375,0.0022724353292453213,2.4551323632586678e-05,7.844699324114517e-05
NeuralNetwork,0.0001,8.0,45.0,True,872.0,8.779979057389128e-05,0.00048088842646452294,2.956242523987017e-06,1.2477139397612158e-05,0.00044137258199775743,0.002272417147954305,2.4551462745235402e-05,7.840406454209262e-05
NeuralNetwork,0.0001,8.0,45.0,True,873.0,8.778325269485741e-05,0.00048088601657322476,2.9512219171157746e-06,1.2472030930120668e-05,0.0004413562282076422,0.0022724165856463354,2.4552937339311876e-05,7.842024846834206e-05
NeuralNetwork,0.0001,8.0,45.0,True,874.0,8.778470867085007e-05,0.00048088533377069025,2.952268399860499e-06,1.2467993107044472e-05,0.0004413545412837334,0.0022724124620545584,2.455354797062259e-05,7.837344218724929e-05
NeuralNetwork,0.0001,8.0,45.0,True,875.0,8.777508918808477e-05,0.0004808806344826588,2.9489802161477648e-06,1.2456931454955407e-05,0.00044134024928950665,0.0022724072138468423,2.4552414568621407e-05,7.836367208627785e-05
NeuralNetwork,0.0001,8.0,45.0,True,876.0,8.77724483488705e-05,0.0004808809959663535,2.9482867448236743e-06,1.2458169034549168e-05,0.00044133143979798324,0.002272392031531664,2.4544707727882098e-05,7.833781763442657e-05
NeuralNetwork,0.0001,8.0,45.0,True,877.0,8.776750807170919e-05,0.00048088031316381903,2.9466964675972083e-06,1.245688375919013e-05,0.00044131269619899723,0.002272391469223694,2.4534820479416998e-05,7.833842680139362e-05
NeuralNetwork,0.0001,8.0,45.0,True,878.0,8.775610125289773e-05,0.0004808760556891922,2.944077907325926e-06,1.2444883253616142e-05,0.00044121293339339444,0.0022723714135727793,2.4516391714320242e-05,7.826392099542438e-05
NeuralNetwork,0.0001,8.0,45.0,True,879.0,8.774726498480435e-05,0.0004808730031602145,2.9407279073910893e-06,1.244023040619822e-05,0.0004411815847240904,0.0022723671025450124,2.4504879044380578e-05,7.82577414651337e-05
NeuralNetwork,0.0001,8.0,45.0,True,880.0,8.773970395085625e-05,0.00048087067359862625,2.9389047995209694e-06,1.2434796854411816e-05,0.00044117839831226275,0.002272351732793844,2.450168677517828e-05,7.823869914003888e-05
NeuralNetwork,0.0001,8.0,45.0,True,881.0,8.773657109216859e-05,0.0004808692678287023,2.9371585696935654e-06,1.243071259072206e-05,0.0004411491114388472,0.0022723541694617123,2.449610909013628e-05,7.82325898982444e-05
NeuralNetwork,0.0001,8.0,45.0,True,882.0,8.772222219773059e-05,0.00048086356441929656,2.933421983029643e-06,1.2419976022927909e-05,0.00044111949655244935,0.002272339362018513,2.4487242489209716e-05,7.820001703763158e-05
NeuralNetwork,0.0001,8.0,45.0,True,883.0,8.77210674581502e-05,0.0004808638857381363,2.9333513807455164e-06,1.2417646461339653e-05,0.00044113730297148604,0.0022723266163712026,2.4493710495203545e-05,7.815718205657395e-05
NeuralNetwork,0.0001,8.0,45.0,True,884.0,8.772308574211244e-05,0.0004808634840895866,2.933854382796429e-06,1.2417849795917938e-05,0.00044110159641541776,0.002272324929447294,2.4479611794341286e-05,7.815684232884233e-05
NeuralNetwork,0.0001,8.0,45.0,True,885.0,8.770264183093274e-05,0.00048085782084503583,2.928007886094867e-06,1.2404889099279826e-05,0.00044104625593941165,0.0022722986884087136,2.4466280409562512e-05,7.81181719411844e-05
NeuralNetwork,0.0001,8.0,45.0,True,886.0,8.770741140746042e-05,0.0004808585438124253,2.9298344456322108e-06,1.2405009593844735e-05,0.0004410296678543091,0.0022723028120004906,2.4466101759634677e-05,7.810132613159576e-05
NeuralNetwork,0.0001,8.0,45.0,True,887.0,8.769064258051047e-05,0.00048085227809505,2.9244790270402425e-06,1.2393605285336707e-05,0.00044103524407500743,0.002272288941737241,2.44686614323712e-05,7.808508948897416e-05
NeuralNetwork,0.0001,8.0,45.0,True,888.0,8.769964954923748e-05,0.00048085372402982893,2.9279118669884544e-06,1.2395539474133853e-05,0.00044101879656689724,0.002272278257885819,2.4462394041460265e-05,7.807817778684808e-05
NeuralNetwork,0.0001,8.0,45.0,True,889.0,8.768634494102869e-05,0.0004808535232055541,2.9240761233388254e-06,1.2388356240852824e-05,0.00044090385144611574,0.0022722643876225694,2.443308080985861e-05,7.801320778686295e-05
NeuralNetwork,0.0001,8.0,45.0,True,890.0,8.768174606513463e-05,0.0004808507919954161,2.922306986992571e-06,1.2384880725746206e-05,0.00044088632618106386,0.0022722604514667823,2.4430169694641102e-05,7.800263522555993e-05
NeuralNetwork,0.0001,8.0,45.0,True,891.0,8.767035932875065e-05,0.00048084432545376595,2.9199215711528723e-06,1.237107907745716e-05,0.00044087700124056836,0.0022722349601721615,2.4425738590693323e-05,7.794806206563733e-05
NeuralNetwork,0.0001,8.0,45.0,True,892.0,8.766317986092477e-05,0.0004808423172110175,2.917409698777604e-06,1.236693958709182e-05,0.00044083913917061665,0.002272234397864192,2.441554822308837e-05,7.79467910153311e-05
NeuralNetwork,0.0001,8.0,45.0,True,893.0,8.765771744064886e-05,0.0004808394655063146,2.916149526452922e-06,1.2360924900060072e-05,0.00044074349995679076,0.002272204970413784,2.4387101882939817e-05,7.788537644177863e-05
NeuralNetwork,0.0001,8.0,45.0,True,894.0,8.764656165218096e-05,0.0004808382203958105,2.912257300975991e-06,1.2356462835703255e-05,0.0004407614469528198,0.00227221040605749,2.439409558831146e-05,7.78707798640683e-05
NeuralNetwork,0.0001,8.0,45.0,True,895.0,8.764228409512667e-05,0.0004808359711639322,2.911654200575583e-06,1.2350343971078929e-05,0.000440683754735023,0.002272187163994747,2.4372998789046545e-05,7.781945754709484e-05
NeuralNetwork,0.0001,8.0,45.0,True,896.0,8.763645014994228e-05,0.00048083528836139773,2.9098596474070435e-06,1.2349471640635052e-05,0.0004406909710206326,0.00227218360271094,2.4372092360314332e-05,7.78313363029522e-05
NeuralNetwork,0.0001,8.0,45.0,True,897.0,8.762235228584783e-05,0.00048083295879980945,2.9065937426373e-06,1.2339486908719868e-05,0.00044061238848188387,0.002272173856039467,2.4351900525437962e-05,7.77689201183289e-05
NeuralNetwork,0.0001,8.0,45.0,True,898.0,8.76249931250621e-05,0.0004808313522056107,2.9070951757485654e-06,1.2335892154200057e-05,0.0004406899869816858,0.0022721811660430715,2.4376111983690623e-05,7.780088381197468e-05
NeuralNetwork,0.0001,8.0,45.0,True,899.0,8.762538473239806e-05,0.0004808333202835042,2.906592801273512e-06,1.2340720722858475e-05,0.00044060442245231487,0.0022721635470600247,2.4345089863025168e-05,7.778146661490014e-05
NeuralNetwork,0.0001,8.0,45.0,True,900.0,8.762367772606183e-05,0.0004808317136893054,2.906583073847699e-06,1.2339537114788579e-05,0.00044061960476749347,0.002272160922956167,2.4352038173743012e-05,7.777348887058174e-05
NeuralNetwork,0.0001,8.0,45.0,True,901.0,8.760673819847827e-05,0.0004808269742364189,2.902283237850409e-06,1.2322209745324204e-05,0.0004405091112514712,0.002272147427564897,2.4327014004753072e-05,7.768244183850738e-05
NeuralNetwork,0.0001,8.0,45.0,True,902.0,8.759703838600303e-05,0.0004808256487962049,2.8977866568213525e-06,1.2323783705578339e-05,0.00044058853725217423,0.002272149864232765,2.434938331866789e-05,7.773854377322227e-05
NeuralNetwork,0.0001,8.0,45.0,True,903.0,8.75901300309482e-05,0.0004808241225317161,2.8963962625059477e-06,1.2315303900572811e-05,0.0004403852629211714,0.0022721157508826108,2.428574880011052e-05,7.763142996239212e-05
NeuralNetwork,0.0001,8.0,45.0,True,904.0,8.758790088149737e-05,0.00048082135115672315,2.8979385301792076e-06,1.2312086946720062e-05,0.000440483291943868,0.0022721223111422557,2.4315148427988748e-05,7.766222803847595e-05
NeuralNetwork,0.0001,8.0,45.0,True,905.0,8.758471781674099e-05,0.0004808176961549209,2.896546880712085e-06,1.2302542773057829e-05,0.0004403760316986708,0.0022720956952316956,2.428158127802348e-05,7.76051420648143e-05
NeuralNetwork,0.0001,8.0,45.0,True,906.0,8.757267840146376e-05,0.0004808172543415162,2.8937284375297412e-06,1.2301165871623392e-05,0.0004403108976921945,0.0022720799506085474,2.427109218430969e-05,7.754665617860339e-05
NeuralNetwork,0.0001,8.0,45.0,True,907.0,8.756737664060772e-05,0.00048081504527449286,2.8922269622873104e-06,1.229420103474126e-05,0.00044027186414730623,0.002272065705473318,2.4253438057014778e-05,7.753245204499683e-05
NeuralNetwork,0.0001,8.0,45.0,True,908.0,8.756393250429405e-05,0.00048081504527449286,2.891853868439191e-06,1.2291802439808524e-05,0.00044030602435645816,0.0022720780762486487,2.4270846174573e-05,7.753362937730813e-05
NeuralNetwork,0.0001,8.0,45.0,True,909.0,8.756031766734675e-05,0.00048081271571290464,2.8896429186882675e-06,1.2289920967383526e-05,0.0004403482443131741,0.00227207676419672,2.4279541447290085e-05,7.753707937099648e-05
NeuralNetwork,0.0001,8.0,45.0,True,910.0,8.754524580551929e-05,0.00048080946235965204,2.886469581357713e-06,1.227795937151279e-05,0.0004402846097946167,0.002272055021621896,2.425631988535887e-05,7.748032141031709e-05
NeuralNetwork,0.0001,8.0,45.0,True,911.0,8.755102954463496e-05,0.0004808087393922626,2.887201021021267e-06,1.2281355812061187e-05,0.00044035906874158846,0.0022720621441895106,2.4288935211938133e-05,7.749757137875886e-05
NeuralNetwork,0.0001,8.0,45.0,True,912.0,8.753742370001389e-05,0.0004808053655444451,2.8850669493130595e-06,1.2266111994448377e-05,0.00044021788258222667,0.0022720293428912853,2.424788233712784e-05,7.741760649958496e-05
NeuralNetwork,0.0001,8.0,45.0,True,913.0,8.752662939524072e-05,0.0004808060483469796,2.8808888630323975e-06,1.2266214916889236e-05,0.000440154622935649,0.002272025406735498,2.4224772065315607e-05,7.740603232721112e-05
NeuralNetwork,0.0001,8.0,45.0,True,914.0,8.751944992741485e-05,0.00048080195153177264,2.8786619100970723e-06,1.2261366265803334e-05,0.0004402349392573039,0.0022720240946835692,2.4253074899784423e-05,7.741857882378236e-05
NeuralNetwork,0.0001,8.0,45.0,True,915.0,8.75180240750634e-05,0.0004808019113669177,2.8774651229341396e-06,1.2261534456133521e-05,0.000440197358341337,0.0022720165972439747,2.424122543080048e-05,7.739263065393616e-05
NeuralNetwork,0.0001,8.0,45.0,True,916.0,8.751291309726849e-05,0.00048079942114590956,2.8765501173318556e-06,1.2256029360699204e-05,0.0004401315683088962,0.0022719997280048875,2.422482917471877e-05,7.734163634994495e-05
NeuralNetwork,0.0001,8.0,45.0,True,917.0,8.750453872500725e-05,0.0004807980153759856,2.8740944129959593e-06,1.2250782826518755e-05,0.0004401497027409152,0.0022720051636485935,2.4232943102998553e-05,7.736107697651821e-05
NeuralNetwork,0.0001,8.0,45.0,True,918.0,8.749336285411187e-05,0.0004807941595499085,2.871077969630131e-06,1.2242692118545748e-05,0.0004399685927157132,0.0022719624282429053,2.4180485919680235e-05,7.72605761417053e-05
NeuralNetwork,0.0001,8.0,45.0,True,919.0,8.748955723410347e-05,0.00048079046438325124,2.870302285868524e-06,1.2231779829511103e-05,0.00044000158144992855,0.0022719620533709255,2.4187612880325918e-05,7.724960527892383e-05
NeuralNetwork,0.0001,8.0,45.0,True,920.0,8.748673565304183e-05,0.00048078897828361737,2.8696577654614282e-06,1.2231681927677114e-05,0.000439996989268177,0.0022719592418310778,2.418933348413908e-05,7.72213434460778e-05
NeuralNetwork,0.0001,8.0,45.0,True,921.0,8.747917461909374e-05,0.0004807882954810829,2.8669475791147454e-06,1.222756126458754e-05,0.00044006465366051633,0.002271979110046003,2.4214589019429008e-05,7.726301866694816e-05
NeuralNetwork,0.0001,8.0,45.0,True,922.0,8.74606586209526e-05,0.0004807858855897847,2.8634962256786957e-06,1.2219007405630662e-05,0.00043999689555018203,0.0022719506197755443,2.4188815106479626e-05,7.720790077118004e-05
NeuralNetwork,0.0001,8.0,45.0,True,923.0,8.745890140854766e-05,0.0004807843593252958,2.8625005765785427e-06,1.221843505644734e-05,0.0004399350885325258,0.0022719356248963552,2.4173719187577564e-05,7.717806916191893e-05
NeuralNetwork,0.0001,8.0,45.0,True,924.0,8.745293692758463e-05,0.00048078339536877654,2.8612391491021427e-06,1.2211620837771347e-05,0.0004399087537759505,0.002271936187204325,2.4172196270159957e-05,7.715925527443676e-05
NeuralNetwork,0.0001,8.0,45.0,True,925.0,8.744774562007976e-05,0.00048078186910428767,2.859157479978154e-06,1.221200867965215e-05,0.00043993260500566013,0.0022719345002804162,2.4172285595123873e-05,7.717234064947884e-05
NeuralNetwork,0.0001,8.0,45.0,True,926.0,8.745220391898142e-05,0.00048078291339051694,2.8601270846801627e-06,1.2211295753476433e-05,0.00043994047731723423,0.0022719337505364566,2.41771150005501e-05,7.716660627966407e-05
NeuralNetwork,0.0001,8.0,45.0,True,927.0,8.742819537692314e-05,0.0004807746795952481,2.8541952376617895e-06,1.2195332733929318e-05,0.0004398644720233461,0.002271912382833613,2.415479693866376e-05,7.711957741833333e-05
NeuralNetwork,0.0001,8.0,45.0,True,928.0,8.742795438779332e-05,0.0004807753623977826,2.8544120651210416e-06,1.2196005495250064e-05,0.00043981297398513217,0.0022719003869302616,2.4144643179650576e-05,7.707156451805583e-05
NeuralNetwork,0.0001,8.0,45.0,True,929.0,8.742888822067137e-05,0.00048077403695756857,2.853561699832225e-06,1.2193880523391811e-05,0.0004397867329465518,0.00227188932820686,2.4135578892328454e-05,7.703475091817245e-05
NeuralNetwork,0.0001,8.0,45.0,True,930.0,8.741469998565324e-05,0.00048076949832895696,2.8508273518149745e-06,1.218055206730038e-05,0.0004397938555141665,0.0022718861417950326,2.4138475364109256e-05,7.702728862282615e-05
NeuralNetwork,0.0001,8.0,45.0,True,931.0,8.740798241365952e-05,0.0004807678515699032,2.847836639059361e-06,1.218071774732713e-05,0.000439757727227121,0.0022718685228119858,2.4130276503896562e-05,7.701288533848037e-05
NeuralNetwork,0.0001,8.0,45.0,True,932.0,8.740425712336106e-05,0.00048076977948294177,2.8477468957115376e-06,1.2176174098108656e-05,0.00043969901290329746,0.0022718651489641683,2.410943010739935e-05,7.697995517801189e-05
NeuralNetwork,0.0001,8.0,45.0,True,933.0,8.739633460571824e-05,0.00048076600398657456,2.8452042721191827e-06,1.2168866604807564e-05,0.0004396761457125346,0.0022718565269086344,2.410136303811703e-05,7.695051601285454e-05
NeuralNetwork,0.0001,8.0,45.0,True,934.0,8.738503824025794e-05,0.00048076327277643663,2.8409580938578296e-06,1.2164140958590006e-05,0.0004397053388679552,0.002271867773068026,2.411611922928747e-05,7.697084110300496e-05
NeuralNetwork,0.0001,8.0,45.0,True,935.0,8.73821463707001e-05,0.00048076158585252785,2.8405247527272555e-06,1.2161764956388191e-05,0.0004396217892754753,0.002271828973818125,2.4086909966086443e-05,7.690184708661254e-05
NeuralNetwork,0.0001,8.0,45.0,True,936.0,8.73870364417927e-05,0.0004807629514575969,2.84241406985049e-06,1.2163464431814106e-05,0.00043965444999670834,0.0022718495917770096,2.410108041978857e-05,7.693454295209369e-05
NeuralNetwork,0.0001,8.0,45.0,True,937.0,8.737924445992853e-05,0.0004807607825554285,2.839499293773804e-06,1.2161677095767943e-05,0.00043960037471363377,0.0022718259748422875,2.408314513850887e-05,7.690659741748054e-05
NeuralNetwork,0.0001,8.0,45.0,True,938.0,8.73720047448202e-05,0.0004807545971677631,2.838484189822025e-06,1.214521452583714e-05,0.0004396400642844866,0.002271815853298835,2.41041057538124e-05,7.685984971013459e-05
NeuralNetwork,0.0001,8.0,45.0,True,939.0,8.737097049980472e-05,0.00048075789068587066,2.8373165849365312e-06,1.2149837249613836e-05,0.0004395950327879228,0.002271811917143048,2.4088192731142044e-05,7.685471864991218e-05
NeuralNetwork,0.0001,8.0,45.0,True,940.0,8.736964505959071e-05,0.0004807598587637642,2.8374634376875152e-06,1.2152886013136399e-05,0.0004395740399570585,0.002271812666887007,2.4083703053447436e-05,7.683125400693161e-05
NeuralNetwork,0.0001,8.0,45.0,True,941.0,8.734244341156231e-05,0.00048075331189240404,2.829372102138649e-06,1.2132780992920509e-05,0.0004394636401590311,0.0022717941107240113,2.4050747999136553e-05,7.678535561891472e-05
NeuralNetwork,0.0001,8.0,45.0,True,942.0,8.735308709812936e-05,0.0004807517052982053,2.832845106941831e-06,1.2135136912694838e-05,0.00043947872875621486,0.0022717828645646195,2.405717061047659e-05,7.676306245087078e-05
NeuralNetwork,0.0001,8.0,45.0,True,943.0,8.732290320961944e-05,0.00048074897408806734,2.8228431166905275e-06,1.212290796950821e-05,0.0004394312137327854,0.0022717759294329947,2.404045512747465e-05,7.675654319284847e-05
NeuralNetwork,0.0001,8.0,45.0,True,944.0,8.73294400397658e-05,0.00048075062084712106,2.826048774177816e-06,1.2126835339233239e-05,0.00043937582639778184,0.0022717714309692383,2.4024969693156158e-05,7.674021868960663e-05
NeuralNetwork,0.0001,8.0,45.0,True,945.0,8.732281283869577e-05,0.0004807446362837306,2.8243439643571e-06,1.2115683316220491e-05,0.0004393587697227046,0.002271751750190303,2.4026368141361752e-05,7.668057304320846e-05
NeuralNetwork,0.0001,8.0,45.0,True,946.0,8.732176855246654e-05,0.0004807437526569212,2.8232576305453346e-06,1.2117668966238067e-05,0.0004394368836714787,0.002271761121989796,2.4048668631124047e-05,7.671724020872476e-05
NeuralNetwork,0.0001,8.0,45.0,True,947.0,8.73053310855701e-05,0.0004807401378199739,2.8192715824774978e-06,1.2104872694474988e-05,0.00043930591277356417,0.0022717375050550735,2.4007841265239056e-05,7.667650216780369e-05
NeuralNetwork,0.0001,8.0,45.0,True,948.0,8.730363412044761e-05,0.0004807382099069354,2.8187146089027193e-06,1.21004407537594e-05,0.0004393164560479938,0.00227172907043553,2.4013502417870286e-05,7.662378579565564e-05
NeuralNetwork,0.0001,8.0,45.0,True,949.0,8.730487923095168e-05,0.00048073772792867574,2.8201476783765293e-06,1.2096972769563088e-05,0.0004392680507036125,0.002271717074532179,2.399610162203042e-05,7.660009857243712e-05
NeuralNetwork,0.0001,8.0,45.0,True,950.0,8.729502880027031e-05,0.0004807358803453471,2.816783244196938e-06,1.2095201750489259e-05,0.0004392896527014438,0.00227172888299954,2.401177449233877e-05,7.661232877077546e-05
NeuralNetwork,0.0001,8.0,45.0,True,951.0,8.729124326268939e-05,0.00048073503688339275,2.8158679248067245e-06,1.2089715482330708e-05,0.0004391892338698765,0.0022717026419609597,2.397461677169275e-05,7.6573113647272e-05
NeuralNetwork,0.0001,8.0,45.0,True,952.0,8.727428365267834e-05,0.00048072861050659757,2.810497130606213e-06,1.2077273163352052e-05,0.00043920361958209824,0.0022716968314452743,2.397815462600135e-05,7.656358955603725e-05
NeuralNetwork,0.0001,8.0,45.0,True,953.0,8.726789744073811e-05,0.00048072599979102454,2.8082196578142457e-06,1.2072892683856892e-05,0.00043917929976241394,0.0022716829611820243,2.3973294469358036e-05,7.65196182442911e-05
NeuralNetwork,0.0001,8.0,45.0,True,954.0,8.726508590089021e-05,0.00048072379072400115,2.80882495473016e-06,1.206456977281609e-05,0.00043912241293949154,0.002271666279378927,2.396713543987874e-05,7.646021860762962e-05
NeuralNetwork,0.0001,8.0,45.0,True,955.0,8.726955424100562e-05,0.00048072804819862796,2.8091983623662087e-06,1.2076305441377619e-05,0.0004391461704512062,0.0022716722773306027,2.3964704629385245e-05,7.648986863827556e-05
NeuralNetwork,0.0001,8.0,45.0,True,956.0,8.725460287374306e-05,0.00048072045704103866,2.806303982504937e-06,1.2056217993285777e-05,0.000439090408244223,0.0022716589693753224,2.395982397193054e-05,7.642912180543696e-05
NeuralNetwork,0.0001,8.0,45.0,True,957.0,8.725590823152958e-05,0.00048072134066784797,2.806704375902919e-06,1.2060362504257989e-05,0.00043912653653126844,0.002271660656299231,2.3968479707368516e-05,7.644429240586623e-05
NeuralNetwork,0.0001,8.0,45.0,True,958.0,8.72431960549316e-05,0.00048071832830372523,2.8028576496757585e-06,1.2049519248567823e-05,0.0004390568103430406,0.0022716531588596366,2.394777828089471e-05,7.640549315596527e-05
NeuralNetwork,0.0001,8.0,45.0,True,959.0,8.723536390821246e-05,0.00048071539626931244,2.8001684871203494e-06,1.2046629889313422e-05,0.00043903937879598363,0.0022716398509043567,2.3940870971799648e-05,7.638912765110064e-05
NeuralNetwork,0.0001,8.0,45.0,True,960.0,8.723583584525836e-05,0.00048071724385264107,2.8002268516752275e-06,1.204832308898075e-05,0.0004390236810318329,0.0022716407880843063,2.394448350763546e-05,7.637508166661053e-05
NeuralNetwork,0.0001,8.0,45.0,True,961.0,8.723589609254081e-05,0.0004807181274794504,2.8005990041595587e-06,1.2050480694783665e-05,0.0004389602339492654,0.002271616796277604,2.391106572072461e-05,7.63573982524422e-05
NeuralNetwork,0.0001,8.0,45.0,True,962.0,8.721701861070494e-05,0.0004807094518707769,2.7945325421194505e-06,1.2032085191207434e-05,0.0004389356798345938,0.0022716149219177053,2.3920056790863192e-05,7.629711415220356e-05
NeuralNetwork,0.0001,8.0,45.0,True,963.0,8.7202237944076e-05,0.0004807072026388986,2.790755163024699e-06,1.2020487589334863e-05,0.0004387720013564488,0.0022715800588235914,2.3862080496249707e-05,7.621867804782196e-05
NeuralNetwork,0.0001,8.0,45.0,True,964.0,8.72093973294744e-05,0.0004807083674196927,2.792909944736251e-06,1.202927741681469e-05,0.0004389110788609247,0.002271596740626689,2.3910642525403755e-05,7.627817140247837e-05
NeuralNetwork,0.0001,8.0,45.0,True,965.0,8.720548125611482e-05,0.0004807080862657079,2.7920404383837373e-06,1.202297153458441e-05,0.0004388390565818211,0.002271583245235419,2.3886829368629544e-05,7.622732353285423e-05
NeuralNetwork,0.0001,8.0,45.0,True,966.0,8.720948770039808e-05,0.00048070724280375353,2.793113279314536e-06,1.2022148155057527e-05,0.0004388798239096156,0.002271588306007145,2.390289468304166e-05,7.622411369152789e-05
NeuralNetwork,0.0001,8.0,45.0,True,967.0,8.718465577881291e-05,0.0004807007762621034,2.7859902933159606e-06,1.2006643265887412e-05,0.0004387627232749507,0.0022715631895845042,2.3870535616604787e-05,7.617631751411366e-05
NeuralNetwork,0.0001,8.0,45.0,True,968.0,8.71990950441746e-05,0.00048070587719868457,2.7908505545552528e-06,1.2015987870426512e-05,0.0004388786992936764,0.00227158193318349,2.3908579265171626e-05,7.620244140520035e-05
NeuralNetwork,0.0001,8.0,45.0,True,969.0,8.718553940562225e-05,0.00048070045494326365,2.7875366402323034e-06,1.2002617994328393e-05,0.0004387709235995071,0.002271553068041052,2.3874136437691232e-05,7.615164625194837e-05
NeuralNetwork,0.0001,8.0,45.0,True,970.0,8.718461561395795e-05,0.00048069989263529404,2.785993744983185e-06,1.2006357091295752e-05,0.00043874519800989883,0.0022715448208574978,2.385943149854927e-05,7.614198744109592e-05
NeuralNetwork,0.0001,8.0,45.0,True,971.0,8.718392277020971e-05,0.00048069953115159933,2.785445557470431e-06,1.2007472921172886e-05,0.00043876239526196843,0.002271536573673944,2.386843867646823e-05,7.61497953215485e-05
NeuralNetwork,0.0001,8.0,45.0,True,972.0,8.71616111932739e-05,0.00048069467120414797,2.7796335774411087e-06,1.1992268013263328e-05,0.0004386761278476355,0.0022715288887983597,2.3847781180304553e-05,7.610255559472918e-05
NeuralNetwork,0.0001,8.0,45.0,True,973.0,8.716545697813728e-05,0.00048069720159001105,2.7813220702894936e-06,1.1992973408528737e-05,0.00043866347591832,0.0022715236405906436,2.3845398693152192e-05,7.608470231669503e-05
NeuralNetwork,0.0001,8.0,45.0,True,974.0,8.71609685555944e-05,0.00048069346625849885,2.7810183235737833e-06,1.1983520860941905e-05,0.0004385827378656879,0.0022715174552029784,2.3826849851874436e-05,7.602991829128385e-05
NeuralNetwork,0.0001,8.0,45.0,True,975.0,8.715756458413569e-05,0.0004806944302150181,2.7795372445467668e-06,1.198463543566732e-05,0.00043860996294321504,0.0022715118321232825,2.3834675304451077e-05,7.602765148728149e-05
NeuralNetwork,0.0001,8.0,45.0,True,976.0,8.714789489530167e-05,0.00048069053422408606,2.7767213116678587e-06,1.1976625057404253e-05,0.00043857777081195663,0.0022715007733998807,2.3825104354218866e-05,7.60086677359335e-05
NeuralNetwork,0.0001,8.0,45.0,True,977.0,8.713475094651276e-05,0.00048068732103568847,2.772943932573108e-06,1.1972519456135295e-05,0.00043858658030348005,0.0022715011482718605,2.3827466340559834e-05,7.602045863117062e-05
NeuralNetwork,0.0001,8.0,45.0,True,978.0,8.712302280886154e-05,0.00048068354553932127,2.7701003863564076e-06,1.1957589426451938e-05,0.00043844975203088243,0.002271462911329929,2.3788261467462065e-05,7.590794432088264e-05
NeuralNetwork,0.0001,8.0,45.0,True,979.0,8.713532329569608e-05,0.0004806875218599633,2.772929498328353e-06,1.1969031389511499e-05,0.0004385324113024106,0.0022714839041607935,2.3808199970883395e-05,7.5966348203848e-05
NeuralNetwork,0.0001,8.0,45.0,True,980.0,8.713963097639161e-05,0.000480686598068299,2.7741956326236944e-06,1.1968420130624925e-05,0.00043856277593276783,0.002271479405697037,2.382213905828554e-05,7.595451044961342e-05
NeuralNetwork,0.0001,8.0,45.0,True,981.0,8.711980962046395e-05,0.00048068254141794706,2.7683108537947394e-06,1.195768607313421e-05,0.000438544547782754,0.002271476219285209,2.3816551122837847e-05,7.594318814435096e-05
NeuralNetwork,0.0001,8.0,45.0,True,982.0,8.711497979665381e-05,0.0004806809749886032,2.767044091923539e-06,1.1954249467730844e-05,0.00043845617171353515,0.0022714690967175944,2.3794730937799568e-05,7.59198582209881e-05
NeuralNetwork,0.0001,8.0,45.0,True,983.0,8.709892389587957e-05,0.0004806771593273811,2.7630015620284e-06,1.1941366590499235e-05,0.00043837121635113125,0.0022714392943952067,2.377232794398032e-05,7.584719163066936e-05
NeuralNetwork,0.0001,8.0,45.0,True,984.0,8.709871303039098e-05,0.0004806761552060068,2.762708170314362e-06,1.1941479554153838e-05,0.00043837201295408813,0.0022714359205473892,2.376445563240621e-05,7.585339459045878e-05
NeuralNetwork,0.0001,8.0,45.0,True,985.0,8.710185593029239e-05,0.0004806748297657928,2.764003800675072e-06,1.1939175095599937e-05,0.00043840472053431866,0.002271429547723734,2.378101296629171e-05,7.581292598877313e-05
NeuralNetwork,0.0001,8.0,45.0,True,986.0,8.708057859837205e-05,0.00048066848371870757,2.7574650878011377e-06,1.1929201660050214e-05,0.0004383405237077917,0.0022714078051489102,2.3759087348509133e-05,7.578599377998016e-05
NeuralNetwork,0.0001,8.0,45.0,True,987.0,8.708541846339593e-05,0.0004806719780610899,2.7592916473384814e-06,1.1930489445712688e-05,0.00043836920141424024,0.0022714274859278456,2.3773808395431478e-05,7.580566284416607e-05
NeuralNetwork,0.0001,8.0,45.0,True,988.0,8.707291715228654e-05,0.00048066755992704326,2.7564590836993126e-06,1.1920802184754626e-05,0.0004382382773753232,0.002271384188214188,2.3735105792212785e-05,7.57101759220819e-05
NeuralNetwork,0.0001,8.0,45.0,True,989.0,8.70663602397127e-05,0.0004806643869035006,2.7537482697767712e-06,1.1912478018562107e-05,0.00043824596225090746,0.0022713873746260157,2.3737305236406297e-05,7.570531430109492e-05
NeuralNetwork,0.0001,8.0,45.0,True,990.0,8.707193311333978e-05,0.0004806657525085696,2.754741722361418e-06,1.192035284043965e-05,0.0004382722032894878,0.00227138156411033,2.374514972545066e-05,7.570208688764453e-05
NeuralNetwork,0.0001,8.0,45.0,True,991.0,8.705451160749657e-05,0.00048066366393611116,2.751419021976444e-06,1.190411745296977e-05,0.00043808017511787656,0.0022713553230717495,2.368314355705519e-05,7.56175825430912e-05
NeuralNetwork,0.0001,8.0,45.0,True,992.0,8.70511879657478e-05,0.00048066185651763753,2.7498638889980767e-06,1.1905638696851757e-05,0.00043812038013770144,0.0022713637576912936,2.3700821113848837e-05,7.563369618084446e-05
NeuralNetwork,0.0001,8.0,45.0,True,993.0,8.705333678548869e-05,0.0004806588039886598,2.7488356059532603e-06,1.1905879685981575e-05,0.0004382040703071738,0.0022713596340995165,2.3727000649995023e-05,7.56475605867194e-05
NeuralNetwork,0.0001,8.0,45.0,True,994.0,8.70374315029206e-05,0.00048065563096511715,2.7453309085692037e-06,1.1893025677239477e-05,0.0004380914212772681,0.002271351949223932,2.3698655349559754e-05,7.562704806057912e-05
NeuralNetwork,0.0001,8.0,45.0,True,995.0,8.70340275314619e-05,0.0004806542653600482,2.745621789979806e-06,1.1886090963998574e-05,0.0004380517785654128,0.0022713324558809866,2.368455518435382e-05,7.554002504491207e-05
NeuralNetwork,0.0001,8.0,45.0,True,996.0,8.70336058004847e-05,0.00048065502849229264,2.745404021156766e-06,1.1887545684839517e-05,0.0004379812089152306,0.0022713114630501224,2.3657964167636146e-05,7.553562615652504e-05
NeuralNetwork,0.0001,8.0,45.0,True,997.0,8.703137665103388e-05,0.00048065422519519323,2.74383665044915e-06,1.188677502168478e-05,0.0004380636338917714,0.0022713260830573316,2.368962474214206e-05,7.553410323910743e-05
NeuralNetwork,0.0001,8.0,45.0,True,998.0,8.702087354145924e-05,0.00048065089151223074,2.7411553325919772e-06,1.1875392050755955e-05,0.00043796190300827504,0.002271310900742153,2.366023243598218e-05,7.548955790464233e-05
NeuralNetwork,0.0001,8.0,45.0,True,999.0,8.70049582176774e-05,0.0004806469151915887,2.737042514200641e-06,1.1871837461091116e-05,0.00043790904605913464,0.002271295905862964,2.364229422601514e-05,7.547750928491916e-05
