Model Name,Learning Rate,Down Scale Factor,Batch Size,Noise,Epoch,train VAE BCE Loss,train VAE BCELogits Loss,train VAE MSE Loss,train VAE MAE Loss,test VAE BCE Loss,test VAE BCELogits Loss,test VAE MSE Loss,test VAE MAE Loss
VariationalAutoencoder,0.0001,8.0,45.0,1.0,0.0,0.0003179952582580381,0.0005415529012680054,7.500775620301136e-05,0.00015169585931975885,0.0015683329705172364,0.0025735958567205466,0.00037436562139283187,0.0007674533334917993
VariationalAutoencoder,0.0001,8.0,45.0,True,1.0,0.0003080487733259998,0.0005419335837634104,7.356857414033536e-05,0.0001537926956971058,0.001550971618238485,0.0025659614014175705,0.0003712859075024443,0.0007243306381897357
VariationalAutoencoder,0.0001,8.0,45.0,True,2.0,0.00027681814853071845,0.0005332016639632356,6.31117997465108e-05,0.00013584526120170428,0.001407227801077021,0.0025390870166274735,0.00033115101216724086,0.0006972055577632016
VariationalAutoencoder,0.0001,8.0,45.0,True,3.0,0.0002481902264199167,0.0005247878498144227,5.339660915242372e-05,0.0001164161452064617,0.0012891420965674538,0.0025100767987329257,0.00030142652257433475,0.000631628358888926
VariationalAutoencoder,0.0001,8.0,45.0,True,4.0,0.00023059372230360128,0.0005157157336926525,4.452901247216042e-05,9.540314823790702e-05,0.0010880908501223199,0.0024344030791108714,0.00021089194049625276,0.000469291922431322
VariationalAutoencoder,0.0001,8.0,45.0,True,5.0,0.00023823090881671546,0.0005131604857843198,4.204125156139106e-05,9.044101135428704e-05,0.0010877216949402911,0.0024147504155740797,0.00019388227670822503,0.0004232746531378548
VariationalAutoencoder,0.0001,8.0,45.0,True,6.0,0.00023446657827922275,0.0005104077472841001,3.941226851024396e-05,8.23086825503172e-05,0.0011446102047866246,0.002414187357860541,0.00019793085894494688,0.00041687652562399333
VariationalAutoencoder,0.0001,8.0,45.0,True,7.0,0.00024327804457466558,0.0005088614003677574,3.814429918309106e-05,7.977846236723774e-05,0.0011910410047327197,0.0024063800865749144,0.00019151854486960284,0.0003890262319231933
VariationalAutoencoder,0.0001,8.0,45.0,True,8.0,0.00023659403031727052,0.0005082428214363653,3.694871696580774e-05,7.576378930932428e-05,0.0011577594955012483,0.0023967953597974477,0.00017339098940855302,0.00037573299036835724
VariationalAutoencoder,0.0001,8.0,45.0,True,9.0,0.0002479967121486715,0.0005089654675069845,3.8552740613887254e-05,7.770152265492153e-05,0.001192728303513437,0.00238969715886146,0.00016952275573832435,0.0003483101913014298
VariationalAutoencoder,0.0001,8.0,45.0,True,10.0,0.00024034187318179806,0.0005079187713864678,3.6178673856020617e-05,7.68752412172662e-05,0.0012400123120853736,0.0023903970448475964,0.00017398825419024101,0.0003631571132057118
VariationalAutoencoder,0.0001,8.0,45.0,True,11.0,0.00025798129344564887,0.0005089280740270075,3.935117525553125e-05,7.880586538353378e-05,0.0012505120076473405,0.002390961602049054,0.00017276489462867472,0.0003591426326043951
VariationalAutoencoder,0.0001,8.0,45.0,True,12.0,0.0002387339133779315,0.0005066429749332027,3.452813428527904e-05,7.306486669415734e-05,0.001274396038655215,0.0023924119817385885,0.0001765169414146891,0.00036655291446349903
VariationalAutoencoder,0.0001,8.0,45.0,True,13.0,0.00025497039534010975,0.0005071582498576121,3.73225262504061e-05,7.491680288893193e-05,0.001233731894373144,0.0023832169343840403,0.00016688414902057288,0.0003502940372476038
VariationalAutoencoder,0.0001,8.0,45.0,True,14.0,0.0002522806353324828,0.0005064847254046211,3.595766925185196e-05,7.29075359366332e-05,0.001223490110733224,0.0023902888942814475,0.00017249560768499314,0.0003602607820019032
VariationalAutoencoder,0.0001,8.0,45.0,True,15.0,0.00025345433272441444,0.0005071282065460945,3.664036635359664e-05,7.481898640525952e-05,0.0012823350774417133,0.0023838495308498167,0.00016750633107416284,0.0003493970623181301
VariationalAutoencoder,0.0001,8.0,45.0,True,16.0,0.0002484731878231799,0.0005074247838351925,3.587130979305972e-05,7.490360873407431e-05,0.0012609164857264586,0.0023896375542166847,0.00017371108322023596,0.0003494462174064708
VariationalAutoencoder,0.0001,8.0,45.0,True,17.0,0.0002556699867839762,0.0005052058764223782,3.501596908283362e-05,7.092641952706155e-05,0.0012530343337628827,0.0023895951936829763,0.00017143454426114663,0.00035567579310645097
VariationalAutoencoder,0.0001,8.0,45.0,True,18.0,0.00025511034977725253,0.0005063080000427534,3.448257729852939e-05,7.349546406307632e-05,0.001223807064992077,0.002382943465274835,0.00015993840383283746,0.0003450706648001881
VariationalAutoencoder,0.0001,8.0,45.0,True,19.0,0.00023550875585355528,0.0005052938776196174,3.25553144285621e-05,6.91709844169591e-05,0.0012551187156881177,0.002386310003088705,0.00017022293459319468,0.000341480164407934
VariationalAutoencoder,0.0001,8.0,45.0,True,20.0,0.00023166845349288694,0.0005044441901127283,3.168798952973435e-05,6.726704477621218e-05,0.0012250949376784032,0.0023786575539307023,0.00016111773936628546,0.0003267753189839657
VariationalAutoencoder,0.0001,8.0,45.0,True,21.0,0.00023625821196486687,0.0005037312237721569,3.2018593981902235e-05,6.554659325478854e-05,0.0011591810100483445,0.002376898654601859,0.00015089007199935194,0.0003217834768430242
VariationalAutoencoder,0.0001,8.0,45.0,True,22.0,0.00023592928188509053,0.0005051218515457811,3.2512654331977154e-05,6.901072162502217e-05,0.0011803500307431011,0.0023725977483785377,0.00014745645553061048,0.0003169265886147817
VariationalAutoencoder,0.0001,8.0,45.0,True,23.0,0.00022640802227261896,0.0005054962683238109,3.185694299216541e-05,7.011592287740938e-05,0.0012088799439136336,0.0023805465338365087,0.000158484474574245,0.00033115881419031875
VariationalAutoencoder,0.0001,8.0,45.0,True,24.0,0.00023675890704692214,0.000505230176159635,3.266032042127414e-05,6.982071119338033e-05,0.001204366204123827,0.00237649622953163,0.00015281444216299356,0.0003265819084719292
VariationalAutoencoder,0.0001,8.0,45.0,True,25.0,0.00023627463939054956,0.0005025028218477562,3.0769886213010856e-05,6.480347816995533e-05,0.0012097782308950365,0.0023747155876279627,0.00015573530405197503,0.0003258104687966641
VariationalAutoencoder,0.0001,8.0,45.0,True,26.0,0.00024027112278976852,0.0005025374841175954,2.9551771512089392e-05,6.308301660731796e-05,0.0012034550777771187,0.0023690709527933373,0.0001480340043891151,0.00031308251075774616
VariationalAutoencoder,0.0001,8.0,45.0,True,27.0,0.0002355691035481476,0.0005042448117726575,3.1795297470696855e-05,6.697252091532447e-05,0.0011720568316537629,0.0023744486787784023,0.00014812033037719488,0.00032536711239214964
VariationalAutoencoder,0.0001,8.0,45.0,True,28.0,0.00023324671138650322,0.0005020712906459592,2.9023136752795658e-05,6.430476622761421e-05,0.001195735807688731,0.0023654841776913817,0.00014043613424840964,0.00030106404479944484
VariationalAutoencoder,0.0001,8.0,45.0,True,29.0,0.00024024467423277082,0.000502833217944739,3.057029449714804e-05,6.525660300190558e-05,0.0012572127505668304,0.002372601122226355,0.0001555878036427048,0.0003221829966554102
VariationalAutoencoder,0.0001,8.0,45.0,True,30.0,0.00024310013434957622,0.0005026762135266615,3.0173533508237802e-05,6.519761589177536e-05,0.0012414629729288929,0.0023675264802368932,0.0001455767185620542,0.00031233843673700057
VariationalAutoencoder,0.0001,8.0,45.0,True,31.0,0.00024321605012101946,0.00050134872490505,2.825254890716301e-05,6.147692948981437e-05,0.0012858900821433876,0.002364516820547716,0.00014237486669477426,0.0002998620646554719
VariationalAutoencoder,0.0001,8.0,45.0,True,32.0,0.0002418603657712191,0.0005004111165306318,2.684007898334544e-05,5.973630516998209e-05,0.0012499710673806053,0.0023663611906879355,0.00014099353373800432,0.00029809295006518095
VariationalAutoencoder,0.0001,8.0,45.0,True,33.0,0.0002450234284298118,0.0005007529997761358,2.695351708529773e-05,6.156577916961474e-05,0.0013069815980563373,0.002367942588134382,0.00014533731594400587,0.00031521642264330165
VariationalAutoencoder,0.0001,8.0,45.0,True,34.0,0.0002561997612210297,0.000500216959621707,2.7784342172171548e-05,5.944978415644715e-05,0.0012971592024437287,0.002362473580822255,0.00013863413635664765,0.00029590008956081464
VariationalAutoencoder,0.0001,8.0,45.0,True,35.0,0.00025582462147561043,0.0004997355436700373,2.682735927583715e-05,5.860357090951298e-05,0.0013155959687143,0.0023597210833111648,0.00013469023712026247,0.00029496213643805786
VariationalAutoencoder,0.0001,8.0,45.0,True,36.0,0.0002599328836662107,0.0005005694463889233,2.811908611470477e-05,6.208537181593337e-05,0.0013393482322213036,0.0023591336589189444,0.00013653616532214783,0.00029344360033671063
VariationalAutoencoder,0.0001,8.0,45.0,True,37.0,0.0002547773228822693,0.0005003913554219865,2.7531624904700687e-05,6.021143532184899e-05,0.0013509631719229357,0.0023546779305679993,0.00012736960823805826,0.00028301639564382204
VariationalAutoencoder,0.0001,8.0,45.0,True,38.0,0.00025996025601487277,0.0004993675532688028,2.5755939176783086e-05,5.8358023068654245e-05,0.0013346032901380047,0.0023593340279921046,0.00013411102476734786,0.0002921110944552991
VariationalAutoencoder,0.0001,8.0,45.0,True,39.0,0.0002726140329137324,0.0004989370663532349,2.6435646507135943e-05,5.8258404187115055e-05,0.001408957835263426,0.0023549022914478614,0.00013292148568720187,0.00028355759363504323
VariationalAutoencoder,0.0001,8.0,45.0,True,40.0,0.000270204884665353,0.000498640328404717,2.5262561629242654e-05,5.739340884987556e-05,0.001402277335430841,0.002354718229305819,0.0001303558501432527,0.0002813864991349994
VariationalAutoencoder,0.0001,8.0,45.0,True,41.0,0.00027544900895450314,0.0004986499278050549,2.6352128711832822e-05,5.753836883206894e-05,0.001413039909968586,0.0023537889216680946,0.00012700486951654062,0.0002774065301853156
VariationalAutoencoder,0.0001,8.0,45.0,True,42.0,0.00028190850167261625,0.000498210162807989,2.563531156579118e-05,5.6102666049954704e-05,0.0014581393520787078,0.002346370580061427,0.00012134560295995677,0.0002635684122079573
VariationalAutoencoder,0.0001,8.0,45.0,True,43.0,0.00027550335200327746,0.0004979083239228898,2.4827081720141387e-05,5.571048636481447e-05,0.0014453300702496894,0.0023487903786905155,0.0001229652022040865,0.0002652135378909561
VariationalAutoencoder,0.0001,8.0,45.0,True,44.0,0.0002918164082614559,0.0004980131943592164,2.499013094889186e-05,5.563637216618119e-05,0.001488066038245675,0.0023506161926677392,0.00012389591561173493,0.0002716044256897093
VariationalAutoencoder,0.0001,8.0,45.0,True,45.0,0.0002870274722736801,0.0004976598239651909,2.4506365353206417e-05,5.473701077490804e-05,0.0014607475238776057,0.002346320722088124,0.00011932479697953231,0.00026409037458071917
VariationalAutoencoder,0.0001,8.0,45.0,True,46.0,0.00030054037542034674,0.0004981213583136505,2.598840080583192e-05,5.641000752018468e-05,0.0014960277567869463,0.002346600001713015,0.0001201653536760582,0.0002671003622828789
VariationalAutoencoder,0.0001,8.0,45.0,True,47.0,0.00029288987425781003,0.0004967473587899838,2.3766747121059025e-05,5.328563867874865e-05,0.0014624782140899755,0.002344967434241337,0.00011755096134524675,0.0002600306984763475
VariationalAutoencoder,0.0001,8.0,45.0,True,48.0,0.00029145803734298664,0.0004975746744726546,2.4461210015006462e-05,5.4152471558103024e-05,0.001477065607436798,0.0023461409709738487,0.0001179435577407573,0.00026138930481934696
VariationalAutoencoder,0.0001,8.0,45.0,True,49.0,0.0002996113020776096,0.0004976226714743437,2.5147270923354875e-05,5.504080267608005e-05,0.001579483724989981,0.0023472275374070654,0.00012398117555762237,0.00026687839121188755
VariationalAutoencoder,0.0001,8.0,45.0,True,50.0,0.00029803282327729095,0.0004961026727028613,2.2397971538841885e-05,5.177533971974149e-05,0.0015229057028608502,0.002344684968204618,0.00011657468927731304,0.0002599152613360927
VariationalAutoencoder,0.0001,8.0,45.0,True,51.0,0.0002974965220513048,0.0004966679127068532,2.3281671146980195e-05,5.305710567457657e-05,0.0015106340811687445,0.00234213059053481,0.00011348370579803515,0.0002573601573518237
VariationalAutoencoder,0.0001,8.0,45.0,True,52.0,0.00030215522349684063,0.0004959943079241524,2.2704451974993447e-05,5.183622963987592e-05,0.0015995483728324842,0.0023427774321358157,0.00011752856274445851,0.00025806831395101245
VariationalAutoencoder,0.0001,8.0,45.0,True,53.0,0.0003136693828832107,0.0004960821082971166,2.3028471901249692e-05,5.2272023336906636e-05,0.0015569286151502118,0.0023411021292584497,0.0001142510453110221,0.0002549938716978397
VariationalAutoencoder,0.0001,8.0,45.0,True,54.0,0.0003113784598854353,0.0004960801000543682,2.3116678943370553e-05,5.249820167645611e-05,0.0015911742951135216,0.002339189719853911,0.0001129310039229363,0.00024597801314959735
VariationalAutoencoder,0.0001,8.0,45.0,True,55.0,0.00031751271769042927,0.0004967353093334928,2.3396863951033982e-05,5.3266982103615115e-05,0.0016257734793537067,0.002341879613744388,0.0001160558781721307,0.0002587391473587204
VariationalAutoencoder,0.0001,8.0,45.0,True,56.0,0.00032317377325659494,0.0004952323806253727,2.226613542300993e-05,5.142185385175792e-05,0.0016314964624320936,0.002337700166042496,0.00011153773363656218,0.00025109864724507123
VariationalAutoencoder,0.0001,8.0,45.0,True,57.0,0.00032140613807179536,0.000496084277199285,2.2983836195860913e-05,5.262856173386792e-05,0.0016320523975780175,0.0023398060093885696,0.00010995788253703208,0.0002501373349120782
VariationalAutoencoder,0.0001,8.0,45.0,True,58.0,0.000331194574299527,0.0004961676996030576,2.3620800589615443e-05,5.2182380401220604e-05,0.0016542240133825337,0.0023421821354320214,0.0001181430364929655,0.000258773776157847
VariationalAutoencoder,0.0001,8.0,45.0,True,59.0,0.0003162855407941052,0.0004953086536849605,2.1670282268620567e-05,5.042824562829781e-05,0.0016597415666160344,0.002337942895649364,0.0001103842408402161,0.0002435477649640737
VariationalAutoencoder,0.0001,8.0,45.0,True,60.0,0.0003270054602558722,0.0004956506574250296,2.1793465368509935e-05,5.144042507657465e-05,0.0016312001261321253,0.002338178502688618,0.00010991505341334912,0.00024683253382736783
VariationalAutoencoder,0.0001,8.0,45.0,True,61.0,0.00032847238117151184,0.0004957207450969521,2.2980853955379395e-05,5.112752077393134e-05,0.0016846789878869207,0.002338179439868567,0.00010845356814141544,0.0002455538455045448
VariationalAutoencoder,0.0001,8.0,45.0,True,62.0,0.00032946577852948337,0.000495648689347136,2.2490564081064776e-05,5.18379617492465e-05,0.0017048875865696362,0.0023370703811165672,0.0001085551584479194,0.0002459242658795051
VariationalAutoencoder,0.0001,8.0,45.0,True,63.0,0.00032762885896986063,0.000494720198394796,2.1198505882143653e-05,4.964942900800319e-05,0.0016900505284843206,0.0023368986897498558,0.00010779425033233451,0.0002487238332535486
VariationalAutoencoder,0.0001,8.0,45.0,True,64.0,0.00036293854610617914,0.000495329378750125,2.3323783997416175e-05,5.086763910045521e-05,0.0017181854203062237,0.00233732004585506,0.00011068458358446757,0.00024858166305524
VariationalAutoencoder,0.0001,8.0,45.0,True,65.0,0.0003309071345149346,0.0004944696500294934,2.102337832841269e-05,4.935298225468381e-05,0.0017056885005543067,0.0023365753626673476,0.00010732635152789782,0.00024778742647770815
VariationalAutoencoder,0.0001,8.0,45.0,True,66.0,0.00034052985055106025,0.0004945668891433757,2.151143779812476e-05,4.9132055469921655e-05,0.001808930680436908,0.0023315638866064684,0.00010281946486647023,0.00023600761339349566
VariationalAutoencoder,0.0001,8.0,45.0,True,67.0,0.0003507310007460355,0.0004943008773089098,2.103378353615334e-05,4.857847331508472e-05,0.001732890710890668,0.00233374001844874,0.00010401077287377052,0.00024173010445240907
VariationalAutoencoder,0.0001,8.0,45.0,True,68.0,0.00036553970244374234,0.0004935455772112,2.0168720420721086e-05,4.774004200880097e-05,0.0018053463420028206,0.002330801396999719,0.00010555946273998645,0.0002330688513674826
VariationalAutoencoder,0.0001,8.0,45.0,True,69.0,0.0003585043461174978,0.0004940544659236692,2.0543794898250995e-05,4.8862428798508454e-05,0.0018405798096326911,0.0023313324031589916,0.00010508266072603142,0.00023012748866711022
VariationalAutoencoder,0.0001,8.0,45.0,True,70.0,0.00035390655467452384,0.0004943843800423923,2.124240355832236e-05,4.915875003665605e-05,0.0018149160739010985,0.0023313882590839698,0.00010393994549910228,0.0002373029835194162
VariationalAutoencoder,0.0001,8.0,45.0,True,71.0,0.00036785849985086696,0.0004939132864584499,2.083689290678726e-05,4.805438220500946e-05,0.0017876493855842255,0.0023314675445076805,0.00010201022169500027,0.00023463567566571746
VariationalAutoencoder,0.0001,8.0,45.0,True,72.0,0.0003712660861465166,0.0004932414489293677,1.9823066699456654e-05,4.6230792356629896e-05,0.0017995821230066646,0.0023288784911797483,0.00010047718273393763,0.00023093611095686379
VariationalAutoencoder,0.0001,8.0,45.0,True,73.0,0.0003661390825744588,0.0004935960242690423,1.9906633445676767e-05,4.7733876703563084e-05,0.0017891582453025963,0.0023310066394086155,0.00010122604808717404,0.00023639270063466247
VariationalAutoencoder,0.0001,8.0,45.0,True,74.0,0.0003626110820436092,0.0004932506065163008,1.970370302624458e-05,4.7006922952248404e-05,0.0018191853034421333,0.0023302387141581602,0.00010171477571598389,0.00023365594774672071
VariationalAutoencoder,0.0001,8.0,45.0,True,75.0,0.0003874495906649895,0.0004936121303758853,2.050400031303781e-05,4.7575240588252436e-05,0.0018834162433192414,0.002328220028547371,0.00010146755936010829,0.00022714411687551055
VariationalAutoencoder,0.0001,8.0,45.0,True,76.0,0.0003574529105440947,0.0004934048395593854,2.0257059253772315e-05,4.729929297278833e-05,0.0018425598834295692,0.0023286803713384666,0.00010153087758043277,0.00022730217227395975
VariationalAutoencoder,0.0001,8.0,45.0,True,77.0,0.00037955550973948766,0.000492947040542438,1.942122109093756e-05,4.6378749641125415e-05,0.0019284488644989782,0.0023281834785293483,0.0001026927112783276,0.00022680075757158628
VariationalAutoencoder,0.0001,8.0,45.0,True,78.0,0.0003705958953764882,0.0004926403417098875,1.928518398230609e-05,4.574636404083745e-05,0.0018440850500790577,0.0023279891074078638,9.741837967116878e-05,0.00023139249416267348
VariationalAutoencoder,0.0001,8.0,45.0,True,79.0,0.0003899196890807859,0.0004930739614841431,2.0042602776115475e-05,4.667817863492632e-05,0.0018473747391370857,0.0023241466696157396,9.523158740697417e-05,0.0002198742245728115
VariationalAutoencoder,0.0001,8.0,45.0,True,80.0,0.00037897364148553814,0.0004927887508490015,1.9747937083083665e-05,4.56137246279061e-05,0.001872848039902981,0.002325572682626592,9.703403045921206e-05,0.0002242529870204206
VariationalAutoencoder,0.0001,8.0,45.0,True,81.0,0.00039420070031261187,0.0004925103682392048,1.9021181645740397e-05,4.518162107692575e-05,0.001877608726609428,0.0023286509438880582,9.910761138553139e-05,0.00023269055868094823
VariationalAutoencoder,0.0001,8.0,45.0,True,82.0,0.00038730780872694564,0.0004927154901535364,1.9769845756318048e-05,4.515749706090943e-05,0.0018662289253570748,0.0023242878089161038,9.604493074072232e-05,0.0002194817101805465
VariationalAutoencoder,0.0001,8.0,45.0,True,83.0,0.0003990669938110598,0.0004925518986992437,1.9445327534829832e-05,4.5573012526787196e-05,0.0018940515488198718,0.002325420297166836,9.668699272398678e-05,0.00022495441935347312
VariationalAutoencoder,0.0001,8.0,45.0,True,84.0,0.0003834884523381441,0.0004924037305492596,1.884609676716784e-05,4.448836563893084e-05,0.0019343461630479345,0.0023259638615374294,9.630705997254113e-05,0.00022492506219156134
VariationalAutoencoder,0.0001,8.0,45.0,True,85.0,0.00037487216715542774,0.0004915182963214473,1.766596044692389e-05,4.3900081049399874e-05,0.0019159997409244752,0.002324981696950565,9.723916743536415e-05,0.00022293573374268394
VariationalAutoencoder,0.0001,8.0,45.0,True,86.0,0.0004019103843889468,0.0004922867303267322,1.923586907131331e-05,4.5060694739825e-05,0.001924762560886407,0.002323313516640813,9.330766826118313e-05,0.00021910976688816863
VariationalAutoencoder,0.0001,8.0,45.0,True,87.0,0.00038248726299830845,0.0004922120638613431,1.8988142287072466e-05,4.4783225880478914e-05,0.0018856234895358295,0.002320999244474015,9.123305643691956e-05,0.00021659835891903572
VariationalAutoencoder,0.0001,8.0,45.0,True,88.0,0.00040130124419847265,0.0004917253059839624,1.845308868189385e-05,4.3489094170919967e-05,0.0019298726282779525,0.0023248817935679696,9.792586847108865e-05,0.00022176266560014688
VariationalAutoencoder,0.0001,8.0,45.0,True,89.0,0.00039426339765121995,0.0004914687730552694,1.808687557549168e-05,4.3399888028031734e-05,0.0019179681936899822,0.002322561336013506,9.3702754040934e-05,0.00021622887572402474
VariationalAutoencoder,0.0001,8.0,45.0,True,90.0,0.0004103056423747636,0.0004913206852349952,1.8411839375839722e-05,4.299171268939972e-05,0.0019239571484379798,0.00232247624007411,9.33139239373447e-05,0.0002200408083087993
VariationalAutoencoder,0.0001,8.0,45.0,True,91.0,0.0003880033435204601,0.0004913493629414438,1.7823651432991028e-05,4.278070160320827e-05,0.001934750275042072,0.0023217532994612208,9.27744597290297e-05,0.00021612946436090288
VariationalAutoencoder,0.0001,8.0,45.0,True,92.0,0.00040551738918952223,0.0004909956712285785,1.7146503356990788e-05,4.218650273878298e-05,0.0020080491806726036,0.002319365552386398,9.117685492683506e-05,0.00020894234847722564
VariationalAutoencoder,0.0001,8.0,45.0,True,93.0,0.00041565857325602735,0.0004914378461169425,1.7611121613221028e-05,4.3400666222096775e-05,0.0019962847607690585,0.0023206136886428736,9.062567011177914e-05,0.0002147208126086109
VariationalAutoencoder,0.0001,8.0,45.0,True,94.0,0.0004126760917853795,0.0004910225816814084,1.8221854591225036e-05,4.224162398162235e-05,0.0020797665014206986,0.0023192716469554783,9.073714180937354e-05,0.00021035198426846437
VariationalAutoencoder,0.0001,8.0,45.0,True,95.0,0.0003980757251904017,0.0004911273717880249,1.774598766529978e-05,4.292576701814595e-05,0.0019814508890955702,0.0023201585940594944,9.170359105996365e-05,0.0002131024902721621
VariationalAutoencoder,0.0001,8.0,45.0,True,96.0,0.00040560490840850174,0.0004907529951748501,1.6852554355589848e-05,4.192857408137977e-05,0.0019541112881786417,0.0023180443160938768,8.912377481190663e-05,0.00020846403526060236
VariationalAutoencoder,0.0001,8.0,45.0,True,97.0,0.0004034609486150613,0.0004910801780834352,1.7358965398568028e-05,4.200969202659844e-05,0.001996693746098932,0.002323200117866948,9.606452951641202e-05,0.00021995011271920594
VariationalAutoencoder,0.0001,8.0,45.0,True,98.0,0.0004079787316669351,0.0004905321688022254,1.6615265413034316e-05,4.130568244868533e-05,0.002056808216766741,0.002317571415091461,8.824429000323673e-05,0.00020722182666730582
VariationalAutoencoder,0.0001,8.0,45.0,True,99.0,0.0004289579600336738,0.0004904799544907645,1.6948768010518623e-05,4.1532726842920095e-05,0.0020453065821209792,0.0023179817124732633,8.981107915722348e-05,0.00020842338508030153
VariationalAutoencoder,0.0001,8.0,45.0,True,100.0,0.00041428955417437694,0.0004907866934881699,1.7248126715823325e-05,4.176560769264268e-05,0.0020165484656327927,0.00231830691391567,8.893280096773831e-05,0.0002102831484011884
VariationalAutoencoder,0.0001,8.0,45.0,True,101.0,0.000398816927424017,0.0004907422711585731,1.7529702431590088e-05,4.209999015148116e-05,0.0021137623292095255,0.002318369704972273,9.12728338683926e-05,0.00021174763264895986
VariationalAutoencoder,0.0001,8.0,45.0,True,102.0,0.00042369070078806094,0.0004902762383463569,1.6678012957711105e-05,4.0877924232952034e-05,0.0021177384088624197,0.0023170169794334556,8.800494595893524e-05,0.000209448589656338
VariationalAutoencoder,0.0001,8.0,45.0,True,103.0,0.0004254202797727765,0.000490314876936838,1.6969543281751824e-05,4.1079504109135855e-05,0.0020492826617738735,0.002317661946674563,8.899357708745033e-05,0.0002083223102227697
VariationalAutoencoder,0.0001,8.0,45.0,True,104.0,0.0004306845266542666,0.0004900478609809978,1.6395682895761937e-05,4.02905508835682e-05,0.002094666912870587,0.0023182103843808924,9.120400971586599e-05,0.00020908639303543282
VariationalAutoencoder,0.0001,8.0,45.0,True,105.0,0.0004247925030895963,0.0004898360315358863,1.6391293630204755e-05,4.008783132962461e-05,0.002128549904193518,0.0023168898978323305,8.883334860299369e-05,0.0002042641336063169
VariationalAutoencoder,0.0001,8.0,45.0,True,106.0,0.00043624844351868746,0.0004896168117574604,1.623757268902105e-05,4.0006015520050844e-05,0.002040553955162096,0.002316977617875585,8.855176702985223e-05,0.00020950109516299745
VariationalAutoencoder,0.0001,8.0,45.0,True,107.0,0.0004291595876056229,0.0004900344459194379,1.65760042673012e-05,4.076161183356596e-05,0.002015070345416759,0.002317286137514894,8.843364135461784e-05,0.00020823967438074028
VariationalAutoencoder,0.0001,8.0,45.0,True,108.0,0.00044031617937062307,0.0004904760584998324,1.7338477557078205e-05,4.1507018825435894e-05,0.0020619672049516403,0.0023146196731231496,8.47139448489783e-05,0.00020277706332176736
VariationalAutoencoder,0.0001,8.0,45.0,True,109.0,0.0004494815582856335,0.0004897884361827469,1.6488951964760725e-05,3.9617787052518275e-05,0.0020937138008621506,0.00231368399266177,8.338565041996398e-05,0.00020184227318133948
VariationalAutoencoder,0.0001,8.0,45.0,True,110.0,0.0004696129467288118,0.0004896661743642185,1.6251519934909363e-05,4.007811896563219e-05,0.0020840349812177744,0.0023149778632997717,8.660574215200711e-05,0.00020721606301061761
VariationalAutoencoder,0.0001,8.0,45.0,True,111.0,0.00043121144938661725,0.0004895511422195846,1.582143341273953e-05,3.940408994165071e-05,0.002046004593747217,0.002315515617154679,8.670911895778943e-05,0.00020251964341919378
VariationalAutoencoder,0.0001,8.0,45.0,True,112.0,0.00042461409080381984,0.0004896271742900427,1.637850488935198e-05,3.985342421541317e-05,0.0021284293828520385,0.002314223808312566,8.545304010124326e-05,0.00020355452437820673
VariationalAutoencoder,0.0001,8.0,45.0,True,113.0,0.0004570670124655464,0.0004895164397848905,1.5894112972959354e-05,3.939407634124602e-05,0.002141656928092429,0.0023114160171844676,8.176319277698888e-05,0.00019652715081688743
VariationalAutoencoder,0.0001,8.0,45.0,True,114.0,0.00043902873510941664,0.0004892501869612949,1.582929442794818e-05,3.925292950997134e-05,0.002207790530702603,0.002312115340862634,8.189964617760677e-05,0.00019827913844360496
VariationalAutoencoder,0.0001,8.0,45.0,True,115.0,0.0004624886252488087,0.0004895009763157272,1.6350856407312048e-05,3.9607861312733825e-05,0.002198458842511447,0.00231385755838838,8.508890468931798e-05,0.0002045458030400786
VariationalAutoencoder,0.0001,8.0,45.0,True,116.0,0.0004460249708669205,0.0004888553664369403,1.5021142401704892e-05,3.8154280149551094e-05,0.002140388361313058,0.0023117142278443344,8.271638093129643e-05,0.00020104386615303328
VariationalAutoencoder,0.0001,8.0,45.0,True,117.0,0.00046354576423161755,0.000489331400298044,1.6328192132743543e-05,3.9058629513750824e-05,0.0022104155717405883,0.0023112096501596317,8.375853089229115e-05,0.00019752604406584733
VariationalAutoencoder,0.0001,8.0,45.0,True,118.0,0.0004703616196254514,0.0004889441709312788,1.5248289718380514e-05,3.836461596411836e-05,0.0021953648366268325,0.0023111597921863293,8.070335940182584e-05,0.00019645057150028037
VariationalAutoencoder,0.0001,8.0,45.0,True,119.0,0.00044925314075541946,0.0004889875489746464,1.558356333493865e-05,3.856682090585765e-05,0.0021672325689087875,0.0023119114105056666,8.207517412473571e-05,0.00019784166284327238
VariationalAutoencoder,0.0001,8.0,45.0,True,120.0,0.00046769893073007424,0.0004886578356801982,1.4956016344522851e-05,3.796463927650709e-05,0.0022026081130189718,0.0023115867713712295,8.355028950755702e-05,0.0001996054120783536
VariationalAutoencoder,0.0001,8.0,45.0,True,121.0,0.0004501174884343726,0.0004888325126344625,1.5235238650818719e-05,3.8312856017579285e-05,0.0021898911434149594,0.0023106308478229452,8.093233589293822e-05,0.0001949006750148797
VariationalAutoencoder,0.0001,8.0,45.0,True,122.0,0.00047235431857507504,0.0004888025094877999,1.4923256884687995e-05,3.816874200764371e-05,0.002257159670943734,0.002311938963596176,8.357235423798831e-05,0.00020070055370810646
VariationalAutoencoder,0.0001,8.0,45.0,True,123.0,0.0004541611253733262,0.00048826301515584366,1.424433402415877e-05,3.6872172793448775e-05,0.0022271652266664327,0.0023090119631785267,7.945600217618282e-05,0.00019298769158762206
VariationalAutoencoder,0.0001,8.0,45.0,True,124.0,0.0005009957561595741,0.0004888302634025841,1.5311740148019276e-05,3.819741720378881e-05,0.0021837679844982217,0.002308829962832373,8.033511797024769e-05,0.00019245918066996447
VariationalAutoencoder,0.0001,8.0,45.0,True,125.0,0.0004793770229720041,0.0004884974574143032,1.4888802970034092e-05,3.733806502867259e-05,0.0021648607538931027,0.0023059395124327463,7.621205335705535e-05,0.00018477972901467256
VariationalAutoencoder,0.0001,8.0,45.0,True,126.0,0.0004670815567443313,0.0004891261980540027,1.5821144727844434e-05,3.890411280637803e-05,0.0021908834295452768,0.00230954184472186,8.076257745987214e-05,0.0001964138574757666
VariationalAutoencoder,0.0001,8.0,45.0,True,127.0,0.000492400718185137,0.0004889952606268006,1.5920316775372087e-05,3.9111468890767216e-05,0.002245396000784148,0.0023105751793339566,8.453817089211266e-05,0.00019889905955056724
VariationalAutoencoder,0.0001,8.0,45.0,True,128.0,0.0004886010425752706,0.0004883508958585179,1.4914907615461118e-05,3.6952286617293194e-05,0.0023027283590544693,0.0023080618501459278,7.800571620464325e-05,0.00019234291178250464
VariationalAutoencoder,0.0001,8.0,45.0,True,129.0,0.0004921992914374626,0.0004883713799345525,1.4834762412823757e-05,3.7627861988191014e-05,0.00229610024758105,0.002308048167318668,7.845050766595505e-05,0.0001912743626338131
VariationalAutoencoder,0.0001,8.0,45.0,True,130.0,0.0004806526186009944,0.0004886738212924762,1.5408946627956837e-05,3.796396651518634e-05,0.0022309894831675403,0.0023085139457534693,8.102820354437679e-05,0.00019095764266994765
VariationalAutoencoder,0.0001,8.0,45.0,True,131.0,0.00046508062399943886,0.0004883593706429165,1.4776702859812991e-05,3.725217248631938e-05,0.002246300941743191,0.002307286614891868,7.795210951154338e-05,0.000190523236333949
VariationalAutoencoder,0.0001,8.0,45.0,True,132.0,0.0004639211449661666,0.0004882859492880315,1.468767745877212e-05,3.725411044057167e-05,0.0022313651048912193,0.0023073152925983166,7.888121799852863e-05,0.00018983080092840974
VariationalAutoencoder,0.0001,8.0,45.0,True,133.0,0.00047241512816549954,0.00048778842722951886,1.4004858607310811e-05,3.583802567980682e-05,0.0022753255922089584,0.002305392011906366,7.602687245644863e-05,0.00018788625796635947
VariationalAutoencoder,0.0001,8.0,45.0,True,134.0,0.0004854694289981194,0.0004883730668584613,1.5026233297072331e-05,3.7664467232889244e-05,0.002268987444211852,0.002306437154985824,7.842125007941288e-05,0.00018727724329105713
VariationalAutoencoder,0.0001,8.0,45.0,True,135.0,0.0005090178424778653,0.0004879188826784612,1.4215680165592871e-05,3.653664061563677e-05,0.002255440508044741,0.002303778000597684,7.264290895289596e-05,0.00018213131705170158
VariationalAutoencoder,0.0001,8.0,45.0,True,136.0,0.0005018380934980037,0.00048786413798113717,1.439074119628279e-05,3.672302311482134e-05,0.002316312032675593,0.002304561108163318,7.448753681760164e-05,0.00018318148575863748
VariationalAutoencoder,0.0001,8.0,45.0,True,137.0,0.0005007948917198695,0.00048768889871890334,1.4238541498981075e-05,3.562302572145616e-05,0.002395927906036377,0.002304114448199482,7.369662722888982e-05,0.00018420651461343345
VariationalAutoencoder,0.0001,8.0,45.0,True,138.0,0.0005054261003221784,0.000487554386619609,1.4011041484672746e-05,3.577205992612556e-05,0.002420028987920509,0.0023060009914374203,7.728075479748864e-05,0.0001875696082909902
VariationalAutoencoder,0.0001,8.0,45.0,True,139.0,0.0004896716367844944,0.00048782553955551105,1.4217705980465419e-05,3.62365162677842e-05,0.0022706447532341916,0.0023051027981740124,7.41933970331396e-05,0.00018402647063042382
VariationalAutoencoder,0.0001,8.0,45.0,True,140.0,0.000512274529413393,0.0004877513952332366,1.4284289268791836e-05,3.586211706187847e-05,0.002342634231039563,0.00230442446732671,7.417256820876644e-05,0.0001847771166255639
VariationalAutoencoder,0.0001,8.0,45.0,True,141.0,0.0005330026872717146,0.0004878281904359391,1.4502637971925608e-05,3.5785289225231286e-05,0.0024421614296031447,0.002303217941859983,7.305889384551618e-05,0.00018452745188707076
VariationalAutoencoder,0.0001,8.0,45.0,True,142.0,0.0004993531742507236,0.00048737621532296235,1.3925853082433222e-05,3.5279806994524284e-05,0.00240828274930798,0.0023059014629268045,7.714361608403283e-05,0.00018599489996643187
VariationalAutoencoder,0.0001,8.0,45.0,True,143.0,0.0005049075720445165,0.00048749996324112474,1.3936387570800808e-05,3.5893794580932575e-05,0.0023837091412934118,0.002303715022105091,7.549632317240133e-05,0.0001831406129980987
VariationalAutoencoder,0.0001,8.0,45.0,True,144.0,0.00051443632240244,0.0004877021531210434,1.411538977788465e-05,3.5688102827721206e-05,0.002382204217730828,0.002305234378238894,7.763259557995407e-05,0.0001827746793721457
VariationalAutoencoder,0.0001,8.0,45.0,True,145.0,0.0004917221731252747,0.0004874947418099786,1.4189451260145783e-05,3.515353120080223e-05,0.002372629612496814,0.002302505872534506,7.182868115557065e-05,0.00017995674327109595
VariationalAutoencoder,0.0001,8.0,45.0,True,146.0,0.0005256966198229725,0.00048752048748201436,1.4190332376651687e-05,3.5608330405144036e-05,0.002288173017261913,0.002302150681333722,7.285379787098686e-05,0.0001790207582262327
VariationalAutoencoder,0.0001,8.0,45.0,True,147.0,0.0004820500342351086,0.0004869589828095346,1.3216054744797576e-05,3.417901132466658e-05,0.002347814212055326,0.002304582100994182,7.604934720310775e-05,0.00018660123196412933
VariationalAutoencoder,0.0001,8.0,45.0,True,148.0,0.0005359749668692,0.00048692564597990957,1.30863737244651e-05,3.42379557596384e-05,0.002367989072259867,0.002302119754395395,7.164397470231326e-05,0.00017905411011767837
VariationalAutoencoder,0.0001,8.0,45.0,True,149.0,0.0005085706871474849,0.0004873770989497717,1.3742152842469614e-05,3.517314671184817e-05,0.0023990166637132752,0.0023024331473704405,7.11149717651823e-05,0.00018156123048854324
VariationalAutoencoder,0.0001,8.0,45.0,True,150.0,0.0005202076104130706,0.00048710269266061707,1.3559324932949884e-05,3.4808115958364184e-05,0.002442686250374752,0.00230291485786438,7.572433905406568e-05,0.00018116924325999975
VariationalAutoencoder,0.0001,8.0,45.0,True,151.0,0.0005112094377893,0.00048709522199759267,1.3477973529511707e-05,3.493243120510302e-05,0.0024761632553436472,0.0023007893337393705,7.089559551117555e-05,0.00017562186427461275
VariationalAutoencoder,0.0001,8.0,45.0,True,152.0,0.0005426585192307629,0.00048692496317737506,1.3545112850049114e-05,3.443705043542096e-05,0.002357000824790331,0.0023022219070098684,7.261718922066239e-05,0.00017751155878013036
VariationalAutoencoder,0.0001,8.0,45.0,True,153.0,0.0005334023677435204,0.0004869814349634628,1.3403509143549156e-05,3.428901031091207e-05,0.0024004419269801685,0.002301166829822948,7.11181991786327e-05,0.000178776704852686
VariationalAutoencoder,0.0001,8.0,45.0,True,154.0,0.0005302643277895739,0.0004870216801481427,1.3858529254593297e-05,3.514263146328476e-05,0.002507417269472806,0.0023032891675361295,7.518370922818874e-05,0.00018493314537237275
VariationalAutoencoder,0.0001,8.0,45.0,True,155.0,0.0005240964118361152,0.00048703883054121487,1.3423095786105591e-05,3.4515258938957736e-05,0.0024005766934568776,0.002299558254157972,7.017798510924825e-05,0.0001755289780268879
VariationalAutoencoder,0.0001,8.0,45.0,True,156.0,0.0005297964072291742,0.00048670574339894915,1.3010346674613876e-05,3.4124178766722305e-05,0.0024961478680184802,0.002300727479862717,7.139928873230076e-05,0.00017758565456987176
VariationalAutoencoder,0.0001,8.0,45.0,True,157.0,0.0005664808168565488,0.00048699593447610695,1.3235159409094372e-05,3.412557951603938e-05,0.002469660351111454,0.0023021405597902695,7.681022017444454e-05,0.0001820055475025057
VariationalAutoencoder,0.0001,8.0,45.0,True,158.0,0.0005471346111631779,0.0004866976702631002,1.3112055383763223e-05,3.3292535320928474e-05,0.0025407866861835216,0.0022987691486406627,6.761159982133961e-05,0.00017271025703763062
VariationalAutoencoder,0.0001,8.0,45.0,True,159.0,0.0005359955312749447,0.0004865783404789845,1.2577811351442594e-05,3.3615096760888624e-05,0.002500171556412799,0.00230049637128722,6.933370897979856e-05,0.00017862764638175004
VariationalAutoencoder,0.0001,8.0,45.0,True,160.0,0.0005226699570118578,0.00048613821399822387,1.2222103864918501e-05,3.267348696279397e-05,0.002519204931439094,0.002301849846569997,7.260453143397217e-05,0.00018079480472600685
VariationalAutoencoder,0.0001,8.0,45.0,True,161.0,0.0005298966185423242,0.0004862352121229763,1.2927049786013091e-05,3.3102319588397713e-05,0.0024029582551440354,0.0022992851599207462,6.98230984919476e-05,0.00017358264270818458
VariationalAutoencoder,0.0001,8.0,45.0,True,162.0,0.0005567703606947413,0.0004865956113666216,1.3270466826916384e-05,3.3444150117529695e-05,0.0024607181549072266,0.0022998997625314965,7.053139566812875e-05,0.00017472521735812133
VariationalAutoencoder,0.0001,8.0,45.0,True,163.0,0.0005268788723290127,0.00048638944516606086,1.2661683099530135e-05,3.284329392839314e-05,0.0025456180362581457,0.0022996152346988893,7.089157735214294e-05,0.00017434261364382018
VariationalAutoencoder,0.0001,8.0,45.0,True,164.0,0.0005519776893754533,0.000486305098970624,1.2578815472816842e-05,3.3040541020847075e-05,0.0025087180752424326,0.002299531263375432,7.072962094215477e-05,0.0001734343574107068
VariationalAutoencoder,0.0001,8.0,45.0,True,165.0,0.0005277434208322407,0.0004861378123496742,1.2366291928805431e-05,3.255516381035597e-05,0.002553093733277711,0.002298859492787775,6.907416870758968e-05,0.00017233448302221
VariationalAutoencoder,0.0001,8.0,45.0,True,166.0,0.0005374959295972017,0.00048659484823437713,1.2947659377219543e-05,3.338687503434256e-05,0.002525125284614803,0.0023030522484449472,7.563645500432021e-05,0.0001842101813299851
VariationalAutoencoder,0.0001,8.0,45.0,True,167.0,0.0005547519964027919,0.00048625549537473613,1.2741948796732406e-05,3.276874795756893e-05,0.0026186764615136874,0.0023002716355353782,7.085076902272567e-05,0.00017568695142209154
VariationalAutoencoder,0.0001,8.0,45.0,True,168.0,0.0005415242637264118,0.0004862866633021928,1.2835640851860097e-05,3.3166078785359056e-05,0.0026521384716033936,0.002297464406715249,6.882906686397469e-05,0.00017299691695462233
VariationalAutoencoder,0.0001,8.0,45.0,True,169.0,0.0005265287954530947,0.0004858216346113508,1.1970329216387715e-05,3.175032036404083e-05,0.0025935420450174584,0.002298548536480598,6.96694478392601e-05,0.00017001886365923492
VariationalAutoencoder,0.0001,8.0,45.0,True,170.0,0.0005785532074797185,0.00048620814101072655,1.2356830595156574e-05,3.2693049757467766e-05,0.00249919426516167,0.0022981569826977808,6.873721151419406e-05,0.00017159613751390444
VariationalAutoencoder,0.0001,8.0,45.0,True,171.0,0.0005556397601921924,0.00048602053097316196,1.2359427504060724e-05,3.260904496329814e-05,0.0026039741699050807,0.002298233081709664,6.898158118597366e-05,0.00017172268023655848
VariationalAutoencoder,0.0001,8.0,45.0,True,172.0,0.0005445757082530431,0.000485979080842833,1.226537019978315e-05,3.276001712221984e-05,0.0024427968376087694,0.0022984739369566335,6.923448505266658e-05,0.00017603234909240555
VariationalAutoencoder,0.0001,8.0,45.0,True,173.0,0.0005648822154638902,0.0004862484263602614,1.2762747915848246e-05,3.29236437207605e-05,0.0025440405749674864,0.0022964805552044753,6.60289781835844e-05,0.00016906586879829192
VariationalAutoencoder,0.0001,8.0,45.0,True,174.0,0.0005803670121653061,0.000486128694927596,1.249250245463816e-05,3.277385642506042e-05,0.0025936100842817774,0.0022990341831303244,7.052054195284093e-05,0.0001732782115164043
VariationalAutoencoder,0.0001,8.0,45.0,True,175.0,0.000518726651880619,0.0004858172566421591,1.20506099754106e-05,3.166778660768447e-05,0.002522705485985714,0.002296532287537677,6.680028313923182e-05,0.0001687716880122071
VariationalAutoencoder,0.0001,8.0,45.0,True,176.0,0.0005259571692371626,0.0004858368570913844,1.2326319112048316e-05,3.208529776479356e-05,0.002536256920616582,0.002296318985381216,6.488496847685028e-05,0.000169558954313866
VariationalAutoencoder,0.0001,8.0,45.0,True,177.0,0.0005770812458747802,0.0004852769188482485,1.1496543332010588e-05,3.0917451890170413e-05,0.0026525485815492066,0.002298339920223884,6.820928633400479e-05,0.00017255794186637086
VariationalAutoencoder,0.0001,8.0,45.0,True,178.0,0.0005683384012340535,0.00048575628639231476,1.2110986538492444e-05,3.172152467333081e-05,0.0024959027017437438,0.0022956415917138634,6.662202565550054e-05,0.00016573508439948723
VariationalAutoencoder,0.0001,8.0,45.0,True,179.0,0.0005718381257070042,0.0004856994129576773,1.2243022223447532e-05,3.186064317942951e-05,0.002552927664990695,0.002296589080642604,6.718243583568237e-05,0.0001688790888343967
VariationalAutoencoder,0.0001,8.0,45.0,True,180.0,0.0005663377094782909,0.0004858791506836678,1.2289657385522786e-05,3.2128033170481574e-05,0.0025747446519023966,0.0022970346159905007,6.775708529371886e-05,0.00017110285284759115
VariationalAutoencoder,0.0001,8.0,45.0,True,181.0,0.0005728892399615676,0.0004861669318695274,1.2813492444647611e-05,3.301081149725901e-05,0.0025989450748611547,0.002298159231929659,6.93093071568687e-05,0.00017296099953306547
VariationalAutoencoder,0.0001,8.0,45.0,True,182.0,0.0005789630496598318,0.00048549975346362176,1.1676163073739594e-05,3.134877975738916e-05,0.002526958408595631,0.0022956172250351817,6.429416437943776e-05,0.00016760656246974035
VariationalAutoencoder,0.0001,8.0,45.0,True,183.0,0.0005769254062374968,0.0004855152972624951,1.1657015734284393e-05,3.125983719636167e-05,0.002542408569803778,0.0022947199689517233,6.273751434102748e-05,0.00016454224176002
VariationalAutoencoder,0.0001,8.0,45.0,True,184.0,0.0005867296071708042,0.00048538512296753754,1.1490570064985527e-05,3.063852454452823e-05,0.002602627067445959,0.00229345458858418,6.256691244600704e-05,0.00016254901229960364
VariationalAutoencoder,0.0001,8.0,45.0,True,185.0,0.0005758038428273162,0.00048523450476140024,1.1412008863816043e-05,3.062040266402648e-05,0.0026284864863509653,0.0022942075189554467,6.460080380147358e-05,0.00016375053556835127
VariationalAutoencoder,0.0001,8.0,45.0,True,186.0,0.0005689503931292305,0.0004851085477762145,1.1217967428849393e-05,3.0580431102421084e-05,0.002580736793062222,0.00229296050731491,6.272775595480541e-05,0.00016309166291974625
VariationalAutoencoder,0.0001,8.0,45.0,True,187.0,0.0005486193853568517,0.0004852035778230734,1.1163216455766776e-05,3.0707068379837866e-05,0.0025518499080490016,0.0022935651758181973,6.176087325848873e-05,0.0001631577341061718
VariationalAutoencoder,0.0001,8.0,45.0,True,188.0,0.0005822770116785466,0.000485178715777847,1.1486311335206996e-05,3.0680850770756244e-05,0.0026947132446480996,0.002295054354757633,6.641735141194842e-05,0.00016485209688075683
VariationalAutoencoder,0.0001,8.0,45.0,True,189.0,0.0005879895786712112,0.0004854260911196069,1.1842518372114777e-05,3.1496546258823567e-05,0.002587494235368645,0.0022927333348952,6.254096427616084e-05,0.00016154251617830505
VariationalAutoencoder,0.0001,8.0,45.0,True,190.0,0.000571584605142434,0.00048514059933048054,1.1117827659347308e-05,3.0222296152474746e-05,0.00270489458018129,0.0022948022533512717,6.456472823080027e-05,0.00016640823732756968
VariationalAutoencoder,0.0001,8.0,45.0,True,191.0,0.000575070593234985,0.0004852082771111049,1.1679967438596279e-05,3.091273000940801e-05,0.002668007364812887,0.00229532538719897,6.736815561475994e-05,0.0001650956113758327
VariationalAutoencoder,0.0001,8.0,45.0,True,192.0,0.0005943830604501812,0.0004848329365414108,1.1023367451368316e-05,2.998933748334566e-05,0.002628232698020695,0.0022920671873872386,6.132264205682202e-05,0.00015867162941011993
VariationalAutoencoder,0.0001,8.0,45.0,True,193.0,0.0006057758617272596,0.0004849463219269909,1.1029660782081418e-05,3.0260008440988084e-05,0.0026061146889092787,0.00229242612730782,6.104108391317932e-05,0.00015914407353731071
VariationalAutoencoder,0.0001,8.0,45.0,True,194.0,0.0005912301193350409,0.0004849698585320033,1.1218160722213936e-05,2.9926645165344455e-05,0.002670586109161377,0.0022918319552199646,6.050161970486431e-05,0.00015946920469122114
VariationalAutoencoder,0.0001,8.0,45.0,True,195.0,0.0006152340022701459,0.0004848926616807511,1.1289450829482142e-05,2.9809534489465852e-05,0.002716151235988305,0.0022911695564318004,6.072442838043537e-05,0.0001581835812367733
VariationalAutoencoder,0.0001,8.0,45.0,True,196.0,0.0005879638329991754,0.0004849244320810323,1.120096514367993e-05,3.0184204808142628e-05,0.002673086317830116,0.002293032670171006,6.271044155524212e-05,0.0001614323155310169
VariationalAutoencoder,0.0001,8.0,45.0,True,197.0,0.0005982543499964588,0.00048497166595047695,1.1360887789501334e-05,3.0484529980270046e-05,0.002642386551922972,0.0022931415704811144,6.248116048064621e-05,0.00016295462378166007
VariationalAutoencoder,0.0001,8.0,45.0,True,198.0,0.0005910080076870571,0.0004846835634457776,1.1043496319466846e-05,2.9445525429480158e-05,0.002714609762407699,0.002292134851779578,6.126026101644684e-05,0.00015735577018755785
VariationalAutoencoder,0.0001,8.0,45.0,True,199.0,0.0006155066413056819,0.0004849254362024066,1.0972902821402023e-05,2.9921473940267074e-05,0.002750277894098054,0.002293144569456952,6.242206542746826e-05,0.00016273472622130652
VariationalAutoencoder,0.0001,8.0,45.0,True,200.0,0.000598834009183385,0.0004847246922572668,1.0668679148039085e-05,2.9569037379119596e-05,0.002692664194406953,0.002292497165547977,6.264447580156086e-05,0.00016109436844129982
VariationalAutoencoder,0.0001,8.0,45.0,True,201.0,0.0006071101783742159,0.0004845665632232501,1.0540804291028539e-05,2.9313207335388565e-05,0.0028302600173830236,0.0022920726230309446,6.154488256704883e-05,0.00015951314671609388
VariationalAutoencoder,0.0001,8.0,45.0,True,202.0,0.0005992873900662857,0.00048482229285484377,1.0797401232459153e-05,2.9747627896439996e-05,0.0027896454499202706,0.0022923382198285756,6.279375099536008e-05,0.00016084058011102975
VariationalAutoencoder,0.0001,8.0,45.0,True,203.0,0.0006082014976486041,0.0004846747271776842,1.08534086124113e-05,2.951071800970324e-05,0.0027310514600022034,0.0022914792006870485,6.18520901544289e-05,0.00016114298465116968
VariationalAutoencoder,0.0001,8.0,45.0,True,204.0,0.0006260747376156625,0.0004845153128683085,1.0737627142201859e-05,2.906566380329852e-05,0.002798803947256796,0.002292614500477629,6.321581584290138e-05,0.00016142400977371622
VariationalAutoencoder,0.0001,8.0,45.0,True,205.0,0.0006230383950744999,0.0004841506561500364,1.0247369901831903e-05,2.8353520842254e-05,0.002694293575466804,0.002291127195898092,6.109580350746899e-05,0.0001589324465900097
VariationalAutoencoder,0.0001,8.0,45.0,True,206.0,0.0006048831174958427,0.0004847844173966071,1.1050180002364188e-05,2.958113202107242e-05,0.0028119214675711387,0.002291564484062435,6.105781843264897e-05,0.00015816611454546827
VariationalAutoencoder,0.0001,8.0,45.0,True,207.0,0.0006225953767241815,0.00048464456337160176,1.0900690177621225e-05,2.9536280429588174e-05,0.0027188349444911167,0.0022904794171171366,5.933653516402035e-05,0.0001560935528023438
VariationalAutoencoder,0.0001,8.0,45.0,True,208.0,0.0006062077945776063,0.0004845549555801638,1.0919096977562917e-05,2.9576977468886464e-05,0.0028086642049393565,0.0022903409019206307,5.97496675151699e-05,0.00015891398414500854
VariationalAutoencoder,0.0001,8.0,45.0,True,209.0,0.0006143323012760707,0.00048404867758326776,1.0134273828722717e-05,2.8373179028458353e-05,0.0028266490630383763,0.002291172742843628,6.0911940516165965e-05,0.00015639476243804835
VariationalAutoencoder,0.0001,8.0,45.0,True,210.0,0.0005941415893421019,0.0004846206251180397,1.1041092703927239e-05,2.9529118533886348e-05,0.0028272662897529843,0.0022894831948310325,5.909884289937949e-05,0.00015521897647365835
VariationalAutoencoder,0.0001,8.0,45.0,True,211.0,0.0006324788630811995,0.00048467902481716597,1.130756266877015e-05,2.9827063938356797e-05,0.0028042082891524215,0.0022887416980551475,5.9097495703202376e-05,0.0001543528581940153
VariationalAutoencoder,0.0001,8.0,45.0,True,212.0,0.0006298880291113635,0.00048421648634733213,1.0450174806092305e-05,2.8629209896464233e-05,0.0027970662281948068,0.0022889323204568347,5.844059698986557e-05,0.00015231316803761247
VariationalAutoencoder,0.0001,8.0,45.0,True,213.0,0.0006356873923556182,0.0004840595622589646,1.0170250242410323e-05,2.8128760824145654e-05,0.002633673964806323,0.0022907511993024332,6.09862413140213e-05,0.00015535080254827654
VariationalAutoencoder,0.0001,8.0,45.0,True,214.0,0.0006457542714404288,0.0004843603166929795,1.0523486962777906e-05,2.89885447714528e-05,0.002780222105530073,0.00229158397740538,6.230358830975287e-05,0.00015850546740510927
VariationalAutoencoder,0.0001,8.0,45.0,True,215.0,0.0006175526390178505,0.00048429348237430956,1.0647512269469928e-05,2.8468854223300184e-05,0.00286459023097776,0.0022894245273662062,6.028253046221703e-05,0.00015414014177502327
VariationalAutoencoder,0.0001,8.0,45.0,True,216.0,0.0006257227729915608,0.00048447988746622503,1.0723979877574103e-05,2.930078635398911e-05,0.0027352095400012513,0.002290369954499059,6.199491052132732e-05,0.00015721642324384653
VariationalAutoencoder,0.0001,8.0,45.0,True,217.0,0.0006014237587021367,0.00048445382047534953,1.0612629092928534e-05,2.883575013223684e-05,0.002817515307252512,0.0022893349329630532,5.734294254637364e-05,0.0001531145857565058
VariationalAutoencoder,0.0001,8.0,45.0,True,218.0,0.0006435985433444823,0.00048411747997983127,1.052699887728434e-05,2.807284381511719e-05,0.0027866629684496227,0.0022896661323571353,6.049247634298397e-05,0.00015166051592092094
VariationalAutoencoder,0.0001,8.0,45.0,True,219.0,0.0006304610209323647,0.00048379367091906357,9.612876901809738e-06,2.751377162666655e-05,0.0028152595151145505,0.002287470507171919,5.585765876110245e-05,0.00015128087603820945
VariationalAutoencoder,0.0001,8.0,45.0,True,220.0,0.000632479465554024,0.00048451322429585007,1.1168393956602745e-05,2.9129392876618633e-05,0.002883558190843594,0.002288111538257239,5.656917163598463e-05,0.0001515187791683389
VariationalAutoencoder,0.0001,8.0,45.0,True,221.0,0.0006298087035227979,0.0004840901277135967,1.0283375811584876e-05,2.8264126426608094e-05,0.00279299924208683,0.0022883259650296386,5.8611521040493586e-05,0.00015348560358368376
VariationalAutoencoder,0.0001,8.0,45.0,True,222.0,0.000629219284276114,0.0004841220989381528,1.04718832826277e-05,2.819552736462287e-05,0.0028436152065325084,0.002288021006674137,5.806822610913582e-05,0.0001519480310146164
VariationalAutoencoder,0.0001,8.0,45.0,True,223.0,0.0006104688438765123,0.0004838793023898595,1.0024113555481491e-05,2.7857238873638552e-05,0.0029090727275272584,0.002287845941459608,5.5913303820592055e-05,0.00015080784617355034
VariationalAutoencoder,0.0001,8.0,45.0,True,224.0,0.0006117973767843529,0.0004839519204476452,1.006310358844356e-05,2.7861235276708062e-05,0.0028928373969575893,0.002290683909782074,6.070254522861925e-05,0.00015772416391087777
VariationalAutoencoder,0.0001,8.0,45.0,True,225.0,0.0006213645247436277,0.000483842511382707,9.850676063538562e-06,2.7795736439465834e-05,0.002818307974053629,0.002287435456641815,5.7517668033171e-05,0.0001518885669468334
VariationalAutoencoder,0.0001,8.0,45.0,True,226.0,0.0006269094837965027,0.00048379146185204024,9.98882308220767e-06,2.7847910586071785e-05,0.002884506054644315,0.00228772279601427,5.634601737530726e-05,0.00015226534843069953
VariationalAutoencoder,0.0001,8.0,45.0,True,227.0,0.0006449614573681772,0.0004839097473499267,1.0443680651104353e-05,2.831357940428983e-05,0.002894300897166414,0.002287907045592302,5.778573078554381e-05,0.00015244471295824591
VariationalAutoencoder,0.0001,8.0,45.0,True,228.0,0.0006322463889006334,0.00048396505435522035,1.0208832351064103e-05,2.8081072589779156e-05,0.002864022674800465,0.002287020098488286,5.583579903878506e-05,0.00014965416594121442
VariationalAutoencoder,0.0001,8.0,45.0,True,229.0,0.0006501744940595807,0.00048330928276812615,9.536482720081054e-06,2.679907317672457e-05,0.00291203702770689,0.002287838818891993,5.8808615841205766e-05,0.0001516750304953857
VariationalAutoencoder,0.0001,8.0,45.0,True,230.0,0.000649077109892092,0.000483802507187157,1.018884343238211e-05,2.7864548877243084e-05,0.0028529067834218345,0.00228661373726227,5.50811583141111e-05,0.00015016454242685305
VariationalAutoencoder,0.0001,8.0,45.0,True,231.0,0.0006483965565894813,0.0004834940009361329,9.58424626355062e-06,2.720874214590078e-05,0.002830573035486089,0.0022861562060110226,5.482540190594751e-05,0.0001496747721853496
VariationalAutoencoder,0.0001,8.0,45.0,True,232.0,0.0006566892737005598,0.00048346692982388314,9.635383654837659e-06,2.7400245664094016e-05,0.0029300917994301273,0.002286301843775143,5.4767818055437795e-05,0.00015011763657039068
VariationalAutoencoder,0.0001,8.0,45.0,True,233.0,0.0006304202134397151,0.00048384721067073854,1.0041236335215864e-05,2.773254959168781e-05,0.002888797589068143,0.0022861187188130505,5.495246593494835e-05,0.0001479109175175241
VariationalAutoencoder,0.0001,8.0,45.0,True,234.0,0.000655922165135489,0.0004836132905553936,9.736762886661083e-06,2.7334661476534974e-05,0.0029144313350413583,0.0022852728201908134,5.4292533101525694e-05,0.00014705496764033096
VariationalAutoencoder,0.0001,8.0,45.0,True,235.0,0.0006591861219097662,0.0004835185416625195,9.929451268075932e-06,2.7298864549543015e-05,0.002918430469321005,0.002288199820608463,5.927130158217448e-05,0.00015134124214169365
VariationalAutoencoder,0.0001,8.0,45.0,True,236.0,0.0006419061570154689,0.00048336908823717634,9.123998445601798e-06,2.6964005133051758e-05,0.0028763304716386134,0.0022848377812583493,5.2958252435585236e-05,0.00014661830035770463
VariationalAutoencoder,0.0001,8.0,45.0,True,237.0,0.0006450985801830446,0.00048319168007277414,9.131369951640499e-06,2.6227283791069073e-05,0.002830474631591413,0.0022880643043877943,5.729769432694657e-05,0.0001519282213734381
VariationalAutoencoder,0.0001,8.0,45.0,True,238.0,0.000649145269650976,0.00048346769295612755,9.659116691093883e-06,2.7154210824368777e-05,0.0029679896696558536,0.0022858713033064356,5.620025660631792e-05,0.00014823874306378875
VariationalAutoencoder,0.0001,8.0,45.0,True,239.0,0.0006660071184050362,0.00048318043391338254,9.328362248295723e-06,2.643292533821173e-05,0.002995229179754197,0.0022855905241936257,5.6553292293218694e-05,0.0001468233436158618
VariationalAutoencoder,0.0001,8.0,45.0,True,240.0,0.0006427066425750198,0.0004833371973423302,9.453783283697949e-06,2.674017894782146e-05,0.0029189029954514415,0.00228507732445339,5.307518320638429e-05,0.0001463732512304618
VariationalAutoencoder,0.0001,8.0,45.0,True,241.0,0.0006570840138952045,0.0004831503102721551,9.33191181735369e-06,2.6457011699676514e-05,0.0029655606866632617,0.002286964242563308,5.8730718615295005e-05,0.00014941780915800131
VariationalAutoencoder,0.0001,8.0,45.0,True,242.0,0.0006506478770402564,0.0004833729440632535,9.518553505367988e-06,2.6775049572845676e-05,0.0028880954538501283,0.002286375880991138,5.536247044801712e-05,0.0001494285281536714
VariationalAutoencoder,0.0001,8.0,45.0,True,243.0,0.0006413432064082102,0.00048329148973737447,9.39074391624677e-06,2.6965054439887846e-05,0.002871589090839122,0.002284076416267539,5.2178184847411867e-05,0.00014493710496140725
VariationalAutoencoder,0.0001,8.0,45.0,True,244.0,0.0006488928737023448,0.0004832881962192669,9.455531710040858e-06,2.6506286445814324e-05,0.002918215292804646,0.0022842318007031326,5.2775437914350495e-05,0.0001457007660430932
VariationalAutoencoder,0.0001,8.0,45.0,True,245.0,0.0006399300863158028,0.0004831461732920932,9.265184186579725e-06,2.6380700985537064e-05,0.0029872249132432277,0.0022859505887301464,5.5613734249798756e-05,0.00014838610289606658
VariationalAutoencoder,0.0001,8.0,45.0,True,246.0,0.0006317104692407696,0.00048310496415089404,9.168527463094565e-06,2.6366997239082007e-05,0.0029762514732168907,0.002285072076245674,5.544212488633282e-05,0.00014600369774695463
VariationalAutoencoder,0.0001,8.0,45.0,True,247.0,0.0006484086462108273,0.0004831035182161151,9.051192115058474e-06,2.6325035006852163e-05,0.0029786575890187197,0.0022842870943201414,5.4152606277720735e-05,0.0001429856502972309
VariationalAutoencoder,0.0001,8.0,45.0,True,248.0,0.0006571850285054539,0.00048318340611265033,9.14280689409319e-06,2.6373664605007017e-05,0.0029199155246686635,0.002283993382124031,5.2618184976232875e-05,0.00014407071724252882
VariationalAutoencoder,0.0001,8.0,45.0,True,249.0,0.0006492083284732788,0.0004835275385900328,9.773480467438055e-06,2.680439753031152e-05,0.002986722022482434,0.0022830914401408262,5.2480173513949295e-05,0.00014284683051724105
VariationalAutoencoder,0.0001,8.0,45.0,True,250.0,0.0006654117547598168,0.0004830824718321109,9.243473199740896e-06,2.6307508068264656e-05,0.003007963955777246,0.0022843802500071017,5.3251636618713165e-05,0.00014542927672653078
VariationalAutoencoder,0.0001,8.0,45.0,True,251.0,0.0006614609388006986,0.00048320718370679255,9.451569823643589e-06,2.6543090004483965e-05,0.0029761918685721153,0.002285710295791146,5.641996087330692e-05,0.00014729521372033364
VariationalAutoencoder,0.0001,8.0,45.0,True,252.0,0.0006620219213300638,0.0004830734749045976,9.164766400972146e-06,2.6240959924186335e-05,0.0029091572611586853,0.002283284874082361,5.3426075094151044e-05,0.00014320807824344756
VariationalAutoencoder,0.0001,8.0,45.0,True,253.0,0.0006556003241526149,0.0004829122531767483,8.89798892395837e-06,2.5678159935133798e-05,0.0029745122546669823,0.002285886673057604,5.7149555463835875e-05,0.0001476265419766588
VariationalAutoencoder,0.0001,8.0,45.0,True,254.0,0.0006550885435705879,0.00048289695036700473,8.9718000034518e-06,2.595008102388716e-05,0.002980435981690509,0.0022851530485932933,5.502439449605702e-05,0.00014603782281185845
VariationalAutoencoder,0.0001,8.0,45.0,True,255.0,0.0006692099844349041,0.0004829692872708056,8.75822589745258e-06,2.617269724286149e-05,0.0030206880479488733,0.002284093285506626,5.4072881550908836e-05,0.00014434716189807317
VariationalAutoencoder,0.0001,8.0,45.0,True,256.0,0.0006743099972244222,0.00048307636677415546,9.031722829187656e-06,2.6186252881413844e-05,0.0029949116631873746,0.0022831576050452466,5.282859358959978e-05,0.00014339246839847205
VariationalAutoencoder,0.0001,8.0,45.0,True,257.0,0.0006677665398769944,0.0004828963880590351,9.19935587201157e-06,2.614064819889891e-05,0.0030000204185269912,0.002283188719419563,5.1282275960130515e-05,0.00014435915780142418
VariationalAutoencoder,0.0001,8.0,45.0,True,258.0,0.0006772262870140796,0.0004830562843466705,9.206192055842626e-06,2.6405530396818793e-05,0.0029586233058065737,0.002286244863234226,5.691154104358745e-05,0.0001491743063776748
VariationalAutoencoder,0.0001,8.0,45.0,True,259.0,0.0006560155082584392,0.00048306331319629024,9.268760113823768e-06,2.618212594256568e-05,0.0029962029097215185,0.002285469065672197,5.485192995588734e-05,0.00014690668234285318
VariationalAutoencoder,0.0001,8.0,45.0,True,260.0,0.0006647293137090225,0.00048284654347401746,8.64140767192423e-06,2.5654696128921046e-05,0.0029937270677314613,0.002283307741273124,5.279357820374411e-05,0.00014251201126560476
VariationalAutoencoder,0.0001,8.0,45.0,True,261.0,0.0006524333253382351,0.00048292333867672,9.041112619188596e-06,2.5814512086846435e-05,0.003028975342804531,0.002281448001381736,4.932082861474475e-05,0.00013946676216785263
VariationalAutoencoder,0.0001,8.0,45.0,True,262.0,0.0006787940016332663,0.00048269347521172703,8.822577526024731e-06,2.5590196392446194e-05,0.002973671604252461,0.0022827636145945616,5.3490465214042546e-05,0.00014109424543830583
VariationalAutoencoder,0.0001,8.0,45.0,True,263.0,0.0006695063608997273,0.00048279565460277054,8.953614737788301e-06,2.583446146824932e-05,0.003059712783345636,0.0022829214356980235,5.326063940360111e-05,0.000141808364844922
VariationalAutoencoder,0.0001,8.0,45.0,True,264.0,0.0006780229970772632,0.00048272857929497075,8.821931750465917e-06,2.5628169752516835e-05,0.0030197111315697243,0.00228277898434573,5.239934174332229e-05,0.0001421383224755713
VariationalAutoencoder,0.0001,8.0,45.0,True,265.0,0.0006737713061895653,0.0004824697971343994,8.529185811986499e-06,2.503400352203621e-05,0.002998429461845062,0.0022809932816703366,5.001883438360766e-05,0.0001377690372601995
VariationalAutoencoder,0.0001,8.0,45.0,True,266.0,0.0006772334363582642,0.00048279139712814373,8.942858087566663e-06,2.5686428874650733e-05,0.002968071204311443,0.0022830747583377285,5.243078998799594e-05,0.00014260023504308184
VariationalAutoencoder,0.0001,8.0,45.0,True,267.0,0.0006679772848710217,0.00048261969237314725,8.473091198989966e-06,2.5228981300184346e-05,0.003017661144148629,0.0022825894865599818,5.3525855471877934e-05,0.0001411224896990278
VariationalAutoencoder,0.0001,8.0,45.0,True,268.0,0.000683151406419245,0.00048304764890285193,9.398149311381852e-06,2.606769878105976e-05,0.0030170450420499598,0.002282723128420752,5.355506619942263e-05,0.00013908788374384994
VariationalAutoencoder,0.0001,8.0,45.0,True,269.0,0.0006670845808044598,0.000482645397880328,8.50545654118543e-06,2.5150333493546334e-05,0.0030297936883362585,0.0022811357330226297,5.037952565921927e-05,0.00013892763768726923
VariationalAutoencoder,0.0001,8.0,45.0,True,270.0,0.0006788038018578789,0.00048366092607338797,1.0668155749772758e-05,2.799211245662761e-05,0.003053021880815614,0.0022821090881179713,5.1773205961821214e-05,0.0001400181402762731
VariationalAutoencoder,0.0001,8.0,45.0,True,271.0,0.0006747009619226996,0.00048281164021504855,9.088249841950974e-06,2.5790475931450363e-05,0.0030575763879332153,0.0022829439280168066,5.3733938707495634e-05,0.00014174659297151384
VariationalAutoencoder,0.0001,8.0,45.0,True,272.0,0.0006908477155988749,0.00048243208233558267,8.370684625485516e-06,2.4928477896513e-05,0.003076303679988069,0.0022824856470215994,5.137492791286804e-05,0.00013903114921266928
VariationalAutoencoder,0.0001,8.0,45.0,True,273.0,0.0006603281292311265,0.0004823237978865837,8.22491695316172e-06,2.4735161939239246e-05,0.003092900574582178,0.002281582018114486,5.0394092950056186e-05,0.00014097139286170217
VariationalAutoencoder,0.0001,8.0,45.0,True,274.0,0.0006774847880206661,0.00048268046179871676,8.770121597858131e-06,2.5489354993133853e-05,0.0030770584847192345,0.0022799665073178848,4.861226199932818e-05,0.00013510061650531097
VariationalAutoencoder,0.0001,8.0,45.0,True,275.0,0.0006685315598696068,0.0004827117502207383,9.00063648659264e-06,2.572718616123148e-05,0.0030249552156940197,0.0022816240037762145,5.2867035539645066e-05,0.00013916083148815347
VariationalAutoencoder,0.0001,8.0,45.0,True,276.0,0.0006677233626579017,0.0004822649965389077,8.296999688739726e-06,2.4651066774145934e-05,0.0030180247699689564,0.0022812033974149693,5.036037790138017e-05,0.00013962110399075273
VariationalAutoencoder,0.0001,8.0,45.0,True,277.0,0.0006781594772544511,0.0004821387985645921,7.92739076936502e-06,2.4433543960842483e-05,0.003069146061843296,0.0022815743332389015,5.1353115049548116e-05,0.00013769502347370363
VariationalAutoencoder,0.0001,8.0,45.0,True,278.0,0.0006734803519801631,0.00048225005521285885,8.179877716495663e-06,2.4646046167274692e-05,0.003058420787067533,0.0022797822577398526,4.785307595190012e-05,0.00013566235045217118
VariationalAutoencoder,0.0001,8.0,45.0,True,279.0,0.0006744436658617622,0.0004822331056440616,8.380630447697446e-06,2.4795537247169372e-05,0.00305130346766058,0.002279088369705392,4.827785862129439e-05,0.00013469426699404448
VariationalAutoencoder,0.0001,8.0,45.0,True,280.0,0.0006880575434538232,0.00048240364561826394,8.668768724220783e-06,2.5255733603897764e-05,0.0031036820801548987,0.002280762735402809,5.0094265654776834e-05,0.00013830613508914252
VariationalAutoencoder,0.0001,8.0,45.0,True,281.0,0.0006929655280717299,0.00048227796978706297,8.295286406644914e-06,2.4714843543231327e-05,0.0031305244133907296,0.0022821803137941183,5.243959947951935e-05,0.00014049022124623352
VariationalAutoencoder,0.0001,8.0,45.0,True,282.0,0.0006947756777555152,0.00048260105588044115,8.858643055484301e-06,2.5363144467301126e-05,0.003092305652750363,0.002281334415171881,5.17565593029718e-05,0.00013810938587353663
VariationalAutoencoder,0.0001,8.0,45.0,True,283.0,0.0006869342127900239,0.0004824397538228819,8.530092659102618e-06,2.529123933569119e-05,0.003090945429771951,0.002282104402218225,5.2980410884011464e-05,0.00014300816604551279
VariationalAutoencoder,0.0001,8.0,45.0,True,284.0,0.0006754087469969799,0.00048269608592730007,8.926233603064261e-06,2.5388496021697462e-05,0.00302411287835559,0.002280746803343671,4.980238095956778e-05,0.00013641580798715914
VariationalAutoencoder,0.0001,8.0,45.0,True,285.0,0.0006927212454238028,0.0004823977815494383,8.546179938669797e-06,2.483578996275956e-05,0.0030538735899535365,0.0022797331495105094,4.808103618850498e-05,0.00013495776685153914
VariationalAutoencoder,0.0001,8.0,45.0,True,286.0,0.0006846473866074554,0.0004824384283826679,8.600023437060436e-06,2.475998381961067e-05,0.0030934306435615013,0.0022812605653918763,4.962277042228471e-05,0.00013806962601418764
VariationalAutoencoder,0.0001,8.0,45.0,True,287.0,0.0006897409328553234,0.00048247762928111857,8.708156640277398e-06,2.517365672276669e-05,0.003097291262644642,0.0022795061645267895,4.8033652956005914e-05,0.0001361497425995533
VariationalAutoencoder,0.0001,8.0,45.0,True,288.0,0.0006965566677545923,0.00048237372280131134,8.622251546407003e-06,2.4982948970762545e-05,0.0030885936704071813,0.0022801164561097728,5.1461201184575666e-05,0.00013796215490350183
VariationalAutoencoder,0.0001,8.0,45.0,True,289.0,0.0006919867105561125,0.000482626681057912,8.886541940291936e-06,2.5316626034335628e-05,0.0031067271652461597,0.0022804521539676113,5.1251606746289714e-05,0.00013657549173577027
VariationalAutoencoder,0.0001,8.0,45.0,True,290.0,0.0006738239623144309,0.00048259643692211964,8.768909121298726e-06,2.534606436272516e-05,0.0031250859581449498,0.002280925429842007,5.1331378332099075e-05,0.000137238417687656
VariationalAutoencoder,0.0001,8.0,45.0,True,291.0,0.000688286402797442,0.0004821690427003845,8.355402525745312e-06,2.4619441971463977e-05,0.003132205901655761,0.0022795700801993314,4.899297671029403e-05,0.00013386478073566964
VariationalAutoencoder,0.0001,8.0,45.0,True,292.0,0.0006594611306717453,0.00048186178155986445,7.638054450527034e-06,2.3797367802366735e-05,0.003078911102043008,0.002280481956289999,4.9490979491914594e-05,0.00013679424125068594
VariationalAutoencoder,0.0001,8.0,45.0,True,293.0,0.0006813337860724354,0.0004821976400771231,8.336668131205272e-06,2.447450207169808e-05,0.002988082432896836,0.0022790195806971134,4.774425471634985e-05,0.00013454991785235375
VariationalAutoencoder,0.0001,8.0,45.0,True,294.0,0.00069249784850046,0.00048275540941809065,9.03362940464701e-06,2.5375620675376163e-05,0.003108426834802208,0.0022789717845196995,4.801215639091888e-05,0.0001335867428742115
VariationalAutoencoder,0.0001,8.0,45.0,True,295.0,0.0006867502577542616,0.00048190118328258997,7.735961305123133e-06,2.3820058435121314e-05,0.0031020881244971316,0.002278186802594167,4.6339574264093016e-05,0.00013257997731367746
VariationalAutoencoder,0.0001,8.0,45.0,True,296.0,0.0006990736385561386,0.00048197938425521646,8.084299795911961e-06,2.4063362064708598e-05,0.003081890584537818,0.002279824430837571,4.906602402996717e-05,0.00013509464198313418
VariationalAutoencoder,0.0001,8.0,45.0,True,297.0,0.0006891189399112588,0.0004819644429291676,7.873001907552992e-06,2.3944305903667387e-05,0.003125955848573889,0.0022793459067554592,4.9010147604177585e-05,0.0001340591752866529
VariationalAutoencoder,0.0001,8.0,45.0,True,298.0,0.000698427627028802,0.0004823777794516633,8.819630429791312e-06,2.508425728651391e-05,0.0030966333623202343,0.0022786120948551586,4.702853331775785e-05,0.00013374464598091894
VariationalAutoencoder,0.0001,8.0,45.0,True,299.0,0.0006924770431055856,0.00048213008279106366,8.506635128648455e-06,2.434536202175598e-05,0.0031054913997650146,0.002278875067548932,4.87472949865854e-05,0.00013337484648767508
VariationalAutoencoder,0.0001,8.0,45.0,True,300.0,0.000681358366963677,0.00048200918657760416,7.962752786286758e-06,2.4159102527439755e-05,0.0031095081530277085,0.0022806409020094003,4.963098831896512e-05,0.00013788435725296068
VariationalAutoencoder,0.0001,8.0,45.0,True,301.0,0.0007051147540624572,0.0004822834322073389,8.468939784683307e-06,2.465475440989286e-05,0.0031514085313808994,0.0022787672918547623,4.8493732165240645e-05,0.00013445601242143403
VariationalAutoencoder,0.0001,8.0,45.0,True,302.0,0.0007000294014450032,0.0004819201812589908,7.99245406896117e-06,2.3946301594898707e-05,0.0031533132559098537,0.002278261402118131,4.822635179701841e-05,0.00013293678514987418
VariationalAutoencoder,0.0001,8.0,45.0,True,303.0,0.0006965497593995375,0.0004818955200380392,7.83760160850386e-06,2.377580931646162e-05,0.0031233787911493075,0.0022787176213174497,4.756675869132738e-05,0.00013379197356835852
VariationalAutoencoder,0.0001,8.0,45.0,True,304.0,0.0006942258208909768,0.0004819496622625387,7.865869507916533e-06,2.4035249176533075e-05,0.0031120651548013746,0.0022776689169541845,4.5855927907820764e-05,0.0001306860069246412
VariationalAutoencoder,0.0001,8.0,45.0,True,305.0,0.0006969881186266794,0.00048202015158301095,7.956070358541133e-06,2.394550833901305e-05,0.003181225098903824,0.0022808214028676352,5.0717894479913535e-05,0.0001380774163225162
VariationalAutoencoder,0.0001,8.0,45.0,True,306.0,0.0006823998416530476,0.0004821300426262087,8.201247929643107e-06,2.4085573229506973e-05,0.003127472205731854,0.0022782750849453907,4.7057785046925335e-05,0.00013116922862124893
VariationalAutoencoder,0.0001,8.0,45.0,True,307.0,0.0006934540933675843,0.00048166139909841944,7.565428234255217e-06,2.360840722155378e-05,0.003106844500175812,0.0022765002535574093,4.581597182641989e-05,0.00013058743902347373
VariationalAutoencoder,0.0001,8.0,45.0,True,308.0,0.0006922988718089389,0.00048169654334651816,7.594041300390287e-06,2.325815713469873e-05,0.003098310164685519,0.0022781230743576146,4.611381640036901e-05,0.00013207846889330907
VariationalAutoencoder,0.0001,8.0,45.0,True,309.0,0.0006972204321478255,0.0004819603059491057,8.08952310978563e-06,2.4240378621774864e-05,0.003105455786926941,0.002278272460841533,4.7264020280830516e-05,0.00013271983970636092
VariationalAutoencoder,0.0001,8.0,45.0,True,310.0,0.0006904314470419665,0.00048168023641540034,7.561324515713835e-06,2.355631842526464e-05,0.003143562085973392,0.0022764464594283193,4.58311307120998e-05,0.00012905636814030462
VariationalAutoencoder,0.0001,8.0,45.0,True,311.0,0.0006971905494957279,0.0004817191561598662,7.704047817546082e-06,2.35548072225964e-05,0.003193945254919664,0.002280460776023145,5.220676883586548e-05,0.00013682397328457742
VariationalAutoencoder,0.0001,8.0,45.0,True,312.0,0.0007017388980022338,0.0004820019167388546,8.11323418088679e-06,2.4112036848325293e-05,0.0031490565845801394,0.0022768200193561097,4.509171916160194e-05,0.00013008870699870512
VariationalAutoencoder,0.0001,8.0,45.0,True,313.0,0.0006932843566904814,0.0004816891931780586,7.669600178650768e-06,2.3726092756919143e-05,0.0031457067285693666,0.0022772413754613145,4.645155555328483e-05,0.000131686751104001
VariationalAutoencoder,0.0001,8.0,45.0,True,314.0,0.0006998471333331496,0.0004821392805428518,8.337741285923998e-06,2.440289064559011e-05,0.0031550275454731106,0.0022787539838994824,4.95155043197128e-05,0.00013258519037714545
VariationalAutoencoder,0.0001,8.0,45.0,True,315.0,0.000701661138843012,0.00048185856837146686,8.101921498454163e-06,2.396655974362417e-05,0.0031772990646602222,0.002276727238541129,4.579563795020745e-05,0.00012949083305005007
VariationalAutoencoder,0.0001,8.0,45.0,True,316.0,0.0006909276436602652,0.0004816064937416755,7.428735308851193e-06,2.3247011387444572e-05,0.0031192347688494986,0.0022770466294678503,4.552081871613766e-05,0.00012955895431761473
VariationalAutoencoder,0.0001,8.0,45.0,True,317.0,0.0006810146361348443,0.0004818959618514439,8.156933543094085e-06,2.422653680863085e-05,0.0031711125523789124,0.002275974120733873,4.476787077274712e-05,0.00012798330881310708
VariationalAutoencoder,0.0001,8.0,45.0,True,318.0,0.00069863078086524,0.0004818100090618082,7.910081599600553e-06,2.3769179605088145e-05,0.0031484091806711642,0.0022775474584327553,4.711425013887058e-05,0.00013165980718045866
VariationalAutoencoder,0.0001,8.0,45.0,True,319.0,0.0007048857340594186,0.00048143366437073987,7.379095313563501e-06,2.3110937879413286e-05,0.00315930408501775,0.002276313005003539,4.5049543135196156e-05,0.00012857058091358568
VariationalAutoencoder,0.0001,8.0,45.0,True,320.0,0.0007023081946565778,0.00048161769973621216,7.538552298097597e-06,2.3170911538793713e-05,0.0031514014088132847,0.0022757017762406067,4.4430699785175566e-05,0.0001275821255063111
VariationalAutoencoder,0.0001,8.0,45.0,True,321.0,0.000694372422611617,0.00048152001880892527,7.297120727297431e-06,2.307303480783884e-05,0.0031873148942143663,0.0022782031095252846,4.774809422545463e-05,0.00013305273773910116
VariationalAutoencoder,0.0001,8.0,45.0,True,322.0,0.0006933539222192893,0.0004813503624615322,7.161894446675668e-06,2.280882286093627e-05,0.00312413696972829,0.002277148969518314,4.6064324512984015e-05,0.00013002103089161638
VariationalAutoencoder,0.0001,8.0,45.0,True,323.0,0.0006966293661420878,0.0004818599339765358,7.855496306544687e-06,2.3701617298421833e-05,0.0032127986913956935,0.0022767649131750912,4.6979041430372864e-05,0.00012952806252353597
VariationalAutoencoder,0.0001,8.0,45.0,True,324.0,0.0007128938028433253,0.00048172538171238654,7.78960648954236e-06,2.3650811267188297e-05,0.003220121440647533,0.002278349684469355,4.960576646357962e-05,0.0001335526763830545
VariationalAutoencoder,0.0001,8.0,45.0,True,325.0,0.0006983811161267469,0.0004816908399371124,7.746906855678301e-06,2.327313611529908e-05,0.003214830497525773,0.0022765388653713204,4.504956363600755e-05,0.00012827579096053382
VariationalAutoencoder,0.0001,8.0,45.0,True,326.0,0.0007059129903901298,0.0004818977692699175,8.052568932909849e-06,2.388462594978893e-05,0.00318943404551572,0.0022771870190242552,4.629995205304907e-05,0.00013091954045325706
VariationalAutoencoder,0.0001,8.0,45.0,True,327.0,0.0007027992501734402,0.00048162448759670205,7.571562160700158e-06,2.3366516892800754e-05,0.0031828876561338796,0.002276333248090444,4.641105180735108e-05,0.0001271471802918416
VariationalAutoencoder,0.0001,8.0,45.0,True,328.0,0.0007177246709396896,0.0004815544802544895,7.640222097543693e-06,2.3273849041474797e-05,0.0031801619619693396,0.002275148277762551,4.512065752122387e-05,0.00012487569038972915
VariationalAutoencoder,0.0001,8.0,45.0,True,329.0,0.0007083998375504486,0.0004816105503920275,7.58768144663614e-06,2.340805488374998e-05,0.0031918722128718153,0.002276941103005559,4.669261873705582e-05,0.0001299500863694545
VariationalAutoencoder,0.0001,8.0,45.0,True,330.0,0.0007012620608440307,0.00048145173855547636,7.631083965462172e-06,2.2995730013538886e-05,0.0031908551851908364,0.0022762640842101858,4.6312574695491194e-05,0.00012852098066476906
VariationalAutoencoder,0.0001,8.0,45.0,True,331.0,0.00070235856138471,0.0004814128188110105,7.308597834605091e-06,2.3072613076861656e-05,0.003139935199569606,0.0022760841456599206,4.4257869159088194e-05,0.00012799093511494452
VariationalAutoencoder,0.0001,8.0,45.0,True,332.0,0.0007111345018659319,0.00048143173645770135,7.5180155056907804e-06,2.3128479879821406e-05,0.003159766302168744,0.0022765006284293887,4.6145788880076795e-05,0.000129570797929224
VariationalAutoencoder,0.0001,8.0,45.0,True,333.0,0.0007025485411487178,0.00048183005132443823,8.11279927081657e-06,2.361411816186982e-05,0.0032287738608114376,0.0022758571606762003,4.5013974227432936e-05,0.00012685432327243516
VariationalAutoencoder,0.0001,8.0,45.0,True,334.0,0.0007080960305874559,0.000481269189289638,6.99977842322739e-06,2.2433838754330042e-05,0.0032097431098890004,0.0022752556785847404,4.452113765028288e-05,0.00012674176796052442
VariationalAutoencoder,0.0001,8.0,45.0,True,335.0,0.0007191840207801675,0.0004815836399391976,7.699947236883994e-06,2.3156555113445394e-05,0.0031778208864559915,0.002277306228313806,4.5898824391312566e-05,0.00012949941996133552
VariationalAutoencoder,0.0001,8.0,45.0,True,336.0,0.0007104288053641101,0.0004819502647353632,8.224783279503774e-06,2.4143573790387002e-05,0.0032074286502862125,0.0022760297892228613,4.6104456315625386e-05,0.00012859401041231814
VariationalAutoencoder,0.0001,8.0,45.0,True,337.0,0.000716795577514525,0.00048123364339298957,7.225923501256341e-06,2.2806310047197214e-05,0.003233840255617346,0.0022761696164712965,4.599914657619764e-05,0.00012822487865978815
VariationalAutoencoder,0.0001,8.0,45.0,True,338.0,0.0007206151748924564,0.0004814229805193179,7.5661593601308425e-06,2.29153224841925e-05,0.0032464348295199795,0.002275859222472089,4.4776516257779405e-05,0.00012876099244978442
VariationalAutoencoder,0.0001,8.0,45.0,True,339.0,0.000712274139460849,0.00048135618636550284,7.183154206471944e-06,2.2754718290988327e-05,0.0032287588659322486,0.002276139251840939,4.649837354912698e-05,0.00012751169643312132
VariationalAutoencoder,0.0001,8.0,45.0,True,340.0,0.0007208813875511971,0.0004811775732554515,7.143736166774102e-06,2.2543621854480064e-05,0.003222122132403296,0.002275295415014591,4.408816637108161e-05,0.00012768034196499758
VariationalAutoencoder,0.0001,8.0,45.0,True,341.0,0.0007226038171917281,0.00048131264766271547,7.364516726361131e-06,2.2785258642586094e-05,0.00322397399998311,0.002274892802508372,4.4405773727211565e-05,0.000126227080447119
VariationalAutoencoder,0.0001,8.0,45.0,True,342.0,0.000719378499007932,0.00048149559857710354,7.571209463067453e-06,2.287258958880792e-05,0.0032022621646617196,0.002274873121729437,4.40284475074999e-05,0.00012537828828178862
VariationalAutoencoder,0.0001,8.0,45.0,True,343.0,0.0007073988490348878,0.00048123308108502,7.035965074827729e-06,2.239914385054632e-05,0.003227869669596354,0.0022737177662879417,4.120997838535399e-05,0.00012260840608263916
VariationalAutoencoder,0.0001,8.0,45.0,True,344.0,0.0007021375743526654,0.00048134935834015795,7.339490883835564e-06,2.277621401930755e-05,0.003235897178170066,0.0022741666754836558,4.320830083305731e-05,0.00012406173788901396
VariationalAutoencoder,0.0001,8.0,45.0,True,345.0,0.0007225213989093298,0.0004812717598403561,7.2473031280416685e-06,2.2620856360283823e-05,0.0032512706780583604,0.00227512297390392,4.409558473611778e-05,0.00012465724545829702
VariationalAutoencoder,0.0001,8.0,45.0,True,346.0,0.0007183836958800365,0.00048136293406113783,7.421535758597831e-06,2.2796838672334613e-05,0.003273639289088219,0.0022745351746397196,4.440031758269424e-05,0.00012490050222888682
VariationalAutoencoder,0.0001,8.0,45.0,True,347.0,0.000714633744360623,0.00048134244998510316,7.230839930535006e-06,2.2806930092145813e-05,0.0032388642898895457,0.0022758091770627964,4.614404923979591e-05,0.0001286298341158801
VariationalAutoencoder,0.0001,8.0,45.0,True,348.0,0.0007180385191164248,0.00048128216253779326,7.305378998024765e-06,2.26891140210018e-05,0.003260168264497001,0.0022761244443977404,4.691905019886839e-05,0.0001286743384487224
VariationalAutoencoder,0.0001,8.0,45.0,True,349.0,0.0007057961909918772,0.00048118006347645965,7.053752457396682e-06,2.241238068056235e-05,0.0032434313552184677,0.002274727858837296,4.397610014995689e-05,0.0001256545806455912
VariationalAutoencoder,0.0001,8.0,45.0,True,350.0,0.0007232402694835817,0.00048135650768434265,7.60683568942579e-06,2.3071844924010355e-05,0.003279725710550944,0.00227482869939984,4.4692632794942495e-05,0.00012661412405142995
VariationalAutoencoder,0.0001,8.0,45.0,True,351.0,0.0007172613291727565,0.0004810557934151827,6.8012629999626035e-06,2.205228016302592e-05,0.003270290932565365,0.0022740975116033973,4.410362105418301e-05,0.00012376979462005807
VariationalAutoencoder,0.0001,8.0,45.0,True,352.0,0.0007162228266826537,0.00048114744961422407,7.137927324624075e-06,2.233398892487477e-05,0.0032149838201654783,0.002274133124441471,4.3346845316437055e-05,0.00012395575455149765
VariationalAutoencoder,0.0001,8.0,45.0,True,353.0,0.0007178563313342812,0.0004810939500274041,7.248843199199422e-06,2.2470029798961394e-05,0.0032759518743311084,0.002274776779630649,4.476305893944494e-05,0.0001271085801926799
VariationalAutoencoder,0.0001,8.0,45.0,True,354.0,0.0007207443450660397,0.0004810047438845159,6.906482368466668e-06,2.1892240788094758e-05,0.00327576256398135,0.0022753895078815004,4.5431534753842924e-05,0.00012735317244469744
VariationalAutoencoder,0.0001,8.0,45.0,True,355.0,0.0007270740048904625,0.00048126159813204864,7.36947081019133e-06,2.2769124922405355e-05,0.0032513374052707505,0.00227575088446995,4.6255122635911846e-05,0.00012922141724412546
VariationalAutoencoder,0.0001,8.0,45.0,True,356.0,0.0007295795688731972,0.0004811514660997211,7.04880653205265e-06,2.2154482146800368e-05,0.0033157434103623876,0.002274817828112428,4.539717246526442e-05,0.000125338540137189
VariationalAutoencoder,0.0001,8.0,45.0,True,357.0,0.0007092257072983405,0.00048087750162397114,6.79832971039808e-06,2.185056222015314e-05,0.00327827420624547,0.0022750566215635096,4.482552784044038e-05,0.0001266205203045839
VariationalAutoencoder,0.0001,8.0,45.0,True,358.0,0.0007257453514880568,0.000481164921326136,7.225295925397436e-06,2.2257429690695196e-05,0.003284913938750261,0.0022736519762555007,4.315873279980144e-05,0.00012332229119426798
VariationalAutoencoder,0.0001,8.0,45.0,True,359.0,0.0007240006705178726,0.0004813297177260777,7.352172309216463e-06,2.262528955615113e-05,0.0032319486516076816,0.0022740491531180137,4.297516853460726e-05,0.00012326591982031768
VariationalAutoencoder,0.0001,8.0,45.0,True,360.0,0.0007239674943476675,0.0004811989811231505,7.185652585966247e-06,2.248501128986518e-05,0.003292431246559575,0.0022748883040446155,4.5323706343301435e-05,0.00012595434936712373
VariationalAutoencoder,0.0001,8.0,45.0,True,361.0,0.0007245771968461111,0.0004809784359045106,6.9701104020735e-06,2.2228608896950826e-05,0.0032340891706118795,0.0022735963077665125,4.2959213045970446e-05,0.0001220152883222268
VariationalAutoencoder,0.0001,8.0,45.0,True,362.0,0.0007256001957021955,0.0004812091829963129,7.320108203433273e-06,2.255097955384987e-05,0.003284779359709542,0.0022730911677738405,4.26365742049877e-05,0.00012261673526943855
VariationalAutoencoder,0.0001,8.0,45.0,True,363.0,0.0007255685457964792,0.00048068209960454235,6.554148729760049e-06,2.1619207634919414e-05,0.0032414152937115365,0.0022737657499013455,4.345508960058104e-05,0.0001230402703180253
VariationalAutoencoder,0.0001,8.0,45.0,True,364.0,0.0007225935349888557,0.0004812648916501562,7.426649246696192e-06,2.251734399811598e-05,0.0032640980474604,0.00227412094110213,4.441113029635927e-05,0.00012372470454974745
VariationalAutoencoder,0.0001,8.0,45.0,True,365.0,0.0007215478028248584,0.00048087810409679565,6.8634250163630336e-06,2.190373546752647e-05,0.0032642843588343204,0.0022740122282280113,4.3101529678646124e-05,0.0001231892702152144
VariationalAutoencoder,0.0001,8.0,45.0,True,366.0,0.0007316740054004597,0.00048100719394066906,7.0534468279533955e-06,2.1905382226580235e-05,0.0032860595475202835,0.002276641955165743,4.916481744005995e-05,0.00012914329158060205
VariationalAutoencoder,0.0001,8.0,45.0,True,367.0,0.0007293499062324792,0.0004810193638917249,7.042362583133409e-06,2.190441324945409e-05,0.0033002720688873866,0.002273140088567194,4.250343314975313e-05,0.00012232476857098394
VariationalAutoencoder,0.0001,8.0,45.0,True,368.0,0.000721234356296673,0.00048093011758398174,7.015449620000114e-06,2.1991314933788422e-05,0.0033091486624951634,0.002273356202263502,4.349898476645632e-05,0.00012185525313113471
VariationalAutoencoder,0.0001,8.0,45.0,True,369.0,0.0007257672814988704,0.00048064121178218296,6.316952668431634e-06,2.1261863430555296e-05,0.0033088052797617404,0.002273134652923488,4.199016312102102e-05,0.00012287016044247825
VariationalAutoencoder,0.0001,8.0,45.0,True,370.0,0.0007333300827005802,0.00048075013886886145,6.885166754418949e-06,2.1554883619685058e-05,0.00329051377638331,0.0022759851794572745,4.754325890409872e-05,0.00012676730611414278
VariationalAutoencoder,0.0001,8.0,45.0,True,371.0,0.0007361246729796787,0.00048119958359597507,7.268235920815455e-06,2.2494111139819307e-05,0.0032926295538368467,0.002273271106324106,4.2989732896756824e-05,0.00012244428244401824
VariationalAutoencoder,0.0001,8.0,45.0,True,372.0,0.0007277829949103919,0.0004807555611242824,6.64222900155741e-06,2.156478174613171e-05,0.0033041737364523068,0.0022722932527650076,4.23497034225074e-05,0.00011977048461917061
VariationalAutoencoder,0.0001,8.0,45.0,True,373.0,0.0007259293065238192,0.0004806833848799014,6.436270528606006e-06,2.1484163351296736e-05,0.0032986878599010924,0.002272081450096466,4.1377106857187345e-05,0.00012052308697745485
VariationalAutoencoder,0.0001,8.0,45.0,True,374.0,0.0007271345734917572,0.0004810226172449775,7.1284302191512604e-06,2.2159522836099094e-05,0.0033132572593928883,0.0022726426334501062,4.1760802971866895e-05,0.0001213448297864986
VariationalAutoencoder,0.0001,8.0,45.0,True,375.0,0.0007333881610808668,0.00048078982174557173,6.840408044161822e-06,2.1667214677822236e-05,0.0033154585076578006,0.002273627234704839,4.4687504663407425e-05,0.00012294003892244782
VariationalAutoencoder,0.0001,8.0,45.0,True,376.0,0.0007188864795345502,0.00048066326228756145,6.567986777448912e-06,2.1523728243745564e-05,0.003310853955130907,0.0022753546447873865,4.696368925132841e-05,0.00012573383092505378
VariationalAutoencoder,0.0001,8.0,45.0,True,377.0,0.0007338732721991938,0.00048067398630383844,6.675317311142333e-06,2.1467211272195986e-05,0.0032452479848321877,0.002272278632757799,4.072398907920849e-05,0.00012045044381663484
VariationalAutoencoder,0.0001,8.0,45.0,True,378.0,0.000726553629029472,0.00048113841252185585,7.158983122266206e-06,2.2445130099183467e-05,0.003295275775141686,0.002271975736198185,4.104096676756001e-05,0.0001194965937789881
VariationalAutoencoder,0.0001,8.0,45.0,True,379.0,0.0007248315207077808,0.00048093349143179924,6.812635302101827e-06,2.175705341717625e-05,0.003323550494212025,0.0022725297969842105,4.243656536037067e-05,0.00012027288336049086
VariationalAutoencoder,0.0001,8.0,45.0,True,380.0,0.0007294698384894193,0.00048101241537181513,6.994978723058482e-06,2.2011633329796342e-05,0.0033285595336050356,0.0022723095596961255,4.213268183312326e-05,0.00011937859110862205
VariationalAutoencoder,0.0001,8.0,45.0,True,381.0,0.0007356397225207717,0.0004808898322344469,7.02371855951705e-06,2.1889035130607472e-05,0.0033172545193126367,0.0022748560650543595,4.610537592345064e-05,0.00012531932794822837
VariationalAutoencoder,0.0001,8.0,45.0,True,382.0,0.0007323901447645738,0.00048055088102335556,6.58084643437374e-06,2.116437328632951e-05,0.0033075813227479564,0.0022714546641463755,4.023452342118857e-05,0.00011857702109798695
VariationalAutoencoder,0.0001,8.0,45.0,True,383.0,0.0007301885484042515,0.0004811045535491162,7.271878371100541e-06,2.2554353401667347e-05,0.003344985674012382,0.0022723491086899857,4.257031558257229e-05,0.0001214498407998175
VariationalAutoencoder,0.0001,8.0,45.0,True,384.0,0.0007109068474679623,0.0004806988483490648,6.377151627545408e-06,2.1448190703064284e-05,0.0032942729925959364,0.0022723828471681606,4.18775755935495e-05,0.00012013486018345791
VariationalAutoencoder,0.0001,8.0,45.0,True,385.0,0.0007314667547488148,0.0004809304389028215,6.994315375375619e-06,2.189507241037014e-05,0.003289667690325083,0.002271537510853893,4.0037024461623255e-05,0.00011881176124578751
VariationalAutoencoder,0.0001,8.0,45.0,True,386.0,0.0007397146077168919,0.00048066639514624914,6.741686596100864e-06,2.162019669447305e-05,0.0033452761997966648,0.0022723965299954203,4.2479294908684005e-05,0.0001200057050716952
VariationalAutoencoder,0.0001,8.0,45.0,True,387.0,0.0007271515230605545,0.00048079191031803016,6.886528594032774e-06,2.1660371590656732e-05,0.0032995032064569822,0.002272240395815867,4.1417803896485634e-05,0.00012057555733986621
VariationalAutoencoder,0.0001,8.0,45.0,True,388.0,0.0007367819306664068,0.00048078198959885263,6.745387410940828e-06,2.1504263350905756e-05,0.0033024594468890494,0.002272262513262671,4.2034535662932967e-05,0.00011945305005559381
VariationalAutoencoder,0.0001,8.0,45.0,True,389.0,0.0007342969310894167,0.0004802847085294698,6.11457828121044e-06,2.0568212619769285e-05,0.003346824421072906,0.002272951527961395,4.353413780061704e-05,0.00012125850379841882
VariationalAutoencoder,0.0001,8.0,45.0,True,390.0,0.0007340016390756777,0.0004805745782877878,6.50381338042069e-06,2.1255753351992997e-05,0.003344639667175101,0.0022720743275288515,4.134039283267357e-05,0.0001193713865377618
VariationalAutoencoder,0.0001,8.0,45.0,True,391.0,0.0007289280145958749,0.0004810371569224766,6.8687569008602925e-06,2.186859875033808e-05,0.003317084702305824,0.002273008133630333,4.515724268349462e-05,0.00012142297887952073
VariationalAutoencoder,0.0001,8.0,45.0,True,392.0,0.0007335916362361445,0.00048057734966278076,6.592990027243557e-06,2.1297748218167504e-05,0.0033209916180784596,0.002271545945473437,4.1065242656934186e-05,0.00011993460825779153
VariationalAutoencoder,0.0001,8.0,45.0,True,393.0,0.0007370763390533365,0.00048052830837486246,6.474837575439173e-06,2.1422294412822415e-05,0.0033172279034020765,0.002270630882970942,4.001505637787423e-05,0.00011675171085498618
VariationalAutoencoder,0.0001,8.0,45.0,True,394.0,0.0007402615727118726,0.0004804056449077843,6.277144276549553e-06,2.1019568942949136e-05,0.003348344901822648,0.002271711264016493,4.158067991429905e-05,0.00011852062629453792
VariationalAutoencoder,0.0001,8.0,45.0,True,395.0,0.0007375227312514725,0.0004804121114494344,6.422731207025983e-06,2.0995639475449076e-05,0.0033324908160563536,0.0022710336829131505,4.0226162018828425e-05,0.000117669034304109
VariationalAutoencoder,0.0001,8.0,45.0,True,396.0,0.0007464424619134867,0.0004806216916626676,6.678926499906897e-06,2.1548665598075023e-05,0.0033574824063283093,0.002273211126807351,4.430270150491276e-05,0.00012219965504775259
VariationalAutoencoder,0.0001,8.0,45.0,True,397.0,0.0007358394221796822,0.00048064647337818403,6.774004870106911e-06,2.1448682722537665e-05,0.0033201376597086587,0.002272535982371876,4.242411843916905e-05,0.00012175274907418018
VariationalAutoencoder,0.0001,8.0,45.0,True,398.0,0.0007343202267052993,0.0004804510311939003,6.3174999145806e-06,2.092263985154121e-05,0.003354072945672761,0.0022711405214273705,4.072402129476925e-05,0.00011799253710785752
VariationalAutoencoder,0.0001,8.0,45.0,True,399.0,0.000738441140825215,0.00048065856299953,6.607449375032736e-06,2.1190342375371013e-05,0.00333689143822628,0.002271147831430975,4.0625406534604305e-05,0.00011703147078460117
VariationalAutoencoder,0.0001,8.0,45.0,True,400.0,0.0007354971372856284,0.0004805253763404497,6.551446388111603e-06,2.1152692844443564e-05,0.0033840548317387417,0.0022729271612827134,4.459343815468392e-05,0.0001215199184305263
VariationalAutoencoder,0.0001,8.0,45.0,True,401.0,0.0007390394365048473,0.00048054156277700254,6.498134446473456e-06,2.114913574447529e-05,0.003317108319240546,0.002272441514632987,4.295418448980499e-05,0.00012008849320546636
VariationalAutoencoder,0.0001,8.0,45.0,True,402.0,0.0007417794025811866,0.00048070250335086707,6.70089918587889e-06,2.1476200668798946e-05,0.003385989920898054,0.00227380042555947,4.4817637956742224e-05,0.0001230924478117025
VariationalAutoencoder,0.0001,8.0,45.0,True,403.0,0.0007301681446579267,0.00048075467749747307,6.769657652132273e-06,2.1416698946464416e-05,0.0033583067498117124,0.0022723774115244546,4.203921863399212e-05,0.00012090427320708268
VariationalAutoencoder,0.0001,8.0,45.0,True,404.0,0.0007364460721491482,0.0004806629409687217,6.665306221041075e-06,2.1235286848082375e-05,0.0033735974029924887,0.002271886516667012,4.186032855379507e-05,0.00011966916375190208
VariationalAutoencoder,0.0001,8.0,45.0,True,405.0,0.0007393699932612499,0.00048040391781902056,6.250677519851939e-06,2.060697547027043e-05,0.003319101888428694,0.002271941247976051,4.146176642216976e-05,0.00011882887649461159
VariationalAutoencoder,0.0001,8.0,45.0,True,406.0,0.0007299904553395398,0.000480988517283108,7.089214886455844e-06,2.2013254985815754e-05,0.0033698696760261584,0.002271160389642296,4.1840685847795236e-05,0.0001174104780708469
VariationalAutoencoder,0.0001,8.0,45.0,True,407.0,0.000738973003834727,0.000480367287471288,6.290551179623346e-06,2.072209045491771e-05,0.003337056007025377,0.0022721854770708385,4.3544596143113744e-05,0.00011849262804355262
VariationalAutoencoder,0.0001,8.0,45.0,True,408.0,0.0007500221947775376,0.00048052148034951757,6.495541303024459e-06,2.1125870252233952e-05,0.0034031448124339746,0.0022724838751666952,4.340013863999139e-05,0.00012162152045177963
VariationalAutoencoder,0.0001,8.0,45.0,True,409.0,0.000733365186783824,0.00048065968761546916,6.640607345537998e-06,2.154937852425074e-05,0.003338169001933164,0.002271313337410021,4.093608754517147e-05,0.00011753641162653389
VariationalAutoencoder,0.0001,8.0,45.0,True,410.0,0.0007408122328735105,0.0004805581508621051,6.6110127507596e-06,2.1092274861355035e-05,0.0033541059344069763,0.0022714554138903347,4.227457087744707e-05,0.00011847031144600994
VariationalAutoencoder,0.0001,8.0,45.0,True,411.0,0.0007367791994562689,0.0004803675284604178,6.269364846202562e-06,2.088499785152407e-05,0.003370821850854646,0.0022713958092455593,4.120031957450153e-05,0.00011879457570846726
VariationalAutoencoder,0.0001,8.0,45.0,True,412.0,0.0007428438515675999,0.00048035150268328476,6.3629163243378594e-06,2.0901878386976906e-05,0.003398362195716714,0.002270476060843318,3.9914977274038506e-05,0.00011752554033912204
VariationalAutoencoder,0.0001,8.0,45.0,True,413.0,0.0007427190995280634,0.00048033740481919033,6.204599645139394e-06,2.0677917900512802e-05,0.003367499735370372,0.002270056204226032,3.992969392792984e-05,0.00011648634835234229
VariationalAutoencoder,0.0001,8.0,45.0,True,414.0,0.0007393719211742884,0.0004805691560323669,6.549421200814915e-06,2.1046422913951693e-05,0.0033740592452715028,0.0022712565443050938,4.1625600120743866e-05,0.00011764436304194373
VariationalAutoencoder,0.0001,8.0,45.0,True,415.0,0.0007433223756497118,0.0004802126929445087,6.0632124523107574e-06,2.0566257093392934e-05,0.00333306999326502,0.0022722308365803845,4.238123074173927e-05,0.00011898538554614445
VariationalAutoencoder,0.0001,8.0,45.0,True,416.0,0.0007387102453535136,0.00048030599590260386,6.193241777244925e-06,2.0688428540997748e-05,0.003395709601588219,0.0022706745555565793,4.01664636560581e-05,0.00011759013546712743
VariationalAutoencoder,0.0001,8.0,45.0,True,417.0,0.0007406818577542781,0.0004803827509404514,6.3234901261538505e-06,2.086517900589984e-05,0.0033694580665924265,0.0022710726695990414,4.17434534280555e-05,0.00011829220039664574
VariationalAutoencoder,0.0001,8.0,45.0,True,418.0,0.0007389148451247305,0.0004801313189483396,5.885923527321725e-06,2.0268164836171503e-05,0.0033913978240774864,0.002270984762119797,4.1406466947786464e-05,0.00011803940782007182
VariationalAutoencoder,0.0001,8.0,45.0,True,419.0,0.0007470177832960761,0.0004805197130958989,6.50342365581231e-06,2.1094481418074945e-05,0.003409053544578312,0.0022699979116331858,4.000268560254349e-05,0.0001151856597302095
VariationalAutoencoder,0.0001,8.0,45.0,True,420.0,0.0007412345261586644,0.000480284427375485,6.184411157334268e-06,2.063546239365786e-05,0.0034008374753988014,0.0022705165470171275,4.021422761791157e-05,0.00011729471291760979
VariationalAutoencoder,0.0001,8.0,45.0,True,421.0,0.0007407463625113598,0.00048049063374090066,6.395997730588335e-06,2.1026132131281568e-05,0.0033703198972738014,0.0022695681209084374,3.8372818380594254e-05,0.00011477592465637615
VariationalAutoencoder,0.0001,8.0,45.0,True,422.0,0.0007513694846726492,0.0004803670464821582,6.501950735271459e-06,2.073343200583985e-05,0.003427693678897882,0.0022707251632738414,4.2075165342422404e-05,0.00011692688150225945
VariationalAutoencoder,0.0001,8.0,45.0,True,423.0,0.0007469445226006109,0.00048004504483986415,5.7855540650552815e-06,2.0311161313416823e-05,0.003417788811449735,0.002270641379386374,4.115389988013783e-05,0.00011760722728645276
VariationalAutoencoder,0.0001,8.0,45.0,True,424.0,0.0007338013771087976,0.000480158831873994,5.943898357591539e-06,2.02649089726155e-05,0.003345552480445718,0.00227060651629226,4.0370528732643186e-05,0.00011692296877597114
VariationalAutoencoder,0.0001,8.0,45.0,True,425.0,0.0007467834615321815,0.0004805806431808883,6.7348259368113105e-06,2.1193008317619642e-05,0.003367867484782477,0.002270696298131403,4.0239235679121135e-05,0.00011685703816653797
VariationalAutoencoder,0.0001,8.0,45.0,True,426.0,0.0007422418607213106,0.00048033166124492965,6.2259347140387385e-06,2.0845927488852062e-05,0.0034098044131536903,0.002269901569534398,3.989423631028559e-05,0.00011581620611484695
VariationalAutoencoder,0.0001,8.0,45.0,True,427.0,0.0007488343593566565,0.00048030398765985533,6.239724438386464e-06,2.055951692866829e-05,0.0033913798302224597,0.0022711868181168656,4.1996166930071216e-05,0.00011830535606018402
VariationalAutoencoder,0.0001,8.0,45.0,True,428.0,0.0007444425734548234,0.00048024851999514185,6.111970703516688e-06,2.0531892294510998e-05,0.0034021292842409145,0.0022701092486111622,4.098679190911587e-05,0.00011613867802065124
VariationalAutoencoder,0.0001,8.0,45.0,True,429.0,0.0007521970413444498,0.0004804156057918168,6.3288452309578895e-06,2.092715714257361e-05,0.0033908388899557248,0.0022703658484812803,4.042209120197866e-05,0.00011598851836327487
VariationalAutoencoder,0.0001,8.0,45.0,True,430.0,0.000746583681543561,0.00048010581426543366,5.911027816829656e-06,2.0294415079197795e-05,0.0034092657221188333,0.0022696841437861606,4.012234590994487e-05,0.00011572555738425105
VariationalAutoencoder,0.0001,8.0,45.0,True,431.0,0.0007421533373809568,0.00048022004311296817,6.1062911419935945e-06,2.0327556105154866e-05,0.003428664972197335,0.0022704177682504713,4.09740667626168e-05,0.00011674008982361488
VariationalAutoencoder,0.0001,8.0,45.0,True,432.0,0.0007475638646642475,0.00048002604686346335,5.818828137094441e-06,1.997624164964311e-05,0.0034069595096995996,0.002271486153392672,4.19664056093063e-05,0.00011910787496551777
VariationalAutoencoder,0.0001,8.0,45.0,True,433.0,0.0007520160585079553,0.00048026956637914613,6.140153252612548e-06,2.0506465431011592e-05,0.003402692716826433,0.002271079792166656,4.1725421500093534e-05,0.00011866345251881101
VariationalAutoencoder,0.0001,8.0,45.0,True,434.0,0.0007533399724574745,0.0004803161977757662,6.378152611040362e-06,2.0481909642804345e-05,0.0033979925719447106,0.002270609140396118,4.113832804954277e-05,0.00011518520285498421
VariationalAutoencoder,0.0001,8.0,45.0,True,435.0,0.0007497628101441417,0.0004802546652179523,6.261870335295515e-06,2.0535533489644367e-05,0.003405602473133015,0.002272055021621896,4.4480525542917494e-05,0.00011972163411431343
VariationalAutoencoder,0.0001,8.0,45.0,True,436.0,0.0007399395309047236,0.0004801892768340612,6.278670541038411e-06,2.0513417716376542e-05,0.0034173629568807736,0.0022681758463757593,3.720591805359852e-05,0.00011261488141128852
VariationalAutoencoder,0.0001,8.0,45.0,True,437.0,0.0007523995525432083,0.0004804002628172183,6.434824593827088e-06,2.0878935468727044e-05,0.0034389443367532214,0.002269598298102805,4.0255355174249075e-05,0.00011450167065896328
VariationalAutoencoder,0.0001,8.0,45.0,True,438.0,0.0007463671126455631,0.0004804231166196962,6.596741048152234e-06,2.1346194564171556e-05,0.0034113128980000815,0.002268502359870095,3.843247574174179e-05,0.00011271029804487648
VariationalAutoencoder,0.0001,8.0,45.0,True,439.0,0.0007392199373630822,0.00048038323291871104,6.345108859341421e-06,2.075369266486875e-05,0.003402626739358002,0.0022705019270099183,4.031264615602463e-05,0.00011616538764920624
VariationalAutoencoder,0.0001,8.0,45.0,True,440.0,0.0007511212658689349,0.00048016224588666646,6.06713229112548e-06,2.0352890087427155e-05,0.0034375516873485635,0.0022702860007496,4.113422788726459e-05,0.00011668310928269752
VariationalAutoencoder,0.0001,8.0,45.0,True,441.0,0.0007539396337421756,0.0004799280446173367,5.863381002469847e-06,2.0187105883083576e-05,0.003403771223512086,0.0022693647528594396,3.86890931839838e-05,0.00011488783565707177
VariationalAutoencoder,0.0001,8.0,45.0,True,442.0,0.0007515588217989775,0.00048050878825534705,6.720779533937292e-06,2.124304619600188e-05,0.003402153650919596,0.00226862906659924,3.8577114823479325e-05,0.00011334250792392395
VariationalAutoencoder,0.0001,8.0,45.0,True,443.0,0.0007527167745677609,0.0004799881714052267,5.793615904538779e-06,2.0068467687564398e-05,0.003425444447019565,0.002269421545964367,3.986976127017219e-05,0.00011455219637297985
VariationalAutoencoder,0.0001,8.0,45.0,True,444.0,0.0007495924308293592,0.00048023398031764276,6.171929301076501e-06,2.0417709887590048e-05,0.0034507970390079907,0.0022709933841753307,4.222818632733147e-05,0.00011799167021640442
VariationalAutoencoder,0.0001,8.0,45.0,True,445.0,0.0007471474354479191,0.00048059357626418863,6.9142624263895165e-06,2.150555113656823e-05,0.0033951547910582346,0.0022683837128885135,3.8069828102986016e-05,0.0001124822938779615
VariationalAutoencoder,0.0001,8.0,45.0,True,446.0,0.0007469868563577493,0.0004803620258752869,6.300566662755617e-06,2.0784295774052405e-05,0.003404328283273949,0.002269221176891207,3.901353023899426e-05,0.0001137717363407027
VariationalAutoencoder,0.0001,8.0,45.0,True,447.0,0.0007447285472222094,0.00048038347390784084,6.3720902282433365e-06,2.0943378723374597e-05,0.0034088432413976895,0.0022698721420839896,3.974309261396246e-05,0.00011523592771974
VariationalAutoencoder,0.0001,8.0,45.0,True,448.0,0.0007479980467464725,0.0004804427973986315,6.621129901181013e-06,2.107994425087926e-05,0.003396899070379869,0.00226841520213481,3.825126614117023e-05,0.0001131729837858452
VariationalAutoencoder,0.0001,8.0,45.0,True,449.0,0.0007505299588740675,0.00048049617649088654,6.882721091296795e-06,2.137232933323981e-05,0.003434087120511997,0.0022692423571580612,3.958904073110916e-05,0.00011433150220966939
VariationalAutoencoder,0.0001,8.0,45.0,True,450.0,0.0007474531703239503,0.00047998335162263033,5.784676086428673e-06,2.005902392603959e-05,0.0034616075971591396,0.002270109810919132,4.079794429195752e-05,0.00011707802519858258
VariationalAutoencoder,0.0001,8.0,45.0,True,451.0,0.0007467191977642295,0.00047992880774958116,5.822216419156671e-06,1.985556759803764e-05,0.003413742443300643,0.002270766024319631,4.168297896313967e-05,0.0001178626556816341
VariationalAutoencoder,0.0001,8.0,45.0,True,452.0,0.000750792637025571,0.0004800481776985518,5.829408438499726e-06,2.0087524656095915e-05,0.003413938876218016,0.0022700220908758776,4.062552661078531e-05,0.00011535793683438931
VariationalAutoencoder,0.0001,8.0,45.0,True,453.0,0.000747437506030512,0.00047979935642201304,5.535534746201854e-06,1.9597729311558115e-05,0.0034347150310780265,0.002271499086475972,4.4775010912485844e-05,0.00012073412818728753
VariationalAutoencoder,0.0001,8.0,45.0,True,454.0,0.0007575952781821197,0.000480174897815982,6.131751267013524e-06,2.0352859963785926e-05,0.0034272685740728798,0.0022689499570138797,3.808507192059883e-05,0.00011365032467827107
VariationalAutoencoder,0.0001,8.0,45.0,True,455.0,0.0007534891447288328,0.00047984783540196173,5.693578429901697e-06,1.9636433169928522e-05,0.0034237927610769213,0.002270143174525327,4.07963217991703e-05,0.00011542236795590359
VariationalAutoencoder,0.0001,8.0,45.0,True,456.0,0.0007563918587975103,0.00048001146702110925,5.729807129084582e-06,1.9851133147018618e-05,0.0034523246423253475,0.002269829219242312,3.9671620928079075e-05,0.00011581485891866984
VariationalAutoencoder,0.0001,8.0,45.0,True,457.0,0.0007526901854337707,0.00048000994075662044,5.9081014305995804e-06,1.9906396222002103e-05,0.0034618711321608825,0.0022686176330038586,3.836233953728616e-05,0.00011196956272770024
VariationalAutoencoder,0.0001,8.0,45.0,True,458.0,0.0007542775005021828,0.0004799211362622819,5.778471243911677e-06,1.965639133739343e-05,0.0034782185494524878,0.0022709534603094906,4.250861692634768e-05,0.00011762899329077523
VariationalAutoencoder,0.0001,8.0,45.0,True,459.0,0.0007526466467309834,0.00048004954330362076,5.843800008096142e-06,2.0088477316249735e-05,0.003428815670733182,0.0022692860297436985,3.9317232187626496e-05,0.00011378996449071656
VariationalAutoencoder,0.0001,8.0,45.0,True,460.0,0.0007554501536078852,0.00047993611775318565,5.908444087018543e-06,1.9710287552156215e-05,0.0034685798411099415,0.0022704093336309277,4.166249279518547e-05,0.00011574700709034062
VariationalAutoencoder,0.0001,8.0,45.0,True,461.0,0.0007547940205370963,0.0004801016371205168,6.221595654550267e-06,1.9986688277390446e-05,0.003428572378818344,0.002270447570572859,4.1894535621944464e-05,0.0001162313182586394
VariationalAutoencoder,0.0001,8.0,45.0,True,462.0,0.0007598104502634218,0.00048011959081068834,6.161307579664528e-06,2.0549241001554575e-05,0.003440783083813745,0.002269891447990945,3.9856198519093436e-05,0.00011490581779734894
VariationalAutoencoder,0.0001,8.0,45.0,True,463.0,0.0007531001882733039,0.000479675126525591,5.4252175789959026e-06,1.937109409678336e-05,0.0034450000187136094,0.002268542283735935,3.8458508843520904e-05,0.00011259138162405986
VariationalAutoencoder,0.0001,8.0,45.0,True,464.0,0.0007570171452596823,0.0004799349128075366,5.775015811232544e-06,1.985769005959246e-05,0.0034455743225865394,0.0022698697054161217,4.0877179927983376e-05,0.00011503785473745574
VariationalAutoencoder,0.0001,8.0,45.0,True,465.0,0.0007589850624937895,0.0004800660912238684,6.212876115566636e-06,2.047245960552095e-05,0.0034602505605925552,0.0022685443455318236,3.880005236129341e-05,0.00011239773681703603
VariationalAutoencoder,0.0001,8.0,45.0,True,466.0,0.0007537920680650161,0.0004802019689282317,6.245656912980696e-06,2.055170360922492e-05,0.003430175706275604,0.0022693300772013156,3.9232891849564306e-05,0.00011355892620371573
VariationalAutoencoder,0.0001,8.0,45.0,True,467.0,0.000765245719097374,0.0004802399247161783,6.493108818995342e-06,2.0700007315594553e-05,0.003479015527281371,0.002269015559610331,4.005343096811067e-05,0.00011332048419511543
VariationalAutoencoder,0.0001,8.0,45.0,True,468.0,0.0007589007966280626,0.0004798998488891478,5.775910106831484e-06,1.975939912857071e-05,0.0034496536794698463,0.0022679096872701586,3.720860365989073e-05,0.0001110598421509161
VariationalAutoencoder,0.0001,8.0,45.0,True,469.0,0.0007633746794934543,0.0004802874397396077,6.347929185251341e-06,2.074274146613085e-05,0.003478199805853502,0.0022713819389823097,4.300924674051363e-05,0.00011820839307967972
VariationalAutoencoder,0.0001,8.0,45.0,True,470.0,0.0007605616937107796,0.00047994322693251535,5.856945212036773e-06,1.9786094950456826e-05,0.00345639612689708,0.0022678468962135556,3.743949551252449e-05,0.00011081390270272141
VariationalAutoencoder,0.0001,8.0,45.0,True,471.0,0.0007628290801035426,0.00047988514855222883,5.844430721834342e-06,1.9664315110187967e-05,0.003486213444163964,0.0022694206087844177,4.042583699308851e-05,0.00011381122676081627
VariationalAutoencoder,0.0001,8.0,45.0,True,472.0,0.0007587551588639416,0.00047975589804893557,5.596651848797207e-06,1.946448115004362e-05,0.0034618231485474783,0.0022673110167185464,3.682644803475284e-05,0.00011074384850151134
VariationalAutoencoder,0.0001,8.0,45.0,True,473.0,0.0007566137294563643,0.00047997226612265864,5.822284824925291e-06,2.002693095176689e-05,0.003469288724023591,0.0022700965029638516,4.1363295167684555e-05,0.00011671873383552024
VariationalAutoencoder,0.0001,8.0,45.0,True,474.0,0.000759979865621685,0.0004800795464502833,5.875554718980892e-06,2.0077631550256134e-05,0.003463233042063203,0.0022693578177278148,3.972943907357612e-05,0.00011479326248543817
VariationalAutoencoder,0.0001,8.0,45.0,True,475.0,0.0007569691884228483,0.0004799955215736862,5.878344293673726e-06,1.9941861788940558e-05,0.0034017300455825134,0.0022675912335233866,3.7920488478065285e-05,0.00011101978942283295
VariationalAutoencoder,0.0001,8.0,45.0,True,476.0,0.0007604700375117381,0.00047987281794175307,5.791982952153907e-06,1.976384236565176e-05,0.0034875558607233396,0.0022698324056541395,4.1723637929502524e-05,0.00011491091371332325
VariationalAutoencoder,0.0001,8.0,45.0,True,477.0,0.0007590944715587277,0.00047977485586048137,5.572908771327242e-06,1.954520748792633e-05,0.0034824849674536746,0.0022698817013194726,3.959510604259353e-05,0.00011463070862323234
VariationalAutoencoder,0.0001,8.0,45.0,True,478.0,0.000752720630393838,0.0004804203452447033,6.966808725479799e-06,2.1101467592536278e-05,0.0034699957325773417,0.0022683224213198294,3.932830848315227e-05,0.00011191642462457501
VariationalAutoencoder,0.0001,8.0,45.0,True,479.0,0.0007639797228687214,0.00047997057919874986,5.955353499744138e-06,2.014863548293268e-05,0.0034620566937908436,0.0022678660146845213,3.779718781229835e-05,0.00011084706715817722
VariationalAutoencoder,0.0001,8.0,45.0,True,480.0,0.0007627113970784807,0.00047966452300387895,5.560782123005615e-06,1.9207044512113794e-05,0.0034740540966297843,0.0022665590235272292,3.6442965714249224e-05,0.00010836242739134614
VariationalAutoencoder,0.0001,8.0,45.0,True,481.0,0.0007589220840011967,0.00048025241598607395,6.375136481462463e-06,2.068584292845906e-05,0.0034673498861444822,0.0022675179460513516,3.782638389640634e-05,0.00011131934727887688
VariationalAutoencoder,0.0001,8.0,45.0,True,482.0,0.000760702752681434,0.0004798095582951754,5.736764435056406e-06,1.983127915714629e-05,0.003442088762919108,0.002267125829960565,3.694262906159245e-05,0.00011016258606745762
VariationalAutoencoder,0.0001,8.0,45.0,True,483.0,0.0007589808050191627,0.00047987506717363134,5.997829089026567e-06,1.9954235074574734e-05,0.003476966102168245,0.0022696357853007765,4.08380204495394e-05,0.00011361803882901774
VariationalAutoencoder,0.0001,8.0,45.0,True,484.0,0.000759385184779,0.00047963186897678837,5.468946437268565e-06,1.919495489076784e-05,0.0034867862485489756,0.0022678722000721865,3.820214326839027e-05,0.00011143419868166341
VariationalAutoencoder,0.0001,8.0,45.0,True,485.0,0.0007565517149202907,0.00047980252944555563,5.7903073246106305e-06,1.9821883091386758e-05,0.0034611161399937277,0.002267918309325692,3.8400298253920095e-05,0.00011142228478155796
VariationalAutoencoder,0.0001,8.0,45.0,True,486.0,0.0007634933264750354,0.00047958768763632143,5.363903417580854e-06,1.9207043256962073e-05,0.0035094142709888,0.0022692820935879114,4.0345959974534856e-05,0.00011396616603593407
VariationalAutoencoder,0.0001,8.0,45.0,True,487.0,0.0007588928439867785,0.00047965022431550967,5.582144805242752e-06,1.9656467901648216e-05,0.003468256326591444,0.0022667702638878014,3.632093609878852e-05,0.00010997000730262612
VariationalAutoencoder,0.0001,8.0,45.0,True,488.0,0.0007606413807830399,0.0004795115752361534,5.30964948457849e-06,1.9055924245289395e-05,0.003483982206140674,0.002267312141334486,3.735416234945351e-05,0.00011054907907854836
VariationalAutoencoder,0.0001,8.0,45.0,True,489.0,0.0007620581558772496,0.00047975959321559276,5.586276137121926e-06,1.9784359075631092e-05,0.0034791246150274696,0.0022673059559468202,3.713491202900245e-05,0.00010963699212239223
VariationalAutoencoder,0.0001,8.0,45.0,True,490.0,0.0007635542967248799,0.00047990221861559106,5.952922898442598e-06,2.0196808205862252e-05,0.0034734839163486314,0.002267361249563829,3.724367176211855e-05,0.00011024472989001365
VariationalAutoencoder,0.0001,8.0,45.0,True,491.0,0.0007629341513641439,0.00047990623510108806,5.922471035040935e-06,1.9889411508956687e-05,0.0034791354863148815,0.002266941580382533,3.647803088778969e-05,0.0001095651572792785
VariationalAutoencoder,0.0001,8.0,45.0,True,492.0,0.0007660758463198927,0.0004796255630945581,5.482504586124356e-06,1.9215661128656562e-05,0.0034937018868308398,0.0022685452827117727,3.929811078797346e-05,0.00011313569573861248
VariationalAutoencoder,0.0001,8.0,45.0,True,493.0,0.000758095812604755,0.00048005058758985,6.201025600622928e-06,2.023421423735644e-05,0.0034819950097761815,0.002266850673927451,3.6714800615917964e-05,0.00010947381737846999
VariationalAutoencoder,0.0001,8.0,45.0,True,494.0,0.0007563486414135627,0.0004797801576213374,5.643822333080107e-06,1.9535711010029375e-05,0.0034943163020055997,0.002267136513811987,3.709466015018007e-05,0.00010966808306721021
VariationalAutoencoder,0.0001,8.0,45.0,True,495.0,0.0007621802570363582,0.00047973975177723765,5.646936992067854e-06,1.9679444708994458e-05,0.003486222815963457,0.0022675171963073924,3.856859527200273e-05,0.00010989003070870285
VariationalAutoencoder,0.0001,8.0,45.0,True,496.0,0.0007676705517216192,0.0004798679579943017,5.709570945514181e-06,1.9944451166934403e-05,0.003480505643400756,0.002267103712513762,3.687157910668625e-05,0.00010873618646987579
VariationalAutoencoder,0.0001,8.0,45.0,True,497.0,0.0007611241623397786,0.0004798311669871492,5.788317909137901e-06,1.9780179420410783e-05,0.003486167334910459,0.002268305926952722,3.804974609388495e-05,0.00011147505972745284
VariationalAutoencoder,0.0001,8.0,45.0,True,498.0,0.0007611799914881869,0.0004796155218808156,5.485129108366298e-06,1.9289765286076102e-05,0.0034811785386043527,0.0022661794656477635,3.493397713363546e-05,0.00010763907676222939
VariationalAutoencoder,0.0001,8.0,45.0,True,499.0,0.000762399637474204,0.0004799200518111977,5.851436351147302e-06,1.986057314308827e-05,0.003480133395524895,0.0022671696899821923,3.7264099356325916e-05,0.00011041155963573815
VariationalAutoencoder,0.0001,8.0,45.0,True,500.0,0.0007600237256433122,0.00048006520759705907,6.147260549214651e-06,2.019273774884139e-05,0.0034811020647204896,0.0022682354510205347,3.879092364284977e-05,0.00011184450777821571
VariationalAutoencoder,0.0001,8.0,45.0,True,501.0,0.0007604904412580629,0.0004800016266316416,5.84154261773166e-06,1.9922017840281973e-05,0.003513051653808018,0.0022681904663829685,3.9355401769749026e-05,0.00011202524293143795
VariationalAutoencoder,0.0001,8.0,45.0,True,502.0,0.0007650549360362668,0.0004798193183549331,5.735771610047618e-06,1.974621878038198e-05,0.0035010231365947605,0.0022691064660654127,4.119022731792252e-05,0.00011331372478473111
VariationalAutoencoder,0.0001,8.0,45.0,True,503.0,0.0007629142295960789,0.0004798000392245475,5.579385981767004e-06,1.946205117631794e-05,0.00354614535217765,0.0022716797747701968,4.44734439769256e-05,0.0001190253328414833
VariationalAutoencoder,0.0001,8.0,45.0,True,504.0,0.0007641167653538789,0.00047960664544786723,5.407980580455209e-06,1.924578853533917e-05,0.0034977943642334366,0.0022683291690154647,3.8604266683822905e-05,0.00011242767971641613
VariationalAutoencoder,0.0001,8.0,45.0,True,505.0,0.0007640733873105113,0.00047945289438304235,5.284730957524796e-06,1.8953045734739048e-05,0.0035010460037855234,0.0022682395746123117,3.892200290219589e-05,0.00011220977366345483
VariationalAutoencoder,0.0001,8.0,45.0,True,506.0,0.0007650581492246643,0.0004799889747023261,6.035031158366615e-06,2.0291824446052233e-05,0.003461243971338812,0.0022683400403028763,3.9824750274419785e-05,0.00011159490161346939
VariationalAutoencoder,0.0001,8.0,45.0,True,507.0,0.0007597769527743768,0.0004797903996593547,5.638004077292195e-06,1.9635445365526604e-05,0.0035212857168425552,0.002266648992802362,3.6584857687260367e-05,0.000109268364104085
VariationalAutoencoder,0.0001,8.0,45.0,True,508.0,0.0007622944055541827,0.00047982012165203247,5.729397949624576e-06,1.961450692457009e-05,0.0034986250805404953,0.002268084002740728,3.918096622299848e-05,0.00011110603340766715
VariationalAutoencoder,0.0001,8.0,45.0,True,509.0,0.0007667257940030162,0.00047965596788977034,5.593165664900988e-06,1.95215127337975e-05,0.0035185199113761854,0.002266801003390138,3.727138007305703e-05,0.00010904062937640544
VariationalAutoencoder,0.0001,8.0,45.0,True,510.0,0.0007600017153027886,0.000479778028884024,5.706554815936281e-06,1.9627545440614706e-05,0.003478024740638973,0.0022675784878760765,3.804540870793211e-05,0.00010976776386956749
VariationalAutoencoder,0.0001,8.0,45.0,True,511.0,0.0007646647746350887,0.0004797963038930353,6.2391652682961804e-06,1.9988040075790528e-05,0.003474007987376279,0.0022665494642917466,3.682362185146824e-05,0.00010910532993715515
VariationalAutoencoder,0.0001,8.0,45.0,True,512.0,0.0007653862960897688,0.00047969601225017537,5.728307850357657e-06,1.9534116967347754e-05,0.0034845681310449756,0.0022669160890879123,3.641823294964976e-05,0.00011001548395966584
VariationalAutoencoder,0.0001,8.0,45.0,True,513.0,0.0007701998932984961,0.0004794673537308315,5.257473141457032e-06,1.892100798714193e-05,0.003519310141509434,0.0022670054960550754,3.759323402583224e-05,0.00010948888254615496
VariationalAutoencoder,0.0001,8.0,45.0,True,514.0,0.0007674955936133701,0.00047958371131567943,5.437088803942955e-06,1.921027401748372e-05,0.003514386198055819,0.002267174001009959,3.832655097797232e-05,0.0001114192506614721
VariationalAutoencoder,0.0001,8.0,45.0,True,515.0,0.0007659461941680497,0.0004799206944488772,5.858689245348671e-06,1.9959141462639657e-05,0.0035268683103645373,0.0022666868548723135,3.770967863453259e-05,0.00010864054725604987
VariationalAutoencoder,0.0001,8.0,45.0,True,516.0,0.0007624632586044764,0.0004794149787599507,5.139497352256929e-06,1.8900373292901122e-05,0.0035130722717669027,0.0022672984585072257,3.837950164510769e-05,0.00011035625430398018
VariationalAutoencoder,0.0001,8.0,45.0,True,517.0,0.000770051765313367,0.0004793683473633306,5.105896940771139e-06,1.8824062578761673e-05,0.0035061412637338698,0.002268116054294994,3.9193319426205175e-05,0.00011217063468582225
VariationalAutoencoder,0.0001,8.0,45.0,True,518.0,0.000760909842673659,0.00047951402529230656,5.476520650309694e-06,1.9170092845541447e-05,0.0034891576886926807,0.00226646455578834,3.6382069518356205e-05,0.000108726053211674
VariationalAutoencoder,0.0001,8.0,45.0,True,519.0,0.0007588367738492406,0.0004796147587485712,5.48106304437645e-06,1.933760037319358e-05,0.003551686334909883,0.002268092999668241,3.901822492480278e-05,0.00011270521384365154
VariationalAutoencoder,0.0001,8.0,45.0,True,520.0,0.0007623083829237123,0.00047953366590638687,5.4368026293512945e-06,1.9171355528169564e-05,0.0035700659332035473,0.0022692417948500915,4.192991123634314e-05,0.00011437686171921544
VariationalAutoencoder,0.0001,8.0,45.0,True,521.0,0.000750351546588291,0.0004794663496094573,5.1852739905572e-06,1.9170004984921202e-05,0.0035358168793924198,0.0022670289255538076,3.7761264533366796e-05,0.00011100489997638847
VariationalAutoencoder,0.0001,8.0,45.0,True,522.0,0.0007678435015871198,0.0004797382255127488,5.573211262891234e-06,1.935743302548671e-05,0.0035262681403250063,0.002266449935781131,3.698947341562067e-05,0.00010810556979674213
VariationalAutoencoder,0.0001,8.0,45.0,True,523.0,0.0007637637162786931,0.00047958098010554144,5.553444506063294e-06,1.9171347997259257e-05,0.003506011183156907,0.0022669800047604542,3.71539572827846e-05,0.00010817504997523326
VariationalAutoencoder,0.0001,8.0,45.0,True,524.0,0.0007742832934438701,0.0004794966740749596,5.367607997875972e-06,1.909356247985138e-05,0.0035179523551988902,0.0022666362471550515,3.6300775015129236e-05,0.00010802498403585182
VariationalAutoencoder,0.0001,8.0,45.0,True,525.0,0.0007753552130933078,0.0004793703556060791,5.328203764847025e-06,1.877347117847188e-05,0.003553112722792715,0.0022681471686693106,3.969739630537213e-05,0.00011185412558744538
VariationalAutoencoder,0.0001,8.0,45.0,True,526.0,0.0007709930688544425,0.00047952406650604904,5.460177319792082e-06,1.9160800957374494e-05,0.0034953048394161202,0.00226642481935849,3.618255855058724e-05,0.00010812746466330762
VariationalAutoencoder,0.0001,8.0,45.0,True,527.0,0.00077002099903446,0.0004795545114661163,5.383478136195969e-06,1.9099237020767604e-05,0.003528522995283019,0.0022675126978436355,3.866407926539955e-05,0.00011012205303465046
VariationalAutoencoder,0.0001,8.0,45.0,True,528.0,0.000769306144945705,0.00047944245152075016,5.314263422293162e-06,1.890602900654158e-05,0.0035282819526000595,0.002266695476927847,3.640234189213447e-05,0.00010854333826580887
VariationalAutoencoder,0.0001,8.0,45.0,True,529.0,0.0007740528275060525,0.0004795981304986136,5.61017987401177e-06,1.9210970626687105e-05,0.003536842529128932,0.0022692813438439517,4.1838752914149804e-05,0.0001151048631038306
VariationalAutoencoder,0.0001,8.0,45.0,True,530.0,0.0007701870405449057,0.0004796559277249154,5.48715743354228e-06,1.9183799102299938e-05,0.0035322930827830575,0.0022691630717343505,4.011730563903005e-05,0.00011295984563587597
VariationalAutoencoder,0.0001,8.0,45.0,True,531.0,0.000771322420665196,0.000479494746161921,5.385982163873002e-06,1.9320816484423018e-05,0.0035423940082765976,0.0022683424769707446,3.977852973079531e-05,0.00011209403193971646
VariationalAutoencoder,0.0001,8.0,45.0,True,532.0,0.0007717770064937458,0.0004793352113579804,5.0995135529222834e-06,1.862434283742365e-05,0.003541864314169254,0.002266790506974706,3.7148726647192576e-05,0.00010966360803295231
VariationalAutoencoder,0.0001,8.0,45.0,True,533.0,0.0007701818994434696,0.00047964556519233315,5.426315836748987e-06,1.929563688581202e-05,0.0035769455837753586,0.0022665653963508847,3.707316944246772e-05,0.00010843857326222665
VariationalAutoencoder,0.0001,8.0,45.0,True,534.0,0.0007619576634101148,0.00047980345323721995,5.793057989600212e-06,1.978738775672617e-05,0.0035196760165616403,0.0022671322027842202,3.770882931520354e-05,0.00010983973928967362
VariationalAutoencoder,0.0001,8.0,45.0,True,535.0,0.000767807112228517,0.0004793622423053752,5.1023944399025885e-06,1.877696301055083e-05,0.003536225864722294,0.002267750366678778,3.863801980543436e-05,0.00011132386917213223
VariationalAutoencoder,0.0001,8.0,45.0,True,536.0,0.000773915865350605,0.000479397185729199,5.328006706027329e-06,1.8871278876082274e-05,0.0035219694833335635,0.0022681246763505275,3.87212853152422e-05,0.00011099580933088027
VariationalAutoencoder,0.0001,8.0,45.0,True,537.0,0.0007669577862053226,0.00047949185429236316,5.232924570372163e-06,1.894527006984721e-05,0.0035220568285048385,0.0022667155325787622,3.7650402002739454e-05,0.0001091216485830223
VariationalAutoencoder,0.0001,8.0,45.0,True,538.0,0.0007657410320888633,0.000479904989990584,6.0257474286858285e-06,2.009558273012426e-05,0.003508116839066991,0.002265806280591953,3.6018906430628316e-05,0.00010710341984745842
VariationalAutoencoder,0.0001,8.0,45.0,True,539.0,0.0007688579051642405,0.0004795500933320696,5.438544779935616e-06,1.9243536793157418e-05,0.003575052480277775,0.0022668928470251696,3.933951071223373e-05,0.00011071539337530076
VariationalAutoencoder,0.0001,8.0,45.0,True,540.0,0.0007697156658069786,0.0004793152494250603,5.183322229636005e-06,1.872697157278215e-05,0.0035247649036863316,0.0022654047927016733,3.470436511736996e-05,0.0001066811148475551
VariationalAutoencoder,0.0001,8.0,45.0,True,541.0,0.000773820995963166,0.0004791726641899171,4.813067848490416e-06,1.8217639791756627e-05,0.0035524413270770377,0.0022674890809089134,3.83720744940095e-05,0.00011065426581310776
VariationalAutoencoder,0.0001,8.0,45.0,True,542.0,0.0007733489785875593,0.00047975951288588286,5.594663688476195e-06,1.9503713427287227e-05,0.0035463639025418263,0.0022661408538338524,3.628809379894029e-05,0.00010796399705065121
VariationalAutoencoder,0.0001,8.0,45.0,True,543.0,0.0007661029174321424,0.00047938923308791495,5.079377781489307e-06,1.8761065258893042e-05,0.0035825476706402857,0.0022686871717560965,4.059464653145592e-05,0.00011393190039403783
VariationalAutoencoder,0.0001,8.0,45.0,True,544.0,0.0007695484996805937,0.00047925002170058915,5.057978072276494e-06,1.8533856439783245e-05,0.0035629654830356813,0.002266374211641228,3.721310505233471e-05,0.00010940889423748233
VariationalAutoencoder,0.0001,8.0,45.0,True,545.0,0.0007725117823505659,0.0004792629949487445,5.1153083821392125e-06,1.856707654029854e-05,0.0035270988566320645,0.0022663151693044217,3.6711365265666314e-05,0.00010809736947218578
VariationalAutoencoder,0.0001,8.0,45.0,True,546.0,0.000771604297617375,0.0004792740402838612,5.038312668949767e-06,1.8526615469523194e-05,0.003557848480512511,0.002266013022488768,3.682529998931495e-05,0.00010837868746346648
VariationalAutoencoder,0.0001,8.0,45.0,True,547.0,0.00077187830225798,0.00047922331207203415,4.996366753692254e-06,1.8473448497908456e-05,0.003540807550058425,0.00226631760597229,3.7100959756651764e-05,0.0001076578437907141
VariationalAutoencoder,0.0001,8.0,45.0,True,548.0,0.0007712799262486378,0.0004794109622744537,5.267380367753641e-06,1.8876574361179718e-05,0.0035378681788654446,0.002265870008828505,3.6077828691253124e-05,0.0001080622837978339
VariationalAutoencoder,0.0001,8.0,45.0,True,549.0,0.0007730493487694835,0.00047933637613877455,5.157374478173706e-06,1.873473594130853e-05,0.0035532116889953613,0.002266547402495858,3.7162304041708044e-05,0.00010888667414023441
VariationalAutoencoder,0.0001,8.0,45.0,True,550.0,0.000772820328766445,0.00047933235965327755,5.188604221852482e-06,1.8976357667593943e-05,0.003550539976395901,0.0022664388770577294,3.7907312313715615e-05,0.00010828280223990387
VariationalAutoencoder,0.0001,8.0,45.0,True,551.0,0.0007721331080979092,0.0004792839208381838,5.203624308671591e-06,1.86275811288556e-05,0.003543023793202526,0.002265287457772021,3.5335204370741575e-05,0.00010592773931581269
VariationalAutoencoder,0.0001,8.0,45.0,True,552.0,0.0007727223265203183,0.0004795145072705662,5.193811846329677e-06,1.9105093558682907e-05,0.003563604639761103,0.002266968571165073,3.817436174026825e-05,0.0001090470959180556
VariationalAutoencoder,0.0001,8.0,45.0,True,553.0,0.0007777403628408427,0.00047926179000309536,5.0189042579372615e-06,1.8588714100761876e-05,0.00355257253226994,0.002265648459488491,3.6290067734208494e-05,0.00010715036084816891
VariationalAutoencoder,0.0001,8.0,45.0,True,554.0,0.0007769201161726465,0.0004793153699196253,5.223227268200358e-06,1.8595621200664988e-05,0.003564701515173762,0.0022669492652581174,3.901550710294981e-05,0.00010843459024744214
VariationalAutoencoder,0.0001,8.0,45.0,True,555.0,0.0007731992440082314,0.0004795420603610756,5.372437821686107e-06,1.9248273735740434e-05,0.003572050880336162,0.0022659856568342483,3.706736185546941e-05,0.00010797527835429089
VariationalAutoencoder,0.0001,8.0,45.0,True,556.0,0.0007755061526182848,0.00047927580753747985,5.143760161278544e-06,1.8670704376424418e-05,0.0035491641962303306,0.0022653538101124315,3.546848014559386e-05,0.00010716438340316029
VariationalAutoencoder,0.0001,8.0,45.0,True,557.0,0.000770821404264301,0.0004793604750517565,5.271140174724342e-06,1.8711363761171176e-05,0.0035659854517043014,0.002266419571150774,3.703766203713867e-05,0.00010795864341019085
VariationalAutoencoder,0.0001,8.0,45.0,True,558.0,0.0007704551811166851,0.0004791685272098552,4.908446199950986e-06,1.82584410086475e-05,0.0035289338549727915,0.002266949640130097,3.7901630660272996e-05,0.00010912763481994845
VariationalAutoencoder,0.0001,8.0,45.0,True,559.0,0.0007775417074681614,0.00047965974338613754,5.743070317286687e-06,1.9612900330371293e-05,0.0035891349210679154,0.0022673419436568735,3.878693477069057e-05,0.0001087763212012045
VariationalAutoencoder,0.0001,8.0,45.0,True,560.0,0.0007734395101706616,0.0004792082502514204,4.985205630829553e-06,1.841748128281128e-05,0.0035366033608058714,0.002266114425359282,3.6534103535631165e-05,0.00010770206696957162
VariationalAutoencoder,0.0001,8.0,45.0,True,561.0,0.0007621600942791633,0.00047919045722066877,4.9314983164002954e-06,1.8288760453542932e-05,0.0035631491703057437,0.002267060414800104,3.9045786801374185e-05,0.00010902538848747997
VariationalAutoencoder,0.0001,8.0,45.0,True,562.0,0.00077723621358126,0.00047959327055116226,5.435507940354373e-06,1.911979138529847e-05,0.003543011047555216,0.0022652040487565334,3.5893511753412165e-05,0.00010650876745487908
VariationalAutoencoder,0.0001,8.0,45.0,True,563.0,0.000781094931527932,0.00047944807460044593,5.441320547959554e-06,1.9031850435341785e-05,0.0035953754149143052,0.0022650848394669826,3.533547673866434e-05,0.00010522054332607197
VariationalAutoencoder,0.0001,8.0,45.0,True,564.0,0.000771051227564439,0.00047970163532987114,5.725473090202982e-06,1.954001743557318e-05,0.0035413773554675986,0.002265418100656953,3.6042795733273407e-05,0.00010666185579959701
VariationalAutoencoder,0.0001,8.0,45.0,True,565.0,0.0007810515534845645,0.0004797182635798287,5.927706272855923e-06,1.9399060132207897e-05,0.0035316434296422034,0.0022650580361204325,3.5035289214841975e-05,0.00010499050079276726
VariationalAutoencoder,0.0001,8.0,45.0,True,566.0,0.000776944938053018,0.00047959841165259843,5.651070834250463e-06,1.9405761387229287e-05,0.0035858173040473986,0.002266957887313651,3.791294710816078e-05,0.00010957288901386021
VariationalAutoencoder,0.0001,8.0,45.0,True,567.0,0.0007753846940968557,0.0004793409147673861,5.2230207957427775e-06,1.8707982382443394e-05,0.0035882224826692785,0.002266149475889386,3.7293149006066834e-05,0.00010719557978072257
VariationalAutoencoder,0.0001,8.0,45.0,True,568.0,0.000777627660257797,0.00047946795620365605,5.517577290575138e-06,1.901798477431513e-05,0.0035097370357633387,0.002265891189095359,3.6027408409980855e-05,0.00010787436750325017
VariationalAutoencoder,0.0001,8.0,45.0,True,569.0,0.0007735019263552848,0.00047913788142551307,4.938238167337009e-06,1.8280943368644406e-05,0.0035533395203404456,0.0022650141760988058,3.526548696857578e-05,0.00010632534962405198
VariationalAutoencoder,0.0001,8.0,45.0,True,570.0,0.000777041092715816,0.00047932645541959697,5.332147451544386e-06,1.8747051489963686e-05,0.0035743226045332616,0.002266822933400952,3.7915483351398564e-05,0.00010964527445019416
VariationalAutoencoder,0.0001,8.0,45.0,True,571.0,0.0007750223267753169,0.00047909064755606844,4.726362909187847e-06,1.8080412799296674e-05,0.003593550163245051,0.00226701261862269,3.9880163967609406e-05,0.0001078898309724136
VariationalAutoencoder,0.0001,8.0,45.0,True,572.0,0.0007753209123071634,0.0004791222171320748,4.905230501249955e-06,1.8413000391178695e-05,0.0035743627158350915,0.0022644426837657235,3.453842276390993e-05,0.00010426579125272403
VariationalAutoencoder,0.0001,8.0,45.0,True,573.0,0.0007756843239149315,0.0004791776847967883,4.838726601269689e-06,1.8216333178818387e-05,0.0035563861049196254,0.002267070161471577,3.758115319054831e-05,0.00010892108035912304
VariationalAutoencoder,0.0001,8.0,45.0,True,574.0,0.0007772147655487061,0.0004793381433923932,5.190416033357141e-06,1.8598381279292454e-05,0.0035809357211274923,0.0022663892065204164,3.723691820910892e-05,0.00010745230851308354
VariationalAutoencoder,0.0001,8.0,45.0,True,575.0,0.0007741342818319316,0.00047919696392717385,5.0126247338930555e-06,1.840783293155647e-05,0.0035533275244370947,0.0022648329254966112,3.490798210479179e-05,0.00010419938033856686
VariationalAutoencoder,0.0001,8.0,45.0,True,576.0,0.0007766706924232832,0.0004792058805249772,5.046413731924446e-06,1.8678073372159686e-05,0.0035699152346677,0.0022656917572021484,3.694088356393688e-05,0.00010665383119628114
VariationalAutoencoder,0.0001,8.0,45.0,True,577.0,0.0007804730992432875,0.00047935051416772394,5.1470822340876585e-06,1.8629585606148945e-05,0.003596595623208292,0.0022653002034193313,3.5954325946059614e-05,0.00010584838360360584
VariationalAutoencoder,0.0001,8.0,45.0,True,578.0,0.0007793210105433297,0.00047921234706662736,5.059470447668971e-06,1.818527068410601e-05,0.003574197397292035,0.0022658664475446975,3.675966224861595e-05,0.00010648962555441467
VariationalAutoencoder,0.0001,8.0,45.0,True,579.0,0.0007766428983436441,0.00047917816677504795,4.878580178613611e-06,1.8264465736892987e-05,0.0035735098820812296,0.0022640633133222472,3.3890453618277546e-05,0.00010263096283441819
VariationalAutoencoder,0.0001,8.0,45.0,True,580.0,0.0007795431221913134,0.0004792237940502938,5.093378998901484e-06,1.841141764486254e-05,0.0035813844428872164,0.002265924927573534,3.6020786647901594e-05,0.00010670500122151284
VariationalAutoencoder,0.0001,8.0,45.0,True,581.0,0.0007735702066087337,0.0004794122877146677,5.378813364836726e-06,1.895703962750512e-05,0.0035994472743580176,0.002265846017021803,3.7388457278223156e-05,0.00010769134797390152
VariationalAutoencoder,0.0001,8.0,45.0,True,582.0,0.0007778129808986283,0.00047936123818400093,5.366332136154818e-06,1.8724726106358988e-05,0.003590987538391689,0.0022663539685543227,3.806531792448002e-05,0.00010824499874369903
VariationalAutoencoder,0.0001,8.0,45.0,True,583.0,0.0007818508340984664,0.0004794601642217919,5.279699054288093e-06,1.9041941855152985e-05,0.0035831894514695654,0.002266379459848944,3.757875459561558e-05,0.00010828822616886043
VariationalAutoencoder,0.0001,8.0,45.0,True,584.0,0.0007762063866998308,0.0004791197269110667,5.11522930758099e-06,1.8163521415139786e-05,0.0035756252846627866,0.002265641711792856,3.6405261793414e-05,0.00010550434484421832
VariationalAutoencoder,0.0001,8.0,45.0,True,585.0,0.0007796785580822721,0.00047972087429540175,5.81795141361955e-06,1.975982462500305e-05,0.0035746382467401853,0.0022662932392936083,3.792324144416635e-05,0.00010711682152073338
VariationalAutoencoder,0.0001,8.0,45.0,True,586.0,0.0007799674237192159,0.00047895408704917063,4.651122525675759e-06,1.79856224864159e-05,0.003614164748281803,0.0022650141760988058,3.618471113578329e-05,0.00010597029900026021
VariationalAutoencoder,0.0001,8.0,45.0,True,587.0,0.0007757249707481611,0.0004791318566972676,4.995773380717659e-06,1.8361491474983184e-05,0.003591399522697401,0.002265031045337893,3.506060771690975e-05,0.00010437922517083726
VariationalAutoencoder,0.0001,8.0,45.0,True,588.0,0.0007822709584814519,0.00047925235126217744,5.009013976188843e-06,1.8666864867319638e-05,0.0035746041333900307,0.0022640953648765134,3.4347697858165645e-05,0.00010337175672534127
VariationalAutoencoder,0.0001,8.0,45.0,True,589.0,0.0007791450884785614,0.00047920214519346497,5.061596360891013e-06,1.8475614889773398e-05,0.0035902119282656495,0.0022662771197984803,3.714106520110706e-05,0.00010784961423783932
VariationalAutoencoder,0.0001,8.0,45.0,True,590.0,0.0007833919595836629,0.0004792779764396482,5.313869304653769e-06,1.8721195364576786e-05,0.0036167506151979075,0.0022658827544758155,3.706699869823906e-05,0.00010691019677141178
VariationalAutoencoder,0.0001,8.0,45.0,True,591.0,0.0007822087029562485,0.00047903208719752226,4.8724939479339475e-06,1.8365356087122324e-05,0.00360004557003765,0.002264218697757841,3.454311744971845e-05,0.00010452714731108467
VariationalAutoencoder,0.0001,8.0,45.0,True,592.0,0.0007780339679306729,0.0004792920743037427,5.184241628269301e-06,1.862652554626092e-05,0.00361026682943668,0.0022659562293838404,3.785264250711075e-05,0.00010667423828967712
VariationalAutoencoder,0.0001,8.0,45.0,True,593.0,0.0007796322881693467,0.0004795115350712984,5.458592690748346e-06,1.9221163713787445e-05,0.003577988477622938,0.002265223167227499,3.499522477200946e-05,0.00010548949054202194
VariationalAutoencoder,0.0001,8.0,45.0,True,594.0,0.000782984286305718,0.00047897746299476314,4.861398720536431e-06,1.7955129830583408e-05,0.003583715021985132,0.0022649313293912877,3.53905126311869e-05,0.00010526565682588134
VariationalAutoencoder,0.0001,8.0,45.0,True,595.0,0.0007771982176284584,0.0004792587374741176,5.155085081440419e-06,1.852178062510619e-05,0.003591540849433755,0.002263975030971023,3.393696703063617e-05,0.00010299713075535852
VariationalAutoencoder,0.0001,8.0,45.0,True,596.0,0.0007756574134621016,0.00047925006186544416,4.987105302954459e-06,1.8557728170304285e-05,0.0035814028116142225,0.0022639163635061973,3.336637966194243e-05,0.00010339456534235733
VariationalAutoencoder,0.0001,8.0,45.0,True,597.0,0.0007819096354461423,0.0004793608767003062,5.279415389999868e-06,1.8953052010497637e-05,0.003590045485106654,0.0022645776376784225,3.506736126991938e-05,0.00010477001749494541
VariationalAutoencoder,0.0001,8.0,45.0,True,598.0,0.0007845072572764682,0.000479395860288985,5.432801205674914e-06,1.886826525680781e-05,0.0035392979405960948,0.0022642425021285532,3.43982587164303e-05,0.00010327795672716584
VariationalAutoencoder,0.0001,8.0,45.0,True,599.0,0.0007804333360368673,0.0004791363953258792,4.9549683983716365e-06,1.828934535424343e-05,0.003633348821843945,0.002268658681485638,4.0851706205486504e-05,0.00011366400750553083
VariationalAutoencoder,0.0001,8.0,45.0,True,600.0,0.0007762284773700642,0.00047915234077330226,5.064859127781462e-06,1.831793017946485e-05,0.003581382568527318,0.0022644994768706507,3.5391763180681744e-05,0.00010584375627760617
VariationalAutoencoder,0.0001,8.0,45.0,True,601.0,0.0007823083117965739,0.00047899593882804934,4.825762139176423e-06,1.8048623571739685e-05,0.0036004882938456984,0.002264681102344825,3.5854229270099846e-05,0.0001053780715607997
VariationalAutoencoder,0.0001,8.0,45.0,True,602.0,0.0007823538587421098,0.0004791394880197119,4.865117107500445e-06,1.8214951256777076e-05,0.003610904486674183,0.0022648381737043273,3.568411646586544e-05,0.00010533170458280815
VariationalAutoencoder,0.0001,8.0,45.0,True,603.0,0.0007823521718182011,0.0004792447601045881,5.137341942969519e-06,1.8641730454170478e-05,0.003548397957903784,0.0022647750077757446,3.528842737652221e-05,0.00010497017570261685
VariationalAutoencoder,0.0001,8.0,45.0,True,604.0,0.0007809207767167824,0.00047899469371754527,4.8120637271161675e-06,1.8012212875557716e-05,0.0036118322948239883,0.002264482045323594,3.522776254692917e-05,0.00010436755728046849
VariationalAutoencoder,0.0001,8.0,45.0,True,605.0,0.0007797739897776807,0.0004791938712333412,5.034357685886946e-06,1.83789908002329e-05,0.003599882125854492,0.00226543571964,3.628844817010862e-05,0.0001061991349143802
VariationalAutoencoder,0.0001,8.0,45.0,True,606.0,0.000781034844904897,0.0004790289141739796,4.7998074843796756e-06,1.8133643783649024e-05,0.0035804382660104043,0.002263701561861818,3.3618416637182236e-05,0.00010390168512767216
VariationalAutoencoder,0.0001,8.0,45.0,True,607.0,0.0007818300287035919,0.00047899630031174404,4.763633384296515e-06,1.8121637002316446e-05,0.003586825334800864,0.0022642423146925633,3.427311590632553e-05,0.0001038557398806578
VariationalAutoencoder,0.0001,8.0,45.0,True,608.0,0.0007912408952121786,0.00047942265024724994,5.393963673646559e-06,1.8712588789247758e-05,0.003640099141582753,0.002266454059372908,3.8217597951491676e-05,0.00010876117403027397
VariationalAutoencoder,0.0001,8.0,45.0,True,609.0,0.0007796998454554062,0.00047927737396682367,5.092021552318672e-06,1.8449210263085815e-05,0.003588696320851644,0.0022666418702347473,3.8016499635183585e-05,0.00010792208167741883
VariationalAutoencoder,0.0001,8.0,45.0,True,610.0,0.0007821022660905782,0.00047901786883886293,4.848144004608421e-06,1.809555118416519e-05,0.003607884518005563,0.002264100987956209,3.500858544366165e-05,0.00010370233523770698
VariationalAutoencoder,0.0001,8.0,45.0,True,611.0,0.0007782184852744049,0.0004793781074230883,5.395827573947508e-06,1.895177050059375e-05,0.003598834733543156,0.0022644782966037965,3.5153783904681416e-05,0.0001044195590529052
VariationalAutoencoder,0.0001,8.0,45.0,True,612.0,0.000786986071465793,0.00047891906329563687,4.832696852417327e-06,1.7785288975887863e-05,0.003596429554921276,0.0022632436557385904,3.360768592676277e-05,0.00010214813943928893
VariationalAutoencoder,0.0001,8.0,45.0,True,613.0,0.00078407733266887,0.0004793952176513055,5.283820972529383e-06,1.8939700961675283e-05,0.0036059655483413793,0.0022662915523696996,3.7967265472284656e-05,0.00010739191898010062
VariationalAutoencoder,0.0001,8.0,45.0,True,614.0,0.0007804546234100012,0.0004792868528725966,5.312186773776044e-06,1.870369729447879e-05,0.003590675270032583,0.002263941105056859,3.461735381645227e-05,0.0001031071439666568
VariationalAutoencoder,0.0001,8.0,45.0,True,615.0,0.0007811212796727924,0.0004789929264639266,4.827759713135318e-06,1.7891973106446614e-05,0.0036168278388257298,0.0022661976469387796,3.722882038860951e-05,0.00010821762137443015
VariationalAutoencoder,0.0001,8.0,45.0,True,616.0,0.000784176218541806,0.0004790261829638417,4.799569319341221e-06,1.819806695586909e-05,0.0036135945680006495,0.002264222259041648,3.446794683172268e-05,0.00010378763032784252
VariationalAutoencoder,0.0001,8.0,45.0,True,617.0,0.0007813976942046954,0.00047896485123030257,4.675572567350781e-06,1.794274524858377e-05,0.0036199812619191296,0.0022652867080280616,3.670643628487047e-05,0.00010532671409957814
VariationalAutoencoder,0.0001,8.0,45.0,True,618.0,0.0007806914353949041,0.0004790154589475647,4.786430704947109e-06,1.8005363512633624e-05,0.003622213249686379,0.002264468924804304,3.557878329693896e-05,0.00010513931325396652
VariationalAutoencoder,0.0001,8.0,45.0,True,619.0,0.0007816289634396124,0.0004792137528365513,5.12193683836097e-06,1.851343888678962e-05,0.0036213634149083553,0.0022632601501056983,3.360853231740448e-05,0.00010208394261276197
VariationalAutoencoder,0.0001,8.0,45.0,True,620.0,0.0007882444363720013,0.00047893267918147164,4.6907614720759366e-06,1.7882988730450526e-05,0.0036201447061022874,0.0022643409060232296,3.515272079117643e-05,0.00010377088995099818
VariationalAutoencoder,0.0001,8.0,45.0,True,621.0,0.0007863638375325987,0.00047904682769929626,4.775701040487405e-06,1.8109472071867425e-05,0.0036196858627991105,0.002263856571425432,3.472244976170408e-05,0.00010258799313374286
VariationalAutoencoder,0.0001,8.0,45.0,True,622.0,0.0007819849847140659,0.0004790731758441565,4.854232745591521e-06,1.8138055641937128e-05,0.0035962713589458347,0.0022650066786592113,3.620801177227272e-05,0.00010490971588113773
VariationalAutoencoder,0.0001,8.0,45.0,True,623.0,0.0007803713215007936,0.0004792183316300179,5.14767215539503e-06,1.857971717324861e-05,0.003627794343720442,0.0022639575994239662,3.441106586617494e-05,0.0001037539855676627
VariationalAutoencoder,0.0001,8.0,45.0,True,624.0,0.0007886296976608729,0.00047944297366386477,5.537183387983199e-06,1.8638590064572517e-05,0.003623141807580144,0.002265503946340309,3.733507902273592e-05,0.00010688055845551521
VariationalAutoencoder,0.0001,8.0,45.0,True,625.0,0.0007822672633147947,0.00047910844058682013,5.019317516640351e-06,1.8254727014714494e-05,0.0036367005522146166,0.00226420632698251,3.510267831057123e-05,0.0001039634218568322
VariationalAutoencoder,0.0001,8.0,45.0,True,626.0,0.0007798269270565311,0.00047905879682607727,4.847807310160119e-06,1.8266738816653944e-05,0.0035953517979795827,0.0022642582467517014,3.456954592428867e-05,0.00010421141138616597
VariationalAutoencoder,0.0001,8.0,45.0,True,627.0,0.0007837330395320676,0.00047941843293747814,5.527468513687345e-06,1.9014977430799257e-05,0.0036401561221236704,0.0022643394065353104,3.5114779646666545e-05,0.00010344694198677375
VariationalAutoencoder,0.0001,8.0,45.0,True,628.0,0.0007936368091408455,0.0004799101310920201,7.025658396496927e-06,2.0429795743480847e-05,0.003587882473783673,0.002265004241991343,3.513886810005086e-05,0.00010469970556924928
VariationalAutoencoder,0.0001,8.0,45.0,True,629.0,0.0007868209939118666,0.0004789895526161091,4.813263652158394e-06,1.7812858383369574e-05,0.003600939639709281,0.0022650544748366256,3.539014361658186e-05,0.00010439992513296739
VariationalAutoencoder,0.0001,8.0,45.0,True,630.0,0.0007859912683378976,0.0004789574608969881,4.808882858875305e-06,1.788822647856895e-05,0.003610209848895763,0.0022644826076315635,3.5370462837646595e-05,0.00010437721023394627
VariationalAutoencoder,0.0001,8.0,45.0,True,631.0,0.000783962461183656,0.00047951073177419907,5.5574641294395825e-06,1.9277464799241557e-05,0.003646341509789041,0.0022665775796902256,3.8752546123925993e-05,0.00010892339987949756
VariationalAutoencoder,0.0001,8.0,45.0,True,632.0,0.0007873399238380782,0.0004790427308840893,5.033030049157432e-06,1.827165399078089e-05,0.0036788893945562014,0.002266548901983777,3.872967893316311e-05,0.00010826484352912543
VariationalAutoencoder,0.0001,8.0,45.0,True,633.0,0.0007851216188980884,0.0004788850436634773,4.600885391958319e-06,1.7835505085814032e-05,0.0036195321652874256,0.0022651918654171925,3.620103271033779e-05,0.00010598391153902378
VariationalAutoencoder,0.0001,8.0,45.0,True,634.0,0.0007870666421648627,0.00047885777172695275,4.604379420552774e-06,1.7792730770422763e-05,0.0036577994718491654,0.0022643596496222155,3.604862967845779e-05,0.00010467446028436505
VariationalAutoencoder,0.0001,8.0,45.0,True,635.0,0.0007834955849094854,0.0004788624710149842,4.601774666950388e-06,1.7807776274064158e-05,0.003632569837870088,0.002264312228316781,3.45918800939554e-05,0.00010445731569011257
VariationalAutoencoder,0.0001,8.0,45.0,True,636.0,0.0007908069541190833,0.000479156678577639,5.153707552430122e-06,1.846018028909948e-05,0.0036550137981678703,0.0022650304830299233,3.7489250981770224e-05,0.00010524741696111812
VariationalAutoencoder,0.0001,8.0,45.0,True,637.0,0.0007861059791636917,0.0004788054369209269,4.606488389226625e-06,1.7545470902620943e-05,0.0036435202232696726,0.002264036509975697,3.498922389164661e-05,0.00010353516576425084
VariationalAutoencoder,0.0001,8.0,45.0,True,638.0,0.0007807352954165313,0.0004792438764777788,5.339110405698941e-06,1.858601175911343e-05,0.003645091311736677,0.0022641345389983938,3.520705087004967e-05,0.00010316654946069298
VariationalAutoencoder,0.0001,8.0,45.0,True,639.0,0.0007819404017250493,0.00047894525078107726,4.868120999349096e-06,1.7937457294396636e-05,0.0036263143491445096,0.002265024485078248,3.5931508542981535e-05,0.00010589114243879258
VariationalAutoencoder,0.0001,8.0,45.0,True,640.0,0.0007844120665701894,0.00047906369693838364,4.947980968758584e-06,1.819237484282882e-05,0.0036360606457452355,0.0022636541405563833,3.383586874360558e-05,0.00010298770038211871
VariationalAutoencoder,0.0001,8.0,45.0,True,641.0,0.0007847330640911092,0.00047897826629186255,4.881660634717048e-06,1.8006967596528986e-05,0.003622023939336621,0.0022662135789979177,3.774980750848662e-05,0.00010731052490150403
VariationalAutoencoder,0.0001,8.0,45.0,True,642.0,0.0007844467690048835,0.00047906843639127005,4.956654694704514e-06,1.826827010174967e-05,0.0036380418441580528,0.0022645489599719738,3.558135175573751e-05,0.00010376305278367217
VariationalAutoencoder,0.0001,8.0,45.0,True,643.0,0.000783467951489266,0.0004789240035727982,4.772830194720843e-06,1.794685712561132e-05,0.0036478691131063977,0.0022634160968492615,3.4553818873264504e-05,0.00010255093938149746
VariationalAutoencoder,0.0001,8.0,45.0,True,644.0,0.000789472757966692,0.0004791035003096588,5.204871615691165e-06,1.847251215472697e-05,0.003671244255401803,0.002266324353667925,3.800143153881127e-05,0.00010881025883011848
VariationalAutoencoder,0.0001,8.0,45.0,True,645.0,0.0007839614168974267,0.00047911856213027256,5.1129348902408326e-06,1.8321877631617363e-05,0.0036378457861126596,0.0022649161470761087,3.562121997651814e-05,0.00010570360101618857
VariationalAutoencoder,0.0001,8.0,45.0,True,646.0,0.0007859484526024996,0.00047886560387367186,4.605978483841265e-06,1.7694265373312236e-05,0.0036202804097589456,0.0022619357274013497,3.1619268299648594e-05,9.907605185073876e-05
VariationalAutoencoder,0.0001,8.0,45.0,True,647.0,0.000784119987744848,0.00047896850623210487,4.806963104322914e-06,1.7875426441350714e-05,0.003658169095621169,0.0022645585192074564,3.558469631668157e-05,0.00010324002436871799
VariationalAutoencoder,0.0001,8.0,45.0,True,648.0,0.0007899023612554503,0.0004789732456849913,4.703189043021909e-06,1.78072365588255e-05,0.003670345312394436,0.0022657676687780418,3.669589008175352e-05,0.00010690077811292133
VariationalAutoencoder,0.0001,8.0,45.0,True,649.0,0.000787723658862461,0.00047884005902591097,4.821497761215161e-06,1.7875309712240958e-05,0.0036369603384965622,0.002264850357043668,3.646598812544121e-05,0.00010527713728026024
VariationalAutoencoder,0.0001,8.0,45.0,True,650.0,0.0007870608584257471,0.0004790602427608562,5.003094680687648e-06,1.815489099192812e-05,0.003624912702812339,0.0022644267517065854,3.568517665068308e-05,0.00010402764211285789
VariationalAutoencoder,0.0001,8.0,45.0,True,651.0,0.0007899928928385527,0.0004787441453522428,4.706480678401867e-06,1.754360951262343e-05,0.003644023301466456,0.0022632547144619923,3.4169399372811586e-05,0.00010233245930581722
VariationalAutoencoder,0.0001,8.0,45.0,True,652.0,0.000787909300822132,0.00047912161465925025,5.102362433533784e-06,1.8383295970624992e-05,0.003647848870019493,0.002264091803592706,3.5894457719423486e-05,0.00010399869496717393
VariationalAutoencoder,0.0001,8.0,45.0,True,653.0,0.0007878041492318207,0.0004791138226773861,4.953026992452113e-06,1.8311088347451064e-05,0.003634350104901776,0.002264035760231738,3.376688937064987e-05,0.00010274432646403523
VariationalAutoencoder,0.0001,8.0,45.0,True,654.0,0.000787936130945252,0.0004792407436190911,5.141272764361772e-06,1.8564798439930712e-05,0.0036442407272146934,0.002263763040866492,3.446035567413336e-05,0.00010304301742862606
VariationalAutoencoder,0.0001,8.0,45.0,True,655.0,0.0007892291982861542,0.00047962114496051143,5.716665063023246e-06,1.9314798031936115e-05,0.003678683214967356,0.0022658546390773365,3.759126594793871e-05,0.00010612225101428962
VariationalAutoencoder,0.0001,8.0,45.0,True,656.0,0.0007875248428303598,0.00047928315770593934,5.215341777533212e-06,1.866540638102354e-05,0.003666784028587101,0.0022644799835277053,3.4947302661039544e-05,0.00010420494484451581
VariationalAutoencoder,0.0001,8.0,45.0,True,657.0,0.0007905017012213118,0.0004792708672603186,5.443331301011487e-06,1.8774553119252633e-05,0.003656802312383112,0.0022656638292396594,3.6969221542653795e-05,0.00010635244583933609
VariationalAutoencoder,0.0001,8.0,45.0,True,658.0,0.000787855961894732,0.00047876796311123996,4.4992397541827915e-06,1.7676076969769444e-05,0.0036454886760351793,0.0022646018169211143,3.5728617870020414e-05,0.00010512565385620549
VariationalAutoencoder,0.0001,8.0,45.0,True,659.0,0.0007923704112636433,0.00047894272039521413,4.769852033482408e-06,1.7936838504599754e-05,0.0036639260046137205,0.0022649633809455534,3.63114559378639e-05,0.00010506374140580495
VariationalAutoencoder,0.0001,8.0,45.0,True,660.0,0.0007872844160085097,0.00047904108412503553,5.043086010932601e-06,1.811515665399739e-05,0.0036871463247815017,0.0022670263014499497,3.994884754314363e-05,0.00010889141861372773
VariationalAutoencoder,0.0001,8.0,45.0,True,661.0,0.0007896412896981458,0.00047891143197319256,4.7956695629539836e-06,1.7876710461558036e-05,0.0036553864209157116,0.002263439526347994,3.3426485112253226e-05,0.00010187165963949647
VariationalAutoencoder,0.0001,8.0,45.0,True,662.0,0.0008339193471358471,0.000479934350499567,6.225592057619776e-06,1.94006177754897e-05,0.0036606571209505667,0.002263403538637941,3.4209428671396005e-05,0.00010217373616665414
VariationalAutoencoder,0.0001,8.0,45.0,True,663.0,0.0007909733972780788,0.0004789662971650815,4.855153399376535e-06,1.784562537411474e-05,0.00369675541823765,0.00226522185517557,3.6902151673844776e-05,0.00010586958729995872
VariationalAutoencoder,0.0001,8.0,45.0,True,664.0,0.0007914310356356063,0.0004788714679424975,4.99983160000927e-06,1.8149887957180927e-05,0.0036440934025266636,0.0022626466721108874,3.333307755818157e-05,0.00010097934718027055
VariationalAutoencoder,0.0001,8.0,45.0,True,665.0,0.0007965423347493709,0.0004788202577524108,4.764046015423745e-06,1.7741510539122346e-05,0.0036811877346638613,0.002262752760881148,3.386189891669735e-05,0.00010150427338462205
VariationalAutoencoder,0.0001,8.0,45.0,True,666.0,0.0007885270362915697,0.0004787590866782916,4.4808932015235536e-06,1.7582435120710464e-05,0.0036555618610022204,0.002262666915197792,3.2972383353882616e-05,0.00010040832343716292
VariationalAutoencoder,0.0001,8.0,45.0,True,667.0,0.0007943286889325577,0.0004786785159792219,4.492528144159729e-06,1.7310855433224346e-05,0.003670599475596686,0.0022643945127163293,3.558016856605152e-05,0.00010453791316575225
VariationalAutoencoder,0.0001,8.0,45.0,True,668.0,0.000788701592751269,0.00047904441780799803,4.91574741749349e-06,1.82234800126996e-05,0.003692621704917284,0.0022644273140145547,3.561106621750496e-05,0.00010438215385817882
VariationalAutoencoder,0.0001,8.0,45.0,True,669.0,0.0007890900672285384,0.0004789992323461569,4.909824042749212e-06,1.7872692720909325e-05,0.003648172009666011,0.002263425093776775,3.436422151214672e-05,0.00010233945301118886
VariationalAutoencoder,0.0001,8.0,45.0,True,670.0,0.0007878374057317359,0.00047858918934176874,4.38909987715698e-06,1.7273643950246413e-05,0.0036540556253877076,0.0022631609964670627,3.344029387306867e-05,0.00010163662662296176
VariationalAutoencoder,0.0001,8.0,45.0,True,671.0,0.0007871315485704941,0.00047877744201701284,4.451897000326622e-06,1.7477065134000263e-05,0.003670169122563968,0.0022634322163443896,3.4188737495327894e-05,0.00010222012657414443
VariationalAutoencoder,0.0001,8.0,45.0,True,672.0,0.0007862372379097334,0.0004787012492871349,4.470927296884137e-06,1.7439681695236992e-05,0.003643025392256443,0.0022664476865492528,3.8227918645683325e-05,0.0001078116701646421
VariationalAutoencoder,0.0001,8.0,45.0,True,673.0,0.0007911875562847785,0.00047887154827220744,4.750955724370769e-06,1.768833101599043e-05,0.0036839771570649537,0.002264984373776418,3.654401714228234e-05,0.00010517607413747776
VariationalAutoencoder,0.0001,8.0,45.0,True,674.0,0.0007914895959941525,0.00047880519593179705,4.483206132351549e-06,1.7616289072843254e-05,0.003661590927052048,0.002264394887588309,3.52401040353865e-05,0.00010290873125664093
VariationalAutoencoder,0.0001,8.0,45.0,True,675.0,0.0007928097344473044,0.00047892215598946956,4.822947147661303e-06,1.7875288374661757e-05,0.003670507257089675,0.0022640162668887925,3.52834515367289e-05,0.00010310987350325914
VariationalAutoencoder,0.0001,8.0,45.0,True,676.0,0.0007933464975691227,0.0004786250565572569,4.433235404586214e-06,1.7351674222239264e-05,0.0036562178869667295,0.002262794746542877,3.3315815874990427e-05,0.00010085983330723625
VariationalAutoencoder,0.0001,8.0,45.0,True,677.0,0.0007922511216443825,0.0004787359517218289,4.58568111162462e-06,1.7453285029554623e-05,0.003676745126832206,0.0022646117510285767,3.585946283437921e-05,0.00010416707105981479
VariationalAutoencoder,0.0001,8.0,45.0,True,678.0,0.0007947525888119104,0.00047897039398028845,4.9680489619988e-06,1.802451336239226e-05,0.0037047476888452686,0.0022651427571878492,3.767054551427469e-05,0.0001060248428733094
VariationalAutoencoder,0.0001,8.0,45.0,True,679.0,0.0007904944715474172,0.00047858714093416526,4.426797731425563e-06,1.7164931494511682e-05,0.0036934542955842408,0.002262609934656875,3.285153985679525e-05,9.998560842103179e-05
VariationalAutoencoder,0.0001,8.0,45.0,True,680.0,0.0007935698944924655,0.0004788516666689973,4.7972918465492535e-06,1.7790629646447148e-05,0.00367966612929818,0.0022647982498384873,3.6804146080646876e-05,0.00010420766266636879
VariationalAutoencoder,0.0001,8.0,45.0,True,681.0,0.000790560341909568,0.0004788224266545792,4.696243347203474e-06,1.7634600481254392e-05,0.003675341231268157,0.002262804868086329,3.2888742972095055e-05,0.0001011153905646606
VariationalAutoencoder,0.0001,8.0,45.0,True,682.0,0.0007895978313250683,0.0004791125374020271,5.1238026213894954e-06,1.8378149848581967e-05,0.0036579482960251144,0.0022647092177433036,3.592347808229099e-05,0.00010440120204064831
VariationalAutoencoder,0.0001,8.0,45.0,True,683.0,0.0007941183054222251,0.00047867024201909806,4.519899865245883e-06,1.7488259832171416e-05,0.0036872992725492273,0.0022638473870619288,3.477260060374092e-05,0.00010320356806869027
VariationalAutoencoder,0.0001,8.0,45.0,True,684.0,0.0007960212359209909,0.00047889086756744794,4.892522090107122e-06,1.8032455962462566e-05,0.0036824877906895285,0.002264178586456011,3.5940707549921374e-05,0.00010283784530822586
VariationalAutoencoder,0.0001,8.0,45.0,True,685.0,0.0007903100345333953,0.00047878868817640444,4.86853112017289e-06,1.765004763344549e-05,0.0036892099950298573,0.002266046386094963,3.8449602705315225e-05,0.00010611514016142432
VariationalAutoencoder,0.0001,8.0,45.0,True,686.0,0.0007897619449224755,0.00047865682695753814,4.300793678050414e-06,1.727256200946566e-05,0.0036733922718455957,0.00226502129866642,3.735357075461052e-05,0.00010502325523199525
VariationalAutoencoder,0.0001,8.0,45.0,True,687.0,0.0007863844822680533,0.0004788626316744041,4.601528029637838e-06,1.775319725676688e-05,0.003649109939359269,0.0022633947291464175,3.3869270422736054e-05,0.00010213984539673763
VariationalAutoencoder,0.0001,8.0,45.0,True,688.0,0.0007922763451733036,0.00047872803924539983,4.5921573807005935e-06,1.751900477349919e-05,0.0037010881885792472,0.0022644676127523745,3.653317514174389e-05,0.00010447573127611629
VariationalAutoencoder,0.0001,8.0,45.0,True,689.0,0.0007893178822859278,0.00047882676445891594,4.789025103547824e-06,1.7972381890944716e-05,0.003650309904566351,0.0022630794618114735,3.364248458975516e-05,0.00010279858918309962
VariationalAutoencoder,0.0001,8.0,45.0,True,690.0,0.0007930693600698302,0.0004788378097940327,4.672938317683026e-06,1.7682661495681078e-05,0.003698932299823881,0.00226527546186867,3.7126755634756206e-05,0.00010605725758480576
VariationalAutoencoder,0.0001,8.0,45.0,True,691.0,0.0007889085220840742,0.0004787513348612824,4.700867639919818e-06,1.7652171350152024e-05,0.003709447833726991,0.0022635098148441916,3.517648416026583e-05,0.0001027360792804814
VariationalAutoencoder,0.0001,8.0,45.0,True,692.0,0.00079177348118908,0.00047913157554328284,5.053369782744553e-06,1.8505850239503738e-05,0.0036714995432199924,0.0022623754522335606,3.282100536257216e-05,0.0001000084990412934
VariationalAutoencoder,0.0001,8.0,45.0,True,693.0,0.0007936974580718501,0.00047884186644438464,4.6957936891005685e-06,1.7619320264241768e-05,0.0036656935259980978,0.002263291264480015,3.362761857280941e-05,0.00010158748324937041
VariationalAutoencoder,0.0001,8.0,45.0,True,694.0,0.0007929220353818004,0.0004785783046660719,4.370427298839041e-06,1.7253963171311143e-05,0.003701347974861193,0.002264215886217993,3.548425698430283e-05,0.00010394439710386144
VariationalAutoencoder,0.0001,8.0,45.0,True,695.0,0.0007919711726052421,0.0004786591163542714,4.448354334603101e-06,1.7373062007510757e-05,0.003712828054368121,0.002264871912182502,3.589233442110086e-05,0.00010595143825378059
VariationalAutoencoder,0.0001,8.0,45.0,True,696.0,0.0007867399412345372,0.0004791815807877204,5.3171458782131136e-06,1.8496774237432247e-05,0.003691813480929009,0.002263480949701753,3.514767759157427e-05,0.00010288113130713409
VariationalAutoencoder,0.0001,8.0,45.0,True,697.0,0.0007879325964380146,0.0004785963788508084,4.3257369943505345e-06,1.7230939923351346e-05,0.0036764317338571608,0.0022621182900554727,3.194517262701718e-05,9.98673363114303e-05
VariationalAutoencoder,0.0001,8.0,45.0,True,698.0,0.0007910692306220371,0.0004787562349735887,4.6007937658829186e-06,1.7602841377338632e-05,0.0036966883161532803,0.002261957469976173,3.200019973347772e-05,9.914758211036899e-05
VariationalAutoencoder,0.0001,8.0,45.0,True,699.0,0.0007906474996448527,0.00047865931717854627,4.467798831227494e-06,1.726533861132966e-05,0.003720228027247783,0.002264229381609263,3.6758956434966636e-05,0.00010356960712738757
VariationalAutoencoder,0.0001,8.0,45.0,True,700.0,0.0007964608000937819,0.0004784964888564981,4.398329321525971e-06,1.7092731402248064e-05,0.0036979722526838195,0.002264436685814048,3.65629569633202e-05,0.00010398990890514926
VariationalAutoencoder,0.0001,8.0,45.0,True,701.0,0.0007922230062459035,0.0004786973532962028,4.5175875619937465e-06,1.741731363647389e-05,0.003696329563668689,0.002262957066110095,3.3631627945780006e-05,0.0001011650728167228
VariationalAutoencoder,0.0001,8.0,45.0,True,702.0,0.0007994008674775815,0.0004786257795246464,4.558802037587705e-06,1.7404325326497984e-05,0.0037046382262271903,0.0022648256154930066,3.704593557887857e-05,0.00010555460111899945
VariationalAutoencoder,0.0001,8.0,45.0,True,703.0,0.0007939575656726354,0.0004791103684998587,5.206671817042436e-06,1.820938214860515e-05,0.003710713026658544,0.002265546494310007,3.759361768387398e-05,0.00010618667042105453
VariationalAutoencoder,0.0001,8.0,45.0,True,704.0,0.0007905640370762252,0.000478638270794542,4.40291031150805e-06,1.7331156257108215e-05,0.003686570521420653,0.0022639613481437635,3.5166289399629866e-05,0.00010253245350699754
VariationalAutoencoder,0.0001,8.0,45.0,True,705.0,0.0007951257203145811,0.00047895296243323146,4.832364864787965e-06,1.7955866604641763e-05,0.0036593311987582994,0.002263653390812424,3.505233710385719e-05,0.00010186880124065112
VariationalAutoencoder,0.0001,8.0,45.0,True,706.0,0.000791865699696091,0.00047896368644950846,4.964737557979286e-06,1.7946376402503398e-05,0.003710320160823798,0.002264790564962903,3.6927265167798635e-05,0.00010461484392484029
VariationalAutoencoder,0.0001,8.0,45.0,True,707.0,0.0007897381673283333,0.0004787341844682102,4.665624234835414e-06,1.7587852355524536e-05,0.0036717113458885338,0.0022627478875454116,3.3410096177889865e-05,0.00010041579744725857
VariationalAutoencoder,0.0001,8.0,45.0,True,708.0,0.0007951037903037675,0.0004786402388724355,4.502949041296851e-06,1.7084436104545052e-05,0.0036908841732912843,0.0022650812781831752,3.680178848733692e-05,0.00010488917992549873
VariationalAutoencoder,0.0001,8.0,45.0,True,709.0,0.0007917198209428402,0.00047881294774880626,4.692277695351052e-06,1.764379697789079e-05,0.003674515388296835,0.0022640843061531115,3.461553510161316e-05,0.00010346071853202843
VariationalAutoencoder,0.0001,8.0,45.0,True,710.0,0.000795947573576976,0.0004788336326491158,4.8126947546422965e-06,1.777637739869141e-05,0.0037120415729546695,0.0022638033396043117,3.546315872069425e-05,0.00010267440112506818
VariationalAutoencoder,0.0001,8.0,45.0,True,711.0,0.0007949818498040788,0.0004787207292417953,4.636728759563837e-06,1.7563808669218154e-05,0.0036934662914875917,0.002261905925078962,3.307574258754089e-05,9.898808579774773e-05
VariationalAutoencoder,0.0001,8.0,45.0,True,712.0,0.000793406182543608,0.0004792490175792149,5.283447564893335e-06,1.8508292764746595e-05,0.003682976248879103,0.00226348488585754,3.4470752514195895e-05,0.00010303958500706174
VariationalAutoencoder,0.0001,8.0,45.0,True,713.0,0.0007915255837042056,0.0004784342734961497,4.090585575170433e-06,1.691768417822704e-05,0.0036982811471951084,0.0022643144775486594,3.608142219062122e-05,0.00010447760563601487
VariationalAutoencoder,0.0001,8.0,45.0,True,714.0,0.0007978082506483134,0.000478699723022646,4.683081826290512e-06,1.7557383547574683e-05,0.003716511921312824,0.002262627178767942,3.3472178492156216e-05,0.0001000132552295361
VariationalAutoencoder,0.0001,8.0,45.0,True,715.0,0.0007936931202675133,0.0004790074661414257,4.93273401326648e-06,1.788609146549695e-05,0.0036811075120602014,0.002265457462214824,3.6321205538023945e-05,0.0001052745483206503
VariationalAutoencoder,0.0001,8.0,45.0,True,716.0,0.00079172006193197,0.00047859617802653353,4.516414622713453e-06,1.7615313819958514e-05,0.003703111747525773,0.0022625840684902744,3.389315093931912e-05,0.00010152412988479782
VariationalAutoencoder,0.0001,8.0,45.0,True,717.0,0.0007938985233358296,0.00047890821878479497,4.894624783022384e-06,1.7910287025161186e-05,0.0036990398880820605,0.0022616363921255434,3.2405143474820273e-05,9.873692157133571e-05
VariationalAutoencoder,0.0001,8.0,45.0,True,718.0,0.0007963180541992188,0.00047927556654835004,5.534737097285186e-06,1.8913838560529795e-05,0.0036786116144192295,0.0022650930866505363,3.625887135664622e-05,0.00010428494486793782
VariationalAutoencoder,0.0001,8.0,45.0,True,719.0,0.0007922981145246973,0.0004786992008795314,4.471858933246682e-06,1.745946916206828e-05,0.003694440208890903,0.0022626118090167736,3.321552590566611e-05,0.00010003477522412186
VariationalAutoencoder,0.0001,8.0,45.0,True,720.0,0.0007921835643583231,0.00047873940589935633,4.731769789000245e-06,1.756827073357497e-05,0.003703843872502165,0.0022623027270694948,3.3275338487242754e-05,0.00010008033388440715
VariationalAutoencoder,0.0001,8.0,45.0,True,721.0,0.0007949824121120483,0.00047876382613117806,4.698194166760882e-06,1.757520921227103e-05,0.0037059225376297094,0.002264035385359758,3.555381623735218e-05,0.00010341747939211768
VariationalAutoencoder,0.0001,8.0,45.0,True,722.0,0.0007980696435244578,0.00047881608060749395,4.808682348388385e-06,1.779994914795189e-05,0.0037000340485722765,0.00226391280222239,3.539211755185007e-05,0.00010236773241615895
VariationalAutoencoder,0.0001,8.0,45.0,True,723.0,0.0007990694270943695,0.00047874603310042637,4.584553985382026e-06,1.754287022826164e-05,0.003702492084143297,0.0022666521792141896,3.909715011997043e-05,0.0001083790623354462
VariationalAutoencoder,0.0001,8.0,45.0,True,724.0,0.0007961251825656531,0.0004786595180028211,4.508913522259887e-06,1.7387896645663562e-05,0.003676799108397286,0.002262063558746434,3.2629694719359557e-05,9.916966441292434e-05
VariationalAutoencoder,0.0001,8.0,45.0,True,725.0,0.0007987456983633119,0.00047882845138282466,4.796192961220311e-06,1.7656492837516445e-05,0.003699604445283518,0.0022640396963875247,3.567153775373345e-05,0.00010278874879363198
VariationalAutoencoder,0.0001,8.0,45.0,True,726.0,0.000798836390605834,0.0004786020822602141,4.423213018119496e-06,1.725315234330144e-05,0.0037171034692968213,0.00226373923649578,3.5203255291255016e-05,0.00010340380827960728
VariationalAutoencoder,0.0001,8.0,45.0,True,727.0,0.0007972244143164704,0.00047840583677883096,4.299347743271496e-06,1.6928871345487887e-05,0.0037198662757873535,0.002262183517779944,3.336044614138843e-05,0.00010014342952449367
VariationalAutoencoder,0.0001,8.0,45.0,True,728.0,0.000796309699909385,0.0004785957362131288,4.549640057623547e-06,1.7418148312366235e-05,0.003717861460439814,0.0022618375109426632,3.29023262239852e-05,9.941358892422802e-05
VariationalAutoencoder,0.0001,8.0,45.0,True,729.0,0.0007974833973013166,0.0004787391649102265,4.742886353976964e-06,1.7697395721696456e-05,0.003707239462894464,0.002262557640015704,3.3310327514912344e-05,9.970385698402453e-05
VariationalAutoencoder,0.0001,8.0,45.0,True,730.0,0.0007967614741980869,0.00047875671695184836,4.834245709637105e-06,1.7557204060879036e-05,0.0037088896493491885,0.0022622300019054294,3.251714233613614e-05,9.971526714990723e-05
VariationalAutoencoder,0.0001,8.0,45.0,True,731.0,0.000802652453476528,0.00047880856977961455,4.9266929680486575e-06,1.775108232612237e-05,0.003771712570070471,0.002267170439726152,4.1930997779346864e-05,0.0001091929796919133
VariationalAutoencoder,0.0001,8.0,45.0,True,732.0,0.0007976537766160991,0.000478974972773755,4.933787085557723e-06,1.807074436561438e-05,0.003698008990137832,0.002262053062331002,3.1993346605098474e-05,9.927572975368619e-05
VariationalAutoencoder,0.0001,8.0,45.0,True,733.0,0.000800614890383903,0.00047883142358209245,4.8601382344238196e-06,1.77440371595303e-05,0.0037129330185224426,0.0022648383611403172,3.703566760105907e-05,0.00010619551505682603
VariationalAutoencoder,0.0001,8.0,45.0,True,734.0,0.0008022002775392764,0.000478794592410085,4.8109595073924235e-06,1.747071030085299e-05,0.003756683202659559,0.002267723188460248,4.227773971715063e-05,0.00011169376238337104
VariationalAutoencoder,0.0001,8.0,45.0,True,735.0,0.0007990117503626328,0.0004787934276292909,4.650481456935888e-06,1.755182950122337e-05,0.0036961856128284766,0.0022632968875597108,3.472395510699764e-05,0.00010159081023819042
VariationalAutoencoder,0.0001,8.0,45.0,True,736.0,0.0007987379063814476,0.00047903080192216325,5.044895625921754e-06,1.8229910154949943e-05,0.0037267459263591648,0.0022626852839247986,3.465408541309009e-05,0.00010076606845330892
VariationalAutoencoder,0.0001,8.0,45.0,True,737.0,0.0007996937496000223,0.0004786934573052707,4.7029910428384246e-06,1.7525108576302902e-05,0.003710711902042605,0.002263980654050719,3.5073291861786036e-05,0.00010338751306323886
VariationalAutoencoder,0.0001,8.0,45.0,True,738.0,0.0007991569061484941,0.0004786408815101151,4.492193646226932e-06,1.741904449069275e-05,0.003691604677236305,0.0022638451378300503,3.488823103736032e-05,0.00010279231007743931
VariationalAutoencoder,0.0001,8.0,45.0,True,739.0,0.000797375996479127,0.0004786440143688027,4.527080902011408e-06,1.7512824406440688e-05,0.0037272415071163537,0.0022622688011553304,3.336710011902845e-05,0.00010098131525816407
VariationalAutoencoder,0.0001,8.0,45.0,True,740.0,0.0007958988134430425,0.0004783940283114698,4.110838389501096e-06,1.687857490585178e-05,0.003716319237115248,0.002263577104364551,3.51733738943091e-05,0.00010251850124050236
VariationalAutoencoder,0.0001,8.0,45.0,True,741.0,0.00079937612592692,0.00047849668968077296,4.348389972553581e-06,1.7166433911117904e-05,0.003710436746009491,0.002263626400029884,3.5261442451357094e-05,0.00010324718208058075
VariationalAutoencoder,0.0001,8.0,45.0,True,742.0,0.0007977677644745038,0.0004785421964614539,4.465300765521121e-06,1.7133394552449973e-05,0.0037382128853468027,0.0022631191982413236,3.421417021620199e-05,0.00010149699852526562
VariationalAutoencoder,0.0001,8.0,45.0,True,743.0,0.0007996412942994315,0.00047860224291963396,4.455725840641803e-06,1.715449490797809e-05,0.0037435386915626767,0.0022630445987173596,3.4341600331120524e-05,0.00010194102267049393
VariationalAutoencoder,0.0001,8.0,45.0,True,744.0,0.0007986660916207614,0.0004787181988559322,4.517062908575702e-06,1.7627284201891275e-05,0.003725935828010991,0.0022611648031750564,3.192851132473106e-05,9.796983978283481e-05
VariationalAutoencoder,0.0001,8.0,45.0,True,745.0,0.0007985292901247338,0.0004785217927151292,4.282602450416255e-06,1.7062753358619876e-05,0.0037021580732093666,0.002262586130286163,3.31868569852796e-05,0.00010037955201271945
VariationalAutoencoder,0.0001,8.0,45.0,True,746.0,0.0007957560675484794,0.00047895942897488165,4.996201387453433e-06,1.7980062164305998e-05,0.003705395467626224,0.002262098984148517,3.272465447772224e-05,9.949894258811039e-05
VariationalAutoencoder,0.0001,8.0,45.0,True,747.0,0.0007999178694907546,0.0004786740978451752,4.58217264878541e-06,1.7468350615623506e-05,0.0037107996220858593,0.002262807492190187,3.4167536727662355e-05,0.00010224637932747415
VariationalAutoencoder,0.0001,8.0,45.0,True,748.0,0.0008030105633234399,0.0004785441243744925,4.512749893485375e-06,1.725853443386741e-05,0.003746685741832421,0.0022649875601882456,3.739761821222755e-05,0.00010449356112465168
VariationalAutoencoder,0.0001,8.0,45.0,True,749.0,0.00079709138831681,0.0004788713474479326,4.886640449157461e-06,1.7849090848007612e-05,0.003715039424176486,0.00226292351506791,3.454494202193224e-05,0.00010170958608201465
VariationalAutoencoder,0.0001,8.0,45.0,True,750.0,0.0008025835305853996,0.0004785121129850814,4.5426290939157865e-06,1.7071503021244734e-05,0.0037150266785291757,0.0022613224368425284,3.138407127662275e-05,9.748366596938679e-05
VariationalAutoencoder,0.0001,8.0,45.0,True,751.0,0.0008048015142065496,0.00047846648570983556,4.286735351235076e-06,1.7046917109396258e-05,0.0037077691570018075,0.0022629953030520265,3.4198592528232236e-05,0.00010102497612905202
VariationalAutoencoder,0.0001,8.0,45.0,True,752.0,0.0007968233280747405,0.00047850592759741603,4.422979246112053e-06,1.714554442107838e-05,0.0037172665386079992,0.0022626708513535793,3.400435905505276e-05,0.00010145156872722338
VariationalAutoencoder,0.0001,8.0,45.0,True,753.0,0.0007971684245086423,0.00047884600342444655,4.876461168726018e-06,1.7777783168615357e-05,0.0037568923812242422,0.002264425627090646,3.6948955026250213e-05,0.00010339915752410889
VariationalAutoencoder,0.0001,8.0,45.0,True,754.0,0.0008039246350928458,0.0004785960575319686,4.422667027122248e-06,1.7357942449918013e-05,0.0037363332772404893,0.0022617705962942832,3.24643556754919e-05,9.909150360515282e-05
VariationalAutoencoder,0.0001,8.0,45.0,True,755.0,0.0008029745756133868,0.00047902084103813066,5.1981929534006955e-06,1.837605500036494e-05,0.003742128423174972,0.002261446332031826,3.2715247533981154e-05,9.837746620178223e-05
VariationalAutoencoder,0.0001,8.0,45.0,True,756.0,0.0007985480872768597,0.0004784223043693686,4.250435735980134e-06,1.6844748567056784e-05,0.003704621731860083,0.0022627696301202355,3.368148299039535e-05,0.00010125213683401264
VariationalAutoencoder,0.0001,8.0,45.0,True,757.0,0.0008038082373431429,0.0004787494069482438,4.779017778901719e-06,1.766719802651765e-05,0.003791184920185017,0.0022669102785722265,4.073144844586744e-05,0.00010883298544388897
VariationalAutoencoder,0.0001,8.0,45.0,True,758.0,0.0008039698607195419,0.00047896384710892836,5.092960092015665e-06,1.8117495001647672e-05,0.0037345571338005786,0.002262284733214468,3.3560528203188996e-05,9.972684132228108e-05
VariationalAutoencoder,0.0001,8.0,45.0,True,759.0,0.0007983066161687804,0.000478560792789305,4.433126833962623e-06,1.7255621226730373e-05,0.003727011335720806,0.0022609470025548397,3.1090815955737854e-05,9.778585378666344e-05
VariationalAutoencoder,0.0001,8.0,45.0,True,760.0,0.0008029775478126547,0.0004789038809804582,5.082440979256623e-06,1.7638601904930773e-05,0.0037132602817607375,0.002261796275024894,3.226728723296579e-05,9.802679689425343e-05
VariationalAutoencoder,0.0001,8.0,45.0,True,761.0,0.0007989212991092404,0.0004786438938742378,4.606052851580545e-06,1.741688311943468e-05,0.0037090553427642247,0.002262560638991542,3.4074477687384344e-05,0.00010144640252275287
VariationalAutoencoder,0.0001,8.0,45.0,True,762.0,0.0008053796471289868,0.0004786002346768855,4.416222450627149e-06,1.7336741682252474e-05,0.0037591528592619506,0.0022631340056845227,3.5353081078274443e-05,0.00010157954064930011
VariationalAutoencoder,0.0001,8.0,45.0,True,763.0,0.0008032501868481906,0.0004790228091160242,5.213223081433548e-06,1.8351504232764565e-05,0.003755909841765398,0.002262238249088983,3.3485140862329954e-05,9.990841993745768e-05
VariationalAutoencoder,0.0001,8.0,45.0,True,764.0,0.0008066927968973741,0.0004785905549468377,4.621606377879725e-06,1.7366965735617353e-05,0.0037074670101861535,0.002262054186946941,3.3092146165340954e-05,9.99364416179417e-05
VariationalAutoencoder,0.0001,8.0,45.0,True,765.0,0.0008001999874320634,0.00047862340979820314,4.555814462711387e-06,1.7403650054873804e-05,0.0037061077243876906,0.002262154090329536,3.32060750316149e-05,0.00010047487492831249
VariationalAutoencoder,0.0001,8.0,45.0,True,766.0,0.0008019355911450245,0.0004787337024899506,4.793167731792458e-06,1.7554408838003472e-05,0.0037585759312851624,0.0022634320289083997,3.445681196245008e-05,0.00010156994626956916
VariationalAutoencoder,0.0001,8.0,45.0,True,767.0,0.0008085846418961682,0.0004792383738926479,5.69130032953387e-06,1.8767238095041233e-05,0.0037743850324138905,0.002264397511692167,3.782220173088259e-05,0.00010479561422231063
VariationalAutoencoder,0.0001,8.0,45.0,True,768.0,0.0008008276034558237,0.00047844543932583133,4.20999223732884e-06,1.6905649783556675e-05,0.0037127043466148135,0.002262740952413787,3.4055488078661687e-05,0.00010100426445217252
VariationalAutoencoder,0.0001,8.0,45.0,True,769.0,0.0008072844252110813,0.00047888391904753815,4.986014576111682e-06,1.7942673704935855e-05,0.003764762818438452,0.002265357933704208,3.9191869725971104e-05,0.00010596015402730906
VariationalAutoencoder,0.0001,8.0,45.0,True,770.0,0.0008069042246939359,0.00047946863900619056,6.035658106649661e-06,1.945732176464523e-05,0.003737463891131323,0.0022627864993593227,3.505866013982761e-05,0.00010081825766173549
VariationalAutoencoder,0.0001,8.0,45.0,True,771.0,0.0008013593058059158,0.0004787549496982297,4.756581628157925e-06,1.7684846714821787e-05,0.0037851464823356966,0.0022649311419552978,3.874693183029223e-05,0.00010518367700981644
VariationalAutoencoder,0.0001,8.0,45.0,True,772.0,0.0007956943743312455,0.00047872611133236126,4.608800064902903e-06,1.752961080551469e-05,0.003775309091843899,0.0022648321757526516,3.768546424759259e-05,0.00010563142644534321
VariationalAutoencoder,0.0001,8.0,45.0,True,773.0,0.0008092465587060727,0.000479182102930835,5.601066844964605e-06,1.8506161517129754e-05,0.003759365786546431,0.0022647418316055394,3.708552850304909e-05,0.00010343931568493633
VariationalAutoencoder,0.0001,8.0,45.0,True,774.0,0.0008018180687793824,0.00047851942298868596,4.513233440684661e-06,1.7127307066618593e-05,0.0037593597885947558,0.0022638398896223343,3.620572446745897e-05,0.00010386402220845973
VariationalAutoencoder,0.0001,8.0,45.0,True,775.0,0.0008030691236819861,0.00047857460949941465,4.457436612433179e-06,1.7416147600528043e-05,0.0037519684377706275,0.0022632239749596555,3.460527883854302e-05,0.00010278112249179456
VariationalAutoencoder,0.0001,8.0,45.0,True,776.0,0.0008028180130087141,0.0004786835767509481,4.659490622178403e-06,1.7628725116063322e-05,0.0037646807214748936,0.0022616442644371178,3.4030538591198954e-05,9.965254638180043e-05
VariationalAutoencoder,0.0001,8.0,45.0,True,777.0,0.0008039464847739494,0.0004784689759308437,4.312311577788903e-06,1.7008198189205238e-05,0.003742712098847395,0.00226546233555056,3.7912343798568416e-05,0.00010532036470542164
VariationalAutoencoder,0.0001,8.0,45.0,True,778.0,0.0008009374141693115,0.0004785391037676212,4.5365958933962e-06,1.7131014784793004e-05,0.003754453089252208,0.0022604034381842465,3.067809654950346e-05,9.662931515548214e-05
VariationalAutoencoder,0.0001,8.0,45.0,True,779.0,0.0008037409210462133,0.00047889540619605955,4.984155382629675e-06,1.7865633747648357e-05,0.0037618733052187745,0.0022632146031601624,3.48654253490316e-05,0.00010166782300052403
VariationalAutoencoder,0.0001,8.0,45.0,True,780.0,0.0008014197137477905,0.0004787617777235746,4.780023783003545e-06,1.752009299003853e-05,0.0037220472809653612,0.0022648016236863047,3.662465854823214e-05,0.00010404350388349976
VariationalAutoencoder,0.0001,8.0,45.0,True,781.0,0.0008040328392121349,0.0004785966198399382,4.541533974041997e-06,1.7213868604837402e-05,0.003759228583401854,0.002262986493560503,3.447148175734394e-05,0.00010099817278250209
VariationalAutoencoder,0.0001,8.0,45.0,True,782.0,0.000801769067656319,0.00047849954138547585,4.4506154904227375e-06,1.7142806935181838e-05,0.0037732814093055967,0.0022632372829149354,3.537386597233748e-05,0.00010186874266690429
VariationalAutoencoder,0.0001,8.0,45.0,True,783.0,0.0008023921852163227,0.0004788246758864575,4.8265246438449924e-06,1.7817610387773206e-05,0.003720572534597145,0.0022610171036150472,3.1194371411448004e-05,9.69643511299817e-05
VariationalAutoencoder,0.0001,8.0,45.0,True,784.0,0.0007996905364116247,0.0004787445068359375,4.740683562712207e-06,1.754848703219884e-05,0.003756887133016526,0.002264183647227737,3.635190989611284e-05,0.0001036823498752882
VariationalAutoencoder,0.0001,8.0,45.0,True,785.0,0.0008082736855889909,0.0004785920812113266,4.486684785337461e-06,1.721787755942409e-05,0.0037753604493051206,0.0022637459841914147,3.65836686401997e-05,0.00010245342580777294
VariationalAutoencoder,0.0001,8.0,45.0,True,786.0,0.0008044262941314204,0.0004784927936898409,4.46358748342631e-06,1.701899625943356e-05,0.003765329249999808,0.00226369875032197,3.5692861526267335e-05,0.00010210187789404167
VariationalAutoencoder,0.0001,8.0,45.0,True,787.0,0.0008032562115764361,0.0004784260397008808,4.24422336255283e-06,1.693545210594437e-05,0.003727672609893031,0.002262850227595875,3.332764777185032e-05,0.0001011191041402097
VariationalAutoencoder,0.0001,8.0,45.0,True,788.0,0.0008077980533764368,0.0004784602199924603,4.418336439907872e-06,1.7111077954907303e-05,0.0037675121295377145,0.00226299099202426,3.458352454896993e-05,0.00010099158909335826
VariationalAutoencoder,0.0001,8.0,45.0,True,789.0,0.0008054958038895599,0.0004786331698579608,4.591615782734358e-06,1.7542154791782486e-05,0.003724043474257367,0.002261851006333933,3.359950317433045e-05,9.938224025492398e-05
VariationalAutoencoder,0.0001,8.0,45.0,True,790.0,0.0008076133753732851,0.0004784656824127362,4.3404856546106684e-06,1.7073108360291813e-05,0.003750884308005279,0.002260553386976134,3.134378425355228e-05,9.798012533277836e-05
VariationalAutoencoder,0.0001,8.0,45.0,True,791.0,0.0008069125789837696,0.0004786707239973577,4.706842162096597e-06,1.7403046326897538e-05,0.0037816942862744602,0.002264879784494076,3.8290232326249657e-05,0.00010529743894091193
VariationalAutoencoder,0.0001,8.0,45.0,True,792.0,0.0008048095471775436,0.00047845033943813765,4.330284409024163e-06,1.6905212990758875e-05,0.0037765990263261134,0.002263149937743661,3.490508563301098e-05,0.00010114707896169627
VariationalAutoencoder,0.0001,8.0,45.0,True,793.0,0.0008118057026053375,0.0004789425597357943,5.146154363180267e-06,1.8115716451663535e-05,0.0037502342799924453,0.00226519486439303,3.8045663503730825e-05,0.00010598857400927154
VariationalAutoencoder,0.0001,8.0,45.0,True,794.0,0.0008023591697055375,0.0004783642259890821,4.144324895968495e-06,1.6806753869406938e-05,0.0037474894673569397,0.0022614097820138034,3.2408321100585864e-05,9.810286661926305e-05
VariationalAutoencoder,0.0001,8.0,45.0,True,795.0,0.0008058020207438508,0.0004788911888862877,5.018941284912937e-06,1.8070906280185976e-05,0.003781539839018816,0.0022631623085189916,3.441909925555283e-05,0.00010185256459802952
VariationalAutoencoder,0.0001,8.0,45.0,True,796.0,0.0008050439492711481,0.0004785219132096941,4.352519107917249e-06,1.722206223525127e-05,0.0037509300423868045,0.0022616806270191504,3.192168748322523e-05,9.827516129556691e-05
VariationalAutoencoder,0.0001,8.0,45.0,True,797.0,0.000805052062571852,0.00047847238994351614,4.402206485182288e-06,1.6937755309346552e-05,0.003750868188510151,0.002262668602121701,3.4346526383229024e-05,0.00010092516646445172
VariationalAutoencoder,0.0001,8.0,45.0,True,798.0,0.0008085297767042792,0.00047823722471766717,4.180771050186492e-06,1.6589823487714295e-05,0.003768355591492083,0.002263367925799868,3.466069253173264e-05,0.00010115177657619213
VariationalAutoencoder,0.0001,8.0,45.0,True,799.0,0.0008040305096505465,0.00047827694775923245,4.009907560628862e-06,1.661995717015549e-05,0.0037624719757703867,0.0022630579066726395,3.488752229502366e-05,0.0001019779475604963
VariationalAutoencoder,0.0001,8.0,45.0,True,800.0,0.0008018865096922512,0.0004785858958236612,4.468944470957926e-06,1.73541995874955e-05,0.0037995471894366186,0.0022642007039028146,3.653458676904253e-05,0.00010293105956893296
VariationalAutoencoder,0.0001,8.0,45.0,True,801.0,0.0008039995023825098,0.000478595575553709,4.521833112679241e-06,1.7251258319359262e-05,0.0037653221274321935,0.0022620920490168924,3.30570897778625e-05,9.957131630969497e-05
VariationalAutoencoder,0.0001,8.0,45.0,True,802.0,0.0008026914133858488,0.0004786620483886842,4.625051141769256e-06,1.746011556520295e-05,0.0037728124444589674,0.002263138879020259,3.5727036378855974e-05,0.00010207106810320848
VariationalAutoencoder,0.0001,8.0,45.0,True,803.0,0.0008065158305463765,0.0004784211395885745,4.303713160946041e-06,1.6976351224669226e-05,0.0037901206586345936,0.0022625055328105233,3.500139258755078e-05,0.00010030505792149957
VariationalAutoencoder,0.0001,8.0,45.0,True,804.0,0.000806766378911679,0.0004786272254594253,4.621955310057276e-06,1.740326597844815e-05,0.003758268911133772,0.002263352743484689,3.443528903917696e-05,0.00010226645840788787
VariationalAutoencoder,0.0001,8.0,45.0,True,805.0,0.0008087070643741166,0.0004787099248958084,4.71013662156792e-06,1.7316027913453445e-05,0.0038094130701988747,0.0022650895253667294,3.8366389911879536e-05,0.00010438288017263953
VariationalAutoencoder,0.0001,8.0,45.0,True,806.0,0.0008057954337076357,0.00047867658806618335,4.667635301675276e-06,1.775681585916933e-05,0.0037460105973969467,0.0022626123713247433,3.436562142469598e-05,0.00010100660740204578
VariationalAutoencoder,0.0001,8.0,45.0,True,807.0,0.0008067850154043851,0.0004783748295107942,4.321133725425464e-06,1.6937983746959192e-05,0.0037473376442051535,0.0022628419804123215,3.448411025716074e-05,0.00010154866056997071
VariationalAutoencoder,0.0001,8.0,45.0,True,808.0,0.0008050308555284279,0.00047838234033867355,4.192497932685996e-06,1.684471593311212e-05,0.0037716859541599107,0.0022623300927240146,3.362883104936882e-05,0.0001003538264231112
VariationalAutoencoder,0.0001,8.0,45.0,True,809.0,0.000803701318499213,0.0004782505192846622,4.043872279900746e-06,1.6699901548518003e-05,0.0037525899755130026,0.0022602249991218997,3.0526946995805645e-05,9.662425438375592e-05
VariationalAutoencoder,0.0001,8.0,45.0,True,810.0,0.0008050050696915372,0.00047863903392678645,4.6337713083287455e-06,1.7347868602230864e-05,0.0037373353100422792,0.0022618545676177403,3.28596903936668e-05,9.909986793620032e-05
VariationalAutoencoder,0.0001,8.0,45.0,True,811.0,0.0008037329684049293,0.00047829694985700746,4.087446754512119e-06,1.6729810558801714e-05,0.003761015223257197,0.0022611872954938395,3.215450055475505e-05,9.845659933375113e-05
VariationalAutoencoder,0.0001,8.0,45.0,True,812.0,0.0008083639761829633,0.00047844082036750977,4.25062149843437e-06,1.6930111435385085e-05,0.0038054184343829845,0.0022654495899032496,3.822651873313406e-05,0.0001064177321375541
VariationalAutoencoder,0.0001,8.0,45.0,True,813.0,0.0008079296334413184,0.0004782478282393792,4.117252842354967e-06,1.6591172775810942e-05,0.00375976839905265,0.0022608707161069666,3.143174737785597e-05,9.805331322944389e-05
VariationalAutoencoder,0.0001,8.0,45.0,True,814.0,0.00080466728326124,0.00047824915367959323,3.92519862634554e-06,1.650847208427612e-05,0.00379664568031359,0.002262408440967776,3.377178027851027e-05,0.00010092415899600623
VariationalAutoencoder,0.0001,8.0,45.0,True,815.0,0.0008082973025237133,0.0004784422663022887,4.376961618681963e-06,1.708516785799654e-05,0.00380096120654412,0.002261818579907687,3.426071291543403e-05,9.951441777202319e-05
VariationalAutoencoder,0.0001,8.0,45.0,True,816.0,0.000806393649057558,0.00047848082456305985,4.584879069676939e-06,1.7196060512265106e-05,0.003770094247734022,0.0022618935543036313,3.2884054143661226e-05,9.929662886655556e-05
VariationalAutoencoder,0.0001,8.0,45.0,True,817.0,0.0008026312464331038,0.00047850408001408746,4.431460933845159e-06,1.713451540293398e-05,0.0037869856042682,0.002262771504480134,3.506013326956041e-05,0.00010150853755339137
VariationalAutoencoder,0.0001,8.0,45.0,True,818.0,0.0008081601797088458,0.0004783559921938133,4.372991573798528e-06,1.6811519680479465e-05,0.003807921829463551,0.0022649275806714904,3.804972559307356e-05,0.00010484570649060063
VariationalAutoencoder,0.0001,8.0,45.0,True,819.0,0.0008083587547518173,0.00047846279054317836,4.361887874126916e-06,1.7120448917632477e-05,0.003728037735201278,0.002260250115544541,3.1363564607857156e-05,9.684451510133983e-05
VariationalAutoencoder,0.0001,8.0,45.0,True,820.0,0.0008094644128794297,0.0004787136602273206,4.717074472688118e-06,1.7483731244773556e-05,0.003793619338821315,0.002263329876293926,3.5077784468167986e-05,0.00010091881707029522
VariationalAutoencoder,0.0001,8.0,45.0,True,821.0,0.0008033947803260824,0.00047851942298868596,4.397719317791115e-06,1.7100958921758312e-05,0.00368658776553172,0.0022623437755512742,3.341552010684643e-05,0.0001000497115295638
VariationalAutoencoder,0.0001,8.0,45.0,True,822.0,0.0008062810268042222,0.0004785411521752247,4.29888678880313e-06,1.71757571780778e-05,0.0037618628088033424,0.0022625291497452454,3.3513118612503855e-05,9.947165893683643e-05
VariationalAutoencoder,0.0001,8.0,45.0,True,823.0,0.0008146808635835056,0.0004788311022632527,5.151303309314656e-06,1.7986892699954323e-05,0.003776562288872101,0.0022648351747284897,3.770773984351248e-05,0.0001054140827003515
VariationalAutoencoder,0.0001,8.0,45.0,True,824.0,0.0008057255468599879,0.00047852239518795376,4.605435944511241e-06,1.7275901968186758e-05,0.003806071086499676,0.0022630798366834533,3.488634789139969e-05,0.00010157903691507736
VariationalAutoencoder,0.0001,8.0,45.0,True,825.0,0.0008079120412348415,0.00047843965558671566,4.486106787971409e-06,1.7142814466092144e-05,0.0037941666519117055,0.0022641285410467185,3.7305765791134264e-05,0.0001047810879330965
VariationalAutoencoder,0.0001,8.0,45.0,True,826.0,0.000810249796453512,0.0004789306307738682,5.163853257553115e-06,1.8129856990916388e-05,0.003785346289100887,0.002263396041198347,3.620080720141249e-05,0.00010278497664433605
VariationalAutoencoder,0.0001,8.0,45.0,True,827.0,0.0008122203645680471,0.0004784772498909675,4.5292322320557346e-06,1.70724381092745e-05,0.003771330950395116,0.00226081242351412,3.1181611120700836e-05,9.664399373643803e-05
VariationalAutoencoder,0.0001,8.0,45.0,True,828.0,0.0008064591981008689,0.00047857782268781224,4.729858192934019e-06,1.745420505576378e-05,0.003790773685623265,0.002260756380153152,3.224205659151827e-05,9.856066145237137e-05
VariationalAutoencoder,0.0001,8.0,45.0,True,829.0,0.0008072331748561396,0.0004782046108554316,4.105911291432831e-06,1.6533716950776443e-05,0.0038143902454736097,0.0022619893340944494,3.495325375371759e-05,9.987299453537419e-05
VariationalAutoencoder,0.0001,8.0,45.0,True,830.0,0.0008102957450475976,0.00047832185206708885,4.0948330085835045e-06,1.672589574059386e-05,0.0037675631121269564,0.002261816143239819,3.328153266097015e-05,9.94230661564653e-05
VariationalAutoencoder,0.0001,8.0,45.0,True,831.0,0.000807586705909585,0.0004784411015214946,4.357169445031737e-06,1.693837409914343e-05,0.0037860712915096643,0.0022608334163449844,3.177959050210017e-05,9.683343294843937e-05
VariationalAutoencoder,0.0001,8.0,45.0,True,832.0,0.0008065723023324643,0.00047835679549091266,4.2033719395932486e-06,1.6791189988106087e-05,0.003788029247859739,0.002260717955775231,3.159729435852489e-05,9.670095670523133e-05
VariationalAutoencoder,0.0001,8.0,45.0,True,833.0,0.0008034652294816997,0.00047857782268781224,4.686007898732658e-06,1.7351083045780177e-05,0.0037623201526186,0.0022612823255406984,3.292939315239588e-05,9.842575439866984e-05
VariationalAutoencoder,0.0001,8.0,45.0,True,834.0,0.0008072402438706143,0.0004783350663043739,4.185619387484464e-06,1.676672582597424e-05,0.0037934180325682057,0.0022617338588402707,3.406948427546699e-05,9.962494643229359e-05
VariationalAutoencoder,0.0001,8.0,45.0,True,835.0,0.0008074258055005755,0.0004783660334075558,4.339388338221372e-06,1.6789535698142012e-05,0.003837680666701599,0.0022652668398131363,3.945576788494422e-05,0.00010696818478077462
VariationalAutoencoder,0.0001,8.0,45.0,True,836.0,0.0008085316242876079,0.0004784186895324213,4.362915215807944e-06,1.6987378987661913e-05,0.0037900205678160085,0.002262699529060028,3.4214278577633626e-05,0.00010070642866428543
VariationalAutoencoder,0.0001,8.0,45.0,True,837.0,0.0008082057266543817,0.0004782610826415193,4.053386016133821e-06,1.6543839749380585e-05,0.0038020374639978947,0.0022629829322766957,3.568728823425635e-05,0.00010114665723071908
VariationalAutoencoder,0.0001,8.0,45.0,True,838.0,0.0008041029670489123,0.00047836273988944824,4.254539454521516e-06,1.690095677128378e-05,0.0037938345153376743,0.002260637920607561,3.203663846138138e-05,9.683291749946727e-05
VariationalAutoencoder,0.0001,8.0,45.0,True,839.0,0.0008119623455397203,0.00047866096393760004,4.722773802850767e-06,1.7699180547439183e-05,0.003785190717229303,0.002261062650560583,3.1787905045462855e-05,9.789662845667053e-05
VariationalAutoencoder,0.0001,8.0,45.0,True,840.0,0.0008052559393756794,0.0004783808944038946,4.241173343878551e-06,1.6876250364870395e-05,0.003810659519531442,0.0022620361930919142,3.332619807161625e-05,9.957556876371491e-05
VariationalAutoencoder,0.0001,8.0,45.0,True,841.0,0.0008032792662031888,0.00047862381144675285,4.668874450208684e-06,1.7362320419109737e-05,0.0037842659080553355,0.0022626521077545934,3.384812237144266e-05,0.0001008262002618058
VariationalAutoencoder,0.0001,8.0,45.0,True,842.0,0.0008092602147567625,0.00047848110571704466,4.5101846771621e-06,1.7129817370054213e-05,0.0037818907191918332,0.002261357862244612,3.226289127326611e-05,9.836789525155002e-05
VariationalAutoencoder,0.0001,8.0,45.0,True,843.0,0.0008120688627351005,0.00047836041032785995,4.2727928121657065e-06,1.694893620084881e-05,0.0037889638037051795,0.002262458861249048,3.4232770309508224e-05,0.00010015973645561146
VariationalAutoencoder,0.0001,8.0,45.0,True,844.0,0.000809246237387233,0.00047834185416486386,4.196537952277699e-06,1.6870815557932277e-05,0.003780489447731642,0.0022620744300338455,3.320584073662758e-05,9.924035121060017e-05
VariationalAutoencoder,0.0001,8.0,45.0,True,845.0,0.0008079269022311804,0.0004783739057191299,4.359053113972241e-06,1.6742744897253753e-05,0.003833888461754757,0.0022629220155799914,3.496676085973686e-05,0.0001011021763273755
VariationalAutoencoder,0.0001,8.0,45.0,True,846.0,0.0008131047946744852,0.0004781567343483074,3.988779591762956e-06,1.6438739620289714e-05,0.0038471420605977378,0.0022605841264784713,3.255402329582838e-05,9.705447855423081e-05
VariationalAutoencoder,0.0001,8.0,45.0,True,847.0,0.0008084789279978873,0.000478195975411613,4.0213809024813685e-06,1.6463320511531315e-05,0.0037928399799754785,0.0022607786850359457,3.161733243731583e-05,9.654123781237213e-05
VariationalAutoencoder,0.0001,8.0,45.0,True,848.0,0.0008097288582845518,0.00047834362141848253,4.3584465619046095e-06,1.676463348806065e-05,0.003810804969859573,0.0022613715450718716,3.306816021601359e-05,9.82053296745948e-05
VariationalAutoencoder,0.0001,8.0,45.0,True,849.0,0.0008102318829281953,0.00047850592759741603,4.515423052856383e-06,1.7217310230847638e-05,0.0038065512975056968,0.002261597405439653,3.3246230263755e-05,9.842827306978358e-05
VariationalAutoencoder,0.0001,8.0,45.0,True,850.0,0.0008108574103794972,0.00047841282546359575,4.379130834638269e-06,1.694591379551232e-05,0.003810527189722601,0.0022620734928538964,3.398956039791587e-05,9.956900850406983e-05
VariationalAutoencoder,0.0001,8.0,45.0,True,851.0,0.0008108769304990126,0.00047835008796013267,4.337082938303684e-06,1.6787173502609094e-05,0.003829416239036704,0.0022639830907185874,3.6571658093411965e-05,0.0001041441335805557
VariationalAutoencoder,0.0001,8.0,45.0,True,852.0,0.0008083949031212901,0.00047847897697973123,4.376667599392066e-06,1.6991518478027253e-05,0.003781978814107067,0.00226145382947142,3.228650235061375e-05,9.799957767410099e-05
VariationalAutoencoder,0.0001,8.0,45.0,True,853.0,0.0008061703324639251,0.0004784008563368147,4.463771990728828e-06,1.7012568627486652e-05,0.0038122793413558095,0.0022637817844654777,3.6761475106080375e-05,0.00010213078989547753
VariationalAutoencoder,0.0001,8.0,45.0,True,854.0,0.0008082554507448346,0.00047843045783492753,4.531269970869601e-06,1.698219270076392e-05,0.003779064934208708,0.0022613021937556237,3.229357805923096e-05,9.87191620112965e-05
VariationalAutoencoder,0.0001,8.0,45.0,True,855.0,0.0008182993153677475,0.00047882768825058025,5.0893932646215765e-06,1.8177654423482336e-05,0.0038196163357428784,0.00226307083975594,3.515354668100675e-05,0.00010117049674567936
VariationalAutoencoder,0.0001,8.0,45.0,True,856.0,0.0008098021993097269,0.0004779920986077856,3.7353406120543532e-06,1.6080551953971225e-05,0.003800078383031881,0.002262545831548343,3.476765405082103e-05,0.00010025749603907268
VariationalAutoencoder,0.0001,8.0,45.0,True,857.0,0.0008104292530255176,0.0004782593153879006,4.140416039731303e-06,1.6790808421983873e-05,0.0038288179433570717,0.0022628597868313578,3.548527031012301e-05,0.000101806326482281
VariationalAutoencoder,0.0001,8.0,45.0,True,858.0,0.0008079457797130163,0.00047831594783340827,4.057499148313087e-06,1.6694086430609387e-05,0.0037941081718828695,0.0022609826153929128,3.213751709686136e-05,9.77285862343866e-05
VariationalAutoencoder,0.0001,8.0,45.0,True,859.0,0.0008120357668946052,0.00047840921062664845,4.39301563672862e-06,1.6813152632864338e-05,0.0038190154159593883,0.0022617619742387497,3.3132286754044345e-05,9.889586729073674e-05
VariationalAutoencoder,0.0001,8.0,45.0,True,860.0,0.000815098658404903,0.0004780829515097276,3.9232719684587015e-06,1.621254496376791e-05,0.003804290069724029,0.002262159338537252,3.363088113050791e-05,9.940976991593463e-05
VariationalAutoencoder,0.0001,8.0,45.0,True,861.0,0.0008096593730854538,0.0004783248242663566,4.317621497131101e-06,1.681452702399534e-05,0.00379170224351703,0.0022610244136186514,3.183775130401617e-05,9.77922148955693e-05
VariationalAutoencoder,0.0001,8.0,45.0,True,862.0,0.0008124567749044002,0.0004782262597122604,4.1020968853624044e-06,1.655461397172627e-05,0.003827754431550608,0.002263333999885703,3.5708957591896536e-05,0.00010246130983409642
VariationalAutoencoder,0.0001,8.0,45.0,True,863.0,0.0008151310312780087,0.0004782981146378016,4.287543041365487e-06,1.680705636097093e-05,0.003849314068848232,0.0022626746000733765,3.551742729713332e-05,0.0001009094569855516
VariationalAutoencoder,0.0001,8.0,45.0,True,864.0,0.0008131910687829607,0.0004784186493675664,4.40858045939326e-06,1.69047636464439e-05,0.003811186964406907,0.0022637302395682665,3.575568186974375e-05,0.00010253565163357453
VariationalAutoencoder,0.0001,8.0,45.0,True,865.0,0.000813102465112897,0.00047824493636982137,4.207439886310673e-06,1.656899173465379e-05,0.003784268157287214,0.002260065303658539,3.084436691594574e-05,9.581149678747609e-05
VariationalAutoencoder,0.0001,8.0,45.0,True,866.0,0.0008129544174574777,0.0004783583619202565,4.285908833828898e-06,1.6702320225878224e-05,0.0037937561670939126,0.0022608813999583886,3.144136518708565e-05,9.699414759499472e-05
VariationalAutoencoder,0.0001,8.0,45.0,True,867.0,0.000805460940795446,0.0004783635431865476,4.19835478438923e-06,1.6881368873575626e-05,0.0038255636797011276,0.0022617316096083923,3.337347001399634e-05,9.976344991405055e-05
VariationalAutoencoder,0.0001,8.0,45.0,True,868.0,0.0008151868604264169,0.0004783314514674266,4.169301473789138e-06,1.6744005069578432e-05,0.003837843736012777,0.0022605725054470997,3.231237730327642e-05,9.63467261138952e-05
VariationalAutoencoder,0.0001,8.0,45.0,True,869.0,0.0008105778629889064,0.00047861204314424664,4.771145781115541e-06,1.750311831820686e-05,0.0038038750864424794,0.002263582165136277,3.629198309572988e-05,0.00010213481976925952
VariationalAutoencoder,0.0001,8.0,45.0,True,870.0,0.0008170422357368983,0.00047827875517770607,4.222332575230425e-06,1.680645012269123e-05,0.0038231262620889916,0.0022616182108345273,3.258319595043764e-05,9.784434553024903e-05
VariationalAutoencoder,0.0001,8.0,45.0,True,871.0,0.0008112352010053444,0.00047840390886579243,4.360302617507321e-06,1.691720345511912e-05,0.0038157330369049647,0.0022618633771092638,3.374608983315012e-05,9.929530509987717e-05
VariationalAutoencoder,0.0001,8.0,45.0,True,872.0,0.0008143114272474921,0.0004788335121545509,4.904077016821286e-06,1.785162625447759e-05,0.0038302641994548293,0.002261171363434702,3.3255818786111265e-05,9.788284605404117e-05
VariationalAutoencoder,0.0001,8.0,45.0,True,873.0,0.000810634495434414,0.00047862296798479844,4.81329471716341e-06,1.7466676243231946e-05,0.0037809257987160352,0.0022622809844946713,3.3730702509857575e-05,9.997582660531098e-05
VariationalAutoencoder,0.0001,8.0,45.0,True,874.0,0.0008070537986138439,0.0004785279781027946,4.548126658439797e-06,1.7195045094525398e-05,0.0038164404203306955,0.002262267676539391,3.359081083030071e-05,9.935280108976665e-05
VariationalAutoencoder,0.0001,8.0,45.0,True,875.0,0.0008117224810258398,0.00047845913554137606,4.477511509007842e-06,1.7142401521176984e-05,0.0038050874224248923,0.0022639043676028463,3.654226578725209e-05,0.00010262706182287925
VariationalAutoencoder,0.0001,8.0,45.0,True,876.0,0.0008138974882521719,0.0004782782731994464,4.2513931029528945e-06,1.669274341827133e-05,0.003800677053583493,0.0022613587994245615,3.326025281874639e-05,9.825522279214559e-05
VariationalAutoencoder,0.0001,8.0,45.0,True,877.0,0.0008115547525914853,0.0004785299060158331,4.648160367621726e-06,1.730742384842785e-05,0.0038290919747742467,0.002259987142850768,3.1219353114471495e-05,9.595386027914924e-05
VariationalAutoencoder,0.0001,8.0,45.0,True,878.0,0.0008097998697481387,0.0004783679613205943,4.3221234125549585e-06,1.7032177862774007e-05,0.003794113794962565,0.002260437176662421,3.142700583304999e-05,9.585406818667298e-05
VariationalAutoencoder,0.0001,8.0,45.0,True,879.0,0.0008150601804738418,0.00047836595307784583,4.399290140165955e-06,1.6964177508158182e-05,0.0038118107513811605,0.0022624819158758008,3.4274884833479826e-05,9.990743589851092e-05
VariationalAutoencoder,0.0001,8.0,45.0,True,880.0,0.0008119942364345664,0.0004782198333354652,4.074573290918394e-06,1.663082803918345e-05,0.00380988690838124,0.0022614598274230957,3.274971232661661e-05,9.86365613135152e-05
VariationalAutoencoder,0.0001,8.0,45.0,True,881.0,0.0008105560936375127,0.000478346955101445,4.3377080038591535e-06,1.6850129402471038e-05,0.003840704009218036,0.002261932353553532,3.379070252742407e-05,9.910381580673673e-05
VariationalAutoencoder,0.0001,8.0,45.0,True,882.0,0.0008161617417862473,0.0004782996810671454,4.363916826878757e-06,1.6860185678034137e-05,0.0038243397226873435,0.0022612082883247038,3.299755542158331e-05,9.864602683100311e-05
VariationalAutoencoder,0.0001,8.0,45.0,True,883.0,0.0008072942254356939,0.0004782461413154705,4.198001772968595e-06,1.6553957527377855e-05,0.003823681447490956,0.0022611273159770847,3.221361903743174e-05,9.749548029412263e-05
VariationalAutoencoder,0.0001,8.0,45.0,True,884.0,0.0008115789318341772,0.00047818565304388574,4.109463684582164e-06,1.656151228556736e-05,0.0038143182700535036,0.002261670880347678,3.2586189068900716e-05,9.912398860514538e-05
VariationalAutoencoder,0.0001,8.0,45.0,True,885.0,0.0008080319734917818,0.00047861148083627703,4.74926942803789e-06,1.7348899081791185e-05,0.003815556847074497,0.0022621012333803956,3.4206608345486085e-05,9.967290661619895e-05
VariationalAutoencoder,0.0001,8.0,45.0,True,886.0,0.0008130468769536185,0.00047825072010893705,4.2431389114686425e-06,1.6668236580981077e-05,0.0038517297438855442,0.0022608103617182316,3.2301854529658203e-05,9.739389584499336e-05
VariationalAutoencoder,0.0001,8.0,45.0,True,887.0,0.0008126894097443861,0.00047809251074521045,4.009208127334111e-06,1.6223627953436175e-05,0.0038286664950772653,0.002262205072918778,3.4592243251185745e-05,9.979438856712677e-05
VariationalAutoencoder,0.0001,8.0,45.0,True,888.0,0.0008112349600162146,0.0004782102740999823,4.085484638589251e-06,1.663667579103673e-05,0.003837235693661672,0.002262453613041332,3.43863067433894e-05,0.00010069786518249871
VariationalAutoencoder,0.0001,8.0,45.0,True,889.0,0.0008135550426986982,0.00047811355712921473,4.148609670145171e-06,1.6420685517980724e-05,0.003834497628721801,0.0022596763739795803,3.101189661794489e-05,9.516344856728547e-05
VariationalAutoencoder,0.0001,8.0,45.0,True,890.0,0.0008102655410766602,0.0004782101937702724,4.081932245439917e-06,1.6465030028170975e-05,0.003859042746465911,0.0022643881398926743,3.735190140282583e-05,0.0001035093347418983
VariationalAutoencoder,0.0001,8.0,45.0,True,891.0,0.0008137224498142129,0.0004782589137393509,4.258002418110955e-06,1.6744340195087088e-05,0.0038392180166904283,0.0022653697421715696,3.917541050311155e-05,0.00010669524283529078
VariationalAutoencoder,0.0001,8.0,45.0,True,892.0,0.0008140477048097595,0.00047827212797663603,4.079628100673947e-06,1.6646580193241974e-05,0.0038450701431658285,0.002261372669687811,3.311320049863941e-05,9.818976663006176e-05
VariationalAutoencoder,0.0001,8.0,45.0,True,893.0,0.0008127769691282206,0.00047816641407835513,3.914388945963826e-06,1.6289851013219583e-05,0.003883208118894565,0.0022652878326440006,3.926004370990789e-05,0.00010523360527161533
VariationalAutoencoder,0.0001,8.0,45.0,True,894.0,0.000811684806391878,0.00047823099916514684,4.2146887012689584e-06,1.6583670733993588e-05,0.0038242673723952575,0.0022631304444007154,3.620937946926123e-05,0.00010170369356308343
VariationalAutoencoder,0.0001,8.0,45.0,True,895.0,0.0008137591604916555,0.00047803840868556593,3.91292512527293e-06,1.600930075640627e-05,0.0038223592740184854,0.00226146751229868,3.313421968768978e-05,9.708260566745914e-05
VariationalAutoencoder,0.0001,8.0,45.0,True,896.0,0.0008132704345363812,0.0004783320539402512,4.269624495442023e-06,1.6748475919997276e-05,0.0038183335238282786,0.002260712332695535,3.181218972089905e-05,9.708942950896497e-05
VariationalAutoencoder,0.0001,8.0,45.0,True,897.0,0.0008089535962539221,0.00047809239025064555,3.984054886909187e-06,1.6512306572774027e-05,0.003804294193315806,0.002261082518775508,3.247716282523653e-05,9.801755981437816e-05
VariationalAutoencoder,0.0001,8.0,45.0,True,898.0,0.0008180058709373371,0.00047857609559904857,4.526371427502915e-06,1.735644003331179e-05,0.0038241177984753493,0.00226063923265949,3.150252203615206e-05,9.669857275373531e-05
VariationalAutoencoder,0.0001,8.0,45.0,True,899.0,0.0008190561818948011,0.000478397803807837,4.359073510187655e-06,1.6910017711534654e-05,0.0038484743556136606,0.002264622060008019,3.792578940215351e-05,0.00010401132346699073
VariationalAutoencoder,0.0001,8.0,45.0,True,900.0,0.0008113617202984998,0.00047827959863966043,4.085466438889343e-06,1.6655928563236226e-05,0.003849724553666025,0.0022600729885341236,3.1596641261247716e-05,9.597765293511204e-05
VariationalAutoencoder,0.0001,8.0,45.0,True,901.0,0.0008097827595199215,0.0004781988271163159,3.998031628862867e-06,1.641552307896537e-05,0.003811608320512112,0.002261372669687811,3.382369711901407e-05,9.829652899841092e-05
VariationalAutoencoder,0.0001,8.0,45.0,True,902.0,0.0008096135048210781,0.0004780935148665847,3.829010074451124e-06,1.6305637056374484e-05,0.003831401561041298,0.002261710429341538,3.376952226056993e-05,9.928240716082496e-05
VariationalAutoencoder,0.0001,8.0,45.0,True,903.0,0.0008101833637833917,0.00047806170430144854,3.849902074794081e-06,1.6305177670845766e-05,0.0038289127859679408,0.0022594548246395664,3.0042281456338536e-05,9.462763350339806e-05
VariationalAutoencoder,0.0001,8.0,45.0,True,904.0,0.0008093241572058747,0.0004782809642447294,4.269825633504802e-06,1.674687309125363e-05,0.003862380231701353,0.002262493349471182,3.508478988828899e-05,0.00010031226249235981
VariationalAutoencoder,0.0001,8.0,45.0,True,905.0,0.0008122348239158363,0.0004783901323205377,4.417078777886626e-06,1.6824879515363842e-05,0.003830805514593544,0.002261508560780459,3.3664151018708005e-05,9.793273331421726e-05
VariationalAutoencoder,0.0001,8.0,45.0,True,906.0,0.0008125294732918958,0.00047816095165807926,3.907216695260327e-06,1.645352028691865e-05,0.003835147281862655,0.0022617490411554492,3.369886182108015e-05,9.903792034155167e-05
VariationalAutoencoder,0.0001,8.0,45.0,True,907.0,0.0008102669066817292,0.00047846030032217023,4.437180346435292e-06,1.7061874752417408e-05,0.00381682204000605,0.002261610338522953,3.3341354028608815e-05,9.930970252684827e-05
VariationalAutoencoder,0.0001,8.0,45.0,True,908.0,0.0008118461084494372,0.0004780660019409303,3.842308406901328e-06,1.6155637640034093e-05,0.003883990851588219,0.0022635514256339404,3.7368972721339774e-05,0.0001029967207391307
VariationalAutoencoder,0.0001,8.0,45.0,True,909.0,0.0008129327284357939,0.00047834627229891057,4.2583704913522035e-06,1.673545874153186e-05,0.0038229084614687745,0.0022617364829441286,3.3556448541722206e-05,9.85867736287087e-05
VariationalAutoencoder,0.0001,8.0,45.0,True,910.0,0.0008168773991721017,0.000478201357502179,4.21581708266327e-06,1.6570677403410813e-05,0.0038360893351476895,0.0022598924876758887,3.100114247802668e-05,9.554469922803483e-05
VariationalAutoencoder,0.0001,8.0,45.0,True,911.0,0.0008135694217167775,0.0004783400467463902,4.29587724877175e-06,1.686357082221707e-05,0.0038260247722361825,0.0022599657751479238,3.089848612933039e-05,9.590006615005948e-05
VariationalAutoencoder,0.0001,8.0,45.0,True,912.0,0.0008138308145929218,0.00047843780800338703,4.4055916293652235e-06,1.723205449807676e-05,0.0038638317360068265,0.002262694093416322,3.5280751286999986e-05,0.0001011669120323733
VariationalAutoencoder,0.0001,8.0,45.0,True,913.0,0.0008097902301829458,0.0004782612433009392,4.293361924729257e-06,1.6785556867196553e-05,0.0038516945059194506,0.0022609284463918434,3.2191088645713136e-05,9.73813552057968e-05
VariationalAutoencoder,0.0001,8.0,45.0,True,914.0,0.000819411640861285,0.0004784788966500213,4.513806103655913e-06,1.718721169265454e-05,0.003851804343409508,0.002260417495883486,3.228960090182112e-05,9.779521972878174e-05
VariationalAutoencoder,0.0001,8.0,45.0,True,915.0,0.0008147959760578494,0.00047807475787931377,3.893062663126506e-06,1.6245113640541656e-05,0.0038412846859146215,0.002260453483593539,3.1516682239448496e-05,9.677754187921308e-05
VariationalAutoencoder,0.0001,8.0,45.0,True,916.0,0.000812654867969112,0.0004780785735405359,4.019738850246542e-06,1.606524286846909e-05,0.00384309006936895,0.002260768750928483,3.29653281460768e-05,9.673504662588707e-05
VariationalAutoencoder,0.0001,8.0,45.0,True,917.0,0.0008171463430409804,0.0004780200533468447,3.916756789679476e-06,1.6202265271199038e-05,0.003876502034049364,0.002261728985504534,3.4766350784954034e-05,9.877497107727722e-05
VariationalAutoencoder,0.0001,8.0,45.0,True,918.0,0.0008165374438396362,0.0004784617462569491,4.628123439386527e-06,1.7081595696207647e-05,0.0038308306310161854,0.0022601295942030614,3.1219666484017044e-05,9.686920393562916e-05
VariationalAutoencoder,0.0001,8.0,45.0,True,919.0,0.0008136705568215917,0.00047814657264,4.0379037196946275e-06,1.6460246644974398e-05,0.0038259348029610497,0.0022616736918875256,3.308347725080994e-05,9.960662456428479e-05
VariationalAutoencoder,0.0001,8.0,45.0,True,920.0,0.000819326089720199,0.00047816348204394234,4.066189818807207e-06,1.6433044996946006e-05,0.0038310724234431044,0.0022598383186748193,3.0317200265777934e-05,9.539029883138789e-05
VariationalAutoencoder,0.0001,8.0,45.0,True,921.0,0.0008130706545477608,0.0004782697582501928,4.11941829285612e-06,1.6582628958067805e-05,0.00382824588871602,0.0022611031367343925,3.1746215181155775e-05,9.720733260396141e-05
VariationalAutoencoder,0.0001,8.0,45.0,True,922.0,0.0008156633762657803,0.00047813637076683763,3.957516900351587e-06,1.643661464843146e-05,0.0038575346364914994,0.002261538175666857,3.353731835600715e-05,9.785901825383025e-05
VariationalAutoencoder,0.0001,8.0,45.0,True,923.0,0.0008144045293813125,0.0004783686039582738,4.450067302909984e-06,1.701813271505171e-05,0.003815946339061425,0.002260885148678186,3.1892166314822326e-05,9.724472022656375e-05
VariationalAutoencoder,0.0001,8.0,45.0,True,924.0,0.0008126530203857833,0.0004783266718496852,4.3865155197700075e-06,1.6940794031655372e-05,0.0038449884210742494,0.0022601532111377835,3.137428360352726e-05,9.547729256018153e-05
VariationalAutoencoder,0.0001,8.0,45.0,True,925.0,0.0008202150986201037,0.0004782205964677096,4.255987899603869e-06,1.6754219494257977e-05,0.0038791883666560337,0.0022648370490883883,3.809085022072372e-05,0.00010522187880749973
VariationalAutoencoder,0.0001,8.0,45.0,True,926.0,0.0008171984770227314,0.000478435197287814,4.443037198138526e-06,1.716245759047588e-05,0.003827559123249174,0.002260615053416798,3.212706461173933e-05,9.72665565193824e-05
VariationalAutoencoder,0.0001,8.0,45.0,True,927.0,0.0008160669527285182,0.0004781675788591493,4.181904452187675e-06,1.6553029970258394e-05,0.003849640207470588,0.0022590064777518216,2.976562886399293e-05,9.366210386063317e-05
VariationalAutoencoder,0.0001,8.0,45.0,True,928.0,0.0008194200754808287,0.00047813845933929606,4.134583977274496e-06,1.6399988066154028e-05,0.0038749598107247984,0.0022617535396192057,3.426413069356163e-05,9.954828511244096e-05
VariationalAutoencoder,0.0001,8.0,45.0,True,929.0,0.0008174413137358796,0.0004782559817049381,4.246026387995465e-06,1.6721566722319133e-05,0.003814395493681326,0.0022606707219057862,3.23788731493665e-05,9.715760349290176e-05
VariationalAutoencoder,0.0001,8.0,45.0,True,930.0,0.0008151644484373437,0.00047815834094250617,3.9901712412300776e-06,1.6419849586936663e-05,0.00384983813987588,0.002261029286954388,3.34073783560369e-05,9.74074439526354e-05
VariationalAutoencoder,0.0001,8.0,45.0,True,931.0,0.0008164872377709237,0.00047824377158902726,4.229428575467067e-06,1.6609018522934773e-05,0.0038896476697621854,0.002263620027206229,3.610451196162206e-05,0.00010276721708429684
VariationalAutoencoder,0.0001,8.0,45.0,True,932.0,0.0008153945127266115,0.00047812018433028477,4.034609887799163e-06,1.6270746348922787e-05,0.003852052883532062,0.002261663945216053,3.3455031027771394e-05,9.769322526342464e-05
VariationalAutoencoder,0.0001,8.0,45.0,True,933.0,0.0008168582003714261,0.00047798800179257866,3.825419712962327e-06,1.5983091933386667e-05,0.003864794407250746,0.0022606920896086303,3.200709972085443e-05,9.679077954599693e-05
VariationalAutoencoder,0.0001,8.0,45.0,True,934.0,0.0008177217447532798,0.0004783845092408419,4.3067424696169775e-06,1.6899356452843572e-05,0.003857741190952325,0.0022621565269974045,3.440056359336811e-05,9.99277375591626e-05
VariationalAutoencoder,0.0001,8.0,45.0,True,935.0,0.0008206814929160146,0.0004784703415359127,4.582345545934538e-06,1.7181584847503594e-05,0.0038301120014310633,0.002259818263023904,3.1817300280310075e-05,9.608293924504106e-05
VariationalAutoencoder,0.0001,8.0,45.0,True,936.0,0.0008129710457074353,0.0004781272131799045,3.919398256469608e-06,1.636681064079714e-05,0.0038702356740363737,0.0022610178533590064,3.3561234016838317e-05,9.726129659691696e-05
VariationalAutoencoder,0.0001,8.0,45.0,True,937.0,0.0008170586229977261,0.0004781027527832278,4.166957164168197e-06,1.6575659100578802e-05,0.0038657469569512133,0.002260849910712092,3.3291660061797256e-05,9.8030205886319e-05
VariationalAutoencoder,0.0001,8.0,45.0,True,938.0,0.0008153953160237109,0.0004781125931726954,4.055160486874876e-06,1.6423072816548e-05,0.0038331383429233384,0.0022599700861756907,3.122688276962664e-05,9.576141623393544e-05
VariationalAutoencoder,0.0001,8.0,45.0,True,939.0,0.000818409527729785,0.00047813062719257696,4.142364348985275e-06,1.652786543346801e-05,0.003874254301658966,0.0022611541193236343,3.336811051616129e-05,9.777410975042379e-05
VariationalAutoencoder,0.0001,8.0,45.0,True,940.0,0.0008145165089969686,0.000478150548960642,4.004132293787285e-06,1.6439788927125803e-05,0.0038280884424845376,0.002259448264379921,3.0626282213056616e-05,9.52494758292564e-05
VariationalAutoencoder,0.0001,8.0,45.0,True,941.0,0.0008176369165795832,0.00047812636971795015,3.972533221715544e-06,1.627291274078773e-05,0.0038779134270530077,0.0022624223112310254,3.507629083762379e-05,0.00010062782269603801
VariationalAutoencoder,0.0001,8.0,45.0,True,942.0,0.0008182928889909523,0.00047811741295529183,4.064996483311499e-06,1.6397007080824228e-05,0.003852736275151091,0.002258744629673988,2.919908601251788e-05,9.347967006875283e-05
VariationalAutoencoder,0.0001,8.0,45.0,True,943.0,0.0008145329765875064,0.0004783092403026283,4.284828148199863e-06,1.6838664846680558e-05,0.0038431230581031654,0.002260017694917115,3.106006180996415e-05,9.599844661523711e-05
VariationalAutoencoder,0.0001,8.0,45.0,True,944.0,0.0008180392077669622,0.0004782900816668076,4.241520707116455e-06,1.6778608347286755e-05,0.0038710990042056677,0.002259283133272855,3.0934254187832836e-05,9.483468584107154e-05
VariationalAutoencoder,0.0001,8.0,45.0,True,945.0,0.0008160586787683945,0.00047810532333394587,3.878128867987995e-06,1.63083795628779e-05,0.003908196335318703,0.0022623848240330533,3.481191823130134e-05,0.00010048300496437264
VariationalAutoencoder,0.0001,8.0,45.0,True,946.0,0.0008190707215723002,0.000478469939887363,4.465858366671759e-06,1.7061258472923964e-05,0.0038722097498815763,0.002262420061999147,3.537796906330301e-05,0.00010044340911151478
VariationalAutoencoder,0.0001,8.0,45.0,True,947.0,0.0008194949427704927,0.0004781711936960966,4.073407254972548e-06,1.656003748229893e-05,0.003839560274807912,0.0022591738580907666,3.0041511211567706e-05,9.371721004165194e-05
VariationalAutoencoder,0.0001,8.0,45.0,True,948.0,0.0008147896300107643,0.00047801021295737706,3.911459421854456e-06,1.6164664691188585e-05,0.003869883669247417,0.002262132910062682,3.40556579425275e-05,9.94582806930602e-05
VariationalAutoencoder,0.0001,8.0,45.0,True,949.0,0.0008196879750634782,0.0004783378778442218,4.409638238503444e-06,1.682689277871921e-05,0.0038783587749649144,0.0022607265778307644,3.2787750117808766e-05,9.78676754536119e-05
VariationalAutoencoder,0.0001,8.0,45.0,True,950.0,0.0008210301238571537,0.00047829309403093036,4.433067214256027e-06,1.6730283750999328e-05,0.0038719169748654154,0.002260654602410658,3.191428376162577e-05,9.66471977203897e-05
VariationalAutoencoder,0.0001,8.0,45.0,True,951.0,0.0008160443800800251,0.0004782016386561638,3.970599660494257e-06,1.6453117383217234e-05,0.0037926765357923207,0.002260271483247385,3.13244344162866e-05,9.55594890991097e-05
VariationalAutoencoder,0.0001,8.0,45.0,True,952.0,0.000817211008457482,0.0004782839766088522,4.168296411051101e-06,1.6711826744988922e-05,0.0038650103335110646,0.0022605543241560836,3.259591816824937e-05,9.569014369879128e-05
VariationalAutoencoder,0.0001,8.0,45.0,True,953.0,0.0008162705885432158,0.00047833398185328976,4.350366836509132e-06,1.7066516303469872e-05,0.003916494501461773,0.0022635244348514004,3.7477099857990096e-05,0.00010324945474195781
VariationalAutoencoder,0.0001,8.0,45.0,True,954.0,0.00081639871443057,0.0004780615034771737,3.994346189631445e-06,1.6231119954039788e-05,0.00387491707531911,0.002260738198862136,3.20847157927804e-05,9.697768837213516e-05
VariationalAutoencoder,0.0001,8.0,45.0,True,955.0,0.0008163550150683626,0.0004781468136291298,4.01817524499408e-06,1.642229211217952e-05,0.003877648767435326,0.002261140061624395,3.363134093442053e-05,9.810059981526069e-05
VariationalAutoencoder,0.0001,8.0,45.0,True,956.0,0.0008185833612220949,0.0004781808332612894,4.1028493488172316e-06,1.6522574968977437e-05,0.0038707158850423947,0.002260771562468331,3.314240244012209e-05,9.727963017967511e-05
VariationalAutoencoder,0.0001,8.0,45.0,True,957.0,0.0008194253772416848,0.00047810323476148744,4.043180063728374e-06,1.6415358654090335e-05,0.0038646740733452563,0.002259739727344153,3.0921016521049e-05,9.520058432277644e-05
VariationalAutoencoder,0.0001,8.0,45.0,True,958.0,0.0008195473980710834,0.0004781654099569809,4.098869576507984e-06,1.638994936271498e-05,0.0038534024226590524,0.002259631576778004,3.083297432218708e-05,9.420665227017312e-05
VariationalAutoencoder,0.0001,8.0,45.0,True,959.0,0.0008191464724887735,0.000478204048547462,4.193990621866403e-06,1.649261324232158e-05,0.00388568677242447,0.002259524738263784,3.067231239200388e-05,9.459776674988884e-05
VariationalAutoencoder,0.0001,8.0,45.0,True,960.0,0.0008220780249233194,0.0004780364807725274,3.972702667197448e-06,1.620296313555414e-05,0.0038875738779703775,0.0022602853535106347,3.246268339501987e-05,9.597875412155247e-05
VariationalAutoencoder,0.0001,8.0,45.0,True,961.0,0.0008196295753643519,0.0004782821691903785,4.213803819307902e-06,1.6558493645686024e-05,0.003894322698221267,0.002259773278386338,3.115685492660265e-05,9.508133988897755e-05
VariationalAutoencoder,0.0001,8.0,45.0,True,962.0,0.0008148484313584402,0.00047808038095900954,4.044672125332921e-06,1.6324744230974718e-05,0.003873165673429861,0.002259023721862889,3.0343968468079777e-05,9.37368908205872e-05
VariationalAutoencoder,0.0001,8.0,45.0,True,963.0,0.0008204090948696085,0.0004778738532747541,3.64082392224806e-06,1.5791756605523616e-05,0.003859116221373936,0.0022597710291544595,3.0784199963200765e-05,9.522168258638501e-05
VariationalAutoencoder,0.0001,8.0,45.0,True,964.0,0.0008166697468719071,0.00047816002786641495,4.114216316561654e-06,1.6382757343371925e-05,0.0038230835266833034,0.002260446923333894,3.1249574239149035e-05,9.643804844257966e-05
VariationalAutoencoder,0.0001,8.0,45.0,True,965.0,0.0008195793692956395,0.00047829112595303684,4.350782605515658e-06,1.661840454748056e-05,0.0038656067548307983,0.002262226440621622,3.508909212999374e-05,9.902576043170953e-05
VariationalAutoencoder,0.0001,8.0,45.0,True,966.0,0.000826036351710317,0.0004787800125677309,5.263904225071164e-06,1.788528565809412e-05,0.0038578645238336526,0.002261901426615205,3.4070468314413755e-05,9.887326953920928e-05
VariationalAutoencoder,0.0001,8.0,45.0,True,967.0,0.0008195270746544686,0.0004783138592609498,4.327577360556775e-06,1.6814509451871292e-05,0.0038652037674526,0.0022587592496811967,2.915575901198687e-05,9.329857761567494e-05
VariationalAutoencoder,0.0001,8.0,45.0,True,968.0,0.0008157336647619777,0.0004780498958340874,3.828805170933191e-06,1.622914560038767e-05,0.003831595744726793,0.0022605631336476066,3.136219691086865e-05,9.630117916835929e-05
VariationalAutoencoder,0.0001,8.0,45.0,True,969.0,0.0008160866335074536,0.0004783359097663283,4.302203213429515e-06,1.6755142030770565e-05,0.003888186418785239,0.0022604043753641956,3.197591798672886e-05,9.662750522670506e-05
VariationalAutoencoder,0.0001,8.0,45.0,True,970.0,0.0008170624788238032,0.0004780778907380014,3.983206404347947e-06,1.6306726528065546e-05,0.003868713693798713,0.002258811544322368,3.0442425079128277e-05,9.376704458545589e-05
VariationalAutoencoder,0.0001,8.0,45.0,True,971.0,0.0008153963603099401,0.0004781456488483357,4.106105212373233e-06,1.6418549249757012e-05,0.0038806724848237427,0.002261527679251425,3.3742865348387066e-05,9.864505450680571e-05
VariationalAutoencoder,0.0001,8.0,45.0,True,972.0,0.0008194301970242811,0.0004781181359226813,4.255696704405337e-06,1.6519228734497755e-05,0.0038397443369499545,0.0022604489851297824,3.1801593730097296e-05,9.672845122199388e-05
VariationalAutoencoder,0.0001,8.0,45.0,True,973.0,0.0008205587491192265,0.00047827112385526177,4.341328802777108e-06,1.6674518615328718e-05,0.003890310818294309,0.0022609828028289027,3.359870071399887e-05,9.693505839919144e-05
VariationalAutoencoder,0.0001,8.0,45.0,True,974.0,0.0008212482190196405,0.00047840013336942523,4.6125269241410125e-06,1.7052719675787695e-05,0.0038545615268203446,0.0022614787584580714,3.400600497733872e-05,9.832138769656608e-05
VariationalAutoencoder,0.0001,8.0,45.0,True,975.0,0.0008183495214364599,0.0004782198333354652,4.276674996428895e-06,1.654382594271169e-05,0.0038709644251649486,0.00225851483315042,2.9927236760187447e-05,9.316801087661359e-05
VariationalAutoencoder,0.0001,8.0,45.0,True,976.0,0.0008191023714780165,0.00047803792670730633,3.933641718163323e-06,1.61982738887364e-05,0.003868652214794039,0.0022592383360712782,3.109155691363527e-05,9.501232830046108e-05
VariationalAutoencoder,0.0001,8.0,45.0,True,977.0,0.0008205692723112286,0.00047833032685148745,4.36245363376372e-06,1.678661496009467e-05,0.003855256164598765,0.00225919597553757,2.9823496797174778e-05,9.504442085634987e-05
VariationalAutoencoder,0.0001,8.0,45.0,True,978.0,0.0008268851154255417,0.0004793724040136826,5.79112129049963e-06,1.922483503256204e-05,0.0038526860423058083,0.002261714740369305,3.365139072796084e-05,9.89492045446012e-05
VariationalAutoencoder,0.0001,8.0,45.0,True,979.0,0.000823611197767232,0.0004782140094314945,4.225960905058686e-06,1.6649238604580297e-05,0.0038736312644286727,0.0022596814347513065,3.154917309681574e-05,9.509188902078185e-05
VariationalAutoencoder,0.0001,8.0,45.0,True,980.0,0.0008191413313873373,0.0004783776008857871,4.492787960565315e-06,1.682013880732567e-05,0.0038917859395345054,0.0022623979445523437,3.5702370974065375e-05,0.00010041279847142082
VariationalAutoencoder,0.0001,8.0,45.0,True,981.0,0.0008178562166877191,0.00047815223588455074,4.137731270206907e-06,1.653559340259457e-05,0.00386722095357547,0.0022595451687866786,3.062587219682879e-05,9.495183333473385e-05
VariationalAutoencoder,0.0001,8.0,45.0,True,982.0,0.0008174917607937219,0.00047823083850572694,4.3371146308845585e-06,1.6792063573701683e-05,0.003863007392523424,0.002260274294787233,3.1316155017172014e-05,9.573390414504886e-05
VariationalAutoencoder,0.0001,8.0,45.0,True,983.0,0.000820440503786195,0.0004784523075160312,4.688023358603533e-06,1.712800116551854e-05,0.003855747996636157,0.0022598990479355337,3.058386017691414e-05,9.624561611211525e-05
VariationalAutoencoder,0.0001,8.0,45.0,True,984.0,0.0008226298097008965,0.00047800153734870354,3.977348611280925e-06,1.627315624022098e-05,0.003850259121109105,0.002260215439886417,3.202495592757591e-05,9.622553117432685e-05
VariationalAutoencoder,0.0001,8.0,45.0,True,985.0,0.0008206848667638321,0.0004781100226219774,4.0781269392194454e-06,1.642918038480687e-05,0.0038503599616716492,0.002258177635804662,2.8576195216591253e-05,9.204898873027766e-05
VariationalAutoencoder,0.0001,8.0,45.0,True,986.0,0.0008224609566506028,0.00047812512460744603,4.236630322235935e-06,1.6401727706434914e-05,0.0038922863936274306,0.002261328434794204,3.3992937174420685e-05,9.912432833287701e-05
VariationalAutoencoder,0.0001,8.0,45.0,True,987.0,0.0008167752197810582,0.000477995592950168,3.893120400105525e-06,1.620554372748596e-05,0.0038726933347354147,0.002260032127488334,3.2052661309827046e-05,9.61684452006652e-05
VariationalAutoencoder,0.0001,8.0,45.0,True,988.0,0.0008194137294337435,0.0004783327367427857,4.390528239811848e-06,1.6864990398809916e-05,0.0038757586629135803,0.002258547634448645,2.9556769526229715e-05,9.37428243411412e-05
VariationalAutoencoder,0.0001,8.0,45.0,True,989.0,0.0008206929800645361,0.0004781529990167952,4.169175644829427e-06,1.6416184543920655e-05,0.0038675508409176233,0.002259160925007466,2.9966179515768147e-05,9.445837880455472e-05
VariationalAutoencoder,0.0001,8.0,45.0,True,990.0,0.0008220887891044514,0.00047821212168331094,4.215550049135306e-06,1.6539293589858674e-05,0.003855404239030754,0.0022579590854404858,2.834578366868151e-05,9.203681710568614e-05
VariationalAutoencoder,0.0001,8.0,45.0,True,991.0,0.0008240728526102565,0.00047795305836875485,3.7142863833518685e-06,1.602566165904793e-05,0.0038874711630479345,0.0022592460209468626,3.098668061993407e-05,9.506051106460439e-05
VariationalAutoencoder,0.0001,8.0,45.0,True,992.0,0.0008251146486184667,0.0004780526270442253,4.028970177343111e-06,1.613728230131283e-05,0.003920231600227596,0.0022603522681590147,3.2810959964990616e-05,9.56417090675366e-05
VariationalAutoencoder,0.0001,8.0,45.0,True,993.0,0.0008215747592905461,0.0004781693862776229,4.2393734563152105e-06,1.647391775748479e-05,0.003870823473300574,0.0022600038246538656,3.1311618480479944e-05,9.597110439021633e-05
VariationalAutoencoder,0.0001,8.0,45.0,True,994.0,0.0008209064964335562,0.0004782915677664415,4.367312953639223e-06,1.6951367429726206e-05,0.003896946427207323,0.0022619062999509414,3.477388336879652e-05,9.970648108788257e-05
VariationalAutoencoder,0.0001,8.0,45.0,True,995.0,0.0008212359285740197,0.0004778289891317527,3.7104675842504296e-06,1.586936012593241e-05,0.003910355972793867,0.0022583365815240634,2.9969647081580552e-05,9.269126157903072e-05
VariationalAutoencoder,0.0001,8.0,45.0,True,996.0,0.0008180629853611044,0.0004782825306740733,4.323602922642328e-06,1.67417194383003e-05,0.003878793251589409,0.00225805992600303,2.8691064191501846e-05,9.186045155397751e-05
VariationalAutoencoder,0.0001,8.0,45.0,True,997.0,0.0008214605304430115,0.00047823445334267423,3.9651237473373785e-06,1.664307204419069e-05,0.0038785274673557883,0.0022594268966770773,3.0043614009078943e-05,9.545644030630963e-05
VariationalAutoencoder,0.0001,8.0,45.0,True,998.0,0.0008248411259561215,0.0004782532504948002,4.090939214166927e-06,1.6740923672111208e-05,0.003873390221745713,0.0022601558352416417,3.1521107486021594e-05,9.621489418190231e-05
VariationalAutoencoder,0.0001,8.0,45.0,True,999.0,0.000824172300791162,0.0004782264203716802,4.412743483853308e-06,1.657399100394583e-05,0.003903235654411076,0.002259446390020023,3.1398711784643195e-05,9.514524970414504e-05
