Model Name,learningRate,downScaleFactor,numEpochs,batchSize,Epoch,D Loss,G Loss,Img ID,Noise
GenerativeAdversarialNetwork,0.0001,32,100,45,0,0.2118285745382309,0.0193338152021169,images\epochs\GenerativeAdversarialNetwork\gSnrFnyzhV,False
GenerativeAdversarialNetwork,0.0001,32,100,45,1,0.1939371973276138,0.0153617803007364,images\epochs\GenerativeAdversarialNetwork\gSnrFnyzhV,False
GenerativeAdversarialNetwork,0.0001,32,100,45,2,0.3352319598197937,0.0095625277608633,images\epochs\GenerativeAdversarialNetwork\gSnrFnyzhV,False
GenerativeAdversarialNetwork,0.0001,32,100,45,3,0.2036424428224563,0.0133204329758882,images\epochs\GenerativeAdversarialNetwork\gSnrFnyzhV,False
GenerativeAdversarialNetwork,0.0001,32,100,45,4,0.3125664591789245,0.0092092314735054,images\epochs\GenerativeAdversarialNetwork\gSnrFnyzhV,False
GenerativeAdversarialNetwork,0.0001,32,100,45,5,0.3903006613254547,0.0089807622134685,images\epochs\GenerativeAdversarialNetwork\gSnrFnyzhV,False
GenerativeAdversarialNetwork,0.0001,32,100,45,6,0.2827547788619995,0.0077792550437152,images\epochs\GenerativeAdversarialNetwork\gSnrFnyzhV,False
GenerativeAdversarialNetwork,0.0001,32,100,45,7,0.4031663239002228,0.0071880524046719,images\epochs\GenerativeAdversarialNetwork\gSnrFnyzhV,False
GenerativeAdversarialNetwork,0.0001,32,100,45,8,0.4629325568675995,0.0078569166362285,images\epochs\GenerativeAdversarialNetwork\gSnrFnyzhV,False
GenerativeAdversarialNetwork,0.0001,32,100,45,9,0.377800852060318,0.0068474696017801,images\epochs\GenerativeAdversarialNetwork\gSnrFnyzhV,False
GenerativeAdversarialNetwork,0.0001,32,100,45,10,0.4188245236873626,0.0076624825596809,images\epochs\GenerativeAdversarialNetwork\gSnrFnyzhV,False
GenerativeAdversarialNetwork,0.0001,32,100,45,11,0.4231771826744079,0.0063524977304041,images\epochs\GenerativeAdversarialNetwork\gSnrFnyzhV,False
GenerativeAdversarialNetwork,0.0001,32,100,45,12,0.3744086027145386,0.0060948519967496,images\epochs\GenerativeAdversarialNetwork\gSnrFnyzhV,False
GenerativeAdversarialNetwork,0.0001,32,100,45,13,0.406933844089508,0.0056459116749465,images\epochs\GenerativeAdversarialNetwork\gSnrFnyzhV,False
GenerativeAdversarialNetwork,0.0001,32,100,45,14,0.4117210507392883,0.0049300948157906,images\epochs\GenerativeAdversarialNetwork\gSnrFnyzhV,False
GenerativeAdversarialNetwork,0.0001,32,100,45,15,0.4856751561164856,0.00404969509691,images\epochs\GenerativeAdversarialNetwork\gSnrFnyzhV,False
GenerativeAdversarialNetwork,0.0001,32,100,45,16,0.5323185324668884,0.0049275290220975,images\epochs\GenerativeAdversarialNetwork\gSnrFnyzhV,False
GenerativeAdversarialNetwork,0.0001,32,100,45,17,0.4582506418228149,0.0054225209169089,images\epochs\GenerativeAdversarialNetwork\gSnrFnyzhV,False
GenerativeAdversarialNetwork,0.0001,32,100,45,18,0.5191116333007812,0.003362129908055,images\epochs\GenerativeAdversarialNetwork\gSnrFnyzhV,False
GenerativeAdversarialNetwork,0.0001,32,100,45,19,0.4418942928314209,0.005877764429897,images\epochs\GenerativeAdversarialNetwork\gSnrFnyzhV,False
GenerativeAdversarialNetwork,0.0001,32,100,45,20,0.4804757833480835,0.0051703439094126,images\epochs\GenerativeAdversarialNetwork\gSnrFnyzhV,False
GenerativeAdversarialNetwork,0.0001,32,100,45,21,0.4334858059883117,0.0046549835242331,images\epochs\GenerativeAdversarialNetwork\gSnrFnyzhV,False
GenerativeAdversarialNetwork,0.0001,32,100,45,22,0.5223962068557739,0.0031877027358859,images\epochs\GenerativeAdversarialNetwork\gSnrFnyzhV,False
GenerativeAdversarialNetwork,0.0001,32,100,45,23,0.5150203108787537,0.0030142113100737,images\epochs\GenerativeAdversarialNetwork\gSnrFnyzhV,False
GenerativeAdversarialNetwork,0.0001,32,100,45,24,0.4543573260307312,0.0038662527222186,images\epochs\GenerativeAdversarialNetwork\gSnrFnyzhV,False
GenerativeAdversarialNetwork,0.0001,32,100,45,25,0.5515856146812439,0.0033936072140932,images\epochs\GenerativeAdversarialNetwork\gSnrFnyzhV,False
GenerativeAdversarialNetwork,0.0001,32,100,45,26,0.5471169352531433,0.0040055327117443,images\epochs\GenerativeAdversarialNetwork\gSnrFnyzhV,False
GenerativeAdversarialNetwork,0.0001,32,100,45,27,0.5580020546913147,0.0018239750061184,images\epochs\GenerativeAdversarialNetwork\gSnrFnyzhV,False
GenerativeAdversarialNetwork,0.0001,32,100,45,28,0.5029618740081787,0.0030730527359992,images\epochs\GenerativeAdversarialNetwork\gSnrFnyzhV,False
GenerativeAdversarialNetwork,0.0001,32,100,45,29,0.421570211648941,0.0062954891473054,images\epochs\GenerativeAdversarialNetwork\gSnrFnyzhV,False
GenerativeAdversarialNetwork,0.0001,32,100,45,30,0.6004393100738525,0.0030140334274619,images\epochs\GenerativeAdversarialNetwork\gSnrFnyzhV,False
GenerativeAdversarialNetwork,0.0001,32,100,45,31,0.6327836513519287,0.0041412771679461,images\epochs\GenerativeAdversarialNetwork\gSnrFnyzhV,False
GenerativeAdversarialNetwork,0.0001,32,100,45,32,0.539284884929657,0.0034088918473571,images\epochs\GenerativeAdversarialNetwork\gSnrFnyzhV,False
GenerativeAdversarialNetwork,0.0001,32,100,45,33,0.5677453875541687,0.0022700475528836,images\epochs\GenerativeAdversarialNetwork\gSnrFnyzhV,False
GenerativeAdversarialNetwork,0.0001,32,100,45,34,0.5280358791351318,0.0032277144491672,images\epochs\GenerativeAdversarialNetwork\gSnrFnyzhV,False
GenerativeAdversarialNetwork,0.0001,32,100,45,35,0.5777769684791565,0.0026608004700392,images\epochs\GenerativeAdversarialNetwork\gSnrFnyzhV,False
GenerativeAdversarialNetwork,0.0001,32,100,45,36,0.526825487613678,0.0023322736378759,images\epochs\GenerativeAdversarialNetwork\gSnrFnyzhV,False
GenerativeAdversarialNetwork,0.0001,32,100,45,37,0.5955770611763,0.0033646838273853,images\epochs\GenerativeAdversarialNetwork\gSnrFnyzhV,False
GenerativeAdversarialNetwork,0.0001,32,100,45,38,0.6981419920921326,0.0024952199310064,images\epochs\GenerativeAdversarialNetwork\gSnrFnyzhV,False
GenerativeAdversarialNetwork,0.0001,32,100,45,39,0.5153704285621643,0.0023753608111292,images\epochs\GenerativeAdversarialNetwork\gSnrFnyzhV,False
GenerativeAdversarialNetwork,0.0001,32,100,45,40,0.4906961321830749,0.0026038899086415,images\epochs\GenerativeAdversarialNetwork\gSnrFnyzhV,False
GenerativeAdversarialNetwork,0.0001,32,100,45,41,0.5045625567436218,0.0035014173481613,images\epochs\GenerativeAdversarialNetwork\gSnrFnyzhV,False
GenerativeAdversarialNetwork,0.0001,32,100,45,42,0.5678051114082336,0.0037680023815482,images\epochs\GenerativeAdversarialNetwork\gSnrFnyzhV,False
GenerativeAdversarialNetwork,0.0001,32,100,45,43,0.5355246663093567,0.0026037083007395,images\epochs\GenerativeAdversarialNetwork\gSnrFnyzhV,False
GenerativeAdversarialNetwork,0.0001,32,100,45,44,0.5417186617851257,0.00308359391056,images\epochs\GenerativeAdversarialNetwork\gSnrFnyzhV,False
GenerativeAdversarialNetwork,0.0001,32,100,45,45,0.4684058129787445,0.0037508241366595,images\epochs\GenerativeAdversarialNetwork\gSnrFnyzhV,False
GenerativeAdversarialNetwork,0.0001,32,100,45,46,0.6369072198867798,0.003534872084856,images\epochs\GenerativeAdversarialNetwork\gSnrFnyzhV,False
GenerativeAdversarialNetwork,0.0001,32,100,45,47,0.5275599956512451,0.0038909651339054,images\epochs\GenerativeAdversarialNetwork\gSnrFnyzhV,False
GenerativeAdversarialNetwork,0.0001,32,100,45,48,0.6029497981071472,0.0020885956473648,images\epochs\GenerativeAdversarialNetwork\gSnrFnyzhV,False
GenerativeAdversarialNetwork,0.0001,32,100,45,49,0.5630941390991211,0.0028980514034628,images\epochs\GenerativeAdversarialNetwork\gSnrFnyzhV,False
GenerativeAdversarialNetwork,0.0001,32,100,45,50,0.6266623139381409,0.00274917203933,images\epochs\GenerativeAdversarialNetwork\gSnrFnyzhV,False
GenerativeAdversarialNetwork,0.0001,32,100,45,51,0.5267366170883179,0.0035908948630094,images\epochs\GenerativeAdversarialNetwork\gSnrFnyzhV,False
GenerativeAdversarialNetwork,0.0001,32,100,45,52,0.562239408493042,0.0034575469326227,images\epochs\GenerativeAdversarialNetwork\gSnrFnyzhV,False
GenerativeAdversarialNetwork,0.0001,32,100,45,53,0.5729379653930664,0.0034952983260154,images\epochs\GenerativeAdversarialNetwork\gSnrFnyzhV,False
GenerativeAdversarialNetwork,0.0001,32,100,45,54,0.5846372842788696,0.002394477603957,images\epochs\GenerativeAdversarialNetwork\gSnrFnyzhV,False
GenerativeAdversarialNetwork,0.0001,32,100,45,55,0.5507856607437134,0.0049575217999517,images\epochs\GenerativeAdversarialNetwork\gSnrFnyzhV,False
GenerativeAdversarialNetwork,0.0001,32,100,45,56,0.5216988921165466,0.0037466995418071,images\epochs\GenerativeAdversarialNetwork\gSnrFnyzhV,False
GenerativeAdversarialNetwork,0.0001,32,100,45,57,0.5835345387458801,0.0023960983380675,images\epochs\GenerativeAdversarialNetwork\gSnrFnyzhV,False
GenerativeAdversarialNetwork,0.0001,32,100,45,58,0.5090799927711487,0.0046213283203542,images\epochs\GenerativeAdversarialNetwork\gSnrFnyzhV,False
GenerativeAdversarialNetwork,0.0001,32,100,45,59,0.5583253502845764,0.0027089871000498,images\epochs\GenerativeAdversarialNetwork\gSnrFnyzhV,False
GenerativeAdversarialNetwork,0.0001,32,100,45,60,0.5985122919082642,0.0034875164274126,images\epochs\GenerativeAdversarialNetwork\gSnrFnyzhV,False
GenerativeAdversarialNetwork,0.0001,32,100,45,61,0.5845649242401123,0.0023537650704383,images\epochs\GenerativeAdversarialNetwork\gSnrFnyzhV,False
GenerativeAdversarialNetwork,0.0001,32,100,45,62,0.654417872428894,0.0023695470299571,images\epochs\GenerativeAdversarialNetwork\gSnrFnyzhV,False
GenerativeAdversarialNetwork,0.0001,32,100,45,63,0.6671164631843567,0.0024794095661491,images\epochs\GenerativeAdversarialNetwork\gSnrFnyzhV,False
GenerativeAdversarialNetwork,0.0001,32,100,45,64,0.6314938068389893,0.0022598775103688,images\epochs\GenerativeAdversarialNetwork\gSnrFnyzhV,False
GenerativeAdversarialNetwork,0.0001,32,100,45,65,0.6121066808700562,0.0023575655650347,images\epochs\GenerativeAdversarialNetwork\gSnrFnyzhV,False
GenerativeAdversarialNetwork,0.0001,32,100,45,66,0.6821557283401489,0.0035452349111437,images\epochs\GenerativeAdversarialNetwork\gSnrFnyzhV,False
GenerativeAdversarialNetwork,0.0001,32,100,45,67,0.6952067613601685,0.0015361401019617,images\epochs\GenerativeAdversarialNetwork\gSnrFnyzhV,False
GenerativeAdversarialNetwork,0.0001,32,100,45,68,0.6386311650276184,0.00323928729631,images\epochs\GenerativeAdversarialNetwork\gSnrFnyzhV,False
GenerativeAdversarialNetwork,0.0001,32,100,45,69,0.6626054048538208,0.0023737007286399,images\epochs\GenerativeAdversarialNetwork\gSnrFnyzhV,False
GenerativeAdversarialNetwork,0.0001,32,100,45,70,0.66441810131073,0.0035027482081204,images\epochs\GenerativeAdversarialNetwork\gSnrFnyzhV,False
GenerativeAdversarialNetwork,0.0001,32,100,45,71,0.6308197975158691,0.0030931837391108,images\epochs\GenerativeAdversarialNetwork\gSnrFnyzhV,False
GenerativeAdversarialNetwork,0.0001,32,100,45,72,0.6283294558525085,0.0030563073232769,images\epochs\GenerativeAdversarialNetwork\gSnrFnyzhV,False
GenerativeAdversarialNetwork,0.0001,32,100,45,73,0.647441029548645,0.0024503986351191,images\epochs\GenerativeAdversarialNetwork\gSnrFnyzhV,False
GenerativeAdversarialNetwork,0.0001,32,100,45,74,0.6305822134017944,0.0024968397337943,images\epochs\GenerativeAdversarialNetwork\gSnrFnyzhV,False
GenerativeAdversarialNetwork,0.0001,32,100,45,75,0.6390316486358643,0.0035903223324567,images\epochs\GenerativeAdversarialNetwork\gSnrFnyzhV,False
GenerativeAdversarialNetwork,0.0001,32,100,45,76,0.6625467538833618,0.0019569171126931,images\epochs\GenerativeAdversarialNetwork\gSnrFnyzhV,False
GenerativeAdversarialNetwork,0.0001,32,100,45,77,0.6463865637779236,0.0027521622832864,images\epochs\GenerativeAdversarialNetwork\gSnrFnyzhV,False
GenerativeAdversarialNetwork,0.0001,32,100,45,78,0.6607476472854614,0.0030863399151712,images\epochs\GenerativeAdversarialNetwork\gSnrFnyzhV,False
GenerativeAdversarialNetwork,0.0001,32,100,45,79,0.602036714553833,0.0041038324125111,images\epochs\GenerativeAdversarialNetwork\gSnrFnyzhV,False
GenerativeAdversarialNetwork,0.0001,32,100,45,80,0.6450409293174744,0.0026789491530507,images\epochs\GenerativeAdversarialNetwork\gSnrFnyzhV,False
GenerativeAdversarialNetwork,0.0001,32,100,45,81,0.627695620059967,0.0042886836454272,images\epochs\GenerativeAdversarialNetwork\gSnrFnyzhV,False
GenerativeAdversarialNetwork,0.0001,32,100,45,82,0.6695809364318848,0.0025440221652388,images\epochs\GenerativeAdversarialNetwork\gSnrFnyzhV,False
GenerativeAdversarialNetwork,0.0001,32,100,45,83,0.645729660987854,0.0021510438527911,images\epochs\GenerativeAdversarialNetwork\gSnrFnyzhV,False
GenerativeAdversarialNetwork,0.0001,32,100,45,84,0.6148907542228699,0.0028389682993292,images\epochs\GenerativeAdversarialNetwork\gSnrFnyzhV,False
GenerativeAdversarialNetwork,0.0001,32,100,45,85,0.6732047200202942,0.0027821094263345,images\epochs\GenerativeAdversarialNetwork\gSnrFnyzhV,False
GenerativeAdversarialNetwork,0.0001,32,100,45,86,0.6747559309005737,0.0022695886436849,images\epochs\GenerativeAdversarialNetwork\gSnrFnyzhV,False
GenerativeAdversarialNetwork,0.0001,32,100,45,87,0.6568769812583923,0.0023529205936938,images\epochs\GenerativeAdversarialNetwork\gSnrFnyzhV,False
GenerativeAdversarialNetwork,0.0001,32,100,45,88,0.7065437436103821,0.001188647118397,images\epochs\GenerativeAdversarialNetwork\gSnrFnyzhV,False
GenerativeAdversarialNetwork,0.0001,32,100,45,89,0.6562527418136597,0.0017046307912096,images\epochs\GenerativeAdversarialNetwork\gSnrFnyzhV,False
GenerativeAdversarialNetwork,0.0001,32,100,45,90,0.5992832779884338,0.002760297851637,images\epochs\GenerativeAdversarialNetwork\gSnrFnyzhV,False
GenerativeAdversarialNetwork,0.0001,32,100,45,91,0.6567330956459045,0.0023996864911168,images\epochs\GenerativeAdversarialNetwork\gSnrFnyzhV,False
GenerativeAdversarialNetwork,0.0001,32,100,45,92,0.7038419246673584,0.0016426511574536,images\epochs\GenerativeAdversarialNetwork\gSnrFnyzhV,False
GenerativeAdversarialNetwork,0.0001,32,100,45,93,0.5921600461006165,0.003299162723124,images\epochs\GenerativeAdversarialNetwork\gSnrFnyzhV,False
GenerativeAdversarialNetwork,0.0001,32,100,45,94,0.6461520791053772,0.0015702456003054,images\epochs\GenerativeAdversarialNetwork\gSnrFnyzhV,False
GenerativeAdversarialNetwork,0.0001,32,100,45,95,0.6318198442459106,0.0029379928018897,images\epochs\GenerativeAdversarialNetwork\gSnrFnyzhV,False
GenerativeAdversarialNetwork,0.0001,32,100,45,96,0.6533433198928833,0.0019673148635774,images\epochs\GenerativeAdversarialNetwork\gSnrFnyzhV,False
GenerativeAdversarialNetwork,0.0001,32,100,45,97,0.6134729385375977,0.0020040967501699,images\epochs\GenerativeAdversarialNetwork\gSnrFnyzhV,False
GenerativeAdversarialNetwork,0.0001,32,100,45,98,0.6494068503379822,0.0013283487642183,images\epochs\GenerativeAdversarialNetwork\gSnrFnyzhV,False
GenerativeAdversarialNetwork,0.0001,32,100,45,99,0.6378489136695862,0.0030321581289172,images\epochs\GenerativeAdversarialNetwork\gSnrFnyzhV,False
GenerativeAdversarialNetwork,0.0001,20,100,45,0,0.2829601764678955,0.0179506838321685,images\epochs\GenerativeAdversarialNetwork\rgDMaPWiMn,False
GenerativeAdversarialNetwork,0.0001,20,100,45,1,0.3152336776256561,0.0165867209434509,images\epochs\GenerativeAdversarialNetwork\rgDMaPWiMn,False
GenerativeAdversarialNetwork,0.0001,20,100,45,2,0.4625419676303863,0.0137327099218964,images\epochs\GenerativeAdversarialNetwork\rgDMaPWiMn,False
GenerativeAdversarialNetwork,0.0001,20,100,45,3,0.4815262854099273,0.0085401535034179,images\epochs\GenerativeAdversarialNetwork\rgDMaPWiMn,False
GenerativeAdversarialNetwork,0.0001,20,100,45,4,0.518372118473053,0.0112893572077155,images\epochs\GenerativeAdversarialNetwork\rgDMaPWiMn,False
GenerativeAdversarialNetwork,0.0001,20,100,45,5,0.5833908915519714,0.0087923044338822,images\epochs\GenerativeAdversarialNetwork\rgDMaPWiMn,False
GenerativeAdversarialNetwork,0.0001,20,100,45,6,0.6850028038024902,0.0064772642217576,images\epochs\GenerativeAdversarialNetwork\rgDMaPWiMn,False
GenerativeAdversarialNetwork,0.0001,20,100,45,7,0.6567659378051758,0.0078513445332646,images\epochs\GenerativeAdversarialNetwork\rgDMaPWiMn,False
GenerativeAdversarialNetwork,0.0001,20,100,45,8,0.6659959554672241,0.0070544718764722,images\epochs\GenerativeAdversarialNetwork\rgDMaPWiMn,False
GenerativeAdversarialNetwork,0.0001,20,100,45,9,0.688289999961853,0.0067800995893776,images\epochs\GenerativeAdversarialNetwork\rgDMaPWiMn,False
GenerativeAdversarialNetwork,0.0001,20,100,45,10,0.6963935494422913,0.0055761970579624,images\epochs\GenerativeAdversarialNetwork\rgDMaPWiMn,False
GenerativeAdversarialNetwork,0.0001,20,100,45,11,0.6926074028015137,0.0057412260212004,images\epochs\GenerativeAdversarialNetwork\rgDMaPWiMn,False
GenerativeAdversarialNetwork,0.0001,20,100,45,12,0.6934298276901245,0.0061943004839122,images\epochs\GenerativeAdversarialNetwork\rgDMaPWiMn,False
GenerativeAdversarialNetwork,0.0001,20,100,45,13,0.6976161599159241,0.0060242675244808,images\epochs\GenerativeAdversarialNetwork\rgDMaPWiMn,False
GenerativeAdversarialNetwork,0.0001,20,100,45,14,0.6936230659484863,0.0056222514249384,images\epochs\GenerativeAdversarialNetwork\rgDMaPWiMn,False
GenerativeAdversarialNetwork,0.0001,20,100,45,15,0.6930986642837524,0.0047820000909268,images\epochs\GenerativeAdversarialNetwork\rgDMaPWiMn,False
GenerativeAdversarialNetwork,0.0001,20,100,45,16,0.693500816822052,0.0056195356883108,images\epochs\GenerativeAdversarialNetwork\rgDMaPWiMn,False
GenerativeAdversarialNetwork,0.0001,20,100,45,17,0.6966306567192078,0.0052316798828542,images\epochs\GenerativeAdversarialNetwork\rgDMaPWiMn,False
GenerativeAdversarialNetwork,0.0001,20,100,45,18,0.6913516521453857,0.0047639464028179,images\epochs\GenerativeAdversarialNetwork\rgDMaPWiMn,False
GenerativeAdversarialNetwork,0.0001,20,100,45,19,0.6913670301437378,0.0033138198778033,images\epochs\GenerativeAdversarialNetwork\rgDMaPWiMn,False
GenerativeAdversarialNetwork,0.0001,20,100,45,20,0.6947383880615234,0.0040469202212989,images\epochs\GenerativeAdversarialNetwork\rgDMaPWiMn,False
GenerativeAdversarialNetwork,0.0001,20,100,45,21,0.6915342211723328,0.005136773455888,images\epochs\GenerativeAdversarialNetwork\rgDMaPWiMn,False
GenerativeAdversarialNetwork,0.0001,20,100,45,22,0.6905291676521301,0.0041201962158083,images\epochs\GenerativeAdversarialNetwork\rgDMaPWiMn,False
GenerativeAdversarialNetwork,0.0001,20,100,45,23,0.693505585193634,0.0039257109165191,images\epochs\GenerativeAdversarialNetwork\rgDMaPWiMn,False
GenerativeAdversarialNetwork,0.0001,20,100,45,24,0.6937978267669678,0.0043884301558136,images\epochs\GenerativeAdversarialNetwork\rgDMaPWiMn,False
GenerativeAdversarialNetwork,0.0001,20,100,45,25,0.6921387314796448,0.0057382392697036,images\epochs\GenerativeAdversarialNetwork\rgDMaPWiMn,False
GenerativeAdversarialNetwork,0.0001,20,100,45,26,0.6911990642547607,0.0038370066322386,images\epochs\GenerativeAdversarialNetwork\rgDMaPWiMn,False
GenerativeAdversarialNetwork,0.0001,20,100,45,27,0.6930298209190369,0.0030708292033523,images\epochs\GenerativeAdversarialNetwork\rgDMaPWiMn,False
GenerativeAdversarialNetwork,0.0001,20,100,45,28,0.692589521408081,0.0047729387879371,images\epochs\GenerativeAdversarialNetwork\rgDMaPWiMn,False
GenerativeAdversarialNetwork,0.0001,20,100,45,29,0.6935292482376099,0.0026509722229093,images\epochs\GenerativeAdversarialNetwork\rgDMaPWiMn,False
GenerativeAdversarialNetwork,0.0001,20,100,45,30,0.6923164129257202,0.002797896740958,images\epochs\GenerativeAdversarialNetwork\rgDMaPWiMn,False
GenerativeAdversarialNetwork,0.0001,20,100,45,31,0.6938747763633728,0.0041060568764805,images\epochs\GenerativeAdversarialNetwork\rgDMaPWiMn,False
GenerativeAdversarialNetwork,0.0001,20,100,45,32,0.6926731467247009,0.0042520239949226,images\epochs\GenerativeAdversarialNetwork\rgDMaPWiMn,False
GenerativeAdversarialNetwork,0.0001,20,100,45,33,0.6926447749137878,0.0032938607037067,images\epochs\GenerativeAdversarialNetwork\rgDMaPWiMn,False
GenerativeAdversarialNetwork,0.0001,20,100,45,34,0.6933501362800598,0.0027163792401552,images\epochs\GenerativeAdversarialNetwork\rgDMaPWiMn,False
GenerativeAdversarialNetwork,0.0001,20,100,45,35,0.6928378939628601,0.0043058800511062,images\epochs\GenerativeAdversarialNetwork\rgDMaPWiMn,False
GenerativeAdversarialNetwork,0.0001,20,100,45,36,0.6943238973617554,0.0022393574472516,images\epochs\GenerativeAdversarialNetwork\rgDMaPWiMn,False
GenerativeAdversarialNetwork,0.0001,20,100,45,37,0.6935783624649048,0.0027706848923116,images\epochs\GenerativeAdversarialNetwork\rgDMaPWiMn,False
GenerativeAdversarialNetwork,0.0001,20,100,45,38,0.6921705603599548,0.0028818969149142,images\epochs\GenerativeAdversarialNetwork\rgDMaPWiMn,False
GenerativeAdversarialNetwork,0.0001,20,100,45,39,0.6936385631561279,0.0030010940972715,images\epochs\GenerativeAdversarialNetwork\rgDMaPWiMn,False
GenerativeAdversarialNetwork,0.0001,20,100,45,40,0.6923989653587341,0.003722155932337,images\epochs\GenerativeAdversarialNetwork\rgDMaPWiMn,False
GenerativeAdversarialNetwork,0.0001,20,100,45,41,0.6928732395172119,0.0034231485333293,images\epochs\GenerativeAdversarialNetwork\rgDMaPWiMn,False
GenerativeAdversarialNetwork,0.0001,20,100,45,42,0.6927438974380493,0.0033710822463035,images\epochs\GenerativeAdversarialNetwork\rgDMaPWiMn,False
GenerativeAdversarialNetwork,0.0001,20,100,45,43,0.6915327310562134,0.0034240293316543,images\epochs\GenerativeAdversarialNetwork\rgDMaPWiMn,False
GenerativeAdversarialNetwork,0.0001,20,100,45,44,0.6937183737754822,0.0029071541503071,images\epochs\GenerativeAdversarialNetwork\rgDMaPWiMn,False
GenerativeAdversarialNetwork,0.0001,20,100,45,45,0.6933804154396057,0.0040365429595112,images\epochs\GenerativeAdversarialNetwork\rgDMaPWiMn,False
GenerativeAdversarialNetwork,0.0001,20,100,45,46,0.6924616098403931,0.0029507994186133,images\epochs\GenerativeAdversarialNetwork\rgDMaPWiMn,False
GenerativeAdversarialNetwork,0.0001,20,100,45,47,0.6930274963378906,0.0033100065775215,images\epochs\GenerativeAdversarialNetwork\rgDMaPWiMn,False
GenerativeAdversarialNetwork,0.0001,20,100,45,48,0.6934220194816589,0.0028586871922016,images\epochs\GenerativeAdversarialNetwork\rgDMaPWiMn,False
GenerativeAdversarialNetwork,0.0001,20,100,45,49,0.6932203769683838,0.0028441424947232,images\epochs\GenerativeAdversarialNetwork\rgDMaPWiMn,False
GenerativeAdversarialNetwork,0.0001,20,100,45,50,0.6921057105064392,0.0028168389108031,images\epochs\GenerativeAdversarialNetwork\rgDMaPWiMn,False
GenerativeAdversarialNetwork,0.0001,20,100,45,51,0.6925216913223267,0.0026545447763055,images\epochs\GenerativeAdversarialNetwork\rgDMaPWiMn,False
GenerativeAdversarialNetwork,0.0001,20,100,45,52,0.6921769380569458,0.0027429345063865,images\epochs\GenerativeAdversarialNetwork\rgDMaPWiMn,False
GenerativeAdversarialNetwork,0.0001,20,100,45,53,0.6939055919647217,0.001744445762597,images\epochs\GenerativeAdversarialNetwork\rgDMaPWiMn,False
GenerativeAdversarialNetwork,0.0001,20,100,45,54,0.6930946707725525,0.0019236382795497,images\epochs\GenerativeAdversarialNetwork\rgDMaPWiMn,False
GenerativeAdversarialNetwork,0.0001,20,100,45,55,0.6926677227020264,0.0021404463332146,images\epochs\GenerativeAdversarialNetwork\rgDMaPWiMn,False
GenerativeAdversarialNetwork,0.0001,20,100,45,56,0.6938749551773071,0.002485963050276,images\epochs\GenerativeAdversarialNetwork\rgDMaPWiMn,False
GenerativeAdversarialNetwork,0.0001,20,100,45,57,0.6928712129592896,0.0029576397500932,images\epochs\GenerativeAdversarialNetwork\rgDMaPWiMn,False
GenerativeAdversarialNetwork,0.0001,20,100,45,58,0.6932044625282288,0.0029506634455174,images\epochs\GenerativeAdversarialNetwork\rgDMaPWiMn,False
GenerativeAdversarialNetwork,0.0001,20,100,45,59,0.6931880116462708,0.0028900725301355,images\epochs\GenerativeAdversarialNetwork\rgDMaPWiMn,False
GenerativeAdversarialNetwork,0.0001,20,100,45,60,0.6932916045188904,0.0024180319160223,images\epochs\GenerativeAdversarialNetwork\rgDMaPWiMn,False
GenerativeAdversarialNetwork,0.0001,20,100,45,61,0.6928333044052124,0.0038805871736258,images\epochs\GenerativeAdversarialNetwork\rgDMaPWiMn,False
GenerativeAdversarialNetwork,0.0001,20,100,45,62,0.6927857398986816,0.0020665719639509,images\epochs\GenerativeAdversarialNetwork\rgDMaPWiMn,False
GenerativeAdversarialNetwork,0.0001,20,100,45,63,0.6922811269760132,0.0022922987118363,images\epochs\GenerativeAdversarialNetwork\rgDMaPWiMn,False
GenerativeAdversarialNetwork,0.0001,20,100,45,64,0.6934314370155334,0.0037144941743463,images\epochs\GenerativeAdversarialNetwork\rgDMaPWiMn,False
GenerativeAdversarialNetwork,0.0001,20,100,45,65,0.6931728720664978,0.0021467553451657,images\epochs\GenerativeAdversarialNetwork\rgDMaPWiMn,False
GenerativeAdversarialNetwork,0.0001,20,100,45,66,0.6935240030288696,0.0026592649519443,images\epochs\GenerativeAdversarialNetwork\rgDMaPWiMn,False
GenerativeAdversarialNetwork,0.0001,20,100,45,67,0.6931369304656982,0.0026000179350376,images\epochs\GenerativeAdversarialNetwork\rgDMaPWiMn,False
GenerativeAdversarialNetwork,0.0001,20,100,45,68,0.6933724880218506,0.0032545407302677,images\epochs\GenerativeAdversarialNetwork\rgDMaPWiMn,False
GenerativeAdversarialNetwork,0.0001,20,100,45,69,0.6925095915794373,0.0034496325533837,images\epochs\GenerativeAdversarialNetwork\rgDMaPWiMn,False
GenerativeAdversarialNetwork,0.0001,20,100,45,70,0.6928512454032898,0.002462682314217,images\epochs\GenerativeAdversarialNetwork\rgDMaPWiMn,False
GenerativeAdversarialNetwork,0.0001,20,100,45,71,0.692987322807312,0.0025005044881254,images\epochs\GenerativeAdversarialNetwork\rgDMaPWiMn,False
GenerativeAdversarialNetwork,0.0001,20,100,45,72,0.6929690837860107,0.0017894557677209,images\epochs\GenerativeAdversarialNetwork\rgDMaPWiMn,False
GenerativeAdversarialNetwork,0.0001,20,100,45,73,0.6931074857711792,0.001995681785047,images\epochs\GenerativeAdversarialNetwork\rgDMaPWiMn,False
GenerativeAdversarialNetwork,0.0001,20,100,45,74,0.6931192278862,0.0029126715380698,images\epochs\GenerativeAdversarialNetwork\rgDMaPWiMn,False
GenerativeAdversarialNetwork,0.0001,20,100,45,75,0.6934396028518677,0.0030225166119635,images\epochs\GenerativeAdversarialNetwork\rgDMaPWiMn,False
GenerativeAdversarialNetwork,0.0001,20,100,45,76,0.6937857270240784,0.0028118367772549,images\epochs\GenerativeAdversarialNetwork\rgDMaPWiMn,False
GenerativeAdversarialNetwork,0.0001,20,100,45,77,0.692846417427063,0.002299798419699,images\epochs\GenerativeAdversarialNetwork\rgDMaPWiMn,False
GenerativeAdversarialNetwork,0.0001,20,100,45,78,0.6928442120552063,0.0014336400199681,images\epochs\GenerativeAdversarialNetwork\rgDMaPWiMn,False
GenerativeAdversarialNetwork,0.0001,20,100,45,79,0.6926531791687012,0.0027693794108927,images\epochs\GenerativeAdversarialNetwork\rgDMaPWiMn,False
GenerativeAdversarialNetwork,0.0001,20,100,45,80,0.6931189894676208,0.0020137326791882,images\epochs\GenerativeAdversarialNetwork\rgDMaPWiMn,False
GenerativeAdversarialNetwork,0.0001,20,100,45,81,0.6934279799461365,0.0013790465891361,images\epochs\GenerativeAdversarialNetwork\rgDMaPWiMn,False
GenerativeAdversarialNetwork,0.0001,20,100,45,82,0.6928093433380127,0.0024152067489922,images\epochs\GenerativeAdversarialNetwork\rgDMaPWiMn,False
GenerativeAdversarialNetwork,0.0001,20,100,45,83,0.692975640296936,0.003238403936848,images\epochs\GenerativeAdversarialNetwork\rgDMaPWiMn,False
GenerativeAdversarialNetwork,0.0001,20,100,45,84,0.6931089162826538,0.0016744319582358,images\epochs\GenerativeAdversarialNetwork\rgDMaPWiMn,False
GenerativeAdversarialNetwork,0.0001,20,100,45,85,0.6931037902832031,0.0030208353418856,images\epochs\GenerativeAdversarialNetwork\rgDMaPWiMn,False
GenerativeAdversarialNetwork,0.0001,20,100,45,86,0.6934872269630432,0.0027109568472951,images\epochs\GenerativeAdversarialNetwork\rgDMaPWiMn,False
GenerativeAdversarialNetwork,0.0001,20,100,45,87,0.6931674480438232,0.0015292314346879,images\epochs\GenerativeAdversarialNetwork\rgDMaPWiMn,False
GenerativeAdversarialNetwork,0.0001,20,100,45,88,0.6929852366447449,0.0030923043377697,images\epochs\GenerativeAdversarialNetwork\rgDMaPWiMn,False
GenerativeAdversarialNetwork,0.0001,20,100,45,89,0.6933918595314026,0.0024496798869222,images\epochs\GenerativeAdversarialNetwork\rgDMaPWiMn,False
GenerativeAdversarialNetwork,0.0001,20,100,45,90,0.6927933692932129,0.0027761538513004,images\epochs\GenerativeAdversarialNetwork\rgDMaPWiMn,False
GenerativeAdversarialNetwork,0.0001,20,100,45,91,0.6936033368110657,0.0040571107529103,images\epochs\GenerativeAdversarialNetwork\rgDMaPWiMn,False
GenerativeAdversarialNetwork,0.0001,20,100,45,92,0.6929411888122559,0.0020479992963373,images\epochs\GenerativeAdversarialNetwork\rgDMaPWiMn,False
GenerativeAdversarialNetwork,0.0001,20,100,45,93,0.6930803060531616,0.0029699134174734,images\epochs\GenerativeAdversarialNetwork\rgDMaPWiMn,False
GenerativeAdversarialNetwork,0.0001,20,100,45,94,0.6928696036338806,0.002262081252411,images\epochs\GenerativeAdversarialNetwork\rgDMaPWiMn,False
GenerativeAdversarialNetwork,0.0001,20,100,45,95,0.6926998496055603,0.0020021959207952,images\epochs\GenerativeAdversarialNetwork\rgDMaPWiMn,False
GenerativeAdversarialNetwork,0.0001,20,100,45,96,0.6941419839859009,0.0028908154927194,images\epochs\GenerativeAdversarialNetwork\rgDMaPWiMn,False
GenerativeAdversarialNetwork,0.0001,20,100,45,97,0.6937339901924133,0.0036222771741449,images\epochs\GenerativeAdversarialNetwork\rgDMaPWiMn,False
GenerativeAdversarialNetwork,0.0001,20,100,45,98,0.693388044834137,0.0030197850428521,images\epochs\GenerativeAdversarialNetwork\rgDMaPWiMn,False
GenerativeAdversarialNetwork,0.0001,20,100,45,99,0.693614661693573,0.0019583611283451,images\epochs\GenerativeAdversarialNetwork\rgDMaPWiMn,False
GenerativeAdversarialNetwork,0.0001,16,100,45,0,0.4284266233444214,0.0185861736536026,images\epochs\GenerativeAdversarialNetwork\TrzsKrjxaR,False
GenerativeAdversarialNetwork,0.0001,16,100,45,1,0.5292096138000488,0.0148831838741898,images\epochs\GenerativeAdversarialNetwork\TrzsKrjxaR,False
GenerativeAdversarialNetwork,0.0001,16,100,45,2,0.6510160565376282,0.0138301448896527,images\epochs\GenerativeAdversarialNetwork\TrzsKrjxaR,False
GenerativeAdversarialNetwork,0.0001,16,100,45,3,0.6637969017028809,0.0100668752565979,images\epochs\GenerativeAdversarialNetwork\TrzsKrjxaR,False
GenerativeAdversarialNetwork,0.0001,16,100,45,4,0.6967154145240784,0.0089070657268166,images\epochs\GenerativeAdversarialNetwork\TrzsKrjxaR,False
GenerativeAdversarialNetwork,0.0001,16,100,45,5,0.6901251077651978,0.0075562736019492,images\epochs\GenerativeAdversarialNetwork\TrzsKrjxaR,False
GenerativeAdversarialNetwork,0.0001,16,100,45,6,0.6958612203598022,0.0094213047996163,images\epochs\GenerativeAdversarialNetwork\TrzsKrjxaR,False
GenerativeAdversarialNetwork,0.0001,16,100,45,7,0.6931808590888977,0.0060364417731761,images\epochs\GenerativeAdversarialNetwork\TrzsKrjxaR,False
GenerativeAdversarialNetwork,0.0001,16,100,45,8,0.6920234560966492,0.0083166444674134,images\epochs\GenerativeAdversarialNetwork\TrzsKrjxaR,False
GenerativeAdversarialNetwork,0.0001,16,100,45,9,0.6930456757545471,0.0067762783728539,images\epochs\GenerativeAdversarialNetwork\TrzsKrjxaR,False
GenerativeAdversarialNetwork,0.0001,16,100,45,10,0.6919413208961487,0.0054783876985311,images\epochs\GenerativeAdversarialNetwork\TrzsKrjxaR,False
GenerativeAdversarialNetwork,0.0001,16,100,45,11,0.6963518261909485,0.0066933003254234,images\epochs\GenerativeAdversarialNetwork\TrzsKrjxaR,False
GenerativeAdversarialNetwork,0.0001,16,100,45,12,0.6934875845909119,0.0057060089893639,images\epochs\GenerativeAdversarialNetwork\TrzsKrjxaR,False
GenerativeAdversarialNetwork,0.0001,16,100,45,13,0.6931705474853516,0.0049973484128713,images\epochs\GenerativeAdversarialNetwork\TrzsKrjxaR,False
GenerativeAdversarialNetwork,0.0001,16,100,45,14,0.6931042075157166,0.0059688407927751,images\epochs\GenerativeAdversarialNetwork\TrzsKrjxaR,False
GenerativeAdversarialNetwork,0.0001,16,100,45,15,0.6913785338401794,0.0044360691681504,images\epochs\GenerativeAdversarialNetwork\TrzsKrjxaR,False
GenerativeAdversarialNetwork,0.0001,16,100,45,16,0.689869225025177,0.004425800871104,images\epochs\GenerativeAdversarialNetwork\TrzsKrjxaR,False
GenerativeAdversarialNetwork,0.0001,16,100,45,17,0.6944894194602966,0.0047535770572721,images\epochs\GenerativeAdversarialNetwork\TrzsKrjxaR,False
GenerativeAdversarialNetwork,0.0001,16,100,45,18,0.6941466331481934,0.0048930789344012,images\epochs\GenerativeAdversarialNetwork\TrzsKrjxaR,False
GenerativeAdversarialNetwork,0.0001,16,100,45,19,0.6954899430274963,0.0039963359013199,images\epochs\GenerativeAdversarialNetwork\TrzsKrjxaR,False
GenerativeAdversarialNetwork,0.0001,16,100,45,20,0.6933073401451111,0.0047793909907341,images\epochs\GenerativeAdversarialNetwork\TrzsKrjxaR,False
GenerativeAdversarialNetwork,0.0001,16,100,45,21,0.6934322714805603,0.0047210431657731,images\epochs\GenerativeAdversarialNetwork\TrzsKrjxaR,False
GenerativeAdversarialNetwork,0.0001,16,100,45,22,0.6927493810653687,0.0034427919890731,images\epochs\GenerativeAdversarialNetwork\TrzsKrjxaR,False
GenerativeAdversarialNetwork,0.0001,16,100,45,23,0.6958349347114563,0.0032555072102695,images\epochs\GenerativeAdversarialNetwork\TrzsKrjxaR,False
GenerativeAdversarialNetwork,0.0001,16,100,45,24,0.6921643614768982,0.0050345789641141,images\epochs\GenerativeAdversarialNetwork\TrzsKrjxaR,False
GenerativeAdversarialNetwork,0.0001,16,100,45,25,0.6934137344360352,0.004002645611763,images\epochs\GenerativeAdversarialNetwork\TrzsKrjxaR,False
GenerativeAdversarialNetwork,0.0001,16,100,45,26,0.6919832825660706,0.0029052854515612,images\epochs\GenerativeAdversarialNetwork\TrzsKrjxaR,False
GenerativeAdversarialNetwork,0.0001,16,100,45,27,0.6938165426254272,0.0047279605641961,images\epochs\GenerativeAdversarialNetwork\TrzsKrjxaR,False
GenerativeAdversarialNetwork,0.0001,16,100,45,28,0.6931732296943665,0.0036287382245063,images\epochs\GenerativeAdversarialNetwork\TrzsKrjxaR,False
GenerativeAdversarialNetwork,0.0001,16,100,45,29,0.6930232644081116,0.0028994514141231,images\epochs\GenerativeAdversarialNetwork\TrzsKrjxaR,False
GenerativeAdversarialNetwork,0.0001,16,100,45,30,0.6924721598625183,0.0041651539504528,images\epochs\GenerativeAdversarialNetwork\TrzsKrjxaR,False
GenerativeAdversarialNetwork,0.0001,16,100,45,31,0.6933861970901489,0.0032246788032352,images\epochs\GenerativeAdversarialNetwork\TrzsKrjxaR,False
GenerativeAdversarialNetwork,0.0001,16,100,45,32,0.6926448941230774,0.0050973654724657,images\epochs\GenerativeAdversarialNetwork\TrzsKrjxaR,False
GenerativeAdversarialNetwork,0.0001,16,100,45,33,0.6924259066581726,0.0034217862412333,images\epochs\GenerativeAdversarialNetwork\TrzsKrjxaR,False
GenerativeAdversarialNetwork,0.0001,16,100,45,34,0.692731499671936,0.0044297138229012,images\epochs\GenerativeAdversarialNetwork\TrzsKrjxaR,False
GenerativeAdversarialNetwork,0.0001,16,100,45,35,0.6929149627685547,0.0031381417065858,images\epochs\GenerativeAdversarialNetwork\TrzsKrjxaR,False
GenerativeAdversarialNetwork,0.0001,16,100,45,36,0.6932404637336731,0.0024268166162073,images\epochs\GenerativeAdversarialNetwork\TrzsKrjxaR,False
GenerativeAdversarialNetwork,0.0001,16,100,45,37,0.6941440105438232,0.0033671541605144,images\epochs\GenerativeAdversarialNetwork\TrzsKrjxaR,False
GenerativeAdversarialNetwork,0.0001,16,100,45,38,0.693377673625946,0.0051297899335622,images\epochs\GenerativeAdversarialNetwork\TrzsKrjxaR,False
GenerativeAdversarialNetwork,0.0001,16,100,45,39,0.6930971145629883,0.0042503518052399,images\epochs\GenerativeAdversarialNetwork\TrzsKrjxaR,False
GenerativeAdversarialNetwork,0.0001,16,100,45,40,0.6921911239624023,0.0030605453066527,images\epochs\GenerativeAdversarialNetwork\TrzsKrjxaR,False
GenerativeAdversarialNetwork,0.0001,16,100,45,41,0.6932483911514282,0.0039480817504227,images\epochs\GenerativeAdversarialNetwork\TrzsKrjxaR,False
GenerativeAdversarialNetwork,0.0001,16,100,45,42,0.6931828260421753,0.0033029592595994,images\epochs\GenerativeAdversarialNetwork\TrzsKrjxaR,False
GenerativeAdversarialNetwork,0.0001,16,100,45,43,0.6932405233383179,0.0045443791896104,images\epochs\GenerativeAdversarialNetwork\TrzsKrjxaR,False
GenerativeAdversarialNetwork,0.0001,16,100,45,44,0.6924739480018616,0.0033449605107307,images\epochs\GenerativeAdversarialNetwork\TrzsKrjxaR,False
GenerativeAdversarialNetwork,0.0001,16,100,45,45,0.6928988695144653,0.0038883909583091,images\epochs\GenerativeAdversarialNetwork\TrzsKrjxaR,False
GenerativeAdversarialNetwork,0.0001,16,100,45,46,0.6933161616325378,0.0036115664988756,images\epochs\GenerativeAdversarialNetwork\TrzsKrjxaR,False
GenerativeAdversarialNetwork,0.0001,16,100,45,47,0.6932420134544373,0.0028033226262778,images\epochs\GenerativeAdversarialNetwork\TrzsKrjxaR,False
GenerativeAdversarialNetwork,0.0001,16,100,45,48,0.6926489472389221,0.0032733927946537,images\epochs\GenerativeAdversarialNetwork\TrzsKrjxaR,False
GenerativeAdversarialNetwork,0.0001,16,100,45,49,0.6934592723846436,0.0026461626403033,images\epochs\GenerativeAdversarialNetwork\TrzsKrjxaR,False
GenerativeAdversarialNetwork,0.0001,16,100,45,50,0.6936344504356384,0.003022942924872,images\epochs\GenerativeAdversarialNetwork\TrzsKrjxaR,False
GenerativeAdversarialNetwork,0.0001,16,100,45,51,0.6930297017097473,0.0031343495938926,images\epochs\GenerativeAdversarialNetwork\TrzsKrjxaR,False
GenerativeAdversarialNetwork,0.0001,16,100,45,52,0.6932987570762634,0.0021845691371709,images\epochs\GenerativeAdversarialNetwork\TrzsKrjxaR,False
GenerativeAdversarialNetwork,0.0001,16,100,45,53,0.6928737163543701,0.0032390009146183,images\epochs\GenerativeAdversarialNetwork\TrzsKrjxaR,False
GenerativeAdversarialNetwork,0.0001,16,100,45,54,0.6927030086517334,0.0032636462710797,images\epochs\GenerativeAdversarialNetwork\TrzsKrjxaR,False
GenerativeAdversarialNetwork,0.0001,16,100,45,55,0.6926504969596863,0.0035315861459821,images\epochs\GenerativeAdversarialNetwork\TrzsKrjxaR,False
GenerativeAdversarialNetwork,0.0001,16,100,45,56,0.6932090520858765,0.0038087400607764,images\epochs\GenerativeAdversarialNetwork\TrzsKrjxaR,False
GenerativeAdversarialNetwork,0.0001,16,100,45,57,0.6935513019561768,0.0032313135452568,images\epochs\GenerativeAdversarialNetwork\TrzsKrjxaR,False
GenerativeAdversarialNetwork,0.0001,16,100,45,58,0.6933140754699707,0.0032777073793113,images\epochs\GenerativeAdversarialNetwork\TrzsKrjxaR,False
GenerativeAdversarialNetwork,0.0001,16,100,45,59,0.6933355331420898,0.0022622139658778,images\epochs\GenerativeAdversarialNetwork\TrzsKrjxaR,False
GenerativeAdversarialNetwork,0.0001,16,100,45,60,0.6931683421134949,0.0036242939531803,images\epochs\GenerativeAdversarialNetwork\TrzsKrjxaR,False
GenerativeAdversarialNetwork,0.0001,16,100,45,61,0.6924606561660767,0.0029143386054784,images\epochs\GenerativeAdversarialNetwork\TrzsKrjxaR,False
GenerativeAdversarialNetwork,0.0001,16,100,45,62,0.6931952834129333,0.0029609319753944,images\epochs\GenerativeAdversarialNetwork\TrzsKrjxaR,False
GenerativeAdversarialNetwork,0.0001,16,100,45,63,0.6927842497825623,0.0026456550695002,images\epochs\GenerativeAdversarialNetwork\TrzsKrjxaR,False
GenerativeAdversarialNetwork,0.0001,16,100,45,64,0.6929340958595276,0.0023771042469888,images\epochs\GenerativeAdversarialNetwork\TrzsKrjxaR,False
GenerativeAdversarialNetwork,0.0001,16,100,45,65,0.6931439638137817,0.0029371480923146,images\epochs\GenerativeAdversarialNetwork\TrzsKrjxaR,False
GenerativeAdversarialNetwork,0.0001,16,100,45,66,0.6932072043418884,0.0019526437390595,images\epochs\GenerativeAdversarialNetwork\TrzsKrjxaR,False
GenerativeAdversarialNetwork,0.0001,16,100,45,67,0.692844569683075,0.0028248387388885,images\epochs\GenerativeAdversarialNetwork\TrzsKrjxaR,False
GenerativeAdversarialNetwork,0.0001,16,100,45,68,0.6932267546653748,0.0025933939032256,images\epochs\GenerativeAdversarialNetwork\TrzsKrjxaR,False
GenerativeAdversarialNetwork,0.0001,16,100,45,69,0.6933090686798096,0.0021526317577809,images\epochs\GenerativeAdversarialNetwork\TrzsKrjxaR,False
GenerativeAdversarialNetwork,0.0001,16,100,45,70,0.6931403279304504,0.0036011552438139,images\epochs\GenerativeAdversarialNetwork\TrzsKrjxaR,False
GenerativeAdversarialNetwork,0.0001,16,100,45,71,0.6933984160423279,0.0028336758259683,images\epochs\GenerativeAdversarialNetwork\TrzsKrjxaR,False
GenerativeAdversarialNetwork,0.0001,16,100,45,72,0.6933528780937195,0.0018613865831866,images\epochs\GenerativeAdversarialNetwork\TrzsKrjxaR,False
GenerativeAdversarialNetwork,0.0001,16,100,45,73,0.6934520602226257,0.0027917427942156,images\epochs\GenerativeAdversarialNetwork\TrzsKrjxaR,False
GenerativeAdversarialNetwork,0.0001,16,100,45,74,0.693230152130127,0.001378703280352,images\epochs\GenerativeAdversarialNetwork\TrzsKrjxaR,False
GenerativeAdversarialNetwork,0.0001,16,100,45,75,0.6929593682289124,0.002872297540307,images\epochs\GenerativeAdversarialNetwork\TrzsKrjxaR,False
GenerativeAdversarialNetwork,0.0001,16,100,45,76,0.6933608055114746,0.003512795548886,images\epochs\GenerativeAdversarialNetwork\TrzsKrjxaR,False
GenerativeAdversarialNetwork,0.0001,16,100,45,77,0.6931395530700684,0.0020304908975958,images\epochs\GenerativeAdversarialNetwork\TrzsKrjxaR,False
GenerativeAdversarialNetwork,0.0001,16,100,45,78,0.6931441426277161,0.0030485596507787,images\epochs\GenerativeAdversarialNetwork\TrzsKrjxaR,False
GenerativeAdversarialNetwork,0.0001,16,100,45,79,0.6930834054946899,0.0017693506088107,images\epochs\GenerativeAdversarialNetwork\TrzsKrjxaR,False
GenerativeAdversarialNetwork,0.0001,16,100,45,80,0.6931927800178528,0.0022431197576224,images\epochs\GenerativeAdversarialNetwork\TrzsKrjxaR,False
GenerativeAdversarialNetwork,0.0001,16,100,45,81,0.6934977173805237,0.0024148270022124,images\epochs\GenerativeAdversarialNetwork\TrzsKrjxaR,False
GenerativeAdversarialNetwork,0.0001,16,100,45,82,0.6926297545433044,0.0023668329231441,images\epochs\GenerativeAdversarialNetwork\TrzsKrjxaR,False
GenerativeAdversarialNetwork,0.0001,16,100,45,83,0.6927588582038879,0.0025579794310033,images\epochs\GenerativeAdversarialNetwork\TrzsKrjxaR,False
GenerativeAdversarialNetwork,0.0001,16,100,45,84,0.6933495998382568,0.0027048690244555,images\epochs\GenerativeAdversarialNetwork\TrzsKrjxaR,False
GenerativeAdversarialNetwork,0.0001,16,100,45,85,0.6926596760749817,0.0029500445816665,images\epochs\GenerativeAdversarialNetwork\TrzsKrjxaR,False
GenerativeAdversarialNetwork,0.0001,16,100,45,86,0.6927852034568787,0.0036273556761443,images\epochs\GenerativeAdversarialNetwork\TrzsKrjxaR,False
GenerativeAdversarialNetwork,0.0001,16,100,45,87,0.6931408643722534,0.0028773525264114,images\epochs\GenerativeAdversarialNetwork\TrzsKrjxaR,False
GenerativeAdversarialNetwork,0.0001,16,100,45,88,0.6931056976318359,0.002285546157509,images\epochs\GenerativeAdversarialNetwork\TrzsKrjxaR,False
GenerativeAdversarialNetwork,0.0001,16,100,45,89,0.6927490830421448,0.0015812924830242,images\epochs\GenerativeAdversarialNetwork\TrzsKrjxaR,False
GenerativeAdversarialNetwork,0.0001,16,100,45,90,0.692894458770752,0.0023944179993122,images\epochs\GenerativeAdversarialNetwork\TrzsKrjxaR,False
GenerativeAdversarialNetwork,0.0001,16,100,45,91,0.6927706599235535,0.0020244671031832,images\epochs\GenerativeAdversarialNetwork\TrzsKrjxaR,False
GenerativeAdversarialNetwork,0.0001,16,100,45,92,0.6934220790863037,0.0028858149889856,images\epochs\GenerativeAdversarialNetwork\TrzsKrjxaR,False
GenerativeAdversarialNetwork,0.0001,16,100,45,93,0.6932802796363831,0.0021034677047282,images\epochs\GenerativeAdversarialNetwork\TrzsKrjxaR,False
GenerativeAdversarialNetwork,0.0001,16,100,45,94,0.6933603882789612,0.0019218698143959,images\epochs\GenerativeAdversarialNetwork\TrzsKrjxaR,False
GenerativeAdversarialNetwork,0.0001,16,100,45,95,0.6932874321937561,0.001264389953576,images\epochs\GenerativeAdversarialNetwork\TrzsKrjxaR,False
GenerativeAdversarialNetwork,0.0001,16,100,45,96,0.693176805973053,0.0028634953778237,images\epochs\GenerativeAdversarialNetwork\TrzsKrjxaR,False
GenerativeAdversarialNetwork,0.0001,16,100,45,97,0.693611741065979,0.0023132506757974,images\epochs\GenerativeAdversarialNetwork\TrzsKrjxaR,False
GenerativeAdversarialNetwork,0.0001,16,100,45,98,0.6930047273635864,0.0023068932350724,images\epochs\GenerativeAdversarialNetwork\TrzsKrjxaR,False
GenerativeAdversarialNetwork,0.0001,16,100,45,99,0.6933022737503052,0.0033979984000325,images\epochs\GenerativeAdversarialNetwork\TrzsKrjxaR,False
GenerativeAdversarialNetwork,0.0001,10,100,45,0,0.6935542821884155,0.0191331785172224,images\epochs\GenerativeAdversarialNetwork\xJWvkxKWyV,False
GenerativeAdversarialNetwork,0.0001,10,100,45,1,0.7034947872161865,0.0150753585621714,images\epochs\GenerativeAdversarialNetwork\xJWvkxKWyV,False
GenerativeAdversarialNetwork,0.0001,10,100,45,2,0.6971344351768494,0.0119572170078754,images\epochs\GenerativeAdversarialNetwork\xJWvkxKWyV,False
GenerativeAdversarialNetwork,0.0001,10,100,45,3,0.6807358860969543,0.013322471641004,images\epochs\GenerativeAdversarialNetwork\xJWvkxKWyV,False
GenerativeAdversarialNetwork,0.0001,10,100,45,4,0.6933937072753906,0.0082795312628149,images\epochs\GenerativeAdversarialNetwork\xJWvkxKWyV,False
GenerativeAdversarialNetwork,0.0001,10,100,45,5,0.6931086182594299,0.0063014416955411,images\epochs\GenerativeAdversarialNetwork\xJWvkxKWyV,False
GenerativeAdversarialNetwork,0.0001,10,100,45,6,0.6928005218505859,0.0093991765752434,images\epochs\GenerativeAdversarialNetwork\xJWvkxKWyV,False
GenerativeAdversarialNetwork,0.0001,10,100,45,7,0.6807635426521301,0.0078666340559721,images\epochs\GenerativeAdversarialNetwork\xJWvkxKWyV,False
GenerativeAdversarialNetwork,0.0001,10,100,45,8,0.6874520182609558,0.0066217966377735,images\epochs\GenerativeAdversarialNetwork\xJWvkxKWyV,False
GenerativeAdversarialNetwork,0.0001,10,100,45,9,0.6940391063690186,0.0065606539137661,images\epochs\GenerativeAdversarialNetwork\xJWvkxKWyV,False
GenerativeAdversarialNetwork,0.0001,10,100,45,10,0.693365752696991,0.0042619002051651,images\epochs\GenerativeAdversarialNetwork\xJWvkxKWyV,False
GenerativeAdversarialNetwork,0.0001,10,100,45,11,0.6933686137199402,0.0053575034253299,images\epochs\GenerativeAdversarialNetwork\xJWvkxKWyV,False
GenerativeAdversarialNetwork,0.0001,10,100,45,12,0.6910951733589172,0.0066952724009752,images\epochs\GenerativeAdversarialNetwork\xJWvkxKWyV,False
GenerativeAdversarialNetwork,0.0001,10,100,45,13,0.6922500729560852,0.0046381847932934,images\epochs\GenerativeAdversarialNetwork\xJWvkxKWyV,False
GenerativeAdversarialNetwork,0.0001,10,100,45,14,0.6924663186073303,0.0050622592680156,images\epochs\GenerativeAdversarialNetwork\xJWvkxKWyV,False
GenerativeAdversarialNetwork,0.0001,10,100,45,15,0.6923437714576721,0.0057459371164441,images\epochs\GenerativeAdversarialNetwork\xJWvkxKWyV,False
GenerativeAdversarialNetwork,0.0001,10,100,45,16,0.69248366355896,0.0061967126093804,images\epochs\GenerativeAdversarialNetwork\xJWvkxKWyV,False
GenerativeAdversarialNetwork,0.0001,10,100,45,17,0.6933570504188538,0.0055117267183959,images\epochs\GenerativeAdversarialNetwork\xJWvkxKWyV,False
GenerativeAdversarialNetwork,0.0001,10,100,45,18,0.6939837336540222,0.0050804377533495,images\epochs\GenerativeAdversarialNetwork\xJWvkxKWyV,False
GenerativeAdversarialNetwork,0.0001,10,100,45,19,0.6938930749893188,0.0046698939986526,images\epochs\GenerativeAdversarialNetwork\xJWvkxKWyV,False
GenerativeAdversarialNetwork,0.0001,10,100,45,20,0.6928301453590393,0.0049512954428792,images\epochs\GenerativeAdversarialNetwork\xJWvkxKWyV,False
GenerativeAdversarialNetwork,0.0001,10,100,45,21,0.6928515434265137,0.0052276337519288,images\epochs\GenerativeAdversarialNetwork\xJWvkxKWyV,False
GenerativeAdversarialNetwork,0.0001,10,100,45,22,0.6920457482337952,0.003708325093612,images\epochs\GenerativeAdversarialNetwork\xJWvkxKWyV,False
GenerativeAdversarialNetwork,0.0001,10,100,45,23,0.6931466460227966,0.0049661817029118,images\epochs\GenerativeAdversarialNetwork\xJWvkxKWyV,False
GenerativeAdversarialNetwork,0.0001,10,100,45,24,0.6931484341621399,0.0054011940956115,images\epochs\GenerativeAdversarialNetwork\xJWvkxKWyV,False
GenerativeAdversarialNetwork,0.0001,10,100,45,25,0.6928622722625732,0.0041037471964955,images\epochs\GenerativeAdversarialNetwork\xJWvkxKWyV,False
GenerativeAdversarialNetwork,0.0001,10,100,45,26,0.6928082704544067,0.0040393443778157,images\epochs\GenerativeAdversarialNetwork\xJWvkxKWyV,False
GenerativeAdversarialNetwork,0.0001,10,100,45,27,0.6919981241226196,0.0051982654258608,images\epochs\GenerativeAdversarialNetwork\xJWvkxKWyV,False
GenerativeAdversarialNetwork,0.0001,10,100,45,28,0.6921753287315369,0.0045113386586308,images\epochs\GenerativeAdversarialNetwork\xJWvkxKWyV,False
GenerativeAdversarialNetwork,0.0001,10,100,45,29,0.6938235759735107,0.0047385231591761,images\epochs\GenerativeAdversarialNetwork\xJWvkxKWyV,False
GenerativeAdversarialNetwork,0.0001,10,100,45,30,0.6934120059013367,0.0044960733503103,images\epochs\GenerativeAdversarialNetwork\xJWvkxKWyV,False
GenerativeAdversarialNetwork,0.0001,10,100,45,31,0.6934863924980164,0.0041794846765697,images\epochs\GenerativeAdversarialNetwork\xJWvkxKWyV,False
GenerativeAdversarialNetwork,0.0001,10,100,45,32,0.6947163343429565,0.0032492477912455,images\epochs\GenerativeAdversarialNetwork\xJWvkxKWyV,False
GenerativeAdversarialNetwork,0.0001,10,100,45,33,0.6933231353759766,0.0025004076305776,images\epochs\GenerativeAdversarialNetwork\xJWvkxKWyV,False
GenerativeAdversarialNetwork,0.0001,10,100,45,34,0.6929595470428467,0.0037379052955657,images\epochs\GenerativeAdversarialNetwork\xJWvkxKWyV,False
GenerativeAdversarialNetwork,0.0001,10,100,45,35,0.6929505467414856,0.0040141749195754,images\epochs\GenerativeAdversarialNetwork\xJWvkxKWyV,False
GenerativeAdversarialNetwork,0.0001,10,100,45,36,0.6932020783424377,0.0044669723138213,images\epochs\GenerativeAdversarialNetwork\xJWvkxKWyV,False
GenerativeAdversarialNetwork,0.0001,10,100,45,37,0.6920680999755859,0.0040377918630838,images\epochs\GenerativeAdversarialNetwork\xJWvkxKWyV,False
GenerativeAdversarialNetwork,0.0001,10,100,45,38,0.6930688619613647,0.0041803419589996,images\epochs\GenerativeAdversarialNetwork\xJWvkxKWyV,False
GenerativeAdversarialNetwork,0.0001,10,100,45,39,0.6931519508361816,0.0037618628703057,images\epochs\GenerativeAdversarialNetwork\xJWvkxKWyV,False
GenerativeAdversarialNetwork,0.0001,10,100,45,40,0.6926864981651306,0.0022318239789456,images\epochs\GenerativeAdversarialNetwork\xJWvkxKWyV,False
GenerativeAdversarialNetwork,0.0001,10,100,45,41,0.6933304667472839,0.0044807819649577,images\epochs\GenerativeAdversarialNetwork\xJWvkxKWyV,False
GenerativeAdversarialNetwork,0.0001,10,100,45,42,0.6924709677696228,0.0032428721897304,images\epochs\GenerativeAdversarialNetwork\xJWvkxKWyV,False
GenerativeAdversarialNetwork,0.0001,10,100,45,43,0.692725658416748,0.0034641735255718,images\epochs\GenerativeAdversarialNetwork\xJWvkxKWyV,False
GenerativeAdversarialNetwork,0.0001,10,100,45,44,0.6931880116462708,0.0032252101227641,images\epochs\GenerativeAdversarialNetwork\xJWvkxKWyV,False
GenerativeAdversarialNetwork,0.0001,10,100,45,45,0.6932764649391174,0.0029254250694066,images\epochs\GenerativeAdversarialNetwork\xJWvkxKWyV,False
GenerativeAdversarialNetwork,0.0001,10,100,45,46,0.6934793591499329,0.0036247293464839,images\epochs\GenerativeAdversarialNetwork\xJWvkxKWyV,False
GenerativeAdversarialNetwork,0.0001,10,100,45,47,0.6931254863739014,0.0037931168917566,images\epochs\GenerativeAdversarialNetwork\xJWvkxKWyV,False
GenerativeAdversarialNetwork,0.0001,10,100,45,48,0.6931262016296387,0.0020652927923947,images\epochs\GenerativeAdversarialNetwork\xJWvkxKWyV,False
GenerativeAdversarialNetwork,0.0001,10,100,45,49,0.6931485533714294,0.0041186194866895,images\epochs\GenerativeAdversarialNetwork\xJWvkxKWyV,False
GenerativeAdversarialNetwork,0.0001,10,100,45,50,0.6926354765892029,0.003372695762664,images\epochs\GenerativeAdversarialNetwork\xJWvkxKWyV,False
GenerativeAdversarialNetwork,0.0001,10,100,45,51,0.6934016942977905,0.0029878404457122,images\epochs\GenerativeAdversarialNetwork\xJWvkxKWyV,False
GenerativeAdversarialNetwork,0.0001,10,100,45,52,0.692608654499054,0.0023032501339912,images\epochs\GenerativeAdversarialNetwork\xJWvkxKWyV,False
GenerativeAdversarialNetwork,0.0001,10,100,45,53,0.6933088898658752,0.0023643099702894,images\epochs\GenerativeAdversarialNetwork\xJWvkxKWyV,False
GenerativeAdversarialNetwork,0.0001,10,100,45,54,0.6931208968162537,0.0034376056864857,images\epochs\GenerativeAdversarialNetwork\xJWvkxKWyV,False
GenerativeAdversarialNetwork,0.0001,10,100,45,55,0.6930816173553467,0.0022565021645277,images\epochs\GenerativeAdversarialNetwork\xJWvkxKWyV,False
GenerativeAdversarialNetwork,0.0001,10,100,45,56,0.6932500004768372,0.0030660445336252,images\epochs\GenerativeAdversarialNetwork\xJWvkxKWyV,False
GenerativeAdversarialNetwork,0.0001,10,100,45,57,0.6924172043800354,0.00354476692155,images\epochs\GenerativeAdversarialNetwork\xJWvkxKWyV,False
GenerativeAdversarialNetwork,0.0001,10,100,45,58,0.6937894225120544,0.004165600053966,images\epochs\GenerativeAdversarialNetwork\xJWvkxKWyV,False
GenerativeAdversarialNetwork,0.0001,10,100,45,59,0.6919344067573547,0.0032179988920688,images\epochs\GenerativeAdversarialNetwork\xJWvkxKWyV,False
GenerativeAdversarialNetwork,0.0001,10,100,45,60,0.6931294202804565,0.0038807983510196,images\epochs\GenerativeAdversarialNetwork\xJWvkxKWyV,False
GenerativeAdversarialNetwork,0.0001,10,100,45,61,0.692771315574646,0.0027026066090911,images\epochs\GenerativeAdversarialNetwork\xJWvkxKWyV,False
GenerativeAdversarialNetwork,0.0001,10,100,45,62,0.6935731172561646,0.0026929026935249,images\epochs\GenerativeAdversarialNetwork\xJWvkxKWyV,False
GenerativeAdversarialNetwork,0.0001,10,100,45,63,0.6935234069824219,0.0031398013234138,images\epochs\GenerativeAdversarialNetwork\xJWvkxKWyV,False
GenerativeAdversarialNetwork,0.0001,10,100,45,64,0.6933374404907227,0.0014315628213807,images\epochs\GenerativeAdversarialNetwork\xJWvkxKWyV,False
GenerativeAdversarialNetwork,0.0001,10,100,45,65,0.6927191019058228,0.0035730171948671,images\epochs\GenerativeAdversarialNetwork\xJWvkxKWyV,False
GenerativeAdversarialNetwork,0.0001,10,100,45,66,0.6931106448173523,0.0019855322316288,images\epochs\GenerativeAdversarialNetwork\xJWvkxKWyV,False
GenerativeAdversarialNetwork,0.0001,10,100,45,67,0.6930697560310364,0.0021247575059533,images\epochs\GenerativeAdversarialNetwork\xJWvkxKWyV,False
GenerativeAdversarialNetwork,0.0001,10,100,45,68,0.6926968097686768,0.0034531399141997,images\epochs\GenerativeAdversarialNetwork\xJWvkxKWyV,False
GenerativeAdversarialNetwork,0.0001,10,100,45,69,0.6933104991912842,0.0023616501130163,images\epochs\GenerativeAdversarialNetwork\xJWvkxKWyV,False
GenerativeAdversarialNetwork,0.0001,10,100,45,70,0.693241536617279,0.0026374189183115,images\epochs\GenerativeAdversarialNetwork\xJWvkxKWyV,False
GenerativeAdversarialNetwork,0.0001,10,100,45,71,0.6930938959121704,0.0019988673739135,images\epochs\GenerativeAdversarialNetwork\xJWvkxKWyV,False
GenerativeAdversarialNetwork,0.0001,10,100,45,72,0.6928995847702026,0.0026768348179757,images\epochs\GenerativeAdversarialNetwork\xJWvkxKWyV,False
GenerativeAdversarialNetwork,0.0001,10,100,45,73,0.6930791139602661,0.0011244741035625,images\epochs\GenerativeAdversarialNetwork\xJWvkxKWyV,False
GenerativeAdversarialNetwork,0.0001,10,100,45,74,0.6930636167526245,0.0029944765847176,images\epochs\GenerativeAdversarialNetwork\xJWvkxKWyV,False
GenerativeAdversarialNetwork,0.0001,10,100,45,75,0.6933467984199524,0.0029558748938143,images\epochs\GenerativeAdversarialNetwork\xJWvkxKWyV,False
GenerativeAdversarialNetwork,0.0001,10,100,45,76,0.6938977837562561,0.0031580373179167,images\epochs\GenerativeAdversarialNetwork\xJWvkxKWyV,False
GenerativeAdversarialNetwork,0.0001,10,100,45,77,0.693842887878418,0.002821187954396,images\epochs\GenerativeAdversarialNetwork\xJWvkxKWyV,False
GenerativeAdversarialNetwork,0.0001,10,100,45,78,0.6932236552238464,0.0028249330352991,images\epochs\GenerativeAdversarialNetwork\xJWvkxKWyV,False
GenerativeAdversarialNetwork,0.0001,10,100,45,79,0.6927669048309326,0.0027675360906869,images\epochs\GenerativeAdversarialNetwork\xJWvkxKWyV,False
GenerativeAdversarialNetwork,0.0001,10,100,45,80,0.6929993033409119,0.0024888608604669,images\epochs\GenerativeAdversarialNetwork\xJWvkxKWyV,False
GenerativeAdversarialNetwork,0.0001,10,100,45,81,0.6935741901397705,0.0028754388913512,images\epochs\GenerativeAdversarialNetwork\xJWvkxKWyV,False
GenerativeAdversarialNetwork,0.0001,10,100,45,82,0.6934384703636169,0.0023510691244155,images\epochs\GenerativeAdversarialNetwork\xJWvkxKWyV,False
GenerativeAdversarialNetwork,0.0001,10,100,45,83,0.692978024482727,0.0019904961809515,images\epochs\GenerativeAdversarialNetwork\xJWvkxKWyV,False
GenerativeAdversarialNetwork,0.0001,10,100,45,84,0.6937159895896912,0.0040083201602101,images\epochs\GenerativeAdversarialNetwork\xJWvkxKWyV,False
GenerativeAdversarialNetwork,0.0001,10,100,45,85,0.6937482953071594,0.0023806458339095,images\epochs\GenerativeAdversarialNetwork\xJWvkxKWyV,False
GenerativeAdversarialNetwork,0.0001,10,100,45,86,0.6930436491966248,0.0024441580753773,images\epochs\GenerativeAdversarialNetwork\xJWvkxKWyV,False
GenerativeAdversarialNetwork,0.0001,10,100,45,87,0.6929476857185364,0.0026946412399411,images\epochs\GenerativeAdversarialNetwork\xJWvkxKWyV,False
GenerativeAdversarialNetwork,0.0001,10,100,45,88,0.6938115954399109,0.0019286815077066,images\epochs\GenerativeAdversarialNetwork\xJWvkxKWyV,False
GenerativeAdversarialNetwork,0.0001,10,100,45,89,0.6928613185882568,0.0018294098554179,images\epochs\GenerativeAdversarialNetwork\xJWvkxKWyV,False
GenerativeAdversarialNetwork,0.0001,10,100,45,90,0.6928966045379639,0.0029181907884776,images\epochs\GenerativeAdversarialNetwork\xJWvkxKWyV,False
GenerativeAdversarialNetwork,0.0001,10,100,45,91,0.6929531097412109,0.0025743588339537,images\epochs\GenerativeAdversarialNetwork\xJWvkxKWyV,False
GenerativeAdversarialNetwork,0.0001,10,100,45,92,0.6927817463874817,0.001787329558283,images\epochs\GenerativeAdversarialNetwork\xJWvkxKWyV,False
GenerativeAdversarialNetwork,0.0001,10,100,45,93,0.6929439902305603,0.0018965892959386,images\epochs\GenerativeAdversarialNetwork\xJWvkxKWyV,False
GenerativeAdversarialNetwork,0.0001,10,100,45,94,0.692891538143158,0.0018259099451825,images\epochs\GenerativeAdversarialNetwork\xJWvkxKWyV,False
GenerativeAdversarialNetwork,0.0001,10,100,45,95,0.6931699514389038,0.0025524271186441,images\epochs\GenerativeAdversarialNetwork\xJWvkxKWyV,False
GenerativeAdversarialNetwork,0.0001,10,100,45,96,0.6929736137390137,0.002216954017058,images\epochs\GenerativeAdversarialNetwork\xJWvkxKWyV,False
GenerativeAdversarialNetwork,0.0001,10,100,45,97,0.6930497884750366,0.0022828676737844,images\epochs\GenerativeAdversarialNetwork\xJWvkxKWyV,False
GenerativeAdversarialNetwork,0.0001,10,100,45,98,0.6934496164321899,0.0023597218096256,images\epochs\GenerativeAdversarialNetwork\xJWvkxKWyV,False
GenerativeAdversarialNetwork,0.0001,10,100,45,99,0.6930221319198608,0.0016610283637419,images\epochs\GenerativeAdversarialNetwork\xJWvkxKWyV,False
GenerativeAdversarialNetwork,0.0001,8,100,45,0,0.6912070512771606,0.0167771503329277,images\epochs\GenerativeAdversarialNetwork\vtXJMcfYmc,False
GenerativeAdversarialNetwork,0.0001,8,100,45,1,0.6940202116966248,0.0139561127871274,images\epochs\GenerativeAdversarialNetwork\vtXJMcfYmc,False
GenerativeAdversarialNetwork,0.0001,8,100,45,2,0.6907229423522949,0.0138939684256911,images\epochs\GenerativeAdversarialNetwork\vtXJMcfYmc,False
GenerativeAdversarialNetwork,0.0001,8,100,45,3,0.6932041049003601,0.0111596593633294,images\epochs\GenerativeAdversarialNetwork\vtXJMcfYmc,False
GenerativeAdversarialNetwork,0.0001,8,100,45,4,0.6929425597190857,0.0092015489935874,images\epochs\GenerativeAdversarialNetwork\vtXJMcfYmc,False
GenerativeAdversarialNetwork,0.0001,8,100,45,5,0.6936395764350891,0.0085799470543861,images\epochs\GenerativeAdversarialNetwork\vtXJMcfYmc,False
GenerativeAdversarialNetwork,0.0001,8,100,45,6,0.6924828886985779,0.0089679351076483,images\epochs\GenerativeAdversarialNetwork\vtXJMcfYmc,False
GenerativeAdversarialNetwork,0.0001,8,100,45,7,0.6923078298568726,0.0069203907623887,images\epochs\GenerativeAdversarialNetwork\vtXJMcfYmc,False
GenerativeAdversarialNetwork,0.0001,8,100,45,8,0.6935882568359375,0.0077088503167033,images\epochs\GenerativeAdversarialNetwork\vtXJMcfYmc,False
GenerativeAdversarialNetwork,0.0001,8,100,45,9,0.6934822201728821,0.0063364640809595,images\epochs\GenerativeAdversarialNetwork\vtXJMcfYmc,False
GenerativeAdversarialNetwork,0.0001,8,100,45,10,0.6931070685386658,0.0073330979794263,images\epochs\GenerativeAdversarialNetwork\vtXJMcfYmc,False
GenerativeAdversarialNetwork,0.0001,8,100,45,11,0.6931347250938416,0.0062457271851599,images\epochs\GenerativeAdversarialNetwork\vtXJMcfYmc,False
GenerativeAdversarialNetwork,0.0001,8,100,45,12,0.6924934983253479,0.0041401563212275,images\epochs\GenerativeAdversarialNetwork\vtXJMcfYmc,False
GenerativeAdversarialNetwork,0.0001,8,100,45,13,0.6938068866729736,0.0067276451736688,images\epochs\GenerativeAdversarialNetwork\vtXJMcfYmc,False
GenerativeAdversarialNetwork,0.0001,8,100,45,14,0.6933210492134094,0.0052293608896434,images\epochs\GenerativeAdversarialNetwork\vtXJMcfYmc,False
GenerativeAdversarialNetwork,0.0001,8,100,45,15,0.6928443908691406,0.0048729726113379,images\epochs\GenerativeAdversarialNetwork\vtXJMcfYmc,False
GenerativeAdversarialNetwork,0.0001,8,100,45,16,0.6926720142364502,0.0047382838092744,images\epochs\GenerativeAdversarialNetwork\vtXJMcfYmc,False
GenerativeAdversarialNetwork,0.0001,8,100,45,17,0.6938090324401855,0.0050573316402733,images\epochs\GenerativeAdversarialNetwork\vtXJMcfYmc,False
GenerativeAdversarialNetwork,0.0001,8,100,45,18,0.6921842694282532,0.0064857206307351,images\epochs\GenerativeAdversarialNetwork\vtXJMcfYmc,False
GenerativeAdversarialNetwork,0.0001,8,100,45,19,0.692546546459198,0.0033747332636266,images\epochs\GenerativeAdversarialNetwork\vtXJMcfYmc,False
GenerativeAdversarialNetwork,0.0001,8,100,45,20,0.6931366920471191,0.0052101835608482,images\epochs\GenerativeAdversarialNetwork\vtXJMcfYmc,False
GenerativeAdversarialNetwork,0.0001,8,100,45,21,0.6945403218269348,0.0063804760575294,images\epochs\GenerativeAdversarialNetwork\vtXJMcfYmc,False
GenerativeAdversarialNetwork,0.0001,8,100,45,22,0.6940789222717285,0.0041287983767688,images\epochs\GenerativeAdversarialNetwork\vtXJMcfYmc,False
GenerativeAdversarialNetwork,0.0001,8,100,45,23,0.693137526512146,0.0048121172003448,images\epochs\GenerativeAdversarialNetwork\vtXJMcfYmc,False
GenerativeAdversarialNetwork,0.0001,8,100,45,24,0.6929330825805664,0.0051895175129175,images\epochs\GenerativeAdversarialNetwork\vtXJMcfYmc,False
GenerativeAdversarialNetwork,0.0001,8,100,45,25,0.6934313774108887,0.0041791941039264,images\epochs\GenerativeAdversarialNetwork\vtXJMcfYmc,False
GenerativeAdversarialNetwork,0.0001,8,100,45,26,0.6936985850334167,0.0039854235947132,images\epochs\GenerativeAdversarialNetwork\vtXJMcfYmc,False
GenerativeAdversarialNetwork,0.0001,8,100,45,27,0.6943157315254211,0.0041526886634528,images\epochs\GenerativeAdversarialNetwork\vtXJMcfYmc,False
GenerativeAdversarialNetwork,0.0001,8,100,45,28,0.6942681670188904,0.0044114659540355,images\epochs\GenerativeAdversarialNetwork\vtXJMcfYmc,False
GenerativeAdversarialNetwork,0.0001,8,100,45,29,0.6933377981185913,0.0051364498212933,images\epochs\GenerativeAdversarialNetwork\vtXJMcfYmc,False
GenerativeAdversarialNetwork,0.0001,8,100,45,30,0.693181037902832,0.0027751051820814,images\epochs\GenerativeAdversarialNetwork\vtXJMcfYmc,False
GenerativeAdversarialNetwork,0.0001,8,100,45,31,0.6929389834403992,0.0047596399672329,images\epochs\GenerativeAdversarialNetwork\vtXJMcfYmc,False
GenerativeAdversarialNetwork,0.0001,8,100,45,32,0.6931719779968262,0.0051488261669874,images\epochs\GenerativeAdversarialNetwork\vtXJMcfYmc,False
GenerativeAdversarialNetwork,0.0001,8,100,45,33,0.6933782696723938,0.0034725544974207,images\epochs\GenerativeAdversarialNetwork\vtXJMcfYmc,False
GenerativeAdversarialNetwork,0.0001,8,100,45,34,0.6937574148178101,0.0044097425416111,images\epochs\GenerativeAdversarialNetwork\vtXJMcfYmc,False
GenerativeAdversarialNetwork,0.0001,8,100,45,35,0.6930363178253174,0.0043874359689652,images\epochs\GenerativeAdversarialNetwork\vtXJMcfYmc,False
GenerativeAdversarialNetwork,0.0001,8,100,45,36,0.6930727958679199,0.0041145607829093,images\epochs\GenerativeAdversarialNetwork\vtXJMcfYmc,False
GenerativeAdversarialNetwork,0.0001,8,100,45,37,0.6934968829154968,0.0040575298480689,images\epochs\GenerativeAdversarialNetwork\vtXJMcfYmc,False
GenerativeAdversarialNetwork,0.0001,8,100,45,38,0.6928730607032776,0.0033372361212968,images\epochs\GenerativeAdversarialNetwork\vtXJMcfYmc,False
GenerativeAdversarialNetwork,0.0001,8,100,45,39,0.6927666068077087,0.0038859727792441,images\epochs\GenerativeAdversarialNetwork\vtXJMcfYmc,False
GenerativeAdversarialNetwork,0.0001,8,100,45,40,0.6931491494178772,0.0029722356703132,images\epochs\GenerativeAdversarialNetwork\vtXJMcfYmc,False
GenerativeAdversarialNetwork,0.0001,8,100,45,41,0.6936578154563904,0.0043482477776706,images\epochs\GenerativeAdversarialNetwork\vtXJMcfYmc,False
GenerativeAdversarialNetwork,0.0001,8,100,45,42,0.6930910348892212,0.0025026379153132,images\epochs\GenerativeAdversarialNetwork\vtXJMcfYmc,False
GenerativeAdversarialNetwork,0.0001,8,100,45,43,0.6935548782348633,0.0027615511789917,images\epochs\GenerativeAdversarialNetwork\vtXJMcfYmc,False
GenerativeAdversarialNetwork,0.0001,8,100,45,44,0.6924000978469849,0.0038391801062971,images\epochs\GenerativeAdversarialNetwork\vtXJMcfYmc,False
GenerativeAdversarialNetwork,0.0001,8,100,45,45,0.6930776238441467,0.0037080496549606,images\epochs\GenerativeAdversarialNetwork\vtXJMcfYmc,False
GenerativeAdversarialNetwork,0.0001,8,100,45,46,0.6932367086410522,0.002726026577875,images\epochs\GenerativeAdversarialNetwork\vtXJMcfYmc,False
GenerativeAdversarialNetwork,0.0001,8,100,45,47,0.6941261291503906,0.0025749653577804,images\epochs\GenerativeAdversarialNetwork\vtXJMcfYmc,False
GenerativeAdversarialNetwork,0.0001,8,100,45,48,0.6935006380081177,0.0021650444250553,images\epochs\GenerativeAdversarialNetwork\vtXJMcfYmc,False
GenerativeAdversarialNetwork,0.0001,8,100,45,49,0.6925929188728333,0.0047258092090487,images\epochs\GenerativeAdversarialNetwork\vtXJMcfYmc,False
GenerativeAdversarialNetwork,0.0001,8,100,45,50,0.6932007074356079,0.0030829857569187,images\epochs\GenerativeAdversarialNetwork\vtXJMcfYmc,False
GenerativeAdversarialNetwork,0.0001,8,100,45,51,0.6928989291191101,0.0029293571133166,images\epochs\GenerativeAdversarialNetwork\vtXJMcfYmc,False
GenerativeAdversarialNetwork,0.0001,8,100,45,52,0.6936113238334656,0.003747637849301,images\epochs\GenerativeAdversarialNetwork\vtXJMcfYmc,False
GenerativeAdversarialNetwork,0.0001,8,100,45,53,0.6933022737503052,0.0022787635680288,images\epochs\GenerativeAdversarialNetwork\vtXJMcfYmc,False
GenerativeAdversarialNetwork,0.0001,8,100,45,54,0.6930543184280396,0.00390181154944,images\epochs\GenerativeAdversarialNetwork\vtXJMcfYmc,False
GenerativeAdversarialNetwork,0.0001,8,100,45,55,0.6932368874549866,0.004537898581475,images\epochs\GenerativeAdversarialNetwork\vtXJMcfYmc,False
GenerativeAdversarialNetwork,0.0001,8,100,45,56,0.6927911043167114,0.0028493646532297,images\epochs\GenerativeAdversarialNetwork\vtXJMcfYmc,False
GenerativeAdversarialNetwork,0.0001,8,100,45,57,0.6931018233299255,0.0038765489589422,images\epochs\GenerativeAdversarialNetwork\vtXJMcfYmc,False
GenerativeAdversarialNetwork,0.0001,8,100,45,58,0.6935656666755676,0.0033028672914952,images\epochs\GenerativeAdversarialNetwork\vtXJMcfYmc,False
GenerativeAdversarialNetwork,0.0001,8,100,45,59,0.6930341124534607,0.0032604855950921,images\epochs\GenerativeAdversarialNetwork\vtXJMcfYmc,False
GenerativeAdversarialNetwork,0.0001,8,100,45,60,0.6928963661193848,0.0033575759734958,images\epochs\GenerativeAdversarialNetwork\vtXJMcfYmc,False
GenerativeAdversarialNetwork,0.0001,8,100,45,61,0.6927419900894165,0.002733229426667,images\epochs\GenerativeAdversarialNetwork\vtXJMcfYmc,False
GenerativeAdversarialNetwork,0.0001,8,100,45,62,0.6933948397636414,0.0030086613260209,images\epochs\GenerativeAdversarialNetwork\vtXJMcfYmc,False
GenerativeAdversarialNetwork,0.0001,8,100,45,63,0.6925709843635559,0.0032810380216687,images\epochs\GenerativeAdversarialNetwork\vtXJMcfYmc,False
GenerativeAdversarialNetwork,0.0001,8,100,45,64,0.6927692294120789,0.0016313366359099,images\epochs\GenerativeAdversarialNetwork\vtXJMcfYmc,False
GenerativeAdversarialNetwork,0.0001,8,100,45,65,0.6929280161857605,0.0023417880292981,images\epochs\GenerativeAdversarialNetwork\vtXJMcfYmc,False
GenerativeAdversarialNetwork,0.0001,8,100,45,66,0.6931502819061279,0.0035107629373669,images\epochs\GenerativeAdversarialNetwork\vtXJMcfYmc,False
GenerativeAdversarialNetwork,0.0001,8,100,45,67,0.6929022073745728,0.0038403223734349,images\epochs\GenerativeAdversarialNetwork\vtXJMcfYmc,False
GenerativeAdversarialNetwork,0.0001,8,100,45,68,0.6932590007781982,0.0017871716991066,images\epochs\GenerativeAdversarialNetwork\vtXJMcfYmc,False
GenerativeAdversarialNetwork,0.0001,8,100,45,69,0.6929701566696167,0.0028943486977368,images\epochs\GenerativeAdversarialNetwork\vtXJMcfYmc,False
GenerativeAdversarialNetwork,0.0001,8,100,45,70,0.6932184100151062,0.0030355518683791,images\epochs\GenerativeAdversarialNetwork\vtXJMcfYmc,False
GenerativeAdversarialNetwork,0.0001,8,100,45,71,0.6930220127105713,0.0022128648124635,images\epochs\GenerativeAdversarialNetwork\vtXJMcfYmc,False
GenerativeAdversarialNetwork,0.0001,8,100,45,72,0.6929617524147034,0.0021693618036806,images\epochs\GenerativeAdversarialNetwork\vtXJMcfYmc,False
GenerativeAdversarialNetwork,0.0001,8,100,45,73,0.6930883526802063,0.00226611061953,images\epochs\GenerativeAdversarialNetwork\vtXJMcfYmc,False
GenerativeAdversarialNetwork,0.0001,8,100,45,74,0.6935644745826721,0.0023182306904345,images\epochs\GenerativeAdversarialNetwork\vtXJMcfYmc,False
GenerativeAdversarialNetwork,0.0001,8,100,45,75,0.6930647492408752,0.0020550114568322,images\epochs\GenerativeAdversarialNetwork\vtXJMcfYmc,False
GenerativeAdversarialNetwork,0.0001,8,100,45,76,0.6933300495147705,0.0025021524634212,images\epochs\GenerativeAdversarialNetwork\vtXJMcfYmc,False
GenerativeAdversarialNetwork,0.0001,8,100,45,77,0.6929190158843994,0.0016781958984211,images\epochs\GenerativeAdversarialNetwork\vtXJMcfYmc,False
GenerativeAdversarialNetwork,0.0001,8,100,45,78,0.6930848360061646,0.0026859971694648,images\epochs\GenerativeAdversarialNetwork\vtXJMcfYmc,False
GenerativeAdversarialNetwork,0.0001,8,100,45,79,0.6930162310600281,0.0022513796575367,images\epochs\GenerativeAdversarialNetwork\vtXJMcfYmc,False
GenerativeAdversarialNetwork,0.0001,8,100,45,80,0.6932156085968018,0.0031644941773265,images\epochs\GenerativeAdversarialNetwork\vtXJMcfYmc,False
GenerativeAdversarialNetwork,0.0001,8,100,45,81,0.6929355263710022,0.0020347109530121,images\epochs\GenerativeAdversarialNetwork\vtXJMcfYmc,False
GenerativeAdversarialNetwork,0.0001,8,100,45,82,0.6935307383537292,0.0025498026516288,images\epochs\GenerativeAdversarialNetwork\vtXJMcfYmc,False
GenerativeAdversarialNetwork,0.0001,8,100,45,83,0.6928848624229431,0.0024882189463824,images\epochs\GenerativeAdversarialNetwork\vtXJMcfYmc,False
GenerativeAdversarialNetwork,0.0001,8,100,45,84,0.6933030486106873,0.0023781238123774,images\epochs\GenerativeAdversarialNetwork\vtXJMcfYmc,False
GenerativeAdversarialNetwork,0.0001,8,100,45,85,0.693632185459137,0.0014660056913271,images\epochs\GenerativeAdversarialNetwork\vtXJMcfYmc,False
GenerativeAdversarialNetwork,0.0001,8,100,45,86,0.6930978894233704,0.0032870389986783,images\epochs\GenerativeAdversarialNetwork\vtXJMcfYmc,False
GenerativeAdversarialNetwork,0.0001,8,100,45,87,0.6925169825553894,0.0024315360933542,images\epochs\GenerativeAdversarialNetwork\vtXJMcfYmc,False
GenerativeAdversarialNetwork,0.0001,8,100,45,88,0.6933017373085022,0.0029131567571312,images\epochs\GenerativeAdversarialNetwork\vtXJMcfYmc,False
GenerativeAdversarialNetwork,0.0001,8,100,45,89,0.6932508945465088,0.0026075553614646,images\epochs\GenerativeAdversarialNetwork\vtXJMcfYmc,False
GenerativeAdversarialNetwork,0.0001,8,100,45,90,0.6930872797966003,0.0016612828476354,images\epochs\GenerativeAdversarialNetwork\vtXJMcfYmc,False
GenerativeAdversarialNetwork,0.0001,8,100,45,91,0.6933163404464722,0.0031804249156266,images\epochs\GenerativeAdversarialNetwork\vtXJMcfYmc,False
GenerativeAdversarialNetwork,0.0001,8,100,45,92,0.6929296255111694,0.0037820341531187,images\epochs\GenerativeAdversarialNetwork\vtXJMcfYmc,False
GenerativeAdversarialNetwork,0.0001,8,100,45,93,0.6927671432495117,0.0022324644960463,images\epochs\GenerativeAdversarialNetwork\vtXJMcfYmc,False
GenerativeAdversarialNetwork,0.0001,8,100,45,94,0.6929188370704651,0.001459970488213,images\epochs\GenerativeAdversarialNetwork\vtXJMcfYmc,False
GenerativeAdversarialNetwork,0.0001,8,100,45,95,0.6934774518013,0.0011186483316123,images\epochs\GenerativeAdversarialNetwork\vtXJMcfYmc,False
GenerativeAdversarialNetwork,0.0001,8,100,45,96,0.6932654976844788,0.0011480482062324,images\epochs\GenerativeAdversarialNetwork\vtXJMcfYmc,False
GenerativeAdversarialNetwork,0.0001,8,100,45,97,0.6932855844497681,0.0016829759115353,images\epochs\GenerativeAdversarialNetwork\vtXJMcfYmc,False
GenerativeAdversarialNetwork,0.0001,8,100,45,98,0.6930710077285767,0.0020385554526001,images\epochs\GenerativeAdversarialNetwork\vtXJMcfYmc,False
GenerativeAdversarialNetwork,0.0001,8,100,45,99,0.6930209994316101,0.002444710349664,images\epochs\GenerativeAdversarialNetwork\vtXJMcfYmc,False
GenerativeAdversarialNetwork,0.0001,5,100,45,0,0.6847508549690247,0.0227499715983867,images\epochs\GenerativeAdversarialNetwork\daxBocKrNS,False
GenerativeAdversarialNetwork,0.0001,5,100,45,1,0.6946331858634949,0.014980312436819,images\epochs\GenerativeAdversarialNetwork\daxBocKrNS,False
GenerativeAdversarialNetwork,0.0001,5,100,45,2,0.6942006349563599,0.012172476388514,images\epochs\GenerativeAdversarialNetwork\daxBocKrNS,False
GenerativeAdversarialNetwork,0.0001,5,100,45,3,0.6925164461135864,0.0120393261313438,images\epochs\GenerativeAdversarialNetwork\daxBocKrNS,False
GenerativeAdversarialNetwork,0.0001,5,100,45,4,0.6931973099708557,0.0092758117243647,images\epochs\GenerativeAdversarialNetwork\daxBocKrNS,False
GenerativeAdversarialNetwork,0.0001,5,100,45,5,0.6922171711921692,0.010101837106049,images\epochs\GenerativeAdversarialNetwork\daxBocKrNS,False
GenerativeAdversarialNetwork,0.0001,5,100,45,6,0.6933538913726807,0.009403103031218,images\epochs\GenerativeAdversarialNetwork\daxBocKrNS,False
GenerativeAdversarialNetwork,0.0001,5,100,45,7,0.6929992437362671,0.0088005810976028,images\epochs\GenerativeAdversarialNetwork\daxBocKrNS,False
GenerativeAdversarialNetwork,0.0001,5,100,45,8,0.6932327151298523,0.0054455366916954,images\epochs\GenerativeAdversarialNetwork\daxBocKrNS,False
GenerativeAdversarialNetwork,0.0001,5,100,45,9,0.6935235857963562,0.0064155315048992,images\epochs\GenerativeAdversarialNetwork\daxBocKrNS,False
GenerativeAdversarialNetwork,0.0001,5,100,45,10,0.6924843192100525,0.0069259577430784,images\epochs\GenerativeAdversarialNetwork\daxBocKrNS,False
GenerativeAdversarialNetwork,0.0001,5,100,45,11,0.6933402419090271,0.0059425672516226,images\epochs\GenerativeAdversarialNetwork\daxBocKrNS,False
GenerativeAdversarialNetwork,0.0001,5,100,45,12,0.6927304863929749,0.0075079901143908,images\epochs\GenerativeAdversarialNetwork\daxBocKrNS,False
GenerativeAdversarialNetwork,0.0001,5,100,45,13,0.6930752396583557,0.0051422393880784,images\epochs\GenerativeAdversarialNetwork\daxBocKrNS,False
GenerativeAdversarialNetwork,0.0001,5,100,45,14,0.6923097968101501,0.0062522822991013,images\epochs\GenerativeAdversarialNetwork\daxBocKrNS,False
GenerativeAdversarialNetwork,0.0001,5,100,45,15,0.6929678320884705,0.0054755355231463,images\epochs\GenerativeAdversarialNetwork\daxBocKrNS,False
GenerativeAdversarialNetwork,0.0001,5,100,45,16,0.6933163404464722,0.0047125681303441,images\epochs\GenerativeAdversarialNetwork\daxBocKrNS,False
GenerativeAdversarialNetwork,0.0001,5,100,45,17,0.6932099461555481,0.0069752582348883,images\epochs\GenerativeAdversarialNetwork\daxBocKrNS,False
GenerativeAdversarialNetwork,0.0001,5,100,45,18,0.6930224895477295,0.005445307586342,images\epochs\GenerativeAdversarialNetwork\daxBocKrNS,False
GenerativeAdversarialNetwork,0.0001,5,100,45,19,0.6930326223373413,0.0049124616198241,images\epochs\GenerativeAdversarialNetwork\daxBocKrNS,False
GenerativeAdversarialNetwork,0.0001,5,100,45,20,0.6929954886436462,0.0057987761683762,images\epochs\GenerativeAdversarialNetwork\daxBocKrNS,False
GenerativeAdversarialNetwork,0.0001,5,100,45,21,0.6921492218971252,0.0064524160698056,images\epochs\GenerativeAdversarialNetwork\daxBocKrNS,False
GenerativeAdversarialNetwork,0.0001,5,100,45,22,0.6931922435760498,0.0038688459899276,images\epochs\GenerativeAdversarialNetwork\daxBocKrNS,False
GenerativeAdversarialNetwork,0.0001,5,100,45,23,0.6934007406234741,0.0042840824462473,images\epochs\GenerativeAdversarialNetwork\daxBocKrNS,False
GenerativeAdversarialNetwork,0.0001,5,100,45,24,0.693413496017456,0.0034132718574255,images\epochs\GenerativeAdversarialNetwork\daxBocKrNS,False
GenerativeAdversarialNetwork,0.0001,5,100,45,25,0.6926687359809875,0.0036018784157931,images\epochs\GenerativeAdversarialNetwork\daxBocKrNS,False
GenerativeAdversarialNetwork,0.0001,5,100,45,26,0.6935595870018005,0.0056105856783688,images\epochs\GenerativeAdversarialNetwork\daxBocKrNS,False
GenerativeAdversarialNetwork,0.0001,5,100,45,27,0.6933160424232483,0.0054953042417764,images\epochs\GenerativeAdversarialNetwork\daxBocKrNS,False
GenerativeAdversarialNetwork,0.0001,5,100,45,28,0.6922261714935303,0.003699640976265,images\epochs\GenerativeAdversarialNetwork\daxBocKrNS,False
GenerativeAdversarialNetwork,0.0001,5,100,45,29,0.6934338808059692,0.0033704941160976,images\epochs\GenerativeAdversarialNetwork\daxBocKrNS,False
GenerativeAdversarialNetwork,0.0001,5,100,45,30,0.6931511163711548,0.0041237217374145,images\epochs\GenerativeAdversarialNetwork\daxBocKrNS,False
GenerativeAdversarialNetwork,0.0001,5,100,45,31,0.6929379105567932,0.0046707936562597,images\epochs\GenerativeAdversarialNetwork\daxBocKrNS,False
GenerativeAdversarialNetwork,0.0001,5,100,45,32,0.6933726072311401,0.0028201770037412,images\epochs\GenerativeAdversarialNetwork\daxBocKrNS,False
GenerativeAdversarialNetwork,0.0001,5,100,45,33,0.6925418972969055,0.0030913362279534,images\epochs\GenerativeAdversarialNetwork\daxBocKrNS,False
GenerativeAdversarialNetwork,0.0001,5,100,45,34,0.6935504078865051,0.0039541316218674,images\epochs\GenerativeAdversarialNetwork\daxBocKrNS,False
GenerativeAdversarialNetwork,0.0001,5,100,45,35,0.6928743720054626,0.0028651936445385,images\epochs\GenerativeAdversarialNetwork\daxBocKrNS,False
GenerativeAdversarialNetwork,0.0001,5,100,45,36,0.6924071311950684,0.0036763488315045,images\epochs\GenerativeAdversarialNetwork\daxBocKrNS,False
GenerativeAdversarialNetwork,0.0001,5,100,45,37,0.6930160522460938,0.0030808721203356,images\epochs\GenerativeAdversarialNetwork\daxBocKrNS,False
GenerativeAdversarialNetwork,0.0001,5,100,45,38,0.6927419900894165,0.0048758070915937,images\epochs\GenerativeAdversarialNetwork\daxBocKrNS,False
GenerativeAdversarialNetwork,0.0001,5,100,45,39,0.6930553317070007,0.0037288824096322,images\epochs\GenerativeAdversarialNetwork\daxBocKrNS,False
GenerativeAdversarialNetwork,0.0001,5,100,45,40,0.6934216022491455,0.0037568567786365,images\epochs\GenerativeAdversarialNetwork\daxBocKrNS,False
GenerativeAdversarialNetwork,0.0001,5,100,45,41,0.692772626876831,0.0041007786057889,images\epochs\GenerativeAdversarialNetwork\daxBocKrNS,False
GenerativeAdversarialNetwork,0.0001,5,100,45,42,0.6933524012565613,0.004208720754832,images\epochs\GenerativeAdversarialNetwork\daxBocKrNS,False
GenerativeAdversarialNetwork,0.0001,5,100,45,43,0.6929947137832642,0.0039519877173006,images\epochs\GenerativeAdversarialNetwork\daxBocKrNS,False
GenerativeAdversarialNetwork,0.0001,5,100,45,44,0.6931576132774353,0.0035515399649739,images\epochs\GenerativeAdversarialNetwork\daxBocKrNS,False
GenerativeAdversarialNetwork,0.0001,5,100,45,45,0.693310022354126,0.0032545905560255,images\epochs\GenerativeAdversarialNetwork\daxBocKrNS,False
GenerativeAdversarialNetwork,0.0001,5,100,45,46,0.6937833428382874,0.0028576641343533,images\epochs\GenerativeAdversarialNetwork\daxBocKrNS,False
GenerativeAdversarialNetwork,0.0001,5,100,45,47,0.69285649061203,0.002304412657395,images\epochs\GenerativeAdversarialNetwork\daxBocKrNS,False
GenerativeAdversarialNetwork,0.0001,5,100,45,48,0.6932440996170044,0.0038758609443902,images\epochs\GenerativeAdversarialNetwork\daxBocKrNS,False
GenerativeAdversarialNetwork,0.0001,5,100,45,49,0.6932023763656616,0.0026543193962424,images\epochs\GenerativeAdversarialNetwork\daxBocKrNS,False
GenerativeAdversarialNetwork,0.0001,5,100,45,50,0.6933162808418274,0.003490803996101,images\epochs\GenerativeAdversarialNetwork\daxBocKrNS,False
GenerativeAdversarialNetwork,0.0001,5,100,45,51,0.6931673884391785,0.0041001685895025,images\epochs\GenerativeAdversarialNetwork\daxBocKrNS,False
GenerativeAdversarialNetwork,0.0001,5,100,45,52,0.694096028804779,0.0024419773835688,images\epochs\GenerativeAdversarialNetwork\daxBocKrNS,False
GenerativeAdversarialNetwork,0.0001,5,100,45,53,0.6933264136314392,0.0025320912245661,images\epochs\GenerativeAdversarialNetwork\daxBocKrNS,False
GenerativeAdversarialNetwork,0.0001,5,100,45,54,0.6940153241157532,0.0026970324106514,images\epochs\GenerativeAdversarialNetwork\daxBocKrNS,False
GenerativeAdversarialNetwork,0.0001,5,100,45,55,0.6929431557655334,0.0026544283609837,images\epochs\GenerativeAdversarialNetwork\daxBocKrNS,False
GenerativeAdversarialNetwork,0.0001,5,100,45,56,0.6930163502693176,0.0025867181830108,images\epochs\GenerativeAdversarialNetwork\daxBocKrNS,False
GenerativeAdversarialNetwork,0.0001,5,100,45,57,0.6931973695755005,0.0028626630082726,images\epochs\GenerativeAdversarialNetwork\daxBocKrNS,False
GenerativeAdversarialNetwork,0.0001,5,100,45,58,0.6930379271507263,0.001490821246989,images\epochs\GenerativeAdversarialNetwork\daxBocKrNS,False
GenerativeAdversarialNetwork,0.0001,5,100,45,59,0.6930717825889587,0.0024550252128392,images\epochs\GenerativeAdversarialNetwork\daxBocKrNS,False
GenerativeAdversarialNetwork,0.0001,5,100,45,60,0.6932226419448853,0.0028212822508066,images\epochs\GenerativeAdversarialNetwork\daxBocKrNS,False
GenerativeAdversarialNetwork,0.0001,5,100,45,61,0.6932314038276672,0.0031520102638751,images\epochs\GenerativeAdversarialNetwork\daxBocKrNS,False
GenerativeAdversarialNetwork,0.0001,5,100,45,62,0.6931549310684204,0.0034884708002209,images\epochs\GenerativeAdversarialNetwork\daxBocKrNS,False
GenerativeAdversarialNetwork,0.0001,5,100,45,63,0.6933934092521667,0.0030263175722211,images\epochs\GenerativeAdversarialNetwork\daxBocKrNS,False
GenerativeAdversarialNetwork,0.0001,5,100,45,64,0.6931272745132446,0.0023808174300938,images\epochs\GenerativeAdversarialNetwork\daxBocKrNS,False
GenerativeAdversarialNetwork,0.0001,5,100,45,65,0.6933503150939941,0.0030239289626479,images\epochs\GenerativeAdversarialNetwork\daxBocKrNS,False
GenerativeAdversarialNetwork,0.0001,5,100,45,66,0.692815363407135,0.0023519939277321,images\epochs\GenerativeAdversarialNetwork\daxBocKrNS,False
GenerativeAdversarialNetwork,0.0001,5,100,45,67,0.6928955912590027,0.001920208800584,images\epochs\GenerativeAdversarialNetwork\daxBocKrNS,False
GenerativeAdversarialNetwork,0.0001,5,100,45,68,0.6934528350830078,0.0031889388337731,images\epochs\GenerativeAdversarialNetwork\daxBocKrNS,False
GenerativeAdversarialNetwork,0.0001,5,100,45,69,0.6935932040214539,0.0015421770513057,images\epochs\GenerativeAdversarialNetwork\daxBocKrNS,False
GenerativeAdversarialNetwork,0.0001,5,100,45,70,0.6926774978637695,0.0034557164181023,images\epochs\GenerativeAdversarialNetwork\daxBocKrNS,False
GenerativeAdversarialNetwork,0.0001,5,100,45,71,0.6928749680519104,0.0028751208446919,images\epochs\GenerativeAdversarialNetwork\daxBocKrNS,False
GenerativeAdversarialNetwork,0.0001,5,100,45,72,0.6931708455085754,0.0033083416055887,images\epochs\GenerativeAdversarialNetwork\daxBocKrNS,False
GenerativeAdversarialNetwork,0.0001,5,100,45,73,0.6927618384361267,0.002047169720754,images\epochs\GenerativeAdversarialNetwork\daxBocKrNS,False
GenerativeAdversarialNetwork,0.0001,5,100,45,74,0.693222165107727,0.0022663946729153,images\epochs\GenerativeAdversarialNetwork\daxBocKrNS,False
GenerativeAdversarialNetwork,0.0001,5,100,45,75,0.6927448511123657,0.0025858471635729,images\epochs\GenerativeAdversarialNetwork\daxBocKrNS,False
GenerativeAdversarialNetwork,0.0001,5,100,45,76,0.6932481527328491,0.0022269522305577,images\epochs\GenerativeAdversarialNetwork\daxBocKrNS,False
GenerativeAdversarialNetwork,0.0001,5,100,45,77,0.6936029195785522,0.0023863236419856,images\epochs\GenerativeAdversarialNetwork\daxBocKrNS,False
GenerativeAdversarialNetwork,0.0001,5,100,45,78,0.6933010816574097,0.00221041822806,images\epochs\GenerativeAdversarialNetwork\daxBocKrNS,False
GenerativeAdversarialNetwork,0.0001,5,100,45,79,0.6932170391082764,0.0019362126477062,images\epochs\GenerativeAdversarialNetwork\daxBocKrNS,False
GenerativeAdversarialNetwork,0.0001,5,100,45,80,0.6932891011238098,0.0016787572531029,images\epochs\GenerativeAdversarialNetwork\daxBocKrNS,False
GenerativeAdversarialNetwork,0.0001,5,100,45,81,0.6934388875961304,0.0018615073058754,images\epochs\GenerativeAdversarialNetwork\daxBocKrNS,False
GenerativeAdversarialNetwork,0.0001,5,100,45,82,0.6931868195533752,0.0023285418283194,images\epochs\GenerativeAdversarialNetwork\daxBocKrNS,False
GenerativeAdversarialNetwork,0.0001,5,100,45,83,0.6929931044578552,0.0032341624610126,images\epochs\GenerativeAdversarialNetwork\daxBocKrNS,False
GenerativeAdversarialNetwork,0.0001,5,100,45,84,0.6935542821884155,0.0023095193319022,images\epochs\GenerativeAdversarialNetwork\daxBocKrNS,False
GenerativeAdversarialNetwork,0.0001,5,100,45,85,0.6929893493652344,0.0019998422358185,images\epochs\GenerativeAdversarialNetwork\daxBocKrNS,False
GenerativeAdversarialNetwork,0.0001,5,100,45,86,0.6927852630615234,0.0020583881996572,images\epochs\GenerativeAdversarialNetwork\daxBocKrNS,False
GenerativeAdversarialNetwork,0.0001,5,100,45,87,0.692732572555542,0.0024692416191101,images\epochs\GenerativeAdversarialNetwork\daxBocKrNS,False
GenerativeAdversarialNetwork,0.0001,5,100,45,88,0.6928273439407349,0.0020859281066805,images\epochs\GenerativeAdversarialNetwork\daxBocKrNS,False
GenerativeAdversarialNetwork,0.0001,5,100,45,89,0.6934767365455627,0.002285772236064,images\epochs\GenerativeAdversarialNetwork\daxBocKrNS,False
GenerativeAdversarialNetwork,0.0001,5,100,45,90,0.6930891871452332,0.0019690254703164,images\epochs\GenerativeAdversarialNetwork\daxBocKrNS,False
GenerativeAdversarialNetwork,0.0001,5,100,45,91,0.6930055618286133,0.0026589178014546,images\epochs\GenerativeAdversarialNetwork\daxBocKrNS,False
GenerativeAdversarialNetwork,0.0001,5,100,45,92,0.6929783821105957,0.0024916003458201,images\epochs\GenerativeAdversarialNetwork\daxBocKrNS,False
GenerativeAdversarialNetwork,0.0001,5,100,45,93,0.6931388974189758,0.0014380114153027,images\epochs\GenerativeAdversarialNetwork\daxBocKrNS,False
GenerativeAdversarialNetwork,0.0001,5,100,45,94,0.693011462688446,0.0030567096546292,images\epochs\GenerativeAdversarialNetwork\daxBocKrNS,False
GenerativeAdversarialNetwork,0.0001,5,100,45,95,0.6930775046348572,0.0025200357194989,images\epochs\GenerativeAdversarialNetwork\daxBocKrNS,False
GenerativeAdversarialNetwork,0.0001,5,100,45,96,0.6929912567138672,0.0016547023551538,images\epochs\GenerativeAdversarialNetwork\daxBocKrNS,False
GenerativeAdversarialNetwork,0.0001,5,100,45,97,0.6930678486824036,0.0021633591968566,images\epochs\GenerativeAdversarialNetwork\daxBocKrNS,False
GenerativeAdversarialNetwork,0.0001,5,100,45,98,0.6930930614471436,0.001873948611319,images\epochs\GenerativeAdversarialNetwork\daxBocKrNS,False
GenerativeAdversarialNetwork,0.0001,5,100,45,99,0.6934440732002258,0.0009374706423841,images\epochs\GenerativeAdversarialNetwork\daxBocKrNS,False
GenerativeAdversarialNetwork,0.0001,4,100,45,0,0.7033970355987549,0.019927991554141,images\epochs\GenerativeAdversarialNetwork\zmeEQBIlrp,False
GenerativeAdversarialNetwork,0.0001,4,100,45,1,0.6930918097496033,0.0165379233658313,images\epochs\GenerativeAdversarialNetwork\zmeEQBIlrp,False
GenerativeAdversarialNetwork,0.0001,4,100,45,2,0.6934504508972168,0.0130627648904919,images\epochs\GenerativeAdversarialNetwork\zmeEQBIlrp,False
GenerativeAdversarialNetwork,0.0001,4,100,45,3,0.6931660175323486,0.0086114769801497,images\epochs\GenerativeAdversarialNetwork\zmeEQBIlrp,False
GenerativeAdversarialNetwork,0.0001,4,100,45,4,0.6940069794654846,0.0086956620216369,images\epochs\GenerativeAdversarialNetwork\zmeEQBIlrp,False
GenerativeAdversarialNetwork,0.0001,4,100,45,5,0.6927369236946106,0.0073796939104795,images\epochs\GenerativeAdversarialNetwork\zmeEQBIlrp,False
GenerativeAdversarialNetwork,0.0001,4,100,45,6,0.6927998065948486,0.0079055130481719,images\epochs\GenerativeAdversarialNetwork\zmeEQBIlrp,False
GenerativeAdversarialNetwork,0.0001,4,100,45,7,0.6936269998550415,0.0075315008871257,images\epochs\GenerativeAdversarialNetwork\zmeEQBIlrp,False
GenerativeAdversarialNetwork,0.0001,4,100,45,8,0.6936741471290588,0.0079268589615821,images\epochs\GenerativeAdversarialNetwork\zmeEQBIlrp,False
GenerativeAdversarialNetwork,0.0001,4,100,45,9,0.6937952637672424,0.0067500816658139,images\epochs\GenerativeAdversarialNetwork\zmeEQBIlrp,False
GenerativeAdversarialNetwork,0.0001,4,100,45,10,0.6928989887237549,0.0066778073087334,images\epochs\GenerativeAdversarialNetwork\zmeEQBIlrp,False
GenerativeAdversarialNetwork,0.0001,4,100,45,11,0.6925771236419678,0.0060875061899423,images\epochs\GenerativeAdversarialNetwork\zmeEQBIlrp,False
GenerativeAdversarialNetwork,0.0001,4,100,45,12,0.6934692859649658,0.0062737702392041,images\epochs\GenerativeAdversarialNetwork\zmeEQBIlrp,False
GenerativeAdversarialNetwork,0.0001,4,100,45,13,0.6931844353675842,0.005788798443973,images\epochs\GenerativeAdversarialNetwork\zmeEQBIlrp,False
GenerativeAdversarialNetwork,0.0001,4,100,45,14,0.6939761638641357,0.0066448869183659,images\epochs\GenerativeAdversarialNetwork\zmeEQBIlrp,False
GenerativeAdversarialNetwork,0.0001,4,100,45,15,0.6937269568443298,0.0045477962121367,images\epochs\GenerativeAdversarialNetwork\zmeEQBIlrp,False
GenerativeAdversarialNetwork,0.0001,4,100,45,16,0.6932212114334106,0.0059050200507044,images\epochs\GenerativeAdversarialNetwork\zmeEQBIlrp,False
GenerativeAdversarialNetwork,0.0001,4,100,45,17,0.6927060484886169,0.0047303163446486,images\epochs\GenerativeAdversarialNetwork\zmeEQBIlrp,False
GenerativeAdversarialNetwork,0.0001,4,100,45,18,0.6928719878196716,0.005414537154138,images\epochs\GenerativeAdversarialNetwork\zmeEQBIlrp,False
GenerativeAdversarialNetwork,0.0001,4,100,45,19,0.6933711171150208,0.0037706294097006,images\epochs\GenerativeAdversarialNetwork\zmeEQBIlrp,False
GenerativeAdversarialNetwork,0.0001,4,100,45,20,0.6938621997833252,0.0052177924662828,images\epochs\GenerativeAdversarialNetwork\zmeEQBIlrp,False
GenerativeAdversarialNetwork,0.0001,4,100,45,21,0.6930242776870728,0.0045769717544317,images\epochs\GenerativeAdversarialNetwork\zmeEQBIlrp,False
GenerativeAdversarialNetwork,0.0001,4,100,45,22,0.6932710409164429,0.0038189582992345,images\epochs\GenerativeAdversarialNetwork\zmeEQBIlrp,False
GenerativeAdversarialNetwork,0.0001,4,100,45,23,0.6928133964538574,0.003943704534322,images\epochs\GenerativeAdversarialNetwork\zmeEQBIlrp,False
GenerativeAdversarialNetwork,0.0001,4,100,45,24,0.6929513812065125,0.0054167085327208,images\epochs\GenerativeAdversarialNetwork\zmeEQBIlrp,False
GenerativeAdversarialNetwork,0.0001,4,100,45,25,0.6933755874633789,0.0052190809510648,images\epochs\GenerativeAdversarialNetwork\zmeEQBIlrp,False
GenerativeAdversarialNetwork,0.0001,4,100,45,26,0.6933175325393677,0.0048111053183674,images\epochs\GenerativeAdversarialNetwork\zmeEQBIlrp,False
GenerativeAdversarialNetwork,0.0001,4,100,45,27,0.6932380199432373,0.0046528843231499,images\epochs\GenerativeAdversarialNetwork\zmeEQBIlrp,False
GenerativeAdversarialNetwork,0.0001,4,100,45,28,0.6930449604988098,0.0042279381304979,images\epochs\GenerativeAdversarialNetwork\zmeEQBIlrp,False
GenerativeAdversarialNetwork,0.0001,4,100,45,29,0.6934515237808228,0.0046213367022573,images\epochs\GenerativeAdversarialNetwork\zmeEQBIlrp,False
GenerativeAdversarialNetwork,0.0001,4,100,45,30,0.69260174036026,0.0027496449183672,images\epochs\GenerativeAdversarialNetwork\zmeEQBIlrp,False
GenerativeAdversarialNetwork,0.0001,4,100,45,31,0.6927221417427063,0.0029590826015919,images\epochs\GenerativeAdversarialNetwork\zmeEQBIlrp,False
GenerativeAdversarialNetwork,0.0001,4,100,45,32,0.6925516128540039,0.0028073254507035,images\epochs\GenerativeAdversarialNetwork\zmeEQBIlrp,False
GenerativeAdversarialNetwork,0.0001,4,100,45,33,0.6930866241455078,0.0037581531796604,images\epochs\GenerativeAdversarialNetwork\zmeEQBIlrp,False
GenerativeAdversarialNetwork,0.0001,4,100,45,34,0.6931301951408386,0.0044696158729493,images\epochs\GenerativeAdversarialNetwork\zmeEQBIlrp,False
GenerativeAdversarialNetwork,0.0001,4,100,45,35,0.6938714981079102,0.0044652284123003,images\epochs\GenerativeAdversarialNetwork\zmeEQBIlrp,False
GenerativeAdversarialNetwork,0.0001,4,100,45,36,0.6929777264595032,0.0032616024836897,images\epochs\GenerativeAdversarialNetwork\zmeEQBIlrp,False
GenerativeAdversarialNetwork,0.0001,4,100,45,37,0.6931096315383911,0.0049164239317178,images\epochs\GenerativeAdversarialNetwork\zmeEQBIlrp,False
GenerativeAdversarialNetwork,0.0001,4,100,45,38,0.6931960582733154,0.0032369247637689,images\epochs\GenerativeAdversarialNetwork\zmeEQBIlrp,False
GenerativeAdversarialNetwork,0.0001,4,100,45,39,0.6929598450660706,0.002811528975144,images\epochs\GenerativeAdversarialNetwork\zmeEQBIlrp,False
GenerativeAdversarialNetwork,0.0001,4,100,45,40,0.6932911276817322,0.0041831508278846,images\epochs\GenerativeAdversarialNetwork\zmeEQBIlrp,False
GenerativeAdversarialNetwork,0.0001,4,100,45,41,0.6930166482925415,0.0034376892726868,images\epochs\GenerativeAdversarialNetwork\zmeEQBIlrp,False
GenerativeAdversarialNetwork,0.0001,4,100,45,42,0.6934818029403687,0.0031835017725825,images\epochs\GenerativeAdversarialNetwork\zmeEQBIlrp,False
GenerativeAdversarialNetwork,0.0001,4,100,45,43,0.6933448314666748,0.0034841261804103,images\epochs\GenerativeAdversarialNetwork\zmeEQBIlrp,False
GenerativeAdversarialNetwork,0.0001,4,100,45,44,0.6929107904434204,0.0027572391554713,images\epochs\GenerativeAdversarialNetwork\zmeEQBIlrp,False
GenerativeAdversarialNetwork,0.0001,4,100,45,45,0.6929057836532593,0.0021472589578479,images\epochs\GenerativeAdversarialNetwork\zmeEQBIlrp,False
GenerativeAdversarialNetwork,0.0001,4,100,45,46,0.6936306357383728,0.0034321118146181,images\epochs\GenerativeAdversarialNetwork\zmeEQBIlrp,False
GenerativeAdversarialNetwork,0.0001,4,100,45,47,0.6933314800262451,0.002989774569869,images\epochs\GenerativeAdversarialNetwork\zmeEQBIlrp,False
GenerativeAdversarialNetwork,0.0001,4,100,45,48,0.6937780380249023,0.0032744247000664,images\epochs\GenerativeAdversarialNetwork\zmeEQBIlrp,False
GenerativeAdversarialNetwork,0.0001,4,100,45,49,0.6928634643554688,0.0039353230968117,images\epochs\GenerativeAdversarialNetwork\zmeEQBIlrp,False
GenerativeAdversarialNetwork,0.0001,4,100,45,50,0.6926833987236023,0.0027910729404538,images\epochs\GenerativeAdversarialNetwork\zmeEQBIlrp,False
GenerativeAdversarialNetwork,0.0001,4,100,45,51,0.6933530569076538,0.0020785864908248,images\epochs\GenerativeAdversarialNetwork\zmeEQBIlrp,False
GenerativeAdversarialNetwork,0.0001,4,100,45,52,0.6929562091827393,0.0033971527591347,images\epochs\GenerativeAdversarialNetwork\zmeEQBIlrp,False
GenerativeAdversarialNetwork,0.0001,4,100,45,53,0.6927863359451294,0.0022665932774543,images\epochs\GenerativeAdversarialNetwork\zmeEQBIlrp,False
GenerativeAdversarialNetwork,0.0001,4,100,45,54,0.6925732493400574,0.0033437607344239,images\epochs\GenerativeAdversarialNetwork\zmeEQBIlrp,False
GenerativeAdversarialNetwork,0.0001,4,100,45,55,0.6931997537612915,0.0030094252433627,images\epochs\GenerativeAdversarialNetwork\zmeEQBIlrp,False
GenerativeAdversarialNetwork,0.0001,4,100,45,56,0.6930776834487915,0.0025065026711672,images\epochs\GenerativeAdversarialNetwork\zmeEQBIlrp,False
GenerativeAdversarialNetwork,0.0001,4,100,45,57,0.6932063102722168,0.0041469065472483,images\epochs\GenerativeAdversarialNetwork\zmeEQBIlrp,False
GenerativeAdversarialNetwork,0.0001,4,100,45,58,0.6931771636009216,0.0029528168961405,images\epochs\GenerativeAdversarialNetwork\zmeEQBIlrp,False
GenerativeAdversarialNetwork,0.0001,4,100,45,59,0.6932408213615417,0.0042887087911367,images\epochs\GenerativeAdversarialNetwork\zmeEQBIlrp,False
GenerativeAdversarialNetwork,0.0001,4,100,45,60,0.6928504705429077,0.0029293610714375,images\epochs\GenerativeAdversarialNetwork\zmeEQBIlrp,False
GenerativeAdversarialNetwork,0.0001,4,100,45,61,0.6930149793624878,0.0027818258386105,images\epochs\GenerativeAdversarialNetwork\zmeEQBIlrp,False
GenerativeAdversarialNetwork,0.0001,4,100,45,62,0.6934753656387329,0.0031959759071469,images\epochs\GenerativeAdversarialNetwork\zmeEQBIlrp,False
GenerativeAdversarialNetwork,0.0001,4,100,45,63,0.6929147839546204,0.0032271372620016,images\epochs\GenerativeAdversarialNetwork\zmeEQBIlrp,False
GenerativeAdversarialNetwork,0.0001,4,100,45,64,0.6933724284172058,0.0028324923478066,images\epochs\GenerativeAdversarialNetwork\zmeEQBIlrp,False
GenerativeAdversarialNetwork,0.0001,4,100,45,65,0.6930171251296997,0.0029087821021676,images\epochs\GenerativeAdversarialNetwork\zmeEQBIlrp,False
GenerativeAdversarialNetwork,0.0001,4,100,45,66,0.6926723122596741,0.0033190369140356,images\epochs\GenerativeAdversarialNetwork\zmeEQBIlrp,False
GenerativeAdversarialNetwork,0.0001,4,100,45,67,0.6927846074104309,0.0028534205630421,images\epochs\GenerativeAdversarialNetwork\zmeEQBIlrp,False
GenerativeAdversarialNetwork,0.0001,4,100,45,68,0.693545401096344,0.0024874778464436,images\epochs\GenerativeAdversarialNetwork\zmeEQBIlrp,False
GenerativeAdversarialNetwork,0.0001,4,100,45,69,0.6930971741676331,0.002153106033802,images\epochs\GenerativeAdversarialNetwork\zmeEQBIlrp,False
GenerativeAdversarialNetwork,0.0001,4,100,45,70,0.693274736404419,0.0031431771349161,images\epochs\GenerativeAdversarialNetwork\zmeEQBIlrp,False
GenerativeAdversarialNetwork,0.0001,4,100,45,71,0.6935387849807739,0.0032345701474696,images\epochs\GenerativeAdversarialNetwork\zmeEQBIlrp,False
GenerativeAdversarialNetwork,0.0001,4,100,45,72,0.6932374835014343,0.0021292075980454,images\epochs\GenerativeAdversarialNetwork\zmeEQBIlrp,False
GenerativeAdversarialNetwork,0.0001,4,100,45,73,0.6932080984115601,0.0022941580973565,images\epochs\GenerativeAdversarialNetwork\zmeEQBIlrp,False
GenerativeAdversarialNetwork,0.0001,4,100,45,74,0.6930009126663208,0.0031466798391193,images\epochs\GenerativeAdversarialNetwork\zmeEQBIlrp,False
GenerativeAdversarialNetwork,0.0001,4,100,45,75,0.6931324005126953,0.0021870033815503,images\epochs\GenerativeAdversarialNetwork\zmeEQBIlrp,False
GenerativeAdversarialNetwork,0.0001,4,100,45,76,0.6933442950248718,0.0038792751729488,images\epochs\GenerativeAdversarialNetwork\zmeEQBIlrp,False
GenerativeAdversarialNetwork,0.0001,4,100,45,77,0.6937551498413086,0.0035271907690912,images\epochs\GenerativeAdversarialNetwork\zmeEQBIlrp,False
GenerativeAdversarialNetwork,0.0001,4,100,45,78,0.6935667395591736,0.0027023220900446,images\epochs\GenerativeAdversarialNetwork\zmeEQBIlrp,False
GenerativeAdversarialNetwork,0.0001,4,100,45,79,0.6933385133743286,0.0026300055906176,images\epochs\GenerativeAdversarialNetwork\zmeEQBIlrp,False
GenerativeAdversarialNetwork,0.0001,4,100,45,80,0.6933849453926086,0.0026237769052386,images\epochs\GenerativeAdversarialNetwork\zmeEQBIlrp,False
GenerativeAdversarialNetwork,0.0001,4,100,45,81,0.6933553814888,0.0029486941639333,images\epochs\GenerativeAdversarialNetwork\zmeEQBIlrp,False
GenerativeAdversarialNetwork,0.0001,4,100,45,82,0.6929964423179626,0.0020234072580933,images\epochs\GenerativeAdversarialNetwork\zmeEQBIlrp,False
GenerativeAdversarialNetwork,0.0001,4,100,45,83,0.6928860545158386,0.0019039760809391,images\epochs\GenerativeAdversarialNetwork\zmeEQBIlrp,False
GenerativeAdversarialNetwork,0.0001,4,100,45,84,0.6933422088623047,0.0018741959938779,images\epochs\GenerativeAdversarialNetwork\zmeEQBIlrp,False
GenerativeAdversarialNetwork,0.0001,4,100,45,85,0.6930919289588928,0.0034111174754798,images\epochs\GenerativeAdversarialNetwork\zmeEQBIlrp,False
GenerativeAdversarialNetwork,0.0001,4,100,45,86,0.6933468580245972,0.0027232801076024,images\epochs\GenerativeAdversarialNetwork\zmeEQBIlrp,False
GenerativeAdversarialNetwork,0.0001,4,100,45,87,0.6930393576622009,0.0025821691378951,images\epochs\GenerativeAdversarialNetwork\zmeEQBIlrp,False
GenerativeAdversarialNetwork,0.0001,4,100,45,88,0.6931532025337219,0.0028191821184009,images\epochs\GenerativeAdversarialNetwork\zmeEQBIlrp,False
GenerativeAdversarialNetwork,0.0001,4,100,45,89,0.6928029656410217,0.0030381570104509,images\epochs\GenerativeAdversarialNetwork\zmeEQBIlrp,False
GenerativeAdversarialNetwork,0.0001,4,100,45,90,0.6932098269462585,0.0028125515673309,images\epochs\GenerativeAdversarialNetwork\zmeEQBIlrp,False
GenerativeAdversarialNetwork,0.0001,4,100,45,91,0.6929040551185608,0.0031212426256388,images\epochs\GenerativeAdversarialNetwork\zmeEQBIlrp,False
GenerativeAdversarialNetwork,0.0001,4,100,45,92,0.6931965947151184,0.0033406873699277,images\epochs\GenerativeAdversarialNetwork\zmeEQBIlrp,False
GenerativeAdversarialNetwork,0.0001,4,100,45,93,0.6927915811538696,0.0020066238939762,images\epochs\GenerativeAdversarialNetwork\zmeEQBIlrp,False
GenerativeAdversarialNetwork,0.0001,4,100,45,94,0.6930896639823914,0.0017547033494338,images\epochs\GenerativeAdversarialNetwork\zmeEQBIlrp,False
GenerativeAdversarialNetwork,0.0001,4,100,45,95,0.6933586001396179,0.0020490193273872,images\epochs\GenerativeAdversarialNetwork\zmeEQBIlrp,False
GenerativeAdversarialNetwork,0.0001,4,100,45,96,0.6933503150939941,0.0021251225844025,images\epochs\GenerativeAdversarialNetwork\zmeEQBIlrp,False
GenerativeAdversarialNetwork,0.0001,4,100,45,97,0.6931981444358826,0.001452908385545,images\epochs\GenerativeAdversarialNetwork\zmeEQBIlrp,False
GenerativeAdversarialNetwork,0.0001,4,100,45,98,0.6931132674217224,0.0018719180952757,images\epochs\GenerativeAdversarialNetwork\zmeEQBIlrp,False
GenerativeAdversarialNetwork,0.0001,4,100,45,99,0.6932371854782104,0.0023290871176868,images\epochs\GenerativeAdversarialNetwork\zmeEQBIlrp,False
GenerativeAdversarialNetwork,0.0001,2,100,45,0,0.6933625936508179,0.0203555990010499,images\epochs\GenerativeAdversarialNetwork\XDZUlEwWhq,False
GenerativeAdversarialNetwork,0.0001,2,100,45,1,0.6930310130119324,0.016920369118452,images\epochs\GenerativeAdversarialNetwork\XDZUlEwWhq,False
GenerativeAdversarialNetwork,0.0001,2,100,45,2,0.6929963231086731,0.01175575889647,images\epochs\GenerativeAdversarialNetwork\XDZUlEwWhq,False
GenerativeAdversarialNetwork,0.0001,2,100,45,3,0.6932246088981628,0.0106821954250335,images\epochs\GenerativeAdversarialNetwork\XDZUlEwWhq,False
GenerativeAdversarialNetwork,0.0001,2,100,45,4,0.6931828260421753,0.0133325373753905,images\epochs\GenerativeAdversarialNetwork\XDZUlEwWhq,False
GenerativeAdversarialNetwork,0.0001,2,100,45,5,0.6929338574409485,0.0090814288705587,images\epochs\GenerativeAdversarialNetwork\XDZUlEwWhq,False
GenerativeAdversarialNetwork,0.0001,2,100,45,6,0.692767858505249,0.0096401814371347,images\epochs\GenerativeAdversarialNetwork\XDZUlEwWhq,False
GenerativeAdversarialNetwork,0.0001,2,100,45,7,0.6924378871917725,0.0084017757326364,images\epochs\GenerativeAdversarialNetwork\XDZUlEwWhq,False
GenerativeAdversarialNetwork,0.0001,2,100,45,8,0.6930192708969116,0.0077289035543799,images\epochs\GenerativeAdversarialNetwork\XDZUlEwWhq,False
GenerativeAdversarialNetwork,0.0001,2,100,45,9,0.6927595138549805,0.0080049112439155,images\epochs\GenerativeAdversarialNetwork\XDZUlEwWhq,False
GenerativeAdversarialNetwork,0.0001,2,100,45,10,0.6933826208114624,0.0078531969338655,images\epochs\GenerativeAdversarialNetwork\XDZUlEwWhq,False
GenerativeAdversarialNetwork,0.0001,2,100,45,11,0.6937929391860962,0.0090428981930017,images\epochs\GenerativeAdversarialNetwork\XDZUlEwWhq,False
GenerativeAdversarialNetwork,0.0001,2,100,45,12,0.6938254833221436,0.0071744234301149,images\epochs\GenerativeAdversarialNetwork\XDZUlEwWhq,False
GenerativeAdversarialNetwork,0.0001,2,100,45,13,0.693183422088623,0.0061911065131425,images\epochs\GenerativeAdversarialNetwork\XDZUlEwWhq,False
GenerativeAdversarialNetwork,0.0001,2,100,45,14,0.6929919719696045,0.0051791435107588,images\epochs\GenerativeAdversarialNetwork\XDZUlEwWhq,False
GenerativeAdversarialNetwork,0.0001,2,100,45,15,0.6924009323120117,0.0055128806270658,images\epochs\GenerativeAdversarialNetwork\XDZUlEwWhq,False
GenerativeAdversarialNetwork,0.0001,2,100,45,16,0.6925285458564758,0.0057627484202384,images\epochs\GenerativeAdversarialNetwork\XDZUlEwWhq,False
GenerativeAdversarialNetwork,0.0001,2,100,45,17,0.6933502554893494,0.0040194285102188,images\epochs\GenerativeAdversarialNetwork\XDZUlEwWhq,False
GenerativeAdversarialNetwork,0.0001,2,100,45,18,0.6932136416435242,0.0045807198621332,images\epochs\GenerativeAdversarialNetwork\XDZUlEwWhq,False
GenerativeAdversarialNetwork,0.0001,2,100,45,19,0.6927652955055237,0.0047789607197046,images\epochs\GenerativeAdversarialNetwork\XDZUlEwWhq,False
GenerativeAdversarialNetwork,0.0001,2,100,45,20,0.6931960582733154,0.0045527522452175,images\epochs\GenerativeAdversarialNetwork\XDZUlEwWhq,False
GenerativeAdversarialNetwork,0.0001,2,100,45,21,0.6933994889259338,0.0052993050776422,images\epochs\GenerativeAdversarialNetwork\XDZUlEwWhq,False
GenerativeAdversarialNetwork,0.0001,2,100,45,22,0.6931325197219849,0.005018712952733,images\epochs\GenerativeAdversarialNetwork\XDZUlEwWhq,False
GenerativeAdversarialNetwork,0.0001,2,100,45,23,0.6931511759757996,0.0048791309818625,images\epochs\GenerativeAdversarialNetwork\XDZUlEwWhq,False
GenerativeAdversarialNetwork,0.0001,2,100,45,24,0.6924976706504822,0.0045096450485289,images\epochs\GenerativeAdversarialNetwork\XDZUlEwWhq,False
GenerativeAdversarialNetwork,0.0001,2,100,45,25,0.6927252411842346,0.0042918804101645,images\epochs\GenerativeAdversarialNetwork\XDZUlEwWhq,False
GenerativeAdversarialNetwork,0.0001,2,100,45,26,0.6938241720199585,0.0040152450092136,images\epochs\GenerativeAdversarialNetwork\XDZUlEwWhq,False
GenerativeAdversarialNetwork,0.0001,2,100,45,27,0.6934220790863037,0.0035177944228053,images\epochs\GenerativeAdversarialNetwork\XDZUlEwWhq,False
GenerativeAdversarialNetwork,0.0001,2,100,45,28,0.6929535269737244,0.0023493380285799,images\epochs\GenerativeAdversarialNetwork\XDZUlEwWhq,False
GenerativeAdversarialNetwork,0.0001,2,100,45,29,0.6930148601531982,0.0046181962825357,images\epochs\GenerativeAdversarialNetwork\XDZUlEwWhq,False
GenerativeAdversarialNetwork,0.0001,2,100,45,30,0.6927897930145264,0.0031897204462438,images\epochs\GenerativeAdversarialNetwork\XDZUlEwWhq,False
GenerativeAdversarialNetwork,0.0001,2,100,45,31,0.693392813205719,0.0053186966106295,images\epochs\GenerativeAdversarialNetwork\XDZUlEwWhq,False
GenerativeAdversarialNetwork,0.0001,2,100,45,32,0.6925030946731567,0.0044343648478388,images\epochs\GenerativeAdversarialNetwork\XDZUlEwWhq,False
GenerativeAdversarialNetwork,0.0001,2,100,45,33,0.6929330825805664,0.0027934173122048,images\epochs\GenerativeAdversarialNetwork\XDZUlEwWhq,False
GenerativeAdversarialNetwork,0.0001,2,100,45,34,0.6930949091911316,0.0049062469042837,images\epochs\GenerativeAdversarialNetwork\XDZUlEwWhq,False
GenerativeAdversarialNetwork,0.0001,2,100,45,35,0.6936165690422058,0.0024393540807068,images\epochs\GenerativeAdversarialNetwork\XDZUlEwWhq,False
GenerativeAdversarialNetwork,0.0001,2,100,45,36,0.6926938891410828,0.0039787241257727,images\epochs\GenerativeAdversarialNetwork\XDZUlEwWhq,False
GenerativeAdversarialNetwork,0.0001,2,100,45,37,0.6936787962913513,0.0036424314603209,images\epochs\GenerativeAdversarialNetwork\XDZUlEwWhq,False
GenerativeAdversarialNetwork,0.0001,2,100,45,38,0.6933287978172302,0.002533707069233,images\epochs\GenerativeAdversarialNetwork\XDZUlEwWhq,False
GenerativeAdversarialNetwork,0.0001,2,100,45,39,0.6928853392601013,0.0029515319038182,images\epochs\GenerativeAdversarialNetwork\XDZUlEwWhq,False
GenerativeAdversarialNetwork,0.0001,2,100,45,40,0.6931594014167786,0.0044748908840119,images\epochs\GenerativeAdversarialNetwork\XDZUlEwWhq,False
GenerativeAdversarialNetwork,0.0001,2,100,45,41,0.693381667137146,0.0039399075321853,images\epochs\GenerativeAdversarialNetwork\XDZUlEwWhq,False
GenerativeAdversarialNetwork,0.0001,2,100,45,42,0.6933172345161438,0.002631219336763,images\epochs\GenerativeAdversarialNetwork\XDZUlEwWhq,False
GenerativeAdversarialNetwork,0.0001,2,100,45,43,0.6934415102005005,0.0048915822990238,images\epochs\GenerativeAdversarialNetwork\XDZUlEwWhq,False
GenerativeAdversarialNetwork,0.0001,2,100,45,44,0.6925874948501587,0.003284553065896,images\epochs\GenerativeAdversarialNetwork\XDZUlEwWhq,False
GenerativeAdversarialNetwork,0.0001,2,100,45,45,0.6930057406425476,0.0031856154091656,images\epochs\GenerativeAdversarialNetwork\XDZUlEwWhq,False
GenerativeAdversarialNetwork,0.0001,2,100,45,46,0.6928339600563049,0.0035245162434875,images\epochs\GenerativeAdversarialNetwork\XDZUlEwWhq,False
GenerativeAdversarialNetwork,0.0001,2,100,45,47,0.6935824155807495,0.003335669171065,images\epochs\GenerativeAdversarialNetwork\XDZUlEwWhq,False
GenerativeAdversarialNetwork,0.0001,2,100,45,48,0.6930215954780579,0.0034432709217071,images\epochs\GenerativeAdversarialNetwork\XDZUlEwWhq,False
GenerativeAdversarialNetwork,0.0001,2,100,45,49,0.6925707459449768,0.0040478408336639,images\epochs\GenerativeAdversarialNetwork\XDZUlEwWhq,False
GenerativeAdversarialNetwork,0.0001,2,100,45,50,0.6930349469184875,0.0036717678885906,images\epochs\GenerativeAdversarialNetwork\XDZUlEwWhq,False
GenerativeAdversarialNetwork,0.0001,2,100,45,51,0.6935418248176575,0.0028415212873369,images\epochs\GenerativeAdversarialNetwork\XDZUlEwWhq,False
GenerativeAdversarialNetwork,0.0001,2,100,45,52,0.6936134099960327,0.0028624713886529,images\epochs\GenerativeAdversarialNetwork\XDZUlEwWhq,False
GenerativeAdversarialNetwork,0.0001,2,100,45,53,0.6935439109802246,0.0037375397514551,images\epochs\GenerativeAdversarialNetwork\XDZUlEwWhq,False
GenerativeAdversarialNetwork,0.0001,2,100,45,54,0.6932132244110107,0.003143907058984,images\epochs\GenerativeAdversarialNetwork\XDZUlEwWhq,False
GenerativeAdversarialNetwork,0.0001,2,100,45,55,0.6937976479530334,0.0024919260758906,images\epochs\GenerativeAdversarialNetwork\XDZUlEwWhq,False
GenerativeAdversarialNetwork,0.0001,2,100,45,56,0.6932543516159058,0.0030696874018758,images\epochs\GenerativeAdversarialNetwork\XDZUlEwWhq,False
GenerativeAdversarialNetwork,0.0001,2,100,45,57,0.6936665177345276,0.0021997038275003,images\epochs\GenerativeAdversarialNetwork\XDZUlEwWhq,False
GenerativeAdversarialNetwork,0.0001,2,100,45,58,0.6923060417175293,0.0022963937371969,images\epochs\GenerativeAdversarialNetwork\XDZUlEwWhq,False
GenerativeAdversarialNetwork,0.0001,2,100,45,59,0.6926828622817993,0.0024903162848204,images\epochs\GenerativeAdversarialNetwork\XDZUlEwWhq,False
GenerativeAdversarialNetwork,0.0001,2,100,45,60,0.6929616332054138,0.0034887865185737,images\epochs\GenerativeAdversarialNetwork\XDZUlEwWhq,False
GenerativeAdversarialNetwork,0.0001,2,100,45,61,0.6930627822875977,0.002639067126438,images\epochs\GenerativeAdversarialNetwork\XDZUlEwWhq,False
GenerativeAdversarialNetwork,0.0001,2,100,45,62,0.6927361488342285,0.002131346380338,images\epochs\GenerativeAdversarialNetwork\XDZUlEwWhq,False
GenerativeAdversarialNetwork,0.0001,2,100,45,63,0.693103551864624,0.0030360787641257,images\epochs\GenerativeAdversarialNetwork\XDZUlEwWhq,False
GenerativeAdversarialNetwork,0.0001,2,100,45,64,0.6928570866584778,0.0035830256529152,images\epochs\GenerativeAdversarialNetwork\XDZUlEwWhq,False
GenerativeAdversarialNetwork,0.0001,2,100,45,65,0.693144679069519,0.0018702751258388,images\epochs\GenerativeAdversarialNetwork\XDZUlEwWhq,False
GenerativeAdversarialNetwork,0.0001,2,100,45,66,0.6938173770904541,0.0030378126539289,images\epochs\GenerativeAdversarialNetwork\XDZUlEwWhq,False
GenerativeAdversarialNetwork,0.0001,2,100,45,67,0.6928143501281738,0.0022678188979625,images\epochs\GenerativeAdversarialNetwork\XDZUlEwWhq,False
GenerativeAdversarialNetwork,0.0001,2,100,45,68,0.6928747892379761,0.0034127577673643,images\epochs\GenerativeAdversarialNetwork\XDZUlEwWhq,False
GenerativeAdversarialNetwork,0.0001,2,100,45,69,0.6933809518814087,0.0026878037024289,images\epochs\GenerativeAdversarialNetwork\XDZUlEwWhq,False
GenerativeAdversarialNetwork,0.0001,2,100,45,70,0.6929703950881958,0.0022354996763169,images\epochs\GenerativeAdversarialNetwork\XDZUlEwWhq,False
GenerativeAdversarialNetwork,0.0001,2,100,45,71,0.6934757828712463,0.0027486130129545,images\epochs\GenerativeAdversarialNetwork\XDZUlEwWhq,False
GenerativeAdversarialNetwork,0.0001,2,100,45,72,0.6923664808273315,0.002881544874981,images\epochs\GenerativeAdversarialNetwork\XDZUlEwWhq,False
GenerativeAdversarialNetwork,0.0001,2,100,45,73,0.6931445598602295,0.0014499905519187,images\epochs\GenerativeAdversarialNetwork\XDZUlEwWhq,False
GenerativeAdversarialNetwork,0.0001,2,100,45,74,0.6927859783172607,0.0024226147215813,images\epochs\GenerativeAdversarialNetwork\XDZUlEwWhq,False
GenerativeAdversarialNetwork,0.0001,2,100,45,75,0.6932286620140076,0.0024261795915663,images\epochs\GenerativeAdversarialNetwork\XDZUlEwWhq,False
GenerativeAdversarialNetwork,0.0001,2,100,45,76,0.6937534809112549,0.0026158592663705,images\epochs\GenerativeAdversarialNetwork\XDZUlEwWhq,False
GenerativeAdversarialNetwork,0.0001,2,100,45,77,0.6936811804771423,0.0030773654580116,images\epochs\GenerativeAdversarialNetwork\XDZUlEwWhq,False
GenerativeAdversarialNetwork,0.0001,2,100,45,78,0.6930659413337708,0.0017816055333241,images\epochs\GenerativeAdversarialNetwork\XDZUlEwWhq,False
GenerativeAdversarialNetwork,0.0001,2,100,45,79,0.693459689617157,0.0022417216096073,images\epochs\GenerativeAdversarialNetwork\XDZUlEwWhq,False
GenerativeAdversarialNetwork,0.0001,2,100,45,80,0.692918062210083,0.0019087229156866,images\epochs\GenerativeAdversarialNetwork\XDZUlEwWhq,False
GenerativeAdversarialNetwork,0.0001,2,100,45,81,0.6934832334518433,0.0031130574643611,images\epochs\GenerativeAdversarialNetwork\XDZUlEwWhq,False
GenerativeAdversarialNetwork,0.0001,2,100,45,82,0.6932036876678467,0.0020829488057643,images\epochs\GenerativeAdversarialNetwork\XDZUlEwWhq,False
GenerativeAdversarialNetwork,0.0001,2,100,45,83,0.6928901672363281,0.0029962197877466,images\epochs\GenerativeAdversarialNetwork\XDZUlEwWhq,False
GenerativeAdversarialNetwork,0.0001,2,100,45,84,0.6936353445053101,0.0019421115284785,images\epochs\GenerativeAdversarialNetwork\XDZUlEwWhq,False
GenerativeAdversarialNetwork,0.0001,2,100,45,85,0.6928777098655701,0.0032110838219523,images\epochs\GenerativeAdversarialNetwork\XDZUlEwWhq,False
GenerativeAdversarialNetwork,0.0001,2,100,45,86,0.6927406787872314,0.002320590429008,images\epochs\GenerativeAdversarialNetwork\XDZUlEwWhq,False
GenerativeAdversarialNetwork,0.0001,2,100,45,87,0.6936830282211304,0.0027326496783643,images\epochs\GenerativeAdversarialNetwork\XDZUlEwWhq,False
GenerativeAdversarialNetwork,0.0001,2,100,45,88,0.6933497786521912,0.0012732562609016,images\epochs\GenerativeAdversarialNetwork\XDZUlEwWhq,False
GenerativeAdversarialNetwork,0.0001,2,100,45,89,0.6933683156967163,0.0028931663837283,images\epochs\GenerativeAdversarialNetwork\XDZUlEwWhq,False
GenerativeAdversarialNetwork,0.0001,2,100,45,90,0.692527711391449,0.0024671019054949,images\epochs\GenerativeAdversarialNetwork\XDZUlEwWhq,False
GenerativeAdversarialNetwork,0.0001,2,100,45,91,0.6933307647705078,0.0026422457303851,images\epochs\GenerativeAdversarialNetwork\XDZUlEwWhq,False
GenerativeAdversarialNetwork,0.0001,2,100,45,92,0.6929178833961487,0.0026671334635466,images\epochs\GenerativeAdversarialNetwork\XDZUlEwWhq,False
GenerativeAdversarialNetwork,0.0001,2,100,45,93,0.6931792497634888,0.0026473107282072,images\epochs\GenerativeAdversarialNetwork\XDZUlEwWhq,False
GenerativeAdversarialNetwork,0.0001,2,100,45,94,0.6929334402084351,0.0018347605364397,images\epochs\GenerativeAdversarialNetwork\XDZUlEwWhq,False
GenerativeAdversarialNetwork,0.0001,2,100,45,95,0.6929506063461304,0.0017253890400752,images\epochs\GenerativeAdversarialNetwork\XDZUlEwWhq,False
GenerativeAdversarialNetwork,0.0001,2,100,45,96,0.6935259103775024,0.0022668677847832,images\epochs\GenerativeAdversarialNetwork\XDZUlEwWhq,False
GenerativeAdversarialNetwork,0.0001,2,100,45,97,0.6937779188156128,0.0030134976841509,images\epochs\GenerativeAdversarialNetwork\XDZUlEwWhq,False
GenerativeAdversarialNetwork,0.0001,2,100,45,98,0.6931880712509155,0.0028427536599338,images\epochs\GenerativeAdversarialNetwork\XDZUlEwWhq,False
GenerativeAdversarialNetwork,0.0001,2,100,45,99,0.6935861706733704,0.0021996367722749,images\epochs\GenerativeAdversarialNetwork\XDZUlEwWhq,False
GenerativeAdversarialNetwork,0.0001,32,100,45,0,0.20527520775794983,0.021227367222309113,images\epochs\GenerativeAdversarialNetwork\dERacHhvJE,True
GenerativeAdversarialNetwork,0.0001,32,100,45,1,0.17179037630558014,0.014070280827581882,images\epochs\GenerativeAdversarialNetwork\dERacHhvJE,True
GenerativeAdversarialNetwork,0.0001,32,100,45,2,0.24358104169368744,0.012426132336258888,images\epochs\GenerativeAdversarialNetwork\dERacHhvJE,True
GenerativeAdversarialNetwork,0.0001,32,100,45,3,0.33771413564682007,0.009569027461111546,images\epochs\GenerativeAdversarialNetwork\dERacHhvJE,True
GenerativeAdversarialNetwork,0.0001,32,100,45,4,0.15829917788505554,0.011803432367742062,images\epochs\GenerativeAdversarialNetwork\dERacHhvJE,True
GenerativeAdversarialNetwork,0.0001,32,100,45,5,0.32769638299942017,0.008971670642495155,images\epochs\GenerativeAdversarialNetwork\dERacHhvJE,True
GenerativeAdversarialNetwork,0.0001,32,100,45,6,0.35768407583236694,0.007996642962098122,images\epochs\GenerativeAdversarialNetwork\dERacHhvJE,True
GenerativeAdversarialNetwork,0.0001,32,100,45,7,0.32320690155029297,0.007979155518114567,images\epochs\GenerativeAdversarialNetwork\dERacHhvJE,True
GenerativeAdversarialNetwork,0.0001,32,100,45,8,0.35807690024375916,0.00650329003110528,images\epochs\GenerativeAdversarialNetwork\dERacHhvJE,True
GenerativeAdversarialNetwork,0.0001,32,100,45,9,0.4376567602157593,0.006039939820766449,images\epochs\GenerativeAdversarialNetwork\dERacHhvJE,True
GenerativeAdversarialNetwork,0.0001,32,100,45,10,0.4582413136959076,0.006005363073199987,images\epochs\GenerativeAdversarialNetwork\dERacHhvJE,True
GenerativeAdversarialNetwork,0.0001,32,100,45,11,0.3622547686100006,0.006775392685085535,images\epochs\GenerativeAdversarialNetwork\dERacHhvJE,True
GenerativeAdversarialNetwork,0.0001,32,100,45,12,0.4144619107246399,0.005494723562151194,images\epochs\GenerativeAdversarialNetwork\dERacHhvJE,True
GenerativeAdversarialNetwork,0.0001,32,100,45,13,0.5474347472190857,0.005806333851069212,images\epochs\GenerativeAdversarialNetwork\dERacHhvJE,True
GenerativeAdversarialNetwork,0.0001,32,100,45,14,0.4301855266094208,0.004711337387561798,images\epochs\GenerativeAdversarialNetwork\dERacHhvJE,True
GenerativeAdversarialNetwork,0.0001,32,100,45,15,0.45328518748283386,0.0051805125549435616,images\epochs\GenerativeAdversarialNetwork\dERacHhvJE,True
GenerativeAdversarialNetwork,0.0001,32,100,45,16,0.34716883301734924,0.00545850396156311,images\epochs\GenerativeAdversarialNetwork\dERacHhvJE,True
GenerativeAdversarialNetwork,0.0001,32,100,45,17,0.4039073586463928,0.006958164740353823,images\epochs\GenerativeAdversarialNetwork\dERacHhvJE,True
GenerativeAdversarialNetwork,0.0001,32,100,45,18,0.49482059478759766,0.0044609070755541325,images\epochs\GenerativeAdversarialNetwork\dERacHhvJE,True
GenerativeAdversarialNetwork,0.0001,32,100,45,19,0.4210652709007263,0.00562772061675787,images\epochs\GenerativeAdversarialNetwork\dERacHhvJE,True
GenerativeAdversarialNetwork,0.0001,32,100,45,20,0.41232410073280334,0.004457149188965559,images\epochs\GenerativeAdversarialNetwork\dERacHhvJE,True
GenerativeAdversarialNetwork,0.0001,32,100,45,21,0.5160517692565918,0.004104341380298138,images\epochs\GenerativeAdversarialNetwork\dERacHhvJE,True
GenerativeAdversarialNetwork,0.0001,32,100,45,22,0.4489000141620636,0.00501901563256979,images\epochs\GenerativeAdversarialNetwork\dERacHhvJE,True
GenerativeAdversarialNetwork,0.0001,32,100,45,23,0.4880415201187134,0.004169157240539789,images\epochs\GenerativeAdversarialNetwork\dERacHhvJE,True
GenerativeAdversarialNetwork,0.0001,32,100,45,24,0.4979323744773865,0.00338446325622499,images\epochs\GenerativeAdversarialNetwork\dERacHhvJE,True
GenerativeAdversarialNetwork,0.0001,32,100,45,25,0.46320247650146484,0.0052625807002186775,images\epochs\GenerativeAdversarialNetwork\dERacHhvJE,True
GenerativeAdversarialNetwork,0.0001,32,100,45,26,0.4715990722179413,0.004089617636054754,images\epochs\GenerativeAdversarialNetwork\dERacHhvJE,True
GenerativeAdversarialNetwork,0.0001,32,100,45,27,0.3873155415058136,0.005592367611825466,images\epochs\GenerativeAdversarialNetwork\dERacHhvJE,True
GenerativeAdversarialNetwork,0.0001,32,100,45,28,0.5004395246505737,0.004565483890473843,images\epochs\GenerativeAdversarialNetwork\dERacHhvJE,True
GenerativeAdversarialNetwork,0.0001,32,100,45,29,0.5026679039001465,0.0031521415803581476,images\epochs\GenerativeAdversarialNetwork\dERacHhvJE,True
GenerativeAdversarialNetwork,0.0001,32,100,45,30,0.4398244023323059,0.0047454992309212685,images\epochs\GenerativeAdversarialNetwork\dERacHhvJE,True
GenerativeAdversarialNetwork,0.0001,32,100,45,31,0.5275645852088928,0.0032820464111864567,images\epochs\GenerativeAdversarialNetwork\dERacHhvJE,True
GenerativeAdversarialNetwork,0.0001,32,100,45,32,0.5197458863258362,0.003934827167540789,images\epochs\GenerativeAdversarialNetwork\dERacHhvJE,True
GenerativeAdversarialNetwork,0.0001,32,100,45,33,0.6422023177146912,0.002613707911223173,images\epochs\GenerativeAdversarialNetwork\dERacHhvJE,True
GenerativeAdversarialNetwork,0.0001,32,100,45,34,0.41632726788520813,0.0038290235679596663,images\epochs\GenerativeAdversarialNetwork\dERacHhvJE,True
GenerativeAdversarialNetwork,0.0001,32,100,45,35,0.49720141291618347,0.004046299494802952,images\epochs\GenerativeAdversarialNetwork\dERacHhvJE,True
GenerativeAdversarialNetwork,0.0001,32,100,45,36,0.5313145518302917,0.0038423524238169193,images\epochs\GenerativeAdversarialNetwork\dERacHhvJE,True
GenerativeAdversarialNetwork,0.0001,32,100,45,37,0.47851479053497314,0.0034348261542618275,images\epochs\GenerativeAdversarialNetwork\dERacHhvJE,True
GenerativeAdversarialNetwork,0.0001,32,100,45,38,0.5479840040206909,0.0019612652249634266,images\epochs\GenerativeAdversarialNetwork\dERacHhvJE,True
GenerativeAdversarialNetwork,0.0001,32,100,45,39,0.579380452632904,0.0035834331065416336,images\epochs\GenerativeAdversarialNetwork\dERacHhvJE,True
GenerativeAdversarialNetwork,0.0001,32,100,45,40,0.47001010179519653,0.003988416865468025,images\epochs\GenerativeAdversarialNetwork\dERacHhvJE,True
GenerativeAdversarialNetwork,0.0001,32,100,45,41,0.546846866607666,0.003085223725065589,images\epochs\GenerativeAdversarialNetwork\dERacHhvJE,True
GenerativeAdversarialNetwork,0.0001,32,100,45,42,0.5807304382324219,0.002954771276563406,images\epochs\GenerativeAdversarialNetwork\dERacHhvJE,True
GenerativeAdversarialNetwork,0.0001,32,100,45,43,0.5339694619178772,0.00529053807258606,images\epochs\GenerativeAdversarialNetwork\dERacHhvJE,True
GenerativeAdversarialNetwork,0.0001,32,100,45,44,0.5402278304100037,0.0036838825326412916,images\epochs\GenerativeAdversarialNetwork\dERacHhvJE,True
GenerativeAdversarialNetwork,0.0001,32,100,45,45,0.6225513219833374,0.004678016994148493,images\epochs\GenerativeAdversarialNetwork\dERacHhvJE,True
GenerativeAdversarialNetwork,0.0001,32,100,45,46,0.5992063879966736,0.0033079262357205153,images\epochs\GenerativeAdversarialNetwork\dERacHhvJE,True
GenerativeAdversarialNetwork,0.0001,32,100,45,47,0.5718724727630615,0.0012936621205881238,images\epochs\GenerativeAdversarialNetwork\dERacHhvJE,True
GenerativeAdversarialNetwork,0.0001,32,100,45,48,0.5783888101577759,0.0028554059099406004,images\epochs\GenerativeAdversarialNetwork\dERacHhvJE,True
GenerativeAdversarialNetwork,0.0001,32,100,45,49,0.5516297221183777,0.002483486896380782,images\epochs\GenerativeAdversarialNetwork\dERacHhvJE,True
GenerativeAdversarialNetwork,0.0001,32,100,45,50,0.5979703068733215,0.004299645312130451,images\epochs\GenerativeAdversarialNetwork\dERacHhvJE,True
GenerativeAdversarialNetwork,0.0001,32,100,45,51,0.5405664443969727,0.002950138645246625,images\epochs\GenerativeAdversarialNetwork\dERacHhvJE,True
GenerativeAdversarialNetwork,0.0001,32,100,45,52,0.5928837656974792,0.004047537222504616,images\epochs\GenerativeAdversarialNetwork\dERacHhvJE,True
GenerativeAdversarialNetwork,0.0001,32,100,45,53,0.606406569480896,0.0020796668250113726,images\epochs\GenerativeAdversarialNetwork\dERacHhvJE,True
GenerativeAdversarialNetwork,0.0001,32,100,45,54,0.587004542350769,0.0027158025186508894,images\epochs\GenerativeAdversarialNetwork\dERacHhvJE,True
GenerativeAdversarialNetwork,0.0001,32,100,45,55,0.5758926868438721,0.004008003976196051,images\epochs\GenerativeAdversarialNetwork\dERacHhvJE,True
GenerativeAdversarialNetwork,0.0001,32,100,45,56,0.6587912440299988,0.003742797300219536,images\epochs\GenerativeAdversarialNetwork\dERacHhvJE,True
GenerativeAdversarialNetwork,0.0001,32,100,45,57,0.5731497406959534,0.002726013772189617,images\epochs\GenerativeAdversarialNetwork\dERacHhvJE,True
GenerativeAdversarialNetwork,0.0001,32,100,45,58,0.6201410889625549,0.002308869268745184,images\epochs\GenerativeAdversarialNetwork\dERacHhvJE,True
GenerativeAdversarialNetwork,0.0001,32,100,45,59,0.5788730978965759,0.0036403664853423834,images\epochs\GenerativeAdversarialNetwork\dERacHhvJE,True
GenerativeAdversarialNetwork,0.0001,32,100,45,60,0.6013339757919312,0.0029080843087285757,images\epochs\GenerativeAdversarialNetwork\dERacHhvJE,True
GenerativeAdversarialNetwork,0.0001,32,100,45,61,0.6193369626998901,0.0032149392645806074,images\epochs\GenerativeAdversarialNetwork\dERacHhvJE,True
GenerativeAdversarialNetwork,0.0001,32,100,45,62,0.5984814167022705,0.0023237483110278845,images\epochs\GenerativeAdversarialNetwork\dERacHhvJE,True
GenerativeAdversarialNetwork,0.0001,32,100,45,63,0.5973749160766602,0.003272985341027379,images\epochs\GenerativeAdversarialNetwork\dERacHhvJE,True
GenerativeAdversarialNetwork,0.0001,32,100,45,64,0.649681568145752,0.002540644258260727,images\epochs\GenerativeAdversarialNetwork\dERacHhvJE,True
GenerativeAdversarialNetwork,0.0001,32,100,45,65,0.6029043793678284,0.002650623209774494,images\epochs\GenerativeAdversarialNetwork\dERacHhvJE,True
GenerativeAdversarialNetwork,0.0001,32,100,45,66,0.6740593910217285,0.0026803729124367237,images\epochs\GenerativeAdversarialNetwork\dERacHhvJE,True
GenerativeAdversarialNetwork,0.0001,32,100,45,67,0.6340709328651428,0.003559686476364732,images\epochs\GenerativeAdversarialNetwork\dERacHhvJE,True
GenerativeAdversarialNetwork,0.0001,32,100,45,68,0.5652713775634766,0.002587485359981656,images\epochs\GenerativeAdversarialNetwork\dERacHhvJE,True
GenerativeAdversarialNetwork,0.0001,32,100,45,69,0.6540794372558594,0.0016064585652202368,images\epochs\GenerativeAdversarialNetwork\dERacHhvJE,True
GenerativeAdversarialNetwork,0.0001,32,100,45,70,0.6395074129104614,0.002176875015720725,images\epochs\GenerativeAdversarialNetwork\dERacHhvJE,True
GenerativeAdversarialNetwork,0.0001,32,100,45,71,0.6355724930763245,0.0027541094459593296,images\epochs\GenerativeAdversarialNetwork\dERacHhvJE,True
GenerativeAdversarialNetwork,0.0001,32,100,45,72,0.6525799632072449,0.0021889712661504745,images\epochs\GenerativeAdversarialNetwork\dERacHhvJE,True
GenerativeAdversarialNetwork,0.0001,32,100,45,73,0.6365160942077637,0.0013921111822128296,images\epochs\GenerativeAdversarialNetwork\dERacHhvJE,True
GenerativeAdversarialNetwork,0.0001,32,100,45,74,0.6255874633789062,0.0025984537787735462,images\epochs\GenerativeAdversarialNetwork\dERacHhvJE,True
GenerativeAdversarialNetwork,0.0001,32,100,45,75,0.6362691521644592,0.0025419946759939194,images\epochs\GenerativeAdversarialNetwork\dERacHhvJE,True
GenerativeAdversarialNetwork,0.0001,32,100,45,76,0.661385178565979,0.0024156419094651937,images\epochs\GenerativeAdversarialNetwork\dERacHhvJE,True
GenerativeAdversarialNetwork,0.0001,32,100,45,77,0.6561013460159302,0.0026965495198965073,images\epochs\GenerativeAdversarialNetwork\dERacHhvJE,True
GenerativeAdversarialNetwork,0.0001,32,100,45,78,0.6173744201660156,0.0018756829667836428,images\epochs\GenerativeAdversarialNetwork\dERacHhvJE,True
GenerativeAdversarialNetwork,0.0001,32,100,45,79,0.6671823263168335,0.0029128745663911104,images\epochs\GenerativeAdversarialNetwork\dERacHhvJE,True
GenerativeAdversarialNetwork,0.0001,32,100,45,80,0.6491041779518127,0.003589994041249156,images\epochs\GenerativeAdversarialNetwork\dERacHhvJE,True
GenerativeAdversarialNetwork,0.0001,32,100,45,81,0.6193985342979431,0.0016410446260124445,images\epochs\GenerativeAdversarialNetwork\dERacHhvJE,True
GenerativeAdversarialNetwork,0.0001,32,100,45,82,0.6418336629867554,0.002185698365792632,images\epochs\GenerativeAdversarialNetwork\dERacHhvJE,True
GenerativeAdversarialNetwork,0.0001,32,100,45,83,0.6444541811943054,0.002289362484589219,images\epochs\GenerativeAdversarialNetwork\dERacHhvJE,True
GenerativeAdversarialNetwork,0.0001,32,100,45,84,0.665273129940033,0.0024586995132267475,images\epochs\GenerativeAdversarialNetwork\dERacHhvJE,True
GenerativeAdversarialNetwork,0.0001,32,100,45,85,0.6309047341346741,0.0026745463255792856,images\epochs\GenerativeAdversarialNetwork\dERacHhvJE,True
GenerativeAdversarialNetwork,0.0001,32,100,45,86,0.6843383312225342,0.0014342311769723892,images\epochs\GenerativeAdversarialNetwork\dERacHhvJE,True
GenerativeAdversarialNetwork,0.0001,32,100,45,87,0.6532841324806213,0.004334034863859415,images\epochs\GenerativeAdversarialNetwork\dERacHhvJE,True
GenerativeAdversarialNetwork,0.0001,32,100,45,88,0.6709277629852295,0.0013631399488076568,images\epochs\GenerativeAdversarialNetwork\dERacHhvJE,True
GenerativeAdversarialNetwork,0.0001,32,100,45,89,0.6302163600921631,0.0018818816170096397,images\epochs\GenerativeAdversarialNetwork\dERacHhvJE,True
GenerativeAdversarialNetwork,0.0001,32,100,45,90,0.6316138505935669,0.0029793130233883858,images\epochs\GenerativeAdversarialNetwork\dERacHhvJE,True
GenerativeAdversarialNetwork,0.0001,32,100,45,91,0.6727386713027954,0.002995488466694951,images\epochs\GenerativeAdversarialNetwork\dERacHhvJE,True
GenerativeAdversarialNetwork,0.0001,32,100,45,92,0.6296758055686951,0.002595308003947139,images\epochs\GenerativeAdversarialNetwork\dERacHhvJE,True
GenerativeAdversarialNetwork,0.0001,32,100,45,93,0.6386633515357971,0.0019399201264604926,images\epochs\GenerativeAdversarialNetwork\dERacHhvJE,True
GenerativeAdversarialNetwork,0.0001,32,100,45,94,0.6849313974380493,0.0023629511706531048,images\epochs\GenerativeAdversarialNetwork\dERacHhvJE,True
GenerativeAdversarialNetwork,0.0001,32,100,45,95,0.6760120391845703,0.002219638554379344,images\epochs\GenerativeAdversarialNetwork\dERacHhvJE,True
GenerativeAdversarialNetwork,0.0001,32,100,45,96,0.6406296491622925,0.002842317335307598,images\epochs\GenerativeAdversarialNetwork\dERacHhvJE,True
GenerativeAdversarialNetwork,0.0001,32,100,45,97,0.6552731394767761,0.0017393986927345395,images\epochs\GenerativeAdversarialNetwork\dERacHhvJE,True
GenerativeAdversarialNetwork,0.0001,32,100,45,98,0.6604814529418945,0.0021491283550858498,images\epochs\GenerativeAdversarialNetwork\dERacHhvJE,True
GenerativeAdversarialNetwork,0.0001,32,100,45,99,0.6127551794052124,0.0020004729740321636,images\epochs\GenerativeAdversarialNetwork\dERacHhvJE,True
GenerativeAdversarialNetwork,0.0001,20,100,45,0,0.2526393532752991,0.02105206437408924,images\epochs\GenerativeAdversarialNetwork\bJxiJAwXls,True
GenerativeAdversarialNetwork,0.0001,20,100,45,1,0.40220898389816284,0.01518190186470747,images\epochs\GenerativeAdversarialNetwork\bJxiJAwXls,True
GenerativeAdversarialNetwork,0.0001,20,100,45,2,0.42595288157463074,0.013132065534591675,images\epochs\GenerativeAdversarialNetwork\bJxiJAwXls,True
GenerativeAdversarialNetwork,0.0001,20,100,45,3,0.5391951203346252,0.009605190716683865,images\epochs\GenerativeAdversarialNetwork\bJxiJAwXls,True
GenerativeAdversarialNetwork,0.0001,20,100,45,4,0.535073459148407,0.009765813127160072,images\epochs\GenerativeAdversarialNetwork\bJxiJAwXls,True
GenerativeAdversarialNetwork,0.0001,20,100,45,5,0.5767298936843872,0.009626348502933979,images\epochs\GenerativeAdversarialNetwork\bJxiJAwXls,True
GenerativeAdversarialNetwork,0.0001,20,100,45,6,0.6771225333213806,0.00859280675649643,images\epochs\GenerativeAdversarialNetwork\bJxiJAwXls,True
GenerativeAdversarialNetwork,0.0001,20,100,45,7,0.6504086256027222,0.007681753020733595,images\epochs\GenerativeAdversarialNetwork\bJxiJAwXls,True
GenerativeAdversarialNetwork,0.0001,20,100,45,8,0.6951852440834045,0.00619457708671689,images\epochs\GenerativeAdversarialNetwork\bJxiJAwXls,True
GenerativeAdversarialNetwork,0.0001,20,100,45,9,0.6941136121749878,0.006238918751478195,images\epochs\GenerativeAdversarialNetwork\bJxiJAwXls,True
GenerativeAdversarialNetwork,0.0001,20,100,45,10,0.6992664337158203,0.007051125168800354,images\epochs\GenerativeAdversarialNetwork\bJxiJAwXls,True
GenerativeAdversarialNetwork,0.0001,20,100,45,11,0.6948282718658447,0.00612874049693346,images\epochs\GenerativeAdversarialNetwork\bJxiJAwXls,True
GenerativeAdversarialNetwork,0.0001,20,100,45,12,0.6975787878036499,0.007221591658890247,images\epochs\GenerativeAdversarialNetwork\bJxiJAwXls,True
GenerativeAdversarialNetwork,0.0001,20,100,45,13,0.6912762522697449,0.005015017930418253,images\epochs\GenerativeAdversarialNetwork\bJxiJAwXls,True
GenerativeAdversarialNetwork,0.0001,20,100,45,14,0.6940287351608276,0.004621925763785839,images\epochs\GenerativeAdversarialNetwork\bJxiJAwXls,True
GenerativeAdversarialNetwork,0.0001,20,100,45,15,0.6919268369674683,0.006038683466613293,images\epochs\GenerativeAdversarialNetwork\bJxiJAwXls,True
GenerativeAdversarialNetwork,0.0001,20,100,45,16,0.6940542459487915,0.005075779743492603,images\epochs\GenerativeAdversarialNetwork\bJxiJAwXls,True
GenerativeAdversarialNetwork,0.0001,20,100,45,17,0.6899929642677307,0.007259048987179995,images\epochs\GenerativeAdversarialNetwork\bJxiJAwXls,True
GenerativeAdversarialNetwork,0.0001,20,100,45,18,0.6964681148529053,0.00582924485206604,images\epochs\GenerativeAdversarialNetwork\bJxiJAwXls,True
GenerativeAdversarialNetwork,0.0001,20,100,45,19,0.6943044066429138,0.005948115140199661,images\epochs\GenerativeAdversarialNetwork\bJxiJAwXls,True
GenerativeAdversarialNetwork,0.0001,20,100,45,20,0.6932811737060547,0.0039209723472595215,images\epochs\GenerativeAdversarialNetwork\bJxiJAwXls,True
GenerativeAdversarialNetwork,0.0001,20,100,45,21,0.6939929723739624,0.005062961485236883,images\epochs\GenerativeAdversarialNetwork\bJxiJAwXls,True
GenerativeAdversarialNetwork,0.0001,20,100,45,22,0.692997395992279,0.004583448637276888,images\epochs\GenerativeAdversarialNetwork\bJxiJAwXls,True
GenerativeAdversarialNetwork,0.0001,20,100,45,23,0.692438542842865,0.004061632789671421,images\epochs\GenerativeAdversarialNetwork\bJxiJAwXls,True
GenerativeAdversarialNetwork,0.0001,20,100,45,24,0.6921759247779846,0.0047878422774374485,images\epochs\GenerativeAdversarialNetwork\bJxiJAwXls,True
GenerativeAdversarialNetwork,0.0001,20,100,45,25,0.6938726902008057,0.0029276497662067413,images\epochs\GenerativeAdversarialNetwork\bJxiJAwXls,True
GenerativeAdversarialNetwork,0.0001,20,100,45,26,0.6930519342422485,0.003642513183876872,images\epochs\GenerativeAdversarialNetwork\bJxiJAwXls,True
GenerativeAdversarialNetwork,0.0001,20,100,45,27,0.695662796497345,0.003453383455052972,images\epochs\GenerativeAdversarialNetwork\bJxiJAwXls,True
GenerativeAdversarialNetwork,0.0001,20,100,45,28,0.6914435029029846,0.0037622866220772266,images\epochs\GenerativeAdversarialNetwork\bJxiJAwXls,True
GenerativeAdversarialNetwork,0.0001,20,100,45,29,0.6926578879356384,0.003967638127505779,images\epochs\GenerativeAdversarialNetwork\bJxiJAwXls,True
GenerativeAdversarialNetwork,0.0001,20,100,45,30,0.6922956705093384,0.0039191958494484425,images\epochs\GenerativeAdversarialNetwork\bJxiJAwXls,True
GenerativeAdversarialNetwork,0.0001,20,100,45,31,0.6938396096229553,0.0032505870331078768,images\epochs\GenerativeAdversarialNetwork\bJxiJAwXls,True
GenerativeAdversarialNetwork,0.0001,20,100,45,32,0.693845808506012,0.0029658011626452208,images\epochs\GenerativeAdversarialNetwork\bJxiJAwXls,True
GenerativeAdversarialNetwork,0.0001,20,100,45,33,0.6928133964538574,0.0034639376681298018,images\epochs\GenerativeAdversarialNetwork\bJxiJAwXls,True
GenerativeAdversarialNetwork,0.0001,20,100,45,34,0.6928735971450806,0.0039608352817595005,images\epochs\GenerativeAdversarialNetwork\bJxiJAwXls,True
GenerativeAdversarialNetwork,0.0001,20,100,45,35,0.6927182674407959,0.0023802821524441242,images\epochs\GenerativeAdversarialNetwork\bJxiJAwXls,True
GenerativeAdversarialNetwork,0.0001,20,100,45,36,0.6931196451187134,0.00238219671882689,images\epochs\GenerativeAdversarialNetwork\bJxiJAwXls,True
GenerativeAdversarialNetwork,0.0001,20,100,45,37,0.693001389503479,0.0029215961694717407,images\epochs\GenerativeAdversarialNetwork\bJxiJAwXls,True
GenerativeAdversarialNetwork,0.0001,20,100,45,38,0.6935860514640808,0.0024056092370301485,images\epochs\GenerativeAdversarialNetwork\bJxiJAwXls,True
GenerativeAdversarialNetwork,0.0001,20,100,45,39,0.6932482123374939,0.0031001013703644276,images\epochs\GenerativeAdversarialNetwork\bJxiJAwXls,True
GenerativeAdversarialNetwork,0.0001,20,100,45,40,0.6927313804626465,0.0034079484175890684,images\epochs\GenerativeAdversarialNetwork\bJxiJAwXls,True
GenerativeAdversarialNetwork,0.0001,20,100,45,41,0.6941791772842407,0.002934368560090661,images\epochs\GenerativeAdversarialNetwork\bJxiJAwXls,True
GenerativeAdversarialNetwork,0.0001,20,100,45,42,0.6940303444862366,0.0024700043722987175,images\epochs\GenerativeAdversarialNetwork\bJxiJAwXls,True
GenerativeAdversarialNetwork,0.0001,20,100,45,43,0.6932242512702942,0.004033190198242664,images\epochs\GenerativeAdversarialNetwork\bJxiJAwXls,True
GenerativeAdversarialNetwork,0.0001,20,100,45,44,0.6941710114479065,0.0033501186408102512,images\epochs\GenerativeAdversarialNetwork\bJxiJAwXls,True
GenerativeAdversarialNetwork,0.0001,20,100,45,45,0.6920989155769348,0.0020636036060750484,images\epochs\GenerativeAdversarialNetwork\bJxiJAwXls,True
GenerativeAdversarialNetwork,0.0001,20,100,45,46,0.6930208206176758,0.002039786195382476,images\epochs\GenerativeAdversarialNetwork\bJxiJAwXls,True
GenerativeAdversarialNetwork,0.0001,20,100,45,47,0.6942700147628784,0.00256515946239233,images\epochs\GenerativeAdversarialNetwork\bJxiJAwXls,True
GenerativeAdversarialNetwork,0.0001,20,100,45,48,0.6935181021690369,0.0022240346297621727,images\epochs\GenerativeAdversarialNetwork\bJxiJAwXls,True
GenerativeAdversarialNetwork,0.0001,20,100,45,49,0.6927507519721985,0.0032347452361136675,images\epochs\GenerativeAdversarialNetwork\bJxiJAwXls,True
GenerativeAdversarialNetwork,0.0001,20,100,45,50,0.6925562024116516,0.004659200087189674,images\epochs\GenerativeAdversarialNetwork\bJxiJAwXls,True
GenerativeAdversarialNetwork,0.0001,20,100,45,51,0.6925572156906128,0.003068633610382676,images\epochs\GenerativeAdversarialNetwork\bJxiJAwXls,True
GenerativeAdversarialNetwork,0.0001,20,100,45,52,0.6925590634346008,0.003109548008069396,images\epochs\GenerativeAdversarialNetwork\bJxiJAwXls,True
GenerativeAdversarialNetwork,0.0001,20,100,45,53,0.6927897930145264,0.002898726612329483,images\epochs\GenerativeAdversarialNetwork\bJxiJAwXls,True
GenerativeAdversarialNetwork,0.0001,20,100,45,54,0.6937119364738464,0.0020249057561159134,images\epochs\GenerativeAdversarialNetwork\bJxiJAwXls,True
GenerativeAdversarialNetwork,0.0001,20,100,45,55,0.6934764385223389,0.0028719042893499136,images\epochs\GenerativeAdversarialNetwork\bJxiJAwXls,True
GenerativeAdversarialNetwork,0.0001,20,100,45,56,0.6932776570320129,0.0025529940612614155,images\epochs\GenerativeAdversarialNetwork\bJxiJAwXls,True
GenerativeAdversarialNetwork,0.0001,20,100,45,57,0.693526029586792,0.002966012805700302,images\epochs\GenerativeAdversarialNetwork\bJxiJAwXls,True
GenerativeAdversarialNetwork,0.0001,20,100,45,58,0.6938113570213318,0.003297516144812107,images\epochs\GenerativeAdversarialNetwork\bJxiJAwXls,True
GenerativeAdversarialNetwork,0.0001,20,100,45,59,0.693233847618103,0.0022907534148544073,images\epochs\GenerativeAdversarialNetwork\bJxiJAwXls,True
GenerativeAdversarialNetwork,0.0001,20,100,45,60,0.6923750042915344,0.0024509953800588846,images\epochs\GenerativeAdversarialNetwork\bJxiJAwXls,True
GenerativeAdversarialNetwork,0.0001,20,100,45,61,0.6923983693122864,0.0025280939880758524,images\epochs\GenerativeAdversarialNetwork\bJxiJAwXls,True
GenerativeAdversarialNetwork,0.0001,20,100,45,62,0.6931396722793579,0.0016158779617398977,images\epochs\GenerativeAdversarialNetwork\bJxiJAwXls,True
GenerativeAdversarialNetwork,0.0001,20,100,45,63,0.6928905844688416,0.0026837352197617292,images\epochs\GenerativeAdversarialNetwork\bJxiJAwXls,True
GenerativeAdversarialNetwork,0.0001,20,100,45,64,0.6930602788925171,0.0023526784498244524,images\epochs\GenerativeAdversarialNetwork\bJxiJAwXls,True
GenerativeAdversarialNetwork,0.0001,20,100,45,65,0.6928847432136536,0.0035120416432619095,images\epochs\GenerativeAdversarialNetwork\bJxiJAwXls,True
GenerativeAdversarialNetwork,0.0001,20,100,45,66,0.6933106184005737,0.0021452270448207855,images\epochs\GenerativeAdversarialNetwork\bJxiJAwXls,True
GenerativeAdversarialNetwork,0.0001,20,100,45,67,0.6928604245185852,0.0016441562911495566,images\epochs\GenerativeAdversarialNetwork\bJxiJAwXls,True
GenerativeAdversarialNetwork,0.0001,20,100,45,68,0.6931513547897339,0.0022756289690732956,images\epochs\GenerativeAdversarialNetwork\bJxiJAwXls,True
GenerativeAdversarialNetwork,0.0001,20,100,45,69,0.6934071183204651,0.002902592997997999,images\epochs\GenerativeAdversarialNetwork\bJxiJAwXls,True
GenerativeAdversarialNetwork,0.0001,20,100,45,70,0.6938844919204712,0.0018939737929031253,images\epochs\GenerativeAdversarialNetwork\bJxiJAwXls,True
GenerativeAdversarialNetwork,0.0001,20,100,45,71,0.6924347877502441,0.0031217196956276894,images\epochs\GenerativeAdversarialNetwork\bJxiJAwXls,True
GenerativeAdversarialNetwork,0.0001,20,100,45,72,0.6933561563491821,0.0019816486164927483,images\epochs\GenerativeAdversarialNetwork\bJxiJAwXls,True
GenerativeAdversarialNetwork,0.0001,20,100,45,73,0.6923739314079285,0.002104142913594842,images\epochs\GenerativeAdversarialNetwork\bJxiJAwXls,True
GenerativeAdversarialNetwork,0.0001,20,100,45,74,0.6931586265563965,0.0020357135217636824,images\epochs\GenerativeAdversarialNetwork\bJxiJAwXls,True
GenerativeAdversarialNetwork,0.0001,20,100,45,75,0.6929014921188354,0.0020715140271931887,images\epochs\GenerativeAdversarialNetwork\bJxiJAwXls,True
GenerativeAdversarialNetwork,0.0001,20,100,45,76,0.6931724548339844,0.002061845501884818,images\epochs\GenerativeAdversarialNetwork\bJxiJAwXls,True
GenerativeAdversarialNetwork,0.0001,20,100,45,77,0.6929985284805298,0.002074791118502617,images\epochs\GenerativeAdversarialNetwork\bJxiJAwXls,True
GenerativeAdversarialNetwork,0.0001,20,100,45,78,0.6935414671897888,0.0019701169803738594,images\epochs\GenerativeAdversarialNetwork\bJxiJAwXls,True
GenerativeAdversarialNetwork,0.0001,20,100,45,79,0.6933994293212891,0.0024328427389264107,images\epochs\GenerativeAdversarialNetwork\bJxiJAwXls,True
GenerativeAdversarialNetwork,0.0001,20,100,45,80,0.6934704184532166,0.0020847232080996037,images\epochs\GenerativeAdversarialNetwork\bJxiJAwXls,True
GenerativeAdversarialNetwork,0.0001,20,100,45,81,0.6928085684776306,0.001114656450226903,images\epochs\GenerativeAdversarialNetwork\bJxiJAwXls,True
GenerativeAdversarialNetwork,0.0001,20,100,45,82,0.6934154033660889,0.002175993984565139,images\epochs\GenerativeAdversarialNetwork\bJxiJAwXls,True
GenerativeAdversarialNetwork,0.0001,20,100,45,83,0.6935161352157593,0.0022201333194971085,images\epochs\GenerativeAdversarialNetwork\bJxiJAwXls,True
GenerativeAdversarialNetwork,0.0001,20,100,45,84,0.6934298276901245,0.0030673725996166468,images\epochs\GenerativeAdversarialNetwork\bJxiJAwXls,True
GenerativeAdversarialNetwork,0.0001,20,100,45,85,0.6928286552429199,0.002410824643447995,images\epochs\GenerativeAdversarialNetwork\bJxiJAwXls,True
GenerativeAdversarialNetwork,0.0001,20,100,45,86,0.6931312084197998,0.002143985591828823,images\epochs\GenerativeAdversarialNetwork\bJxiJAwXls,True
GenerativeAdversarialNetwork,0.0001,20,100,45,87,0.6932553052902222,0.002038888167589903,images\epochs\GenerativeAdversarialNetwork\bJxiJAwXls,True
GenerativeAdversarialNetwork,0.0001,20,100,45,88,0.6928719878196716,0.002626954112201929,images\epochs\GenerativeAdversarialNetwork\bJxiJAwXls,True
GenerativeAdversarialNetwork,0.0001,20,100,45,89,0.6925727725028992,0.0026864083483815193,images\epochs\GenerativeAdversarialNetwork\bJxiJAwXls,True
GenerativeAdversarialNetwork,0.0001,20,100,45,90,0.6928862929344177,0.0016332283848896623,images\epochs\GenerativeAdversarialNetwork\bJxiJAwXls,True
GenerativeAdversarialNetwork,0.0001,20,100,45,91,0.6932732462882996,0.0025974197778850794,images\epochs\GenerativeAdversarialNetwork\bJxiJAwXls,True
GenerativeAdversarialNetwork,0.0001,20,100,45,92,0.6937851309776306,0.0011799786007031798,images\epochs\GenerativeAdversarialNetwork\bJxiJAwXls,True
GenerativeAdversarialNetwork,0.0001,20,100,45,93,0.6934857964515686,0.0011229742085561156,images\epochs\GenerativeAdversarialNetwork\bJxiJAwXls,True
GenerativeAdversarialNetwork,0.0001,20,100,45,94,0.6929705142974854,0.0021272217854857445,images\epochs\GenerativeAdversarialNetwork\bJxiJAwXls,True
GenerativeAdversarialNetwork,0.0001,20,100,45,95,0.6930381059646606,0.0015574964927509427,images\epochs\GenerativeAdversarialNetwork\bJxiJAwXls,True
GenerativeAdversarialNetwork,0.0001,20,100,45,96,0.6931236982345581,0.0010170325404033065,images\epochs\GenerativeAdversarialNetwork\bJxiJAwXls,True
GenerativeAdversarialNetwork,0.0001,20,100,45,97,0.6928818225860596,0.0016923212679103017,images\epochs\GenerativeAdversarialNetwork\bJxiJAwXls,True
GenerativeAdversarialNetwork,0.0001,20,100,45,98,0.6933150887489319,0.0012883818708360195,images\epochs\GenerativeAdversarialNetwork\bJxiJAwXls,True
GenerativeAdversarialNetwork,0.0001,20,100,45,99,0.6930539011955261,0.0023901406675577164,images\epochs\GenerativeAdversarialNetwork\bJxiJAwXls,True
GenerativeAdversarialNetwork,0.0001,16,100,45,0,0.48647749423980713,0.018259599804878235,images\epochs\GenerativeAdversarialNetwork\kvCOlpiWQk,True
GenerativeAdversarialNetwork,0.0001,16,100,45,1,0.5857049226760864,0.01557905599474907,images\epochs\GenerativeAdversarialNetwork\kvCOlpiWQk,True
GenerativeAdversarialNetwork,0.0001,16,100,45,2,0.6259295344352722,0.014530148357152939,images\epochs\GenerativeAdversarialNetwork\kvCOlpiWQk,True
GenerativeAdversarialNetwork,0.0001,16,100,45,3,0.6724342107772827,0.010408726520836353,images\epochs\GenerativeAdversarialNetwork\kvCOlpiWQk,True
GenerativeAdversarialNetwork,0.0001,16,100,45,4,0.6922118067741394,0.009148812852799892,images\epochs\GenerativeAdversarialNetwork\kvCOlpiWQk,True
GenerativeAdversarialNetwork,0.0001,16,100,45,5,0.6849626302719116,0.008714008145034313,images\epochs\GenerativeAdversarialNetwork\kvCOlpiWQk,True
GenerativeAdversarialNetwork,0.0001,16,100,45,6,0.689318835735321,0.008899170905351639,images\epochs\GenerativeAdversarialNetwork\kvCOlpiWQk,True
GenerativeAdversarialNetwork,0.0001,16,100,45,7,0.693228006362915,0.00923958234488964,images\epochs\GenerativeAdversarialNetwork\kvCOlpiWQk,True
GenerativeAdversarialNetwork,0.0001,16,100,45,8,0.6935644745826721,0.008076016791164875,images\epochs\GenerativeAdversarialNetwork\kvCOlpiWQk,True
GenerativeAdversarialNetwork,0.0001,16,100,45,9,0.692629873752594,0.006307261995971203,images\epochs\GenerativeAdversarialNetwork\kvCOlpiWQk,True
GenerativeAdversarialNetwork,0.0001,16,100,45,10,0.6932811737060547,0.0056535545736551285,images\epochs\GenerativeAdversarialNetwork\kvCOlpiWQk,True
GenerativeAdversarialNetwork,0.0001,16,100,45,11,0.6883943676948547,0.007427132688462734,images\epochs\GenerativeAdversarialNetwork\kvCOlpiWQk,True
GenerativeAdversarialNetwork,0.0001,16,100,45,12,0.6921666264533997,0.007303854450583458,images\epochs\GenerativeAdversarialNetwork\kvCOlpiWQk,True
GenerativeAdversarialNetwork,0.0001,16,100,45,13,0.6925666332244873,0.006389041896909475,images\epochs\GenerativeAdversarialNetwork\kvCOlpiWQk,True
GenerativeAdversarialNetwork,0.0001,16,100,45,14,0.69410240650177,0.006089398171752691,images\epochs\GenerativeAdversarialNetwork\kvCOlpiWQk,True
GenerativeAdversarialNetwork,0.0001,16,100,45,15,0.6921418905258179,0.00705475639551878,images\epochs\GenerativeAdversarialNetwork\kvCOlpiWQk,True
GenerativeAdversarialNetwork,0.0001,16,100,45,16,0.694460928440094,0.0043092649430036545,images\epochs\GenerativeAdversarialNetwork\kvCOlpiWQk,True
GenerativeAdversarialNetwork,0.0001,16,100,45,17,0.6931907534599304,0.005468347575515509,images\epochs\GenerativeAdversarialNetwork\kvCOlpiWQk,True
GenerativeAdversarialNetwork,0.0001,16,100,45,18,0.6937354207038879,0.0048948973417282104,images\epochs\GenerativeAdversarialNetwork\kvCOlpiWQk,True
GenerativeAdversarialNetwork,0.0001,16,100,45,19,0.6909310221672058,0.0054097846150398254,images\epochs\GenerativeAdversarialNetwork\kvCOlpiWQk,True
GenerativeAdversarialNetwork,0.0001,16,100,45,20,0.6948674321174622,0.00628406647592783,images\epochs\GenerativeAdversarialNetwork\kvCOlpiWQk,True
GenerativeAdversarialNetwork,0.0001,16,100,45,21,0.6935665011405945,0.0044167800806462765,images\epochs\GenerativeAdversarialNetwork\kvCOlpiWQk,True
GenerativeAdversarialNetwork,0.0001,16,100,45,22,0.692312479019165,0.004298470448702574,images\epochs\GenerativeAdversarialNetwork\kvCOlpiWQk,True
GenerativeAdversarialNetwork,0.0001,16,100,45,23,0.6928772926330566,0.004011811222881079,images\epochs\GenerativeAdversarialNetwork\kvCOlpiWQk,True
GenerativeAdversarialNetwork,0.0001,16,100,45,24,0.6922752857208252,0.00440619932487607,images\epochs\GenerativeAdversarialNetwork\kvCOlpiWQk,True
GenerativeAdversarialNetwork,0.0001,16,100,45,25,0.6926568150520325,0.004031738732010126,images\epochs\GenerativeAdversarialNetwork\kvCOlpiWQk,True
GenerativeAdversarialNetwork,0.0001,16,100,45,26,0.6924862265586853,0.0035861870273947716,images\epochs\GenerativeAdversarialNetwork\kvCOlpiWQk,True
GenerativeAdversarialNetwork,0.0001,16,100,45,27,0.6940944194793701,0.002757419366389513,images\epochs\GenerativeAdversarialNetwork\kvCOlpiWQk,True
GenerativeAdversarialNetwork,0.0001,16,100,45,28,0.6924504041671753,0.00313915335573256,images\epochs\GenerativeAdversarialNetwork\kvCOlpiWQk,True
GenerativeAdversarialNetwork,0.0001,16,100,45,29,0.6911222338676453,0.0027367982547730207,images\epochs\GenerativeAdversarialNetwork\kvCOlpiWQk,True
GenerativeAdversarialNetwork,0.0001,16,100,45,30,0.6944082975387573,0.004097930621355772,images\epochs\GenerativeAdversarialNetwork\kvCOlpiWQk,True
GenerativeAdversarialNetwork,0.0001,16,100,45,31,0.6920254230499268,0.004423742648214102,images\epochs\GenerativeAdversarialNetwork\kvCOlpiWQk,True
GenerativeAdversarialNetwork,0.0001,16,100,45,32,0.6931975483894348,0.005134141072630882,images\epochs\GenerativeAdversarialNetwork\kvCOlpiWQk,True
GenerativeAdversarialNetwork,0.0001,16,100,45,33,0.6928353905677795,0.0027691428549587727,images\epochs\GenerativeAdversarialNetwork\kvCOlpiWQk,True
GenerativeAdversarialNetwork,0.0001,16,100,45,34,0.6934269666671753,0.0044789607636630535,images\epochs\GenerativeAdversarialNetwork\kvCOlpiWQk,True
GenerativeAdversarialNetwork,0.0001,16,100,45,35,0.6941394805908203,0.0028329663909971714,images\epochs\GenerativeAdversarialNetwork\kvCOlpiWQk,True
GenerativeAdversarialNetwork,0.0001,16,100,45,36,0.6929588317871094,0.003208870068192482,images\epochs\GenerativeAdversarialNetwork\kvCOlpiWQk,True
GenerativeAdversarialNetwork,0.0001,16,100,45,37,0.6934754848480225,0.0030144983902573586,images\epochs\GenerativeAdversarialNetwork\kvCOlpiWQk,True
GenerativeAdversarialNetwork,0.0001,16,100,45,38,0.6941154599189758,0.0024825602304190397,images\epochs\GenerativeAdversarialNetwork\kvCOlpiWQk,True
GenerativeAdversarialNetwork,0.0001,16,100,45,39,0.6950674653053284,0.0041608186438679695,images\epochs\GenerativeAdversarialNetwork\kvCOlpiWQk,True
GenerativeAdversarialNetwork,0.0001,16,100,45,40,0.6929624676704407,0.0028492030687630177,images\epochs\GenerativeAdversarialNetwork\kvCOlpiWQk,True
GenerativeAdversarialNetwork,0.0001,16,100,45,41,0.6930160522460938,0.003390677971765399,images\epochs\GenerativeAdversarialNetwork\kvCOlpiWQk,True
GenerativeAdversarialNetwork,0.0001,16,100,45,42,0.6938238739967346,0.003698774380609393,images\epochs\GenerativeAdversarialNetwork\kvCOlpiWQk,True
GenerativeAdversarialNetwork,0.0001,16,100,45,43,0.6938199996948242,0.004077997524291277,images\epochs\GenerativeAdversarialNetwork\kvCOlpiWQk,True
GenerativeAdversarialNetwork,0.0001,16,100,45,44,0.6926636099815369,0.0025567931588739157,images\epochs\GenerativeAdversarialNetwork\kvCOlpiWQk,True
GenerativeAdversarialNetwork,0.0001,16,100,45,45,0.6938369870185852,0.002592656295746565,images\epochs\GenerativeAdversarialNetwork\kvCOlpiWQk,True
GenerativeAdversarialNetwork,0.0001,16,100,45,46,0.6934431195259094,0.00421913480386138,images\epochs\GenerativeAdversarialNetwork\kvCOlpiWQk,True
GenerativeAdversarialNetwork,0.0001,16,100,45,47,0.6930968761444092,0.003869212232530117,images\epochs\GenerativeAdversarialNetwork\kvCOlpiWQk,True
GenerativeAdversarialNetwork,0.0001,16,100,45,48,0.6935924291610718,0.0031377552077174187,images\epochs\GenerativeAdversarialNetwork\kvCOlpiWQk,True
GenerativeAdversarialNetwork,0.0001,16,100,45,49,0.6930411458015442,0.002843992318958044,images\epochs\GenerativeAdversarialNetwork\kvCOlpiWQk,True
GenerativeAdversarialNetwork,0.0001,16,100,45,50,0.6937205791473389,0.0022845088969916105,images\epochs\GenerativeAdversarialNetwork\kvCOlpiWQk,True
GenerativeAdversarialNetwork,0.0001,16,100,45,51,0.6927823424339294,0.0020810284186154604,images\epochs\GenerativeAdversarialNetwork\kvCOlpiWQk,True
GenerativeAdversarialNetwork,0.0001,16,100,45,52,0.6925667524337769,0.0018188143149018288,images\epochs\GenerativeAdversarialNetwork\kvCOlpiWQk,True
GenerativeAdversarialNetwork,0.0001,16,100,45,53,0.6924923062324524,0.002553049009293318,images\epochs\GenerativeAdversarialNetwork\kvCOlpiWQk,True
GenerativeAdversarialNetwork,0.0001,16,100,45,54,0.6931635737419128,0.0024092558305710554,images\epochs\GenerativeAdversarialNetwork\kvCOlpiWQk,True
GenerativeAdversarialNetwork,0.0001,16,100,45,55,0.6937282085418701,0.00344804092310369,images\epochs\GenerativeAdversarialNetwork\kvCOlpiWQk,True
GenerativeAdversarialNetwork,0.0001,16,100,45,56,0.693334698677063,0.002465558238327503,images\epochs\GenerativeAdversarialNetwork\kvCOlpiWQk,True
GenerativeAdversarialNetwork,0.0001,16,100,45,57,0.6939166188240051,0.0019059289479628205,images\epochs\GenerativeAdversarialNetwork\kvCOlpiWQk,True
GenerativeAdversarialNetwork,0.0001,16,100,45,58,0.6938843131065369,0.003257394302636385,images\epochs\GenerativeAdversarialNetwork\kvCOlpiWQk,True
GenerativeAdversarialNetwork,0.0001,16,100,45,59,0.692210853099823,0.00190907740034163,images\epochs\GenerativeAdversarialNetwork\kvCOlpiWQk,True
GenerativeAdversarialNetwork,0.0001,16,100,45,60,0.6930186152458191,0.0018738431390374899,images\epochs\GenerativeAdversarialNetwork\kvCOlpiWQk,True
GenerativeAdversarialNetwork,0.0001,16,100,45,61,0.6931803226470947,0.0034360967110842466,images\epochs\GenerativeAdversarialNetwork\kvCOlpiWQk,True
GenerativeAdversarialNetwork,0.0001,16,100,45,62,0.6919084787368774,0.002675434807315469,images\epochs\GenerativeAdversarialNetwork\kvCOlpiWQk,True
GenerativeAdversarialNetwork,0.0001,16,100,45,63,0.6934987306594849,0.0013750593643635511,images\epochs\GenerativeAdversarialNetwork\kvCOlpiWQk,True
GenerativeAdversarialNetwork,0.0001,16,100,45,64,0.6939918398857117,0.0039439150132238865,images\epochs\GenerativeAdversarialNetwork\kvCOlpiWQk,True
GenerativeAdversarialNetwork,0.0001,16,100,45,65,0.6935216188430786,0.0025169297587126493,images\epochs\GenerativeAdversarialNetwork\kvCOlpiWQk,True
GenerativeAdversarialNetwork,0.0001,16,100,45,66,0.6932193636894226,0.0019266128074377775,images\epochs\GenerativeAdversarialNetwork\kvCOlpiWQk,True
GenerativeAdversarialNetwork,0.0001,16,100,45,67,0.6928760409355164,0.00231060478836298,images\epochs\GenerativeAdversarialNetwork\kvCOlpiWQk,True
GenerativeAdversarialNetwork,0.0001,16,100,45,68,0.6928794980049133,0.0020696609281003475,images\epochs\GenerativeAdversarialNetwork\kvCOlpiWQk,True
GenerativeAdversarialNetwork,0.0001,16,100,45,69,0.6932698488235474,0.002456310670822859,images\epochs\GenerativeAdversarialNetwork\kvCOlpiWQk,True
GenerativeAdversarialNetwork,0.0001,16,100,45,70,0.6941899657249451,0.0028314711526036263,images\epochs\GenerativeAdversarialNetwork\kvCOlpiWQk,True
GenerativeAdversarialNetwork,0.0001,16,100,45,71,0.6935854554176331,0.0028052839916199446,images\epochs\GenerativeAdversarialNetwork\kvCOlpiWQk,True
GenerativeAdversarialNetwork,0.0001,16,100,45,72,0.6941570043563843,0.0024348555598407984,images\epochs\GenerativeAdversarialNetwork\kvCOlpiWQk,True
GenerativeAdversarialNetwork,0.0001,16,100,45,73,0.6938921213150024,0.002532289130613208,images\epochs\GenerativeAdversarialNetwork\kvCOlpiWQk,True
GenerativeAdversarialNetwork,0.0001,16,100,45,74,0.6936540603637695,0.0011954696383327246,images\epochs\GenerativeAdversarialNetwork\kvCOlpiWQk,True
GenerativeAdversarialNetwork,0.0001,16,100,45,75,0.6934124827384949,0.0026988552417606115,images\epochs\GenerativeAdversarialNetwork\kvCOlpiWQk,True
GenerativeAdversarialNetwork,0.0001,16,100,45,76,0.6937159895896912,0.002294667297974229,images\epochs\GenerativeAdversarialNetwork\kvCOlpiWQk,True
GenerativeAdversarialNetwork,0.0001,16,100,45,77,0.6927818655967712,0.0020105901639908552,images\epochs\GenerativeAdversarialNetwork\kvCOlpiWQk,True
GenerativeAdversarialNetwork,0.0001,16,100,45,78,0.6934735178947449,0.002408479107543826,images\epochs\GenerativeAdversarialNetwork\kvCOlpiWQk,True
GenerativeAdversarialNetwork,0.0001,16,100,45,79,0.6919417381286621,0.00105913239531219,images\epochs\GenerativeAdversarialNetwork\kvCOlpiWQk,True
GenerativeAdversarialNetwork,0.0001,16,100,45,80,0.6925401091575623,0.0019133484456688166,images\epochs\GenerativeAdversarialNetwork\kvCOlpiWQk,True
GenerativeAdversarialNetwork,0.0001,16,100,45,81,0.6934490203857422,0.0025570925790816545,images\epochs\GenerativeAdversarialNetwork\kvCOlpiWQk,True
GenerativeAdversarialNetwork,0.0001,16,100,45,82,0.6939619779586792,0.0027335111517459154,images\epochs\GenerativeAdversarialNetwork\kvCOlpiWQk,True
GenerativeAdversarialNetwork,0.0001,16,100,45,83,0.6923751831054688,0.0019026404479518533,images\epochs\GenerativeAdversarialNetwork\kvCOlpiWQk,True
GenerativeAdversarialNetwork,0.0001,16,100,45,84,0.6932013630867004,0.0016782754100859165,images\epochs\GenerativeAdversarialNetwork\kvCOlpiWQk,True
GenerativeAdversarialNetwork,0.0001,16,100,45,85,0.6936496496200562,0.001725386711768806,images\epochs\GenerativeAdversarialNetwork\kvCOlpiWQk,True
GenerativeAdversarialNetwork,0.0001,16,100,45,86,0.6929953098297119,0.0026040314696729183,images\epochs\GenerativeAdversarialNetwork\kvCOlpiWQk,True
GenerativeAdversarialNetwork,0.0001,16,100,45,87,0.6925799250602722,0.001887809718027711,images\epochs\GenerativeAdversarialNetwork\kvCOlpiWQk,True
GenerativeAdversarialNetwork,0.0001,16,100,45,88,0.6922186613082886,0.0018005493329837918,images\epochs\GenerativeAdversarialNetwork\kvCOlpiWQk,True
GenerativeAdversarialNetwork,0.0001,16,100,45,89,0.6928027272224426,0.0016285745659843087,images\epochs\GenerativeAdversarialNetwork\kvCOlpiWQk,True
GenerativeAdversarialNetwork,0.0001,16,100,45,90,0.6930062174797058,0.00157231988850981,images\epochs\GenerativeAdversarialNetwork\kvCOlpiWQk,True
GenerativeAdversarialNetwork,0.0001,16,100,45,91,0.6930750012397766,0.0023642347659915686,images\epochs\GenerativeAdversarialNetwork\kvCOlpiWQk,True
GenerativeAdversarialNetwork,0.0001,16,100,45,92,0.6929773688316345,0.0017552475910633802,images\epochs\GenerativeAdversarialNetwork\kvCOlpiWQk,True
GenerativeAdversarialNetwork,0.0001,16,100,45,93,0.6932153701782227,0.0012271692976355553,images\epochs\GenerativeAdversarialNetwork\kvCOlpiWQk,True
GenerativeAdversarialNetwork,0.0001,16,100,45,94,0.6936423778533936,0.0011348376283422112,images\epochs\GenerativeAdversarialNetwork\kvCOlpiWQk,True
GenerativeAdversarialNetwork,0.0001,16,100,45,95,0.6925919055938721,0.0018870821222662926,images\epochs\GenerativeAdversarialNetwork\kvCOlpiWQk,True
GenerativeAdversarialNetwork,0.0001,16,100,45,96,0.6932918429374695,0.002229038393124938,images\epochs\GenerativeAdversarialNetwork\kvCOlpiWQk,True
GenerativeAdversarialNetwork,0.0001,16,100,45,97,0.693432092666626,0.002597170416265726,images\epochs\GenerativeAdversarialNetwork\kvCOlpiWQk,True
GenerativeAdversarialNetwork,0.0001,16,100,45,98,0.6929832696914673,0.0031841706950217485,images\epochs\GenerativeAdversarialNetwork\kvCOlpiWQk,True
GenerativeAdversarialNetwork,0.0001,16,100,45,99,0.6932520866394043,0.001981704495847225,images\epochs\GenerativeAdversarialNetwork\kvCOlpiWQk,True
GenerativeAdversarialNetwork,0.0001,10,100,45,0,0.6870996952056885,0.01902061142027378,images\epochs\GenerativeAdversarialNetwork\ZPqvRAxEjv,True
GenerativeAdversarialNetwork,0.0001,10,100,45,1,0.6809585690498352,0.018138693645596504,images\epochs\GenerativeAdversarialNetwork\ZPqvRAxEjv,True
GenerativeAdversarialNetwork,0.0001,10,100,45,2,0.693895161151886,0.013917609117925167,images\epochs\GenerativeAdversarialNetwork\ZPqvRAxEjv,True
GenerativeAdversarialNetwork,0.0001,10,100,45,3,0.6938776969909668,0.010792889632284641,images\epochs\GenerativeAdversarialNetwork\ZPqvRAxEjv,True
GenerativeAdversarialNetwork,0.0001,10,100,45,4,0.6928078532218933,0.009314854629337788,images\epochs\GenerativeAdversarialNetwork\ZPqvRAxEjv,True
GenerativeAdversarialNetwork,0.0001,10,100,45,5,0.6931576728820801,0.009886684827506542,images\epochs\GenerativeAdversarialNetwork\ZPqvRAxEjv,True
GenerativeAdversarialNetwork,0.0001,10,100,45,6,0.6931977868080139,0.00805452186614275,images\epochs\GenerativeAdversarialNetwork\ZPqvRAxEjv,True
GenerativeAdversarialNetwork,0.0001,10,100,45,7,0.6928169131278992,0.008470036089420319,images\epochs\GenerativeAdversarialNetwork\ZPqvRAxEjv,True
GenerativeAdversarialNetwork,0.0001,10,100,45,8,0.6923195123672485,0.007322066929191351,images\epochs\GenerativeAdversarialNetwork\ZPqvRAxEjv,True
GenerativeAdversarialNetwork,0.0001,10,100,45,9,0.6939161419868469,0.0058502270840108395,images\epochs\GenerativeAdversarialNetwork\ZPqvRAxEjv,True
GenerativeAdversarialNetwork,0.0001,10,100,45,10,0.6929181218147278,0.006814538035541773,images\epochs\GenerativeAdversarialNetwork\ZPqvRAxEjv,True
GenerativeAdversarialNetwork,0.0001,10,100,45,11,0.693132758140564,0.006664364133030176,images\epochs\GenerativeAdversarialNetwork\ZPqvRAxEjv,True
GenerativeAdversarialNetwork,0.0001,10,100,45,12,0.6922957301139832,0.0051170773804187775,images\epochs\GenerativeAdversarialNetwork\ZPqvRAxEjv,True
GenerativeAdversarialNetwork,0.0001,10,100,45,13,0.6931366324424744,0.00527537427842617,images\epochs\GenerativeAdversarialNetwork\ZPqvRAxEjv,True
GenerativeAdversarialNetwork,0.0001,10,100,45,14,0.6934270262718201,0.005132592283189297,images\epochs\GenerativeAdversarialNetwork\ZPqvRAxEjv,True
GenerativeAdversarialNetwork,0.0001,10,100,45,15,0.6946309208869934,0.006625666283071041,images\epochs\GenerativeAdversarialNetwork\ZPqvRAxEjv,True
GenerativeAdversarialNetwork,0.0001,10,100,45,16,0.6940149068832397,0.0048182629980146885,images\epochs\GenerativeAdversarialNetwork\ZPqvRAxEjv,True
GenerativeAdversarialNetwork,0.0001,10,100,45,17,0.6928741335868835,0.006142049096524715,images\epochs\GenerativeAdversarialNetwork\ZPqvRAxEjv,True
GenerativeAdversarialNetwork,0.0001,10,100,45,18,0.6936749815940857,0.004320493433624506,images\epochs\GenerativeAdversarialNetwork\ZPqvRAxEjv,True
GenerativeAdversarialNetwork,0.0001,10,100,45,19,0.6933509707450867,0.004269568249583244,images\epochs\GenerativeAdversarialNetwork\ZPqvRAxEjv,True
GenerativeAdversarialNetwork,0.0001,10,100,45,20,0.6923923492431641,0.0056638154201209545,images\epochs\GenerativeAdversarialNetwork\ZPqvRAxEjv,True
GenerativeAdversarialNetwork,0.0001,10,100,45,21,0.6938347220420837,0.0041667441837489605,images\epochs\GenerativeAdversarialNetwork\ZPqvRAxEjv,True
GenerativeAdversarialNetwork,0.0001,10,100,45,22,0.691770613193512,0.005530545022338629,images\epochs\GenerativeAdversarialNetwork\ZPqvRAxEjv,True
GenerativeAdversarialNetwork,0.0001,10,100,45,23,0.6934931874275208,0.0030369367450475693,images\epochs\GenerativeAdversarialNetwork\ZPqvRAxEjv,True
GenerativeAdversarialNetwork,0.0001,10,100,45,24,0.6945401430130005,0.004932562354952097,images\epochs\GenerativeAdversarialNetwork\ZPqvRAxEjv,True
GenerativeAdversarialNetwork,0.0001,10,100,45,25,0.6927862763404846,0.005609647370874882,images\epochs\GenerativeAdversarialNetwork\ZPqvRAxEjv,True
GenerativeAdversarialNetwork,0.0001,10,100,45,26,0.6922473907470703,0.0036632970441132784,images\epochs\GenerativeAdversarialNetwork\ZPqvRAxEjv,True
GenerativeAdversarialNetwork,0.0001,10,100,45,27,0.6930892467498779,0.00505326222628355,images\epochs\GenerativeAdversarialNetwork\ZPqvRAxEjv,True
GenerativeAdversarialNetwork,0.0001,10,100,45,28,0.6939406394958496,0.004495848901569843,images\epochs\GenerativeAdversarialNetwork\ZPqvRAxEjv,True
GenerativeAdversarialNetwork,0.0001,10,100,45,29,0.6925098896026611,0.004234685562551022,images\epochs\GenerativeAdversarialNetwork\ZPqvRAxEjv,True
GenerativeAdversarialNetwork,0.0001,10,100,45,30,0.694016695022583,0.005039967596530914,images\epochs\GenerativeAdversarialNetwork\ZPqvRAxEjv,True
GenerativeAdversarialNetwork,0.0001,10,100,45,31,0.6926222443580627,0.0033867110032588243,images\epochs\GenerativeAdversarialNetwork\ZPqvRAxEjv,True
GenerativeAdversarialNetwork,0.0001,10,100,45,32,0.6941370368003845,0.0034322766587138176,images\epochs\GenerativeAdversarialNetwork\ZPqvRAxEjv,True
GenerativeAdversarialNetwork,0.0001,10,100,45,33,0.6925256848335266,0.004427120089530945,images\epochs\GenerativeAdversarialNetwork\ZPqvRAxEjv,True
GenerativeAdversarialNetwork,0.0001,10,100,45,34,0.6921866536140442,0.0035761219915002584,images\epochs\GenerativeAdversarialNetwork\ZPqvRAxEjv,True
GenerativeAdversarialNetwork,0.0001,10,100,45,35,0.6934595704078674,0.004054113756865263,images\epochs\GenerativeAdversarialNetwork\ZPqvRAxEjv,True
GenerativeAdversarialNetwork,0.0001,10,100,45,36,0.6934633851051331,0.005214632488787174,images\epochs\GenerativeAdversarialNetwork\ZPqvRAxEjv,True
GenerativeAdversarialNetwork,0.0001,10,100,45,37,0.6925923824310303,0.0030204146169126034,images\epochs\GenerativeAdversarialNetwork\ZPqvRAxEjv,True
GenerativeAdversarialNetwork,0.0001,10,100,45,38,0.6934978365898132,0.003230705391615629,images\epochs\GenerativeAdversarialNetwork\ZPqvRAxEjv,True
GenerativeAdversarialNetwork,0.0001,10,100,45,39,0.6934185028076172,0.0024870233610272408,images\epochs\GenerativeAdversarialNetwork\ZPqvRAxEjv,True
GenerativeAdversarialNetwork,0.0001,10,100,45,40,0.6936109066009521,0.003102251561358571,images\epochs\GenerativeAdversarialNetwork\ZPqvRAxEjv,True
GenerativeAdversarialNetwork,0.0001,10,100,45,41,0.6934949159622192,0.0023185843601822853,images\epochs\GenerativeAdversarialNetwork\ZPqvRAxEjv,True
GenerativeAdversarialNetwork,0.0001,10,100,45,42,0.6930196285247803,0.0027813632041215897,images\epochs\GenerativeAdversarialNetwork\ZPqvRAxEjv,True
GenerativeAdversarialNetwork,0.0001,10,100,45,43,0.693212628364563,0.0032826275564730167,images\epochs\GenerativeAdversarialNetwork\ZPqvRAxEjv,True
GenerativeAdversarialNetwork,0.0001,10,100,45,44,0.6929777264595032,0.003917930647730827,images\epochs\GenerativeAdversarialNetwork\ZPqvRAxEjv,True
GenerativeAdversarialNetwork,0.0001,10,100,45,45,0.6927022337913513,0.0030878910329192877,images\epochs\GenerativeAdversarialNetwork\ZPqvRAxEjv,True
GenerativeAdversarialNetwork,0.0001,10,100,45,46,0.6935348510742188,0.002594460966065526,images\epochs\GenerativeAdversarialNetwork\ZPqvRAxEjv,True
GenerativeAdversarialNetwork,0.0001,10,100,45,47,0.6922132968902588,0.002047804184257984,images\epochs\GenerativeAdversarialNetwork\ZPqvRAxEjv,True
GenerativeAdversarialNetwork,0.0001,10,100,45,48,0.6936449408531189,0.0024413643404841423,images\epochs\GenerativeAdversarialNetwork\ZPqvRAxEjv,True
GenerativeAdversarialNetwork,0.0001,10,100,45,49,0.6935213804244995,0.002420940203592181,images\epochs\GenerativeAdversarialNetwork\ZPqvRAxEjv,True
GenerativeAdversarialNetwork,0.0001,10,100,45,50,0.693706214427948,0.0028878289740532637,images\epochs\GenerativeAdversarialNetwork\ZPqvRAxEjv,True
GenerativeAdversarialNetwork,0.0001,10,100,45,51,0.6933282613754272,0.0029319338500499725,images\epochs\GenerativeAdversarialNetwork\ZPqvRAxEjv,True
GenerativeAdversarialNetwork,0.0001,10,100,45,52,0.6926724910736084,0.0025428482331335545,images\epochs\GenerativeAdversarialNetwork\ZPqvRAxEjv,True
GenerativeAdversarialNetwork,0.0001,10,100,45,53,0.6937466859817505,0.0030733682215213776,images\epochs\GenerativeAdversarialNetwork\ZPqvRAxEjv,True
GenerativeAdversarialNetwork,0.0001,10,100,45,54,0.6935376524925232,0.0018383468268439174,images\epochs\GenerativeAdversarialNetwork\ZPqvRAxEjv,True
GenerativeAdversarialNetwork,0.0001,10,100,45,55,0.6932953000068665,0.0030809480231255293,images\epochs\GenerativeAdversarialNetwork\ZPqvRAxEjv,True
GenerativeAdversarialNetwork,0.0001,10,100,45,56,0.6929013133049011,0.0027200239710509777,images\epochs\GenerativeAdversarialNetwork\ZPqvRAxEjv,True
GenerativeAdversarialNetwork,0.0001,10,100,45,57,0.6934980750083923,0.0023017365019768476,images\epochs\GenerativeAdversarialNetwork\ZPqvRAxEjv,True
GenerativeAdversarialNetwork,0.0001,10,100,45,58,0.6932561993598938,0.0022925143130123615,images\epochs\GenerativeAdversarialNetwork\ZPqvRAxEjv,True
GenerativeAdversarialNetwork,0.0001,10,100,45,59,0.6934537291526794,0.002673512091860175,images\epochs\GenerativeAdversarialNetwork\ZPqvRAxEjv,True
GenerativeAdversarialNetwork,0.0001,10,100,45,60,0.6931014060974121,0.0027160272002220154,images\epochs\GenerativeAdversarialNetwork\ZPqvRAxEjv,True
GenerativeAdversarialNetwork,0.0001,10,100,45,61,0.6936504244804382,0.0023309271782636642,images\epochs\GenerativeAdversarialNetwork\ZPqvRAxEjv,True
GenerativeAdversarialNetwork,0.0001,10,100,45,62,0.6935378909111023,0.002108220709487796,images\epochs\GenerativeAdversarialNetwork\ZPqvRAxEjv,True
GenerativeAdversarialNetwork,0.0001,10,100,45,63,0.6925220489501953,0.002160370582714677,images\epochs\GenerativeAdversarialNetwork\ZPqvRAxEjv,True
GenerativeAdversarialNetwork,0.0001,10,100,45,64,0.6930556297302246,0.002619277685880661,images\epochs\GenerativeAdversarialNetwork\ZPqvRAxEjv,True
GenerativeAdversarialNetwork,0.0001,10,100,45,65,0.6927065849304199,0.0016015428118407726,images\epochs\GenerativeAdversarialNetwork\ZPqvRAxEjv,True
GenerativeAdversarialNetwork,0.0001,10,100,45,66,0.6942009925842285,0.0029769442044198513,images\epochs\GenerativeAdversarialNetwork\ZPqvRAxEjv,True
GenerativeAdversarialNetwork,0.0001,10,100,45,67,0.6934277415275574,0.002391756745055318,images\epochs\GenerativeAdversarialNetwork\ZPqvRAxEjv,True
GenerativeAdversarialNetwork,0.0001,10,100,45,68,0.6930975914001465,0.001478616613894701,images\epochs\GenerativeAdversarialNetwork\ZPqvRAxEjv,True
GenerativeAdversarialNetwork,0.0001,10,100,45,69,0.693537712097168,0.003453883808106184,images\epochs\GenerativeAdversarialNetwork\ZPqvRAxEjv,True
GenerativeAdversarialNetwork,0.0001,10,100,45,70,0.6930679678916931,0.0017601794097572565,images\epochs\GenerativeAdversarialNetwork\ZPqvRAxEjv,True
GenerativeAdversarialNetwork,0.0001,10,100,45,71,0.6930640339851379,0.0018942757742479444,images\epochs\GenerativeAdversarialNetwork\ZPqvRAxEjv,True
GenerativeAdversarialNetwork,0.0001,10,100,45,72,0.6931918263435364,0.003270380198955536,images\epochs\GenerativeAdversarialNetwork\ZPqvRAxEjv,True
GenerativeAdversarialNetwork,0.0001,10,100,45,73,0.6931966543197632,0.0024979033041745424,images\epochs\GenerativeAdversarialNetwork\ZPqvRAxEjv,True
GenerativeAdversarialNetwork,0.0001,10,100,45,74,0.6933286786079407,0.0025744782760739326,images\epochs\GenerativeAdversarialNetwork\ZPqvRAxEjv,True
GenerativeAdversarialNetwork,0.0001,10,100,45,75,0.6929855346679688,0.001290510524995625,images\epochs\GenerativeAdversarialNetwork\ZPqvRAxEjv,True
GenerativeAdversarialNetwork,0.0001,10,100,45,76,0.6939164400100708,0.001908333390019834,images\epochs\GenerativeAdversarialNetwork\ZPqvRAxEjv,True
GenerativeAdversarialNetwork,0.0001,10,100,45,77,0.693181037902832,0.0019257328240200877,images\epochs\GenerativeAdversarialNetwork\ZPqvRAxEjv,True
GenerativeAdversarialNetwork,0.0001,10,100,45,78,0.6930651664733887,0.0025585005059838295,images\epochs\GenerativeAdversarialNetwork\ZPqvRAxEjv,True
GenerativeAdversarialNetwork,0.0001,10,100,45,79,0.6931076049804688,0.002485287841409445,images\epochs\GenerativeAdversarialNetwork\ZPqvRAxEjv,True
GenerativeAdversarialNetwork,0.0001,10,100,45,80,0.6937350034713745,0.0014741659397259355,images\epochs\GenerativeAdversarialNetwork\ZPqvRAxEjv,True
GenerativeAdversarialNetwork,0.0001,10,100,45,81,0.6930125951766968,0.0018484023166820407,images\epochs\GenerativeAdversarialNetwork\ZPqvRAxEjv,True
GenerativeAdversarialNetwork,0.0001,10,100,45,82,0.6928597688674927,0.0024922157172113657,images\epochs\GenerativeAdversarialNetwork\ZPqvRAxEjv,True
GenerativeAdversarialNetwork,0.0001,10,100,45,83,0.6927217245101929,0.002402172889560461,images\epochs\GenerativeAdversarialNetwork\ZPqvRAxEjv,True
GenerativeAdversarialNetwork,0.0001,10,100,45,84,0.6930288672447205,0.002005227841436863,images\epochs\GenerativeAdversarialNetwork\ZPqvRAxEjv,True
GenerativeAdversarialNetwork,0.0001,10,100,45,85,0.6932263970375061,0.00322185130789876,images\epochs\GenerativeAdversarialNetwork\ZPqvRAxEjv,True
GenerativeAdversarialNetwork,0.0001,10,100,45,86,0.6928254961967468,0.002416586270555854,images\epochs\GenerativeAdversarialNetwork\ZPqvRAxEjv,True
GenerativeAdversarialNetwork,0.0001,10,100,45,87,0.6934005618095398,0.00245209620334208,images\epochs\GenerativeAdversarialNetwork\ZPqvRAxEjv,True
GenerativeAdversarialNetwork,0.0001,10,100,45,88,0.693927526473999,0.0019440156174823642,images\epochs\GenerativeAdversarialNetwork\ZPqvRAxEjv,True
GenerativeAdversarialNetwork,0.0001,10,100,45,89,0.6930028796195984,0.001553668873384595,images\epochs\GenerativeAdversarialNetwork\ZPqvRAxEjv,True
GenerativeAdversarialNetwork,0.0001,10,100,45,90,0.6933414936065674,0.0019083782099187374,images\epochs\GenerativeAdversarialNetwork\ZPqvRAxEjv,True
GenerativeAdversarialNetwork,0.0001,10,100,45,91,0.6936346292495728,0.0018401177367195487,images\epochs\GenerativeAdversarialNetwork\ZPqvRAxEjv,True
GenerativeAdversarialNetwork,0.0001,10,100,45,92,0.6928337216377258,0.0012170771369710565,images\epochs\GenerativeAdversarialNetwork\ZPqvRAxEjv,True
GenerativeAdversarialNetwork,0.0001,10,100,45,93,0.6931686401367188,0.0024244405794888735,images\epochs\GenerativeAdversarialNetwork\ZPqvRAxEjv,True
GenerativeAdversarialNetwork,0.0001,10,100,45,94,0.6930614113807678,0.002263489877805114,images\epochs\GenerativeAdversarialNetwork\ZPqvRAxEjv,True
GenerativeAdversarialNetwork,0.0001,10,100,45,95,0.6938029527664185,0.0016958176856860518,images\epochs\GenerativeAdversarialNetwork\ZPqvRAxEjv,True
GenerativeAdversarialNetwork,0.0001,10,100,45,96,0.6931067109107971,0.0023941651452332735,images\epochs\GenerativeAdversarialNetwork\ZPqvRAxEjv,True
GenerativeAdversarialNetwork,0.0001,10,100,45,97,0.6933459043502808,0.0018351221224293113,images\epochs\GenerativeAdversarialNetwork\ZPqvRAxEjv,True
GenerativeAdversarialNetwork,0.0001,10,100,45,98,0.6937469244003296,0.0016214278293773532,images\epochs\GenerativeAdversarialNetwork\ZPqvRAxEjv,True
GenerativeAdversarialNetwork,0.0001,10,100,45,99,0.6930387616157532,0.0021128375083208084,images\epochs\GenerativeAdversarialNetwork\ZPqvRAxEjv,True
GenerativeAdversarialNetwork,0.0001,8,100,45,0,0.6910869479179382,0.019588837400078773,images\epochs\GenerativeAdversarialNetwork\wCmuEAspqi,True
GenerativeAdversarialNetwork,0.0001,8,100,45,1,0.6886110305786133,0.01594400592148304,images\epochs\GenerativeAdversarialNetwork\wCmuEAspqi,True
GenerativeAdversarialNetwork,0.0001,8,100,45,2,0.6930180788040161,0.011438124813139439,images\epochs\GenerativeAdversarialNetwork\wCmuEAspqi,True
GenerativeAdversarialNetwork,0.0001,8,100,45,3,0.6932252645492554,0.008207755163311958,images\epochs\GenerativeAdversarialNetwork\wCmuEAspqi,True
GenerativeAdversarialNetwork,0.0001,8,100,45,4,0.6935797929763794,0.009728343226015568,images\epochs\GenerativeAdversarialNetwork\wCmuEAspqi,True
GenerativeAdversarialNetwork,0.0001,8,100,45,5,0.6936343908309937,0.009915737435221672,images\epochs\GenerativeAdversarialNetwork\wCmuEAspqi,True
GenerativeAdversarialNetwork,0.0001,8,100,45,6,0.6938585042953491,0.009015973657369614,images\epochs\GenerativeAdversarialNetwork\wCmuEAspqi,True
GenerativeAdversarialNetwork,0.0001,8,100,45,7,0.6925045847892761,0.007757237181067467,images\epochs\GenerativeAdversarialNetwork\wCmuEAspqi,True
GenerativeAdversarialNetwork,0.0001,8,100,45,8,0.6928539872169495,0.008588641881942749,images\epochs\GenerativeAdversarialNetwork\wCmuEAspqi,True
GenerativeAdversarialNetwork,0.0001,8,100,45,9,0.6932415962219238,0.007063587196171284,images\epochs\GenerativeAdversarialNetwork\wCmuEAspqi,True
GenerativeAdversarialNetwork,0.0001,8,100,45,10,0.6933169960975647,0.00764975743368268,images\epochs\GenerativeAdversarialNetwork\wCmuEAspqi,True
GenerativeAdversarialNetwork,0.0001,8,100,45,11,0.6932284235954285,0.00577140785753727,images\epochs\GenerativeAdversarialNetwork\wCmuEAspqi,True
GenerativeAdversarialNetwork,0.0001,8,100,45,12,0.6935126185417175,0.006295970641076565,images\epochs\GenerativeAdversarialNetwork\wCmuEAspqi,True
GenerativeAdversarialNetwork,0.0001,8,100,45,13,0.6932855844497681,0.00625661201775074,images\epochs\GenerativeAdversarialNetwork\wCmuEAspqi,True
GenerativeAdversarialNetwork,0.0001,8,100,45,14,0.6933832168579102,0.005411689169704914,images\epochs\GenerativeAdversarialNetwork\wCmuEAspqi,True
GenerativeAdversarialNetwork,0.0001,8,100,45,15,0.693139910697937,0.004703114274889231,images\epochs\GenerativeAdversarialNetwork\wCmuEAspqi,True
GenerativeAdversarialNetwork,0.0001,8,100,45,16,0.6934367418289185,0.004699148237705231,images\epochs\GenerativeAdversarialNetwork\wCmuEAspqi,True
GenerativeAdversarialNetwork,0.0001,8,100,45,17,0.6933505535125732,0.005802580621093512,images\epochs\GenerativeAdversarialNetwork\wCmuEAspqi,True
GenerativeAdversarialNetwork,0.0001,8,100,45,18,0.6936158537864685,0.006066578906029463,images\epochs\GenerativeAdversarialNetwork\wCmuEAspqi,True
GenerativeAdversarialNetwork,0.0001,8,100,45,19,0.6925337910652161,0.004879630636423826,images\epochs\GenerativeAdversarialNetwork\wCmuEAspqi,True
GenerativeAdversarialNetwork,0.0001,8,100,45,20,0.6933357119560242,0.0047719418071210384,images\epochs\GenerativeAdversarialNetwork\wCmuEAspqi,True
GenerativeAdversarialNetwork,0.0001,8,100,45,21,0.6928824186325073,0.0036900159902870655,images\epochs\GenerativeAdversarialNetwork\wCmuEAspqi,True
GenerativeAdversarialNetwork,0.0001,8,100,45,22,0.6933350563049316,0.003835669020190835,images\epochs\GenerativeAdversarialNetwork\wCmuEAspqi,True
GenerativeAdversarialNetwork,0.0001,8,100,45,23,0.6929215788841248,0.004004867747426033,images\epochs\GenerativeAdversarialNetwork\wCmuEAspqi,True
GenerativeAdversarialNetwork,0.0001,8,100,45,24,0.6933989524841309,0.003530290210619569,images\epochs\GenerativeAdversarialNetwork\wCmuEAspqi,True
GenerativeAdversarialNetwork,0.0001,8,100,45,25,0.6930454969406128,0.004536644089967012,images\epochs\GenerativeAdversarialNetwork\wCmuEAspqi,True
GenerativeAdversarialNetwork,0.0001,8,100,45,26,0.692642331123352,0.005229614209383726,images\epochs\GenerativeAdversarialNetwork\wCmuEAspqi,True
GenerativeAdversarialNetwork,0.0001,8,100,45,27,0.6937693357467651,0.003377972636371851,images\epochs\GenerativeAdversarialNetwork\wCmuEAspqi,True
GenerativeAdversarialNetwork,0.0001,8,100,45,28,0.6935194134712219,0.004770895931869745,images\epochs\GenerativeAdversarialNetwork\wCmuEAspqi,True
GenerativeAdversarialNetwork,0.0001,8,100,45,29,0.6931712627410889,0.002849089214578271,images\epochs\GenerativeAdversarialNetwork\wCmuEAspqi,True
GenerativeAdversarialNetwork,0.0001,8,100,45,30,0.6935581564903259,0.0036378339864313602,images\epochs\GenerativeAdversarialNetwork\wCmuEAspqi,True
GenerativeAdversarialNetwork,0.0001,8,100,45,31,0.693527340888977,0.003888001898303628,images\epochs\GenerativeAdversarialNetwork\wCmuEAspqi,True
GenerativeAdversarialNetwork,0.0001,8,100,45,32,0.6938861608505249,0.00450749509036541,images\epochs\GenerativeAdversarialNetwork\wCmuEAspqi,True
GenerativeAdversarialNetwork,0.0001,8,100,45,33,0.6933003664016724,0.0035473343450576067,images\epochs\GenerativeAdversarialNetwork\wCmuEAspqi,True
GenerativeAdversarialNetwork,0.0001,8,100,45,34,0.6932463645935059,0.0028555456083267927,images\epochs\GenerativeAdversarialNetwork\wCmuEAspqi,True
GenerativeAdversarialNetwork,0.0001,8,100,45,35,0.693500816822052,0.0034985553938895464,images\epochs\GenerativeAdversarialNetwork\wCmuEAspqi,True
GenerativeAdversarialNetwork,0.0001,8,100,45,36,0.6928508877754211,0.003823911538347602,images\epochs\GenerativeAdversarialNetwork\wCmuEAspqi,True
GenerativeAdversarialNetwork,0.0001,8,100,45,37,0.6930634379386902,0.0030670166015625,images\epochs\GenerativeAdversarialNetwork\wCmuEAspqi,True
GenerativeAdversarialNetwork,0.0001,8,100,45,38,0.6933009624481201,0.004259242210537195,images\epochs\GenerativeAdversarialNetwork\wCmuEAspqi,True
GenerativeAdversarialNetwork,0.0001,8,100,45,39,0.6935531497001648,0.003636798122897744,images\epochs\GenerativeAdversarialNetwork\wCmuEAspqi,True
GenerativeAdversarialNetwork,0.0001,8,100,45,40,0.6941139101982117,0.002473491942510009,images\epochs\GenerativeAdversarialNetwork\wCmuEAspqi,True
GenerativeAdversarialNetwork,0.0001,8,100,45,41,0.6925244927406311,0.0048956191167235374,images\epochs\GenerativeAdversarialNetwork\wCmuEAspqi,True
GenerativeAdversarialNetwork,0.0001,8,100,45,42,0.6928891539573669,0.0027293513994663954,images\epochs\GenerativeAdversarialNetwork\wCmuEAspqi,True
GenerativeAdversarialNetwork,0.0001,8,100,45,43,0.6931797862052917,0.0035035761538892984,images\epochs\GenerativeAdversarialNetwork\wCmuEAspqi,True
GenerativeAdversarialNetwork,0.0001,8,100,45,44,0.6934123039245605,0.0031593330204486847,images\epochs\GenerativeAdversarialNetwork\wCmuEAspqi,True
GenerativeAdversarialNetwork,0.0001,8,100,45,45,0.6924764513969421,0.003297919873148203,images\epochs\GenerativeAdversarialNetwork\wCmuEAspqi,True
GenerativeAdversarialNetwork,0.0001,8,100,45,46,0.6930870413780212,0.0029434633906930685,images\epochs\GenerativeAdversarialNetwork\wCmuEAspqi,True
GenerativeAdversarialNetwork,0.0001,8,100,45,47,0.693243145942688,0.002908170921728015,images\epochs\GenerativeAdversarialNetwork\wCmuEAspqi,True
GenerativeAdversarialNetwork,0.0001,8,100,45,48,0.6928127408027649,0.0027799741365015507,images\epochs\GenerativeAdversarialNetwork\wCmuEAspqi,True
GenerativeAdversarialNetwork,0.0001,8,100,45,49,0.6931431293487549,0.0024498985148966312,images\epochs\GenerativeAdversarialNetwork\wCmuEAspqi,True
GenerativeAdversarialNetwork,0.0001,8,100,45,50,0.6930758357048035,0.0019051701528951526,images\epochs\GenerativeAdversarialNetwork\wCmuEAspqi,True
GenerativeAdversarialNetwork,0.0001,8,100,45,51,0.6936998963356018,0.003689103526994586,images\epochs\GenerativeAdversarialNetwork\wCmuEAspqi,True
GenerativeAdversarialNetwork,0.0001,8,100,45,52,0.6929385662078857,0.003259476274251938,images\epochs\GenerativeAdversarialNetwork\wCmuEAspqi,True
GenerativeAdversarialNetwork,0.0001,8,100,45,53,0.6939504742622375,0.002746572718024254,images\epochs\GenerativeAdversarialNetwork\wCmuEAspqi,True
GenerativeAdversarialNetwork,0.0001,8,100,45,54,0.6932563781738281,0.0025101215578615665,images\epochs\GenerativeAdversarialNetwork\wCmuEAspqi,True
GenerativeAdversarialNetwork,0.0001,8,100,45,55,0.6934812664985657,0.0017428718274459243,images\epochs\GenerativeAdversarialNetwork\wCmuEAspqi,True
GenerativeAdversarialNetwork,0.0001,8,100,45,56,0.6936787366867065,0.0029125690925866365,images\epochs\GenerativeAdversarialNetwork\wCmuEAspqi,True
GenerativeAdversarialNetwork,0.0001,8,100,45,57,0.6933021545410156,0.0028072877321392298,images\epochs\GenerativeAdversarialNetwork\wCmuEAspqi,True
GenerativeAdversarialNetwork,0.0001,8,100,45,58,0.6927435398101807,0.0032117583323270082,images\epochs\GenerativeAdversarialNetwork\wCmuEAspqi,True
GenerativeAdversarialNetwork,0.0001,8,100,45,59,0.6931947469711304,0.0035067538265138865,images\epochs\GenerativeAdversarialNetwork\wCmuEAspqi,True
GenerativeAdversarialNetwork,0.0001,8,100,45,60,0.6933164596557617,0.002600050764158368,images\epochs\GenerativeAdversarialNetwork\wCmuEAspqi,True
GenerativeAdversarialNetwork,0.0001,8,100,45,61,0.6934688687324524,0.0024368828162550926,images\epochs\GenerativeAdversarialNetwork\wCmuEAspqi,True
GenerativeAdversarialNetwork,0.0001,8,100,45,62,0.6936095952987671,0.0025189965963363647,images\epochs\GenerativeAdversarialNetwork\wCmuEAspqi,True
GenerativeAdversarialNetwork,0.0001,8,100,45,63,0.6932407021522522,0.003038207069039345,images\epochs\GenerativeAdversarialNetwork\wCmuEAspqi,True
GenerativeAdversarialNetwork,0.0001,8,100,45,64,0.6927728056907654,0.0020226023625582457,images\epochs\GenerativeAdversarialNetwork\wCmuEAspqi,True
GenerativeAdversarialNetwork,0.0001,8,100,45,65,0.693058967590332,0.0028133310843259096,images\epochs\GenerativeAdversarialNetwork\wCmuEAspqi,True
GenerativeAdversarialNetwork,0.0001,8,100,45,66,0.6929906606674194,0.001784763066098094,images\epochs\GenerativeAdversarialNetwork\wCmuEAspqi,True
GenerativeAdversarialNetwork,0.0001,8,100,45,67,0.6938069462776184,0.002925277454778552,images\epochs\GenerativeAdversarialNetwork\wCmuEAspqi,True
GenerativeAdversarialNetwork,0.0001,8,100,45,68,0.6933319568634033,0.002538043772801757,images\epochs\GenerativeAdversarialNetwork\wCmuEAspqi,True
GenerativeAdversarialNetwork,0.0001,8,100,45,69,0.6931374073028564,0.0024441767018288374,images\epochs\GenerativeAdversarialNetwork\wCmuEAspqi,True
GenerativeAdversarialNetwork,0.0001,8,100,45,70,0.6928751468658447,0.002446788130328059,images\epochs\GenerativeAdversarialNetwork\wCmuEAspqi,True
GenerativeAdversarialNetwork,0.0001,8,100,45,71,0.6933630108833313,0.002666736952960491,images\epochs\GenerativeAdversarialNetwork\wCmuEAspqi,True
GenerativeAdversarialNetwork,0.0001,8,100,45,72,0.6929552555084229,0.0019395096460357308,images\epochs\GenerativeAdversarialNetwork\wCmuEAspqi,True
GenerativeAdversarialNetwork,0.0001,8,100,45,73,0.6933801770210266,0.0026880260556936264,images\epochs\GenerativeAdversarialNetwork\wCmuEAspqi,True
GenerativeAdversarialNetwork,0.0001,8,100,45,74,0.6931150555610657,0.0019738583359867334,images\epochs\GenerativeAdversarialNetwork\wCmuEAspqi,True
GenerativeAdversarialNetwork,0.0001,8,100,45,75,0.6929678916931152,0.0028450828976929188,images\epochs\GenerativeAdversarialNetwork\wCmuEAspqi,True
GenerativeAdversarialNetwork,0.0001,8,100,45,76,0.6934971213340759,0.0019020731560885906,images\epochs\GenerativeAdversarialNetwork\wCmuEAspqi,True
GenerativeAdversarialNetwork,0.0001,8,100,45,77,0.6934452056884766,0.002747633960098028,images\epochs\GenerativeAdversarialNetwork\wCmuEAspqi,True
GenerativeAdversarialNetwork,0.0001,8,100,45,78,0.6930412650108337,0.0024789157323539257,images\epochs\GenerativeAdversarialNetwork\wCmuEAspqi,True
GenerativeAdversarialNetwork,0.0001,8,100,45,79,0.6928508281707764,0.003474514465779066,images\epochs\GenerativeAdversarialNetwork\wCmuEAspqi,True
GenerativeAdversarialNetwork,0.0001,8,100,45,80,0.6929853558540344,0.002221661387011409,images\epochs\GenerativeAdversarialNetwork\wCmuEAspqi,True
GenerativeAdversarialNetwork,0.0001,8,100,45,81,0.6933266520500183,0.0029144424479454756,images\epochs\GenerativeAdversarialNetwork\wCmuEAspqi,True
GenerativeAdversarialNetwork,0.0001,8,100,45,82,0.6927576661109924,0.0024871560744941235,images\epochs\GenerativeAdversarialNetwork\wCmuEAspqi,True
GenerativeAdversarialNetwork,0.0001,8,100,45,83,0.6927529573440552,0.0021114565897732973,images\epochs\GenerativeAdversarialNetwork\wCmuEAspqi,True
GenerativeAdversarialNetwork,0.0001,8,100,45,84,0.692724883556366,0.0021480447612702847,images\epochs\GenerativeAdversarialNetwork\wCmuEAspqi,True
GenerativeAdversarialNetwork,0.0001,8,100,45,85,0.6932113766670227,0.0034951730631291866,images\epochs\GenerativeAdversarialNetwork\wCmuEAspqi,True
GenerativeAdversarialNetwork,0.0001,8,100,45,86,0.6932258605957031,0.0016133326571434736,images\epochs\GenerativeAdversarialNetwork\wCmuEAspqi,True
GenerativeAdversarialNetwork,0.0001,8,100,45,87,0.6932167410850525,0.0015967607032507658,images\epochs\GenerativeAdversarialNetwork\wCmuEAspqi,True
GenerativeAdversarialNetwork,0.0001,8,100,45,88,0.6926980018615723,0.002412303350865841,images\epochs\GenerativeAdversarialNetwork\wCmuEAspqi,True
GenerativeAdversarialNetwork,0.0001,8,100,45,89,0.6933402419090271,0.0016254521906375885,images\epochs\GenerativeAdversarialNetwork\wCmuEAspqi,True
GenerativeAdversarialNetwork,0.0001,8,100,45,90,0.693276584148407,0.0018975806888192892,images\epochs\GenerativeAdversarialNetwork\wCmuEAspqi,True
GenerativeAdversarialNetwork,0.0001,8,100,45,91,0.6933299899101257,0.0019237244268879294,images\epochs\GenerativeAdversarialNetwork\wCmuEAspqi,True
GenerativeAdversarialNetwork,0.0001,8,100,45,92,0.6929582357406616,0.0020940073300153017,images\epochs\GenerativeAdversarialNetwork\wCmuEAspqi,True
GenerativeAdversarialNetwork,0.0001,8,100,45,93,0.6928704977035522,0.0016813602996990085,images\epochs\GenerativeAdversarialNetwork\wCmuEAspqi,True
GenerativeAdversarialNetwork,0.0001,8,100,45,94,0.6933135986328125,0.0026416382752358913,images\epochs\GenerativeAdversarialNetwork\wCmuEAspqi,True
GenerativeAdversarialNetwork,0.0001,8,100,45,95,0.6927102208137512,0.002384698251262307,images\epochs\GenerativeAdversarialNetwork\wCmuEAspqi,True
GenerativeAdversarialNetwork,0.0001,8,100,45,96,0.6927295923233032,0.002032417105510831,images\epochs\GenerativeAdversarialNetwork\wCmuEAspqi,True
GenerativeAdversarialNetwork,0.0001,8,100,45,97,0.6931548118591309,0.0021200301125645638,images\epochs\GenerativeAdversarialNetwork\wCmuEAspqi,True
GenerativeAdversarialNetwork,0.0001,8,100,45,98,0.6933730244636536,0.0021681434009224176,images\epochs\GenerativeAdversarialNetwork\wCmuEAspqi,True
GenerativeAdversarialNetwork,0.0001,8,100,45,99,0.6936101913452148,0.001761765917763114,images\epochs\GenerativeAdversarialNetwork\wCmuEAspqi,True
GenerativeAdversarialNetwork,0.0001,5,100,45,0,0.6919165253639221,0.022262360900640488,images\epochs\GenerativeAdversarialNetwork\hRIqqroDQR,True
GenerativeAdversarialNetwork,0.0001,5,100,45,1,0.6945697069168091,0.014742211438715458,images\epochs\GenerativeAdversarialNetwork\hRIqqroDQR,True
GenerativeAdversarialNetwork,0.0001,5,100,45,2,0.6932377219200134,0.012646995484828949,images\epochs\GenerativeAdversarialNetwork\hRIqqroDQR,True
GenerativeAdversarialNetwork,0.0001,5,100,45,3,0.6932791471481323,0.011572209186851978,images\epochs\GenerativeAdversarialNetwork\hRIqqroDQR,True
GenerativeAdversarialNetwork,0.0001,5,100,45,4,0.6932942867279053,0.010624702088534832,images\epochs\GenerativeAdversarialNetwork\hRIqqroDQR,True
GenerativeAdversarialNetwork,0.0001,5,100,45,5,0.693697988986969,0.010280556045472622,images\epochs\GenerativeAdversarialNetwork\hRIqqroDQR,True
GenerativeAdversarialNetwork,0.0001,5,100,45,6,0.693315327167511,0.008391344919800758,images\epochs\GenerativeAdversarialNetwork\hRIqqroDQR,True
GenerativeAdversarialNetwork,0.0001,5,100,45,7,0.6929375529289246,0.006874431390315294,images\epochs\GenerativeAdversarialNetwork\hRIqqroDQR,True
GenerativeAdversarialNetwork,0.0001,5,100,45,8,0.6935358047485352,0.0067623453214764595,images\epochs\GenerativeAdversarialNetwork\hRIqqroDQR,True
GenerativeAdversarialNetwork,0.0001,5,100,45,9,0.6930999755859375,0.005844907369464636,images\epochs\GenerativeAdversarialNetwork\hRIqqroDQR,True
GenerativeAdversarialNetwork,0.0001,5,100,45,10,0.693589985370636,0.0065890043042600155,images\epochs\GenerativeAdversarialNetwork\hRIqqroDQR,True
GenerativeAdversarialNetwork,0.0001,5,100,45,11,0.6930961012840271,0.007840083912014961,images\epochs\GenerativeAdversarialNetwork\hRIqqroDQR,True
GenerativeAdversarialNetwork,0.0001,5,100,45,12,0.6930567026138306,0.00577555550262332,images\epochs\GenerativeAdversarialNetwork\hRIqqroDQR,True
GenerativeAdversarialNetwork,0.0001,5,100,45,13,0.6932083964347839,0.006051311269402504,images\epochs\GenerativeAdversarialNetwork\hRIqqroDQR,True
GenerativeAdversarialNetwork,0.0001,5,100,45,14,0.6930952668190002,0.006383593659847975,images\epochs\GenerativeAdversarialNetwork\hRIqqroDQR,True
GenerativeAdversarialNetwork,0.0001,5,100,45,15,0.6931753754615784,0.0074327061884105206,images\epochs\GenerativeAdversarialNetwork\hRIqqroDQR,True
GenerativeAdversarialNetwork,0.0001,5,100,45,16,0.6934240460395813,0.005568390246480703,images\epochs\GenerativeAdversarialNetwork\hRIqqroDQR,True
GenerativeAdversarialNetwork,0.0001,5,100,45,17,0.6939328908920288,0.006861080881208181,images\epochs\GenerativeAdversarialNetwork\hRIqqroDQR,True
GenerativeAdversarialNetwork,0.0001,5,100,45,18,0.6925860047340393,0.0045544845052063465,images\epochs\GenerativeAdversarialNetwork\hRIqqroDQR,True
GenerativeAdversarialNetwork,0.0001,5,100,45,19,0.6936742067337036,0.005702497903257608,images\epochs\GenerativeAdversarialNetwork\hRIqqroDQR,True
GenerativeAdversarialNetwork,0.0001,5,100,45,20,0.6932587623596191,0.0056097800843417645,images\epochs\GenerativeAdversarialNetwork\hRIqqroDQR,True
GenerativeAdversarialNetwork,0.0001,5,100,45,21,0.6926937103271484,0.0037548611871898174,images\epochs\GenerativeAdversarialNetwork\hRIqqroDQR,True
GenerativeAdversarialNetwork,0.0001,5,100,45,22,0.6940037608146667,0.003586164675652981,images\epochs\GenerativeAdversarialNetwork\hRIqqroDQR,True
GenerativeAdversarialNetwork,0.0001,5,100,45,23,0.6933324337005615,0.006360307335853577,images\epochs\GenerativeAdversarialNetwork\hRIqqroDQR,True
GenerativeAdversarialNetwork,0.0001,5,100,45,24,0.6932228803634644,0.004088302608579397,images\epochs\GenerativeAdversarialNetwork\hRIqqroDQR,True
GenerativeAdversarialNetwork,0.0001,5,100,45,25,0.6935949921607971,0.003413514466956258,images\epochs\GenerativeAdversarialNetwork\hRIqqroDQR,True
GenerativeAdversarialNetwork,0.0001,5,100,45,26,0.693263828754425,0.004980356898158789,images\epochs\GenerativeAdversarialNetwork\hRIqqroDQR,True
GenerativeAdversarialNetwork,0.0001,5,100,45,27,0.6927700042724609,0.00446624169126153,images\epochs\GenerativeAdversarialNetwork\hRIqqroDQR,True
GenerativeAdversarialNetwork,0.0001,5,100,45,28,0.6943494081497192,0.003990404773503542,images\epochs\GenerativeAdversarialNetwork\hRIqqroDQR,True
GenerativeAdversarialNetwork,0.0001,5,100,45,29,0.6937362551689148,0.003290200140327215,images\epochs\GenerativeAdversarialNetwork\hRIqqroDQR,True
GenerativeAdversarialNetwork,0.0001,5,100,45,30,0.6934341788291931,0.004152635112404823,images\epochs\GenerativeAdversarialNetwork\hRIqqroDQR,True
GenerativeAdversarialNetwork,0.0001,5,100,45,31,0.693681538105011,0.003100490430369973,images\epochs\GenerativeAdversarialNetwork\hRIqqroDQR,True
GenerativeAdversarialNetwork,0.0001,5,100,45,32,0.6934744119644165,0.004602332599461079,images\epochs\GenerativeAdversarialNetwork\hRIqqroDQR,True
GenerativeAdversarialNetwork,0.0001,5,100,45,33,0.6936313509941101,0.003527994966134429,images\epochs\GenerativeAdversarialNetwork\hRIqqroDQR,True
GenerativeAdversarialNetwork,0.0001,5,100,45,34,0.6941908001899719,0.003441375680267811,images\epochs\GenerativeAdversarialNetwork\hRIqqroDQR,True
GenerativeAdversarialNetwork,0.0001,5,100,45,35,0.6927595734596252,0.0026053544133901596,images\epochs\GenerativeAdversarialNetwork\hRIqqroDQR,True
GenerativeAdversarialNetwork,0.0001,5,100,45,36,0.6931753754615784,0.0035121850669384003,images\epochs\GenerativeAdversarialNetwork\hRIqqroDQR,True
GenerativeAdversarialNetwork,0.0001,5,100,45,37,0.6933124661445618,0.003944068215787411,images\epochs\GenerativeAdversarialNetwork\hRIqqroDQR,True
GenerativeAdversarialNetwork,0.0001,5,100,45,38,0.6935977935791016,0.0027693735901266336,images\epochs\GenerativeAdversarialNetwork\hRIqqroDQR,True
GenerativeAdversarialNetwork,0.0001,5,100,45,39,0.693290114402771,0.0026184143498539925,images\epochs\GenerativeAdversarialNetwork\hRIqqroDQR,True
GenerativeAdversarialNetwork,0.0001,5,100,45,40,0.6934272646903992,0.00384713988751173,images\epochs\GenerativeAdversarialNetwork\hRIqqroDQR,True
GenerativeAdversarialNetwork,0.0001,5,100,45,41,0.6933216452598572,0.0032797462772578,images\epochs\GenerativeAdversarialNetwork\hRIqqroDQR,True
GenerativeAdversarialNetwork,0.0001,5,100,45,42,0.6924614310264587,0.003325425088405609,images\epochs\GenerativeAdversarialNetwork\hRIqqroDQR,True
GenerativeAdversarialNetwork,0.0001,5,100,45,43,0.6932824850082397,0.0032584541477262974,images\epochs\GenerativeAdversarialNetwork\hRIqqroDQR,True
GenerativeAdversarialNetwork,0.0001,5,100,45,44,0.6930367350578308,0.004224490374326706,images\epochs\GenerativeAdversarialNetwork\hRIqqroDQR,True
GenerativeAdversarialNetwork,0.0001,5,100,45,45,0.693842351436615,0.0029318025335669518,images\epochs\GenerativeAdversarialNetwork\hRIqqroDQR,True
GenerativeAdversarialNetwork,0.0001,5,100,45,46,0.6931416392326355,0.002961821388453245,images\epochs\GenerativeAdversarialNetwork\hRIqqroDQR,True
GenerativeAdversarialNetwork,0.0001,5,100,45,47,0.6925538182258606,0.0025658125523477793,images\epochs\GenerativeAdversarialNetwork\hRIqqroDQR,True
GenerativeAdversarialNetwork,0.0001,5,100,45,48,0.6928499341011047,0.003025240497663617,images\epochs\GenerativeAdversarialNetwork\hRIqqroDQR,True
GenerativeAdversarialNetwork,0.0001,5,100,45,49,0.6936877369880676,0.002976657822728157,images\epochs\GenerativeAdversarialNetwork\hRIqqroDQR,True
GenerativeAdversarialNetwork,0.0001,5,100,45,50,0.6930850148200989,0.0035656990949064493,images\epochs\GenerativeAdversarialNetwork\hRIqqroDQR,True
GenerativeAdversarialNetwork,0.0001,5,100,45,51,0.6934115886688232,0.003214463824406266,images\epochs\GenerativeAdversarialNetwork\hRIqqroDQR,True
GenerativeAdversarialNetwork,0.0001,5,100,45,52,0.693132221698761,0.0031888806261122227,images\epochs\GenerativeAdversarialNetwork\hRIqqroDQR,True
GenerativeAdversarialNetwork,0.0001,5,100,45,53,0.6934337019920349,0.0031117487233132124,images\epochs\GenerativeAdversarialNetwork\hRIqqroDQR,True
GenerativeAdversarialNetwork,0.0001,5,100,45,54,0.6934896111488342,0.0032825700473040342,images\epochs\GenerativeAdversarialNetwork\hRIqqroDQR,True
GenerativeAdversarialNetwork,0.0001,5,100,45,55,0.6932598352432251,0.0027362708933651447,images\epochs\GenerativeAdversarialNetwork\hRIqqroDQR,True
GenerativeAdversarialNetwork,0.0001,5,100,45,56,0.6936008930206299,0.0026956789661198854,images\epochs\GenerativeAdversarialNetwork\hRIqqroDQR,True
GenerativeAdversarialNetwork,0.0001,5,100,45,57,0.6939893960952759,0.0022971986327320337,images\epochs\GenerativeAdversarialNetwork\hRIqqroDQR,True
GenerativeAdversarialNetwork,0.0001,5,100,45,58,0.6935428380966187,0.0030235997401177883,images\epochs\GenerativeAdversarialNetwork\hRIqqroDQR,True
GenerativeAdversarialNetwork,0.0001,5,100,45,59,0.6934025883674622,0.002740640891715884,images\epochs\GenerativeAdversarialNetwork\hRIqqroDQR,True
GenerativeAdversarialNetwork,0.0001,5,100,45,60,0.6931208372116089,0.0026162569411098957,images\epochs\GenerativeAdversarialNetwork\hRIqqroDQR,True
GenerativeAdversarialNetwork,0.0001,5,100,45,61,0.6931045651435852,0.003361672395840287,images\epochs\GenerativeAdversarialNetwork\hRIqqroDQR,True
GenerativeAdversarialNetwork,0.0001,5,100,45,62,0.6932761669158936,0.0021841691341251135,images\epochs\GenerativeAdversarialNetwork\hRIqqroDQR,True
GenerativeAdversarialNetwork,0.0001,5,100,45,63,0.6932314038276672,0.0031825900077819824,images\epochs\GenerativeAdversarialNetwork\hRIqqroDQR,True
GenerativeAdversarialNetwork,0.0001,5,100,45,64,0.6932550668716431,0.0032760947942733765,images\epochs\GenerativeAdversarialNetwork\hRIqqroDQR,True
GenerativeAdversarialNetwork,0.0001,5,100,45,65,0.6930000185966492,0.002016630722209811,images\epochs\GenerativeAdversarialNetwork\hRIqqroDQR,True
GenerativeAdversarialNetwork,0.0001,5,100,45,66,0.6930877566337585,0.0021763250697404146,images\epochs\GenerativeAdversarialNetwork\hRIqqroDQR,True
GenerativeAdversarialNetwork,0.0001,5,100,45,67,0.6927676200866699,0.0021634057629853487,images\epochs\GenerativeAdversarialNetwork\hRIqqroDQR,True
GenerativeAdversarialNetwork,0.0001,5,100,45,68,0.6935745477676392,0.0019305129535496235,images\epochs\GenerativeAdversarialNetwork\hRIqqroDQR,True
GenerativeAdversarialNetwork,0.0001,5,100,45,69,0.6938530206680298,0.00224723550491035,images\epochs\GenerativeAdversarialNetwork\hRIqqroDQR,True
GenerativeAdversarialNetwork,0.0001,5,100,45,70,0.6934442520141602,0.0024553886614739895,images\epochs\GenerativeAdversarialNetwork\hRIqqroDQR,True
GenerativeAdversarialNetwork,0.0001,5,100,45,71,0.6929517984390259,0.0025713425129652023,images\epochs\GenerativeAdversarialNetwork\hRIqqroDQR,True
GenerativeAdversarialNetwork,0.0001,5,100,45,72,0.6930540204048157,0.0024369757156819105,images\epochs\GenerativeAdversarialNetwork\hRIqqroDQR,True
GenerativeAdversarialNetwork,0.0001,5,100,45,73,0.693378746509552,0.0023311274126172066,images\epochs\GenerativeAdversarialNetwork\hRIqqroDQR,True
GenerativeAdversarialNetwork,0.0001,5,100,45,74,0.693272590637207,0.0018417072715237737,images\epochs\GenerativeAdversarialNetwork\hRIqqroDQR,True
GenerativeAdversarialNetwork,0.0001,5,100,45,75,0.6933032870292664,0.0017066572327166796,images\epochs\GenerativeAdversarialNetwork\hRIqqroDQR,True
GenerativeAdversarialNetwork,0.0001,5,100,45,76,0.6933389902114868,0.002297321567311883,images\epochs\GenerativeAdversarialNetwork\hRIqqroDQR,True
GenerativeAdversarialNetwork,0.0001,5,100,45,77,0.6929534077644348,0.0015652505680918694,images\epochs\GenerativeAdversarialNetwork\hRIqqroDQR,True
GenerativeAdversarialNetwork,0.0001,5,100,45,78,0.6933326721191406,0.0020801243372261524,images\epochs\GenerativeAdversarialNetwork\hRIqqroDQR,True
GenerativeAdversarialNetwork,0.0001,5,100,45,79,0.6933216452598572,0.0016904479125514627,images\epochs\GenerativeAdversarialNetwork\hRIqqroDQR,True
GenerativeAdversarialNetwork,0.0001,5,100,45,80,0.6934148073196411,0.0038105580024421215,images\epochs\GenerativeAdversarialNetwork\hRIqqroDQR,True
GenerativeAdversarialNetwork,0.0001,5,100,45,81,0.6931171417236328,0.0024672269355505705,images\epochs\GenerativeAdversarialNetwork\hRIqqroDQR,True
GenerativeAdversarialNetwork,0.0001,5,100,45,82,0.6934957504272461,0.0019967304542660713,images\epochs\GenerativeAdversarialNetwork\hRIqqroDQR,True
GenerativeAdversarialNetwork,0.0001,5,100,45,83,0.6926535367965698,0.00296952947974205,images\epochs\GenerativeAdversarialNetwork\hRIqqroDQR,True
GenerativeAdversarialNetwork,0.0001,5,100,45,84,0.6932504177093506,0.002202295698225498,images\epochs\GenerativeAdversarialNetwork\hRIqqroDQR,True
GenerativeAdversarialNetwork,0.0001,5,100,45,85,0.6930326223373413,0.0020781655330210924,images\epochs\GenerativeAdversarialNetwork\hRIqqroDQR,True
GenerativeAdversarialNetwork,0.0001,5,100,45,86,0.6929742693901062,0.001695148297585547,images\epochs\GenerativeAdversarialNetwork\hRIqqroDQR,True
GenerativeAdversarialNetwork,0.0001,5,100,45,87,0.6935280561447144,0.0024061286821961403,images\epochs\GenerativeAdversarialNetwork\hRIqqroDQR,True
GenerativeAdversarialNetwork,0.0001,5,100,45,88,0.693513035774231,0.002247478812932968,images\epochs\GenerativeAdversarialNetwork\hRIqqroDQR,True
GenerativeAdversarialNetwork,0.0001,5,100,45,89,0.6932747960090637,0.0019693218637257814,images\epochs\GenerativeAdversarialNetwork\hRIqqroDQR,True
GenerativeAdversarialNetwork,0.0001,5,100,45,90,0.6934145092964172,0.0015759703237563372,images\epochs\GenerativeAdversarialNetwork\hRIqqroDQR,True
GenerativeAdversarialNetwork,0.0001,5,100,45,91,0.6932805180549622,0.0020515606738626957,images\epochs\GenerativeAdversarialNetwork\hRIqqroDQR,True
GenerativeAdversarialNetwork,0.0001,5,100,45,92,0.6927039623260498,0.0024851704947650433,images\epochs\GenerativeAdversarialNetwork\hRIqqroDQR,True
GenerativeAdversarialNetwork,0.0001,5,100,45,93,0.6933125257492065,0.0021378446836024523,images\epochs\GenerativeAdversarialNetwork\hRIqqroDQR,True
GenerativeAdversarialNetwork,0.0001,5,100,45,94,0.6933560967445374,0.002201687777414918,images\epochs\GenerativeAdversarialNetwork\hRIqqroDQR,True
GenerativeAdversarialNetwork,0.0001,5,100,45,95,0.6932786703109741,0.0017088719177991152,images\epochs\GenerativeAdversarialNetwork\hRIqqroDQR,True
GenerativeAdversarialNetwork,0.0001,5,100,45,96,0.693068265914917,0.0022645220160484314,images\epochs\GenerativeAdversarialNetwork\hRIqqroDQR,True
GenerativeAdversarialNetwork,0.0001,5,100,45,97,0.6934045553207397,0.002374017611145973,images\epochs\GenerativeAdversarialNetwork\hRIqqroDQR,True
GenerativeAdversarialNetwork,0.0001,5,100,45,98,0.6933691501617432,0.002162107964977622,images\epochs\GenerativeAdversarialNetwork\hRIqqroDQR,True
GenerativeAdversarialNetwork,0.0001,5,100,45,99,0.692808210849762,0.0016034662257879972,images\epochs\GenerativeAdversarialNetwork\hRIqqroDQR,True
GenerativeAdversarialNetwork,0.0001,4,100,45,0,0.6921254396438599,0.021066974848508835,images\epochs\GenerativeAdversarialNetwork\pqfstpEXru,True
GenerativeAdversarialNetwork,0.0001,4,100,45,1,0.693038284778595,0.01806752011179924,images\epochs\GenerativeAdversarialNetwork\pqfstpEXru,True
GenerativeAdversarialNetwork,0.0001,4,100,45,2,0.692900538444519,0.015571706928312778,images\epochs\GenerativeAdversarialNetwork\pqfstpEXru,True
GenerativeAdversarialNetwork,0.0001,4,100,45,3,0.6929633617401123,0.010699116624891758,images\epochs\GenerativeAdversarialNetwork\pqfstpEXru,True
GenerativeAdversarialNetwork,0.0001,4,100,45,4,0.6923540234565735,0.010536838322877884,images\epochs\GenerativeAdversarialNetwork\pqfstpEXru,True
GenerativeAdversarialNetwork,0.0001,4,100,45,5,0.693378210067749,0.009952902793884277,images\epochs\GenerativeAdversarialNetwork\pqfstpEXru,True
GenerativeAdversarialNetwork,0.0001,4,100,45,6,0.6930886507034302,0.009217088110744953,images\epochs\GenerativeAdversarialNetwork\pqfstpEXru,True
GenerativeAdversarialNetwork,0.0001,4,100,45,7,0.6931096911430359,0.008477476425468922,images\epochs\GenerativeAdversarialNetwork\pqfstpEXru,True
GenerativeAdversarialNetwork,0.0001,4,100,45,8,0.6921999454498291,0.007955783978104591,images\epochs\GenerativeAdversarialNetwork\pqfstpEXru,True
GenerativeAdversarialNetwork,0.0001,4,100,45,9,0.6932078003883362,0.007926740683615208,images\epochs\GenerativeAdversarialNetwork\pqfstpEXru,True
GenerativeAdversarialNetwork,0.0001,4,100,45,10,0.694377064704895,0.0077485498040914536,images\epochs\GenerativeAdversarialNetwork\pqfstpEXru,True
GenerativeAdversarialNetwork,0.0001,4,100,45,11,0.6933794617652893,0.005364934913814068,images\epochs\GenerativeAdversarialNetwork\pqfstpEXru,True
GenerativeAdversarialNetwork,0.0001,4,100,45,12,0.6943861246109009,0.0048414357006549835,images\epochs\GenerativeAdversarialNetwork\pqfstpEXru,True
GenerativeAdversarialNetwork,0.0001,4,100,45,13,0.6938458681106567,0.006674973294138908,images\epochs\GenerativeAdversarialNetwork\pqfstpEXru,True
GenerativeAdversarialNetwork,0.0001,4,100,45,14,0.6936240792274475,0.005479353945702314,images\epochs\GenerativeAdversarialNetwork\pqfstpEXru,True
GenerativeAdversarialNetwork,0.0001,4,100,45,15,0.6931772828102112,0.005279398523271084,images\epochs\GenerativeAdversarialNetwork\pqfstpEXru,True
GenerativeAdversarialNetwork,0.0001,4,100,45,16,0.693344235420227,0.005536369979381561,images\epochs\GenerativeAdversarialNetwork\pqfstpEXru,True
GenerativeAdversarialNetwork,0.0001,4,100,45,17,0.6935228109359741,0.006201785523444414,images\epochs\GenerativeAdversarialNetwork\pqfstpEXru,True
GenerativeAdversarialNetwork,0.0001,4,100,45,18,0.6921279430389404,0.0052604046650230885,images\epochs\GenerativeAdversarialNetwork\pqfstpEXru,True
GenerativeAdversarialNetwork,0.0001,4,100,45,19,0.6930663585662842,0.005645643454045057,images\epochs\GenerativeAdversarialNetwork\pqfstpEXru,True
GenerativeAdversarialNetwork,0.0001,4,100,45,20,0.6933881640434265,0.005185139365494251,images\epochs\GenerativeAdversarialNetwork\pqfstpEXru,True
GenerativeAdversarialNetwork,0.0001,4,100,45,21,0.6940631866455078,0.005237875506281853,images\epochs\GenerativeAdversarialNetwork\pqfstpEXru,True
GenerativeAdversarialNetwork,0.0001,4,100,45,22,0.6927192807197571,0.004432020243257284,images\epochs\GenerativeAdversarialNetwork\pqfstpEXru,True
GenerativeAdversarialNetwork,0.0001,4,100,45,23,0.6935030221939087,0.00449709128588438,images\epochs\GenerativeAdversarialNetwork\pqfstpEXru,True
GenerativeAdversarialNetwork,0.0001,4,100,45,24,0.6926615834236145,0.004076511599123478,images\epochs\GenerativeAdversarialNetwork\pqfstpEXru,True
GenerativeAdversarialNetwork,0.0001,4,100,45,25,0.6935967803001404,0.0035915877670049667,images\epochs\GenerativeAdversarialNetwork\pqfstpEXru,True
GenerativeAdversarialNetwork,0.0001,4,100,45,26,0.6928668022155762,0.0034167496487498283,images\epochs\GenerativeAdversarialNetwork\pqfstpEXru,True
GenerativeAdversarialNetwork,0.0001,4,100,45,27,0.6939659118652344,0.005479574669152498,images\epochs\GenerativeAdversarialNetwork\pqfstpEXru,True
GenerativeAdversarialNetwork,0.0001,4,100,45,28,0.6935452818870544,0.0038796053268015385,images\epochs\GenerativeAdversarialNetwork\pqfstpEXru,True
GenerativeAdversarialNetwork,0.0001,4,100,45,29,0.6928861141204834,0.003606581361964345,images\epochs\GenerativeAdversarialNetwork\pqfstpEXru,True
GenerativeAdversarialNetwork,0.0001,4,100,45,30,0.6928707957267761,0.004199731629341841,images\epochs\GenerativeAdversarialNetwork\pqfstpEXru,True
GenerativeAdversarialNetwork,0.0001,4,100,45,31,0.6916713714599609,0.0036141390446573496,images\epochs\GenerativeAdversarialNetwork\pqfstpEXru,True
GenerativeAdversarialNetwork,0.0001,4,100,45,32,0.6930475234985352,0.004020953085273504,images\epochs\GenerativeAdversarialNetwork\pqfstpEXru,True
GenerativeAdversarialNetwork,0.0001,4,100,45,33,0.6940608620643616,0.0042718080803751945,images\epochs\GenerativeAdversarialNetwork\pqfstpEXru,True
GenerativeAdversarialNetwork,0.0001,4,100,45,34,0.6933472752571106,0.0035556515213102102,images\epochs\GenerativeAdversarialNetwork\pqfstpEXru,True
GenerativeAdversarialNetwork,0.0001,4,100,45,35,0.6930733919143677,0.0032584674190729856,images\epochs\GenerativeAdversarialNetwork\pqfstpEXru,True
GenerativeAdversarialNetwork,0.0001,4,100,45,36,0.6929543614387512,0.0032334260176867247,images\epochs\GenerativeAdversarialNetwork\pqfstpEXru,True
GenerativeAdversarialNetwork,0.0001,4,100,45,37,0.6927264332771301,0.003931361250579357,images\epochs\GenerativeAdversarialNetwork\pqfstpEXru,True
GenerativeAdversarialNetwork,0.0001,4,100,45,38,0.693303108215332,0.004344379995018244,images\epochs\GenerativeAdversarialNetwork\pqfstpEXru,True
GenerativeAdversarialNetwork,0.0001,4,100,45,39,0.6930405497550964,0.003701134119182825,images\epochs\GenerativeAdversarialNetwork\pqfstpEXru,True
GenerativeAdversarialNetwork,0.0001,4,100,45,40,0.6931273937225342,0.004636145196855068,images\epochs\GenerativeAdversarialNetwork\pqfstpEXru,True
GenerativeAdversarialNetwork,0.0001,4,100,45,41,0.6925954222679138,0.0027921039145439863,images\epochs\GenerativeAdversarialNetwork\pqfstpEXru,True
GenerativeAdversarialNetwork,0.0001,4,100,45,42,0.6927504539489746,0.0031330601777881384,images\epochs\GenerativeAdversarialNetwork\pqfstpEXru,True
GenerativeAdversarialNetwork,0.0001,4,100,45,43,0.6933754086494446,0.002654582727700472,images\epochs\GenerativeAdversarialNetwork\pqfstpEXru,True
GenerativeAdversarialNetwork,0.0001,4,100,45,44,0.6936283111572266,0.0020787660032510757,images\epochs\GenerativeAdversarialNetwork\pqfstpEXru,True
GenerativeAdversarialNetwork,0.0001,4,100,45,45,0.6929656863212585,0.0025201919488608837,images\epochs\GenerativeAdversarialNetwork\pqfstpEXru,True
GenerativeAdversarialNetwork,0.0001,4,100,45,46,0.6934218406677246,0.0034643406979739666,images\epochs\GenerativeAdversarialNetwork\pqfstpEXru,True
GenerativeAdversarialNetwork,0.0001,4,100,45,47,0.6932253837585449,0.003908194601535797,images\epochs\GenerativeAdversarialNetwork\pqfstpEXru,True
GenerativeAdversarialNetwork,0.0001,4,100,45,48,0.6932692527770996,0.003435686696320772,images\epochs\GenerativeAdversarialNetwork\pqfstpEXru,True
GenerativeAdversarialNetwork,0.0001,4,100,45,49,0.6931678652763367,0.003989912569522858,images\epochs\GenerativeAdversarialNetwork\pqfstpEXru,True
GenerativeAdversarialNetwork,0.0001,4,100,45,50,0.6931337118148804,0.0029747062362730503,images\epochs\GenerativeAdversarialNetwork\pqfstpEXru,True
GenerativeAdversarialNetwork,0.0001,4,100,45,51,0.6933550238609314,0.0018941587768495083,images\epochs\GenerativeAdversarialNetwork\pqfstpEXru,True
GenerativeAdversarialNetwork,0.0001,4,100,45,52,0.6933128833770752,0.0019852265249937773,images\epochs\GenerativeAdversarialNetwork\pqfstpEXru,True
GenerativeAdversarialNetwork,0.0001,4,100,45,53,0.6934148669242859,0.002908980241045356,images\epochs\GenerativeAdversarialNetwork\pqfstpEXru,True
GenerativeAdversarialNetwork,0.0001,4,100,45,54,0.6931079030036926,0.0022428103256970644,images\epochs\GenerativeAdversarialNetwork\pqfstpEXru,True
GenerativeAdversarialNetwork,0.0001,4,100,45,55,0.6931706070899963,0.0021119024604558945,images\epochs\GenerativeAdversarialNetwork\pqfstpEXru,True
GenerativeAdversarialNetwork,0.0001,4,100,45,56,0.6928402781486511,0.0035359577741473913,images\epochs\GenerativeAdversarialNetwork\pqfstpEXru,True
GenerativeAdversarialNetwork,0.0001,4,100,45,57,0.6927865743637085,0.0025228061713278294,images\epochs\GenerativeAdversarialNetwork\pqfstpEXru,True
GenerativeAdversarialNetwork,0.0001,4,100,45,58,0.6929530501365662,0.0030678899493068457,images\epochs\GenerativeAdversarialNetwork\pqfstpEXru,True
GenerativeAdversarialNetwork,0.0001,4,100,45,59,0.6931650042533875,0.0028949917759746313,images\epochs\GenerativeAdversarialNetwork\pqfstpEXru,True
GenerativeAdversarialNetwork,0.0001,4,100,45,60,0.6928116679191589,0.0035600087139755487,images\epochs\GenerativeAdversarialNetwork\pqfstpEXru,True
GenerativeAdversarialNetwork,0.0001,4,100,45,61,0.6926620006561279,0.0025982914958149195,images\epochs\GenerativeAdversarialNetwork\pqfstpEXru,True
GenerativeAdversarialNetwork,0.0001,4,100,45,62,0.6937571167945862,0.003084866562858224,images\epochs\GenerativeAdversarialNetwork\pqfstpEXru,True
GenerativeAdversarialNetwork,0.0001,4,100,45,63,0.6930723786354065,0.0033156999852508307,images\epochs\GenerativeAdversarialNetwork\pqfstpEXru,True
GenerativeAdversarialNetwork,0.0001,4,100,45,64,0.6932947635650635,0.0032349196262657642,images\epochs\GenerativeAdversarialNetwork\pqfstpEXru,True
GenerativeAdversarialNetwork,0.0001,4,100,45,65,0.6933566927909851,0.00244253221899271,images\epochs\GenerativeAdversarialNetwork\pqfstpEXru,True
GenerativeAdversarialNetwork,0.0001,4,100,45,66,0.693381667137146,0.001410620636306703,images\epochs\GenerativeAdversarialNetwork\pqfstpEXru,True
GenerativeAdversarialNetwork,0.0001,4,100,45,67,0.6934475302696228,0.003968241158872843,images\epochs\GenerativeAdversarialNetwork\pqfstpEXru,True
GenerativeAdversarialNetwork,0.0001,4,100,45,68,0.6927542686462402,0.0023278039880096912,images\epochs\GenerativeAdversarialNetwork\pqfstpEXru,True
GenerativeAdversarialNetwork,0.0001,4,100,45,69,0.6926287412643433,0.0023072422482073307,images\epochs\GenerativeAdversarialNetwork\pqfstpEXru,True
GenerativeAdversarialNetwork,0.0001,4,100,45,70,0.6932409405708313,0.0023089353926479816,images\epochs\GenerativeAdversarialNetwork\pqfstpEXru,True
GenerativeAdversarialNetwork,0.0001,4,100,45,71,0.6931140422821045,0.0020692539401352406,images\epochs\GenerativeAdversarialNetwork\pqfstpEXru,True
GenerativeAdversarialNetwork,0.0001,4,100,45,72,0.6935731172561646,0.003205488668754697,images\epochs\GenerativeAdversarialNetwork\pqfstpEXru,True
GenerativeAdversarialNetwork,0.0001,4,100,45,73,0.693260669708252,0.0029787824023514986,images\epochs\GenerativeAdversarialNetwork\pqfstpEXru,True
GenerativeAdversarialNetwork,0.0001,4,100,45,74,0.6927708983421326,0.002083831001073122,images\epochs\GenerativeAdversarialNetwork\pqfstpEXru,True
GenerativeAdversarialNetwork,0.0001,4,100,45,75,0.6931118369102478,0.002822843147441745,images\epochs\GenerativeAdversarialNetwork\pqfstpEXru,True
GenerativeAdversarialNetwork,0.0001,4,100,45,76,0.6929795742034912,0.0026094585191458464,images\epochs\GenerativeAdversarialNetwork\pqfstpEXru,True
GenerativeAdversarialNetwork,0.0001,4,100,45,77,0.6930003762245178,0.0019855331629514694,images\epochs\GenerativeAdversarialNetwork\pqfstpEXru,True
GenerativeAdversarialNetwork,0.0001,4,100,45,78,0.6931028962135315,0.0027692720759660006,images\epochs\GenerativeAdversarialNetwork\pqfstpEXru,True
GenerativeAdversarialNetwork,0.0001,4,100,45,79,0.6927736401557922,0.00318915699608624,images\epochs\GenerativeAdversarialNetwork\pqfstpEXru,True
GenerativeAdversarialNetwork,0.0001,4,100,45,80,0.6931607127189636,0.0018714159959927201,images\epochs\GenerativeAdversarialNetwork\pqfstpEXru,True
GenerativeAdversarialNetwork,0.0001,4,100,45,81,0.6931573152542114,0.002064456231892109,images\epochs\GenerativeAdversarialNetwork\pqfstpEXru,True
GenerativeAdversarialNetwork,0.0001,4,100,45,82,0.6930930614471436,0.0017978021642193198,images\epochs\GenerativeAdversarialNetwork\pqfstpEXru,True
GenerativeAdversarialNetwork,0.0001,4,100,45,83,0.6931229829788208,0.0017367833061143756,images\epochs\GenerativeAdversarialNetwork\pqfstpEXru,True
GenerativeAdversarialNetwork,0.0001,4,100,45,84,0.6931978464126587,0.0018192213028669357,images\epochs\GenerativeAdversarialNetwork\pqfstpEXru,True
GenerativeAdversarialNetwork,0.0001,4,100,45,85,0.6928369402885437,0.001834537019021809,images\epochs\GenerativeAdversarialNetwork\pqfstpEXru,True
GenerativeAdversarialNetwork,0.0001,4,100,45,86,0.6928892135620117,0.0022222569677978754,images\epochs\GenerativeAdversarialNetwork\pqfstpEXru,True
GenerativeAdversarialNetwork,0.0001,4,100,45,87,0.6927867531776428,0.002284221351146698,images\epochs\GenerativeAdversarialNetwork\pqfstpEXru,True
GenerativeAdversarialNetwork,0.0001,4,100,45,88,0.6927257776260376,0.0014233050169423223,images\epochs\GenerativeAdversarialNetwork\pqfstpEXru,True
GenerativeAdversarialNetwork,0.0001,4,100,45,89,0.6935539841651917,0.0016978289932012558,images\epochs\GenerativeAdversarialNetwork\pqfstpEXru,True
GenerativeAdversarialNetwork,0.0001,4,100,45,90,0.6932477355003357,0.0022805638145655394,images\epochs\GenerativeAdversarialNetwork\pqfstpEXru,True
GenerativeAdversarialNetwork,0.0001,4,100,45,91,0.6930271983146667,0.0017476482316851616,images\epochs\GenerativeAdversarialNetwork\pqfstpEXru,True
GenerativeAdversarialNetwork,0.0001,4,100,45,92,0.6933737993240356,0.0017743987264111638,images\epochs\GenerativeAdversarialNetwork\pqfstpEXru,True
GenerativeAdversarialNetwork,0.0001,4,100,45,93,0.6924842000007629,0.0020103759597986937,images\epochs\GenerativeAdversarialNetwork\pqfstpEXru,True
GenerativeAdversarialNetwork,0.0001,4,100,45,94,0.6926526427268982,0.0020720171742141247,images\epochs\GenerativeAdversarialNetwork\pqfstpEXru,True
GenerativeAdversarialNetwork,0.0001,4,100,45,95,0.6928762197494507,0.0026018887292593718,images\epochs\GenerativeAdversarialNetwork\pqfstpEXru,True
GenerativeAdversarialNetwork,0.0001,4,100,45,96,0.6932743787765503,0.002012789249420166,images\epochs\GenerativeAdversarialNetwork\pqfstpEXru,True
GenerativeAdversarialNetwork,0.0001,4,100,45,97,0.6933260560035706,0.0018807030282914639,images\epochs\GenerativeAdversarialNetwork\pqfstpEXru,True
GenerativeAdversarialNetwork,0.0001,4,100,45,98,0.6939001679420471,0.0019444867502897978,images\epochs\GenerativeAdversarialNetwork\pqfstpEXru,True
GenerativeAdversarialNetwork,0.0001,4,100,45,99,0.6926730871200562,0.002262816997244954,images\epochs\GenerativeAdversarialNetwork\pqfstpEXru,True
GenerativeAdversarialNetwork,0.0001,2,100,45,0,0.693010151386261,0.020007120445370674,images\epochs\GenerativeAdversarialNetwork\wIENOgNfuP,True
GenerativeAdversarialNetwork,0.0001,2,100,45,1,0.693119466304779,0.01568068005144596,images\epochs\GenerativeAdversarialNetwork\wIENOgNfuP,True
GenerativeAdversarialNetwork,0.0001,2,100,45,2,0.6931043863296509,0.013963527977466583,images\epochs\GenerativeAdversarialNetwork\wIENOgNfuP,True
GenerativeAdversarialNetwork,0.0001,2,100,45,3,0.6935895681381226,0.010154700838029385,images\epochs\GenerativeAdversarialNetwork\wIENOgNfuP,True
GenerativeAdversarialNetwork,0.0001,2,100,45,4,0.6930216550827026,0.009549928829073906,images\epochs\GenerativeAdversarialNetwork\wIENOgNfuP,True
GenerativeAdversarialNetwork,0.0001,2,100,45,5,0.6932398080825806,0.009374371729791164,images\epochs\GenerativeAdversarialNetwork\wIENOgNfuP,True
GenerativeAdversarialNetwork,0.0001,2,100,45,6,0.6932851672172546,0.00874825194478035,images\epochs\GenerativeAdversarialNetwork\wIENOgNfuP,True
GenerativeAdversarialNetwork,0.0001,2,100,45,7,0.6930258274078369,0.009299560450017452,images\epochs\GenerativeAdversarialNetwork\wIENOgNfuP,True
GenerativeAdversarialNetwork,0.0001,2,100,45,8,0.6928598284721375,0.007907633669674397,images\epochs\GenerativeAdversarialNetwork\wIENOgNfuP,True
GenerativeAdversarialNetwork,0.0001,2,100,45,9,0.6932610869407654,0.009558046236634254,images\epochs\GenerativeAdversarialNetwork\wIENOgNfuP,True
GenerativeAdversarialNetwork,0.0001,2,100,45,10,0.6927310228347778,0.009204233065247536,images\epochs\GenerativeAdversarialNetwork\wIENOgNfuP,True
GenerativeAdversarialNetwork,0.0001,2,100,45,11,0.6931688189506531,0.0069145760498940945,images\epochs\GenerativeAdversarialNetwork\wIENOgNfuP,True
GenerativeAdversarialNetwork,0.0001,2,100,45,12,0.694196343421936,0.005976065993309021,images\epochs\GenerativeAdversarialNetwork\wIENOgNfuP,True
GenerativeAdversarialNetwork,0.0001,2,100,45,13,0.6931062340736389,0.007848279550671577,images\epochs\GenerativeAdversarialNetwork\wIENOgNfuP,True
GenerativeAdversarialNetwork,0.0001,2,100,45,14,0.6922454237937927,0.0060220020823180676,images\epochs\GenerativeAdversarialNetwork\wIENOgNfuP,True
GenerativeAdversarialNetwork,0.0001,2,100,45,15,0.6930794715881348,0.005187871865928173,images\epochs\GenerativeAdversarialNetwork\wIENOgNfuP,True
GenerativeAdversarialNetwork,0.0001,2,100,45,16,0.6929219961166382,0.0064293257892131805,images\epochs\GenerativeAdversarialNetwork\wIENOgNfuP,True
GenerativeAdversarialNetwork,0.0001,2,100,45,17,0.6937906742095947,0.004918653983622789,images\epochs\GenerativeAdversarialNetwork\wIENOgNfuP,True
GenerativeAdversarialNetwork,0.0001,2,100,45,18,0.6934513449668884,0.005764949135482311,images\epochs\GenerativeAdversarialNetwork\wIENOgNfuP,True
GenerativeAdversarialNetwork,0.0001,2,100,45,19,0.6942975521087646,0.005567445885390043,images\epochs\GenerativeAdversarialNetwork\wIENOgNfuP,True
GenerativeAdversarialNetwork,0.0001,2,100,45,20,0.693047285079956,0.005938450340181589,images\epochs\GenerativeAdversarialNetwork\wIENOgNfuP,True
GenerativeAdversarialNetwork,0.0001,2,100,45,21,0.6925635933876038,0.0036844746209681034,images\epochs\GenerativeAdversarialNetwork\wIENOgNfuP,True
GenerativeAdversarialNetwork,0.0001,2,100,45,22,0.6926052570343018,0.008449889719486237,images\epochs\GenerativeAdversarialNetwork\wIENOgNfuP,True
GenerativeAdversarialNetwork,0.0001,2,100,45,23,0.6928030848503113,0.0035654318053275347,images\epochs\GenerativeAdversarialNetwork\wIENOgNfuP,True
GenerativeAdversarialNetwork,0.0001,2,100,45,24,0.6929086446762085,0.005405088886618614,images\epochs\GenerativeAdversarialNetwork\wIENOgNfuP,True
GenerativeAdversarialNetwork,0.0001,2,100,45,25,0.6933887004852295,0.004298989661037922,images\epochs\GenerativeAdversarialNetwork\wIENOgNfuP,True
GenerativeAdversarialNetwork,0.0001,2,100,45,26,0.6928344368934631,0.0052922628819942474,images\epochs\GenerativeAdversarialNetwork\wIENOgNfuP,True
GenerativeAdversarialNetwork,0.0001,2,100,45,27,0.6936073303222656,0.00429930817335844,images\epochs\GenerativeAdversarialNetwork\wIENOgNfuP,True
GenerativeAdversarialNetwork,0.0001,2,100,45,28,0.6927789449691772,0.003263339400291443,images\epochs\GenerativeAdversarialNetwork\wIENOgNfuP,True
GenerativeAdversarialNetwork,0.0001,2,100,45,29,0.6926308870315552,0.004323013126850128,images\epochs\GenerativeAdversarialNetwork\wIENOgNfuP,True
GenerativeAdversarialNetwork,0.0001,2,100,45,30,0.6926584243774414,0.00379532971419394,images\epochs\GenerativeAdversarialNetwork\wIENOgNfuP,True
GenerativeAdversarialNetwork,0.0001,2,100,45,31,0.6928905844688416,0.004375034943223,images\epochs\GenerativeAdversarialNetwork\wIENOgNfuP,True
GenerativeAdversarialNetwork,0.0001,2,100,45,32,0.6932411193847656,0.004230463411659002,images\epochs\GenerativeAdversarialNetwork\wIENOgNfuP,True
GenerativeAdversarialNetwork,0.0001,2,100,45,33,0.693439781665802,0.002767562633380294,images\epochs\GenerativeAdversarialNetwork\wIENOgNfuP,True
GenerativeAdversarialNetwork,0.0001,2,100,45,34,0.6926015019416809,0.0034068250097334385,images\epochs\GenerativeAdversarialNetwork\wIENOgNfuP,True
GenerativeAdversarialNetwork,0.0001,2,100,45,35,0.6927667260169983,0.0033428885508328676,images\epochs\GenerativeAdversarialNetwork\wIENOgNfuP,True
GenerativeAdversarialNetwork,0.0001,2,100,45,36,0.6921911835670471,0.005212609190493822,images\epochs\GenerativeAdversarialNetwork\wIENOgNfuP,True
GenerativeAdversarialNetwork,0.0001,2,100,45,37,0.6937116384506226,0.004070788621902466,images\epochs\GenerativeAdversarialNetwork\wIENOgNfuP,True
GenerativeAdversarialNetwork,0.0001,2,100,45,38,0.6931280493736267,0.003298527793958783,images\epochs\GenerativeAdversarialNetwork\wIENOgNfuP,True
GenerativeAdversarialNetwork,0.0001,2,100,45,39,0.6923689246177673,0.004243049770593643,images\epochs\GenerativeAdversarialNetwork\wIENOgNfuP,True
GenerativeAdversarialNetwork,0.0001,2,100,45,40,0.6927070617675781,0.0040075648576021194,images\epochs\GenerativeAdversarialNetwork\wIENOgNfuP,True
GenerativeAdversarialNetwork,0.0001,2,100,45,41,0.692758321762085,0.0025712770875543356,images\epochs\GenerativeAdversarialNetwork\wIENOgNfuP,True
GenerativeAdversarialNetwork,0.0001,2,100,45,42,0.6928077936172485,0.0027015358209609985,images\epochs\GenerativeAdversarialNetwork\wIENOgNfuP,True
GenerativeAdversarialNetwork,0.0001,2,100,45,43,0.6930698752403259,0.0030833508353680372,images\epochs\GenerativeAdversarialNetwork\wIENOgNfuP,True
GenerativeAdversarialNetwork,0.0001,2,100,45,44,0.6934221982955933,0.003461863612756133,images\epochs\GenerativeAdversarialNetwork\wIENOgNfuP,True
GenerativeAdversarialNetwork,0.0001,2,100,45,45,0.6932393312454224,0.003133674617856741,images\epochs\GenerativeAdversarialNetwork\wIENOgNfuP,True
GenerativeAdversarialNetwork,0.0001,2,100,45,46,0.6928304433822632,0.0020155322272330523,images\epochs\GenerativeAdversarialNetwork\wIENOgNfuP,True
GenerativeAdversarialNetwork,0.0001,2,100,45,47,0.6937018036842346,0.004202095791697502,images\epochs\GenerativeAdversarialNetwork\wIENOgNfuP,True
GenerativeAdversarialNetwork,0.0001,2,100,45,48,0.6929234266281128,0.0027217513415962458,images\epochs\GenerativeAdversarialNetwork\wIENOgNfuP,True
GenerativeAdversarialNetwork,0.0001,2,100,45,49,0.6932075023651123,0.003328702412545681,images\epochs\GenerativeAdversarialNetwork\wIENOgNfuP,True
GenerativeAdversarialNetwork,0.0001,2,100,45,50,0.6931846141815186,0.0020537665113806725,images\epochs\GenerativeAdversarialNetwork\wIENOgNfuP,True
GenerativeAdversarialNetwork,0.0001,2,100,45,51,0.6932230591773987,0.0034373151138424873,images\epochs\GenerativeAdversarialNetwork\wIENOgNfuP,True
GenerativeAdversarialNetwork,0.0001,2,100,45,52,0.6930755972862244,0.003409513272345066,images\epochs\GenerativeAdversarialNetwork\wIENOgNfuP,True
GenerativeAdversarialNetwork,0.0001,2,100,45,53,0.6932406425476074,0.0024402469862252474,images\epochs\GenerativeAdversarialNetwork\wIENOgNfuP,True
GenerativeAdversarialNetwork,0.0001,2,100,45,54,0.6936088800430298,0.003141084685921669,images\epochs\GenerativeAdversarialNetwork\wIENOgNfuP,True
GenerativeAdversarialNetwork,0.0001,2,100,45,55,0.6928259134292603,0.0030624668579548597,images\epochs\GenerativeAdversarialNetwork\wIENOgNfuP,True
GenerativeAdversarialNetwork,0.0001,2,100,45,56,0.6930589079856873,0.003155879443511367,images\epochs\GenerativeAdversarialNetwork\wIENOgNfuP,True
GenerativeAdversarialNetwork,0.0001,2,100,45,57,0.6929993033409119,0.0024569679517298937,images\epochs\GenerativeAdversarialNetwork\wIENOgNfuP,True
GenerativeAdversarialNetwork,0.0001,2,100,45,58,0.693452000617981,0.002355267759412527,images\epochs\GenerativeAdversarialNetwork\wIENOgNfuP,True
GenerativeAdversarialNetwork,0.0001,2,100,45,59,0.6930689811706543,0.002804359421133995,images\epochs\GenerativeAdversarialNetwork\wIENOgNfuP,True
GenerativeAdversarialNetwork,0.0001,2,100,45,60,0.6931840777397156,0.002705791499465704,images\epochs\GenerativeAdversarialNetwork\wIENOgNfuP,True
GenerativeAdversarialNetwork,0.0001,2,100,45,61,0.6931134462356567,0.001893704873509705,images\epochs\GenerativeAdversarialNetwork\wIENOgNfuP,True
GenerativeAdversarialNetwork,0.0001,2,100,45,62,0.693327784538269,0.002349433023482561,images\epochs\GenerativeAdversarialNetwork\wIENOgNfuP,True
GenerativeAdversarialNetwork,0.0001,2,100,45,63,0.6933212876319885,0.0015919366851449013,images\epochs\GenerativeAdversarialNetwork\wIENOgNfuP,True
GenerativeAdversarialNetwork,0.0001,2,100,45,64,0.6930375099182129,0.002537412801757455,images\epochs\GenerativeAdversarialNetwork\wIENOgNfuP,True
GenerativeAdversarialNetwork,0.0001,2,100,45,65,0.6928092241287231,0.001990879187360406,images\epochs\GenerativeAdversarialNetwork\wIENOgNfuP,True
GenerativeAdversarialNetwork,0.0001,2,100,45,66,0.6931679844856262,0.0019347536144778132,images\epochs\GenerativeAdversarialNetwork\wIENOgNfuP,True
GenerativeAdversarialNetwork,0.0001,2,100,45,67,0.6932398676872253,0.0025047124363482,images\epochs\GenerativeAdversarialNetwork\wIENOgNfuP,True
GenerativeAdversarialNetwork,0.0001,2,100,45,68,0.693035900592804,0.0028822841122746468,images\epochs\GenerativeAdversarialNetwork\wIENOgNfuP,True
GenerativeAdversarialNetwork,0.0001,2,100,45,69,0.692690908908844,0.00429201265797019,images\epochs\GenerativeAdversarialNetwork\wIENOgNfuP,True
GenerativeAdversarialNetwork,0.0001,2,100,45,70,0.6930336952209473,0.0022688948083668947,images\epochs\GenerativeAdversarialNetwork\wIENOgNfuP,True
GenerativeAdversarialNetwork,0.0001,2,100,45,71,0.6931910514831543,0.0030875946395099163,images\epochs\GenerativeAdversarialNetwork\wIENOgNfuP,True
GenerativeAdversarialNetwork,0.0001,2,100,45,72,0.6933192014694214,0.002051727380603552,images\epochs\GenerativeAdversarialNetwork\wIENOgNfuP,True
GenerativeAdversarialNetwork,0.0001,2,100,45,73,0.6931442618370056,0.0023083051200956106,images\epochs\GenerativeAdversarialNetwork\wIENOgNfuP,True
GenerativeAdversarialNetwork,0.0001,2,100,45,74,0.6930055618286133,0.001913142390549183,images\epochs\GenerativeAdversarialNetwork\wIENOgNfuP,True
GenerativeAdversarialNetwork,0.0001,2,100,45,75,0.6934913992881775,0.0018157887971028686,images\epochs\GenerativeAdversarialNetwork\wIENOgNfuP,True
GenerativeAdversarialNetwork,0.0001,2,100,45,76,0.6931160092353821,0.0016417375300079584,images\epochs\GenerativeAdversarialNetwork\wIENOgNfuP,True
GenerativeAdversarialNetwork,0.0001,2,100,45,77,0.6928893327713013,0.0027335630729794502,images\epochs\GenerativeAdversarialNetwork\wIENOgNfuP,True
GenerativeAdversarialNetwork,0.0001,2,100,45,78,0.6932876110076904,0.001425282214768231,images\epochs\GenerativeAdversarialNetwork\wIENOgNfuP,True
GenerativeAdversarialNetwork,0.0001,2,100,45,79,0.6930006146430969,0.004153118003159761,images\epochs\GenerativeAdversarialNetwork\wIENOgNfuP,True
GenerativeAdversarialNetwork,0.0001,2,100,45,80,0.6932539343833923,0.0024187469389289618,images\epochs\GenerativeAdversarialNetwork\wIENOgNfuP,True
GenerativeAdversarialNetwork,0.0001,2,100,45,81,0.6932902336120605,0.0016132105374708772,images\epochs\GenerativeAdversarialNetwork\wIENOgNfuP,True
GenerativeAdversarialNetwork,0.0001,2,100,45,82,0.6932586431503296,0.0024612199049443007,images\epochs\GenerativeAdversarialNetwork\wIENOgNfuP,True
GenerativeAdversarialNetwork,0.0001,2,100,45,83,0.6937001943588257,0.0012319196248427033,images\epochs\GenerativeAdversarialNetwork\wIENOgNfuP,True
GenerativeAdversarialNetwork,0.0001,2,100,45,84,0.6930641531944275,0.002060155151411891,images\epochs\GenerativeAdversarialNetwork\wIENOgNfuP,True
GenerativeAdversarialNetwork,0.0001,2,100,45,85,0.692789614200592,0.0019311627838760614,images\epochs\GenerativeAdversarialNetwork\wIENOgNfuP,True
GenerativeAdversarialNetwork,0.0001,2,100,45,86,0.69347083568573,0.00264783320017159,images\epochs\GenerativeAdversarialNetwork\wIENOgNfuP,True
GenerativeAdversarialNetwork,0.0001,2,100,45,87,0.6930918097496033,0.0031143866945058107,images\epochs\GenerativeAdversarialNetwork\wIENOgNfuP,True
GenerativeAdversarialNetwork,0.0001,2,100,45,88,0.6931761503219604,0.002577126258984208,images\epochs\GenerativeAdversarialNetwork\wIENOgNfuP,True
GenerativeAdversarialNetwork,0.0001,2,100,45,89,0.6935235261917114,0.0018385201692581177,images\epochs\GenerativeAdversarialNetwork\wIENOgNfuP,True
GenerativeAdversarialNetwork,0.0001,2,100,45,90,0.6935285329818726,0.0027630303520709276,images\epochs\GenerativeAdversarialNetwork\wIENOgNfuP,True
GenerativeAdversarialNetwork,0.0001,2,100,45,91,0.6929606795310974,0.0015256076585501432,images\epochs\GenerativeAdversarialNetwork\wIENOgNfuP,True
GenerativeAdversarialNetwork,0.0001,2,100,45,92,0.6931639313697815,0.001964877126738429,images\epochs\GenerativeAdversarialNetwork\wIENOgNfuP,True
GenerativeAdversarialNetwork,0.0001,2,100,45,93,0.6935738921165466,0.002147271763533354,images\epochs\GenerativeAdversarialNetwork\wIENOgNfuP,True
GenerativeAdversarialNetwork,0.0001,2,100,45,94,0.6930700540542603,0.002496773609891534,images\epochs\GenerativeAdversarialNetwork\wIENOgNfuP,True
GenerativeAdversarialNetwork,0.0001,2,100,45,95,0.6935267448425293,0.002910216571763158,images\epochs\GenerativeAdversarialNetwork\wIENOgNfuP,True
GenerativeAdversarialNetwork,0.0001,2,100,45,96,0.6930105090141296,0.0024194575380533934,images\epochs\GenerativeAdversarialNetwork\wIENOgNfuP,True
GenerativeAdversarialNetwork,0.0001,2,100,45,97,0.6933831572532654,0.0021186808589845896,images\epochs\GenerativeAdversarialNetwork\wIENOgNfuP,True
GenerativeAdversarialNetwork,0.0001,2,100,45,98,0.692979633808136,0.0020377777982503176,images\epochs\GenerativeAdversarialNetwork\wIENOgNfuP,True
GenerativeAdversarialNetwork,0.0001,2,100,45,99,0.6935717463493347,0.0020581153221428394,images\epochs\GenerativeAdversarialNetwork\wIENOgNfuP,True
