model,material,numSamples,epsilon,loss,max_iter,penalty,Accuracy,F1,Precision,Recall,mean_fit_time,std_fit_time,mean_score_time,std_score_time
StochasticGradientDescent,iron,240,0.01,hinge,100,l2,0.8377358490566037,0.8377358490566037,0.8377358490566037,0.8377358490566037,7.38711109161377,0.5482666587135296,0.15909018516540527,0.008659305752973866
StochasticGradientDescent,iron,240,0.01,hinge,100,l1,0.8623539982030548,0.8623539982030548,0.8623539982030548,0.8623539982030548,10.5153968334198,0.5304952028786527,0.1685821533203125,0.018848214407240545
StochasticGradientDescent,iron,240,0.01,hinge,100,elasticnet,0.8514525306978136,0.8514525306978136,0.8514525306978136,0.8514525306978136,11.321588802337647,0.796867633407276,0.1764737606048584,0.017821598119959706
StochasticGradientDescent,iron,240,0.01,hinge,200,l2,0.8416591793950285,0.8416591793950285,0.8416591793950285,0.8416591793950285,7.144574594497681,0.58548296207466,0.174210786819458,0.017269089890358746
StochasticGradientDescent,iron,240,0.01,hinge,200,l1,0.8623839472896077,0.8623839472896077,0.8623839472896077,0.8623839472896077,10.478080224990844,0.7734052174151159,0.17895851135253907,0.014861489147193013
StochasticGradientDescent,iron,240,0.01,hinge,200,elasticnet,0.8421683138664271,0.8421683138664271,0.8421683138664271,0.8421683138664271,11.246874713897705,0.9435808075757564,0.15600342750549318,0.0109929472564908
StochasticGradientDescent,iron,240,0.01,hinge,300,l2,0.8324049116501946,0.8324049116501946,0.8324049116501946,0.8324049116501946,6.884461355209351,0.18582393011906462,0.1747429847717285,0.04205219693490788
StochasticGradientDescent,iron,240,0.01,hinge,300,l1,0.8644803833483078,0.8644803833483078,0.8644803833483078,0.8644803833483078,10.229215955734253,0.44808552782124345,0.16400270462036132,0.010451315655870543
StochasticGradientDescent,iron,240,0.01,hinge,300,elasticnet,0.8410302485774185,0.8410302485774185,0.8410302485774185,0.8410302485774185,11.195643758773803,0.5608056081275328,0.1653916358947754,0.012283681549469688
StochasticGradientDescent,iron,240,0.01,hinge,400,l2,0.840910452231207,0.840910452231207,0.840910452231207,0.840910452231207,6.702983379364014,0.2837956809609454,0.1694171905517578,0.013702941610531942
StochasticGradientDescent,iron,240,0.01,hinge,400,l1,0.861695118298892,0.861695118298892,0.861695118298892,0.861695118298892,10.094104385375976,0.49140089000696613,0.17921276092529298,0.01202563870410469
StochasticGradientDescent,iron,240,0.01,hinge,400,elasticnet,0.8470200658879904,0.8470200658879904,0.8470200658879904,0.8470200658879904,11.159814643859864,0.7296477069703515,0.1814115047454834,0.026272164808042616
StochasticGradientDescent,iron,240,0.01,hinge,500,l2,0.8406409104522311,0.8406409104522311,0.8406409104522311,0.8406409104522311,6.913702869415284,0.39728319238974613,0.17594451904296876,0.029529024252389485
StochasticGradientDescent,iron,240,0.01,hinge,500,l1,0.8634920634920634,0.8634920634920634,0.8634920634920634,0.8634920634920634,10.10930290222168,0.5096565173973331,0.16204357147216797,0.014124096023951527
StochasticGradientDescent,iron,240,0.01,hinge,500,elasticnet,0.8371069182389936,0.8371069182389936,0.8371069182389936,0.8371069182389936,11.538407945632935,0.589054191590563,0.17005696296691894,0.02803988195557453
StochasticGradientDescent,iron,240,0.01,hinge,600,l2,0.8424678047319558,0.8424678047319558,0.8424678047319558,0.8424678047319558,7.297730731964111,0.2797309159984539,0.16061644554138182,0.014644833553398306
StochasticGradientDescent,iron,240,0.01,hinge,600,l1,0.8651692123390238,0.8651692123390238,0.8651692123390238,0.8651692123390238,10.508447694778443,0.43233423538481386,0.1761768341064453,0.01839826852076297
StochasticGradientDescent,iron,240,0.01,hinge,600,elasticnet,0.8410601976639713,0.8410601976639713,0.8410601976639713,0.8410601976639713,11.09415020942688,0.6069774148214858,0.17827625274658204,0.01870637831094715
StochasticGradientDescent,iron,240,0.01,hinge,700,l2,0.840461215932914,0.840461215932914,0.840461215932914,0.840461215932914,6.604231357574463,0.38685353285063706,0.1652672290802002,0.0071803732669522705
StochasticGradientDescent,iron,240,0.01,hinge,700,l1,0.8631326744534293,0.8631326744534293,0.8631326744534293,0.8631326744534293,10.129433584213256,0.7249031943847744,0.175732421875,0.028128200221374137
StochasticGradientDescent,iron,240,0.01,hinge,700,elasticnet,0.8400119796346213,0.8400119796346213,0.8400119796346213,0.8400119796346213,11.44628734588623,0.8399694202042599,0.1707906723022461,0.02056080017069508
StochasticGradientDescent,iron,240,0.01,hinge,800,l2,0.844983528002396,0.844983528002396,0.844983528002396,0.844983528002396,7.166454172134399,0.5058480416541334,0.16501355171203613,0.00833488096309923
StochasticGradientDescent,iron,240,0.01,hinge,800,l1,0.862084456424079,0.862084456424079,0.862084456424079,0.862084456424079,10.27756633758545,0.6904917607834573,0.1806187152862549,0.016741403840777047
StochasticGradientDescent,iron,240,0.01,hinge,800,elasticnet,0.8380652890086852,0.8380652890086852,0.8380652890086852,0.8380652890086852,11.240163946151734,0.2224437554846967,0.15762391090393066,0.008534516051337059
StochasticGradientDescent,iron,240,0.01,hinge,900,l2,0.8428870919436957,0.8428870919436957,0.8428870919436957,0.8428870919436957,6.704087591171264,0.22436177290860707,0.16797618865966796,0.010959985234722905
StochasticGradientDescent,iron,240,0.01,hinge,900,l1,0.8651093141659179,0.8651093141659179,0.8651093141659179,0.8651093141659179,10.717571115493774,0.2812793314850901,0.16721572875976562,0.010333808527972162
StochasticGradientDescent,iron,240,0.01,hinge,900,elasticnet,0.8374363581910751,0.8374363581910751,0.8374363581910751,0.8374363581910751,10.806016635894775,1.0554866603017419,0.1715068817138672,0.01953213228713969
StochasticGradientDescent,iron,240,0.01,hinge,1000,l2,0.8396825396825397,0.8396825396825397,0.8396825396825397,0.8396825396825397,6.494494104385376,0.2797043793006543,0.16101408004760742,0.008408748827998755
StochasticGradientDescent,iron,240,0.01,hinge,1000,l1,0.8644803833483078,0.8644803833483078,0.8644803833483078,0.8644803833483078,11.575384330749511,0.6240397216141491,0.1665632724761963,0.015686557992029993
StochasticGradientDescent,iron,240,0.01,hinge,1000,elasticnet,0.8347409404013177,0.8347409404013177,0.8347409404013177,0.8347409404013177,12.020795822143555,0.4716816191675018,0.17361841201782227,0.022889890920817082
StochasticGradientDescent,iron,240,0.01,log,100,l2,,,,,0.11363940238952637,0.02433166995674423,0.0,0.0
StochasticGradientDescent,iron,240,0.01,log,100,l1,,,,,0.08591222763061523,0.004537680660128303,0.0,0.0
StochasticGradientDescent,iron,240,0.01,log,100,elasticnet,,,,,0.09682211875915528,0.01159103719258877,0.0,0.0
StochasticGradientDescent,iron,240,0.01,log,200,l2,,,,,0.11932697296142578,0.019974858370742983,0.0,0.0
StochasticGradientDescent,iron,240,0.01,log,200,l1,,,,,0.10968761444091797,0.011794410656334181,0.0,0.0
StochasticGradientDescent,iron,240,0.01,log,200,elasticnet,,,,,0.11044521331787109,0.01257623189507536,0.0,0.0
StochasticGradientDescent,iron,240,0.01,log,300,l2,,,,,0.11902551651000977,0.013543733457965572,0.0,0.0
StochasticGradientDescent,iron,240,0.01,log,300,l1,,,,,0.12552504539489745,0.017465520396650027,0.0,0.0
StochasticGradientDescent,iron,240,0.01,log,300,elasticnet,,,,,0.11951403617858887,0.01328480846721851,0.0,0.0
StochasticGradientDescent,iron,240,0.01,log,400,l2,,,,,0.1321110248565674,0.036363832542302896,0.0,0.0
StochasticGradientDescent,iron,240,0.01,log,400,l1,,,,,0.1489387035369873,0.018616926351090392,0.0,0.0
StochasticGradientDescent,iron,240,0.01,log,400,elasticnet,,,,,0.1401695728302002,0.01891154246441043,0.0,0.0
StochasticGradientDescent,iron,240,0.01,log,500,l2,,,,,0.11623973846435547,0.01768633882293504,0.0,0.0
StochasticGradientDescent,iron,240,0.01,log,500,l1,,,,,0.12041935920715333,0.013014307748712393,0.0,0.0
StochasticGradientDescent,iron,240,0.01,log,500,elasticnet,,,,,0.15952129364013673,0.057731728732490876,0.0,0.0
StochasticGradientDescent,iron,240,0.01,log,600,l2,,,,,0.1249053955078125,0.01238656421498167,0.0,0.0
StochasticGradientDescent,iron,240,0.01,log,600,l1,,,,,0.12207789421081543,0.009082035147784422,0.0,0.0
StochasticGradientDescent,iron,240,0.01,log,600,elasticnet,,,,,0.13168535232543946,0.021637157311338615,0.0,0.0
StochasticGradientDescent,iron,240,0.01,log,700,l2,,,,,0.12202534675598145,0.014379403510338349,0.0,0.0
StochasticGradientDescent,iron,240,0.01,log,700,l1,,,,,0.11620955467224121,0.013776392308904225,0.0,0.0
StochasticGradientDescent,iron,240,0.01,log,700,elasticnet,,,,,0.11668496131896973,0.007130565093026973,0.0,0.0
StochasticGradientDescent,iron,240,0.01,log,800,l2,,,,,0.12104678153991699,0.011349766577219925,0.0,0.0
StochasticGradientDescent,iron,240,0.01,log,800,l1,,,,,0.1270732879638672,0.01630681938038122,0.0,0.0
StochasticGradientDescent,iron,240,0.01,log,800,elasticnet,,,,,0.1324519157409668,0.01810806011751397,0.0,0.0
StochasticGradientDescent,iron,240,0.01,log,900,l2,,,,,0.11439714431762696,0.010349223146752863,0.0,0.0
StochasticGradientDescent,iron,240,0.01,log,900,l1,,,,,0.14241609573364258,0.013685461145807447,0.0,0.0
StochasticGradientDescent,iron,240,0.01,log,900,elasticnet,,,,,0.1458364963531494,0.025674856545312617,0.0,0.0
StochasticGradientDescent,iron,240,0.01,log,1000,l2,,,,,0.12346768379211426,0.015169151360980975,0.0,0.0
StochasticGradientDescent,iron,240,0.01,log,1000,l1,,,,,0.14981317520141602,0.012872071077202788,0.0,0.0
StochasticGradientDescent,iron,240,0.01,log,1000,elasticnet,,,,,0.1454787254333496,0.019414468542338276,0.0,0.0
StochasticGradientDescent,iron,240,0.01,modified_huber,100,l2,0.8664869721473496,0.8664869721473496,0.8664869721473496,0.8664869721473496,11.542749118804931,0.4748795507171988,0.16578426361083984,0.014392950293733608
StochasticGradientDescent,iron,240,0.01,modified_huber,100,l1,0.8648098233003892,0.8648098233003892,0.8648098233003892,0.8648098233003892,25.32697892189026,0.9023177133201986,0.17988829612731932,0.0075680068978496925
StochasticGradientDescent,iron,240,0.01,modified_huber,100,elasticnet,0.8668463611859838,0.8668463611859838,0.8668463611859838,0.8668463611859838,18.92503342628479,0.7973177119975278,0.17376241683959961,0.0205715647630033
StochasticGradientDescent,iron,240,0.01,modified_huber,200,l2,0.8716382150344415,0.8716382150344415,0.8716382150344415,0.8716382150344415,11.780704784393311,0.8035329880134473,0.16566815376281738,0.028701246530997527
StochasticGradientDescent,iron,240,0.01,modified_huber,200,l1,0.8677747828691226,0.8677747828691226,0.8677747828691226,0.8677747828691226,33.38752417564392,3.174641888058034,0.16458635330200194,0.015123560745213616
StochasticGradientDescent,iron,240,0.01,modified_huber,200,elasticnet,0.8618748128182091,0.8618748128182091,0.8618748128182091,0.8618748128182091,18.430710649490358,1.0891523218831545,0.15468368530273438,0.006190844720710396
StochasticGradientDescent,iron,240,0.01,modified_huber,300,l2,0.8643306379155435,0.8643306379155435,0.8643306379155435,0.8643306379155435,10.638928508758545,0.5221360100342775,0.15931248664855957,0.009051015043734359
StochasticGradientDescent,iron,240,0.01,modified_huber,300,l1,0.8694519317160827,0.8694519317160827,0.8694519317160827,0.8694519317160827,34.750572776794435,4.089345773242292,0.16072449684143067,0.011891813201109477
StochasticGradientDescent,iron,240,0.01,modified_huber,300,elasticnet,0.863821503444145,0.863821503444145,0.863821503444145,0.863821503444145,18.11997256278992,0.5991140378507601,0.17768678665161133,0.013526044492791739
StochasticGradientDescent,iron,240,0.01,modified_huber,400,l2,0.8579215333932314,0.8579215333932314,0.8579215333932314,0.8579215333932314,10.827884912490845,0.6098423866011835,0.16368722915649414,0.013395057800211342
StochasticGradientDescent,iron,240,0.01,modified_huber,400,l1,0.8665169212339026,0.8665169212339026,0.8665169212339026,0.8665169212339026,32.075921821594235,1.2504735848361586,0.16311635971069335,0.016520607494239583
StochasticGradientDescent,iron,240,0.01,modified_huber,400,elasticnet,0.8659778376759508,0.8659778376759508,0.8659778376759508,0.8659778376759508,18.655488681793212,1.1956018389416538,0.16064934730529784,0.014024309613519196
StochasticGradientDescent,iron,240,0.01,modified_huber,500,l2,0.8661575321952679,0.8661575321952679,0.8661575321952679,0.8661575321952679,10.382061386108399,0.6255726682631522,0.16791977882385253,0.012517306012464991
StochasticGradientDescent,iron,240,0.01,modified_huber,500,l1,0.8717879604672059,0.8717879604672059,0.8717879604672059,0.8717879604672059,35.3607008934021,1.876446506290668,0.16870331764221191,0.012499082278335735
StochasticGradientDescent,iron,240,0.01,modified_huber,500,elasticnet,0.8734052111410602,0.8734052111410602,0.8734052111410602,0.8734052111410602,18.77336902618408,0.9644517572736651,0.16788134574890137,0.009986523722784156
StochasticGradientDescent,iron,240,0.01,modified_huber,600,l2,0.8636717580113806,0.8636717580113806,0.8636717580113806,0.8636717580113806,10.879193305969238,0.6839461578402217,0.15711469650268556,0.012799946420175819
StochasticGradientDescent,iron,240,0.01,modified_huber,600,l1,0.8689427972446839,0.8689427972446839,0.8689427972446839,0.8689427972446839,32.76427927017212,1.1005985603923027,0.16123671531677247,0.01571674430383783
StochasticGradientDescent,iron,240,0.01,modified_huber,600,elasticnet,0.8707996406109613,0.8707996406109613,0.8707996406109613,0.8707996406109613,17.7686408996582,0.6002919676986234,0.2022998809814453,0.03401107476077088
StochasticGradientDescent,iron,240,0.01,modified_huber,700,l2,0.8566936208445644,0.8566936208445644,0.8566936208445644,0.8566936208445644,10.447543716430664,0.5750964073298932,0.1642099380493164,0.010429947059232017
StochasticGradientDescent,iron,240,0.01,modified_huber,700,l1,0.8684336627732854,0.8684336627732854,0.8684336627732854,0.8684336627732854,32.521035242080686,2.184002292776074,0.16561307907104492,0.003190174511947929
StochasticGradientDescent,iron,240,0.01,modified_huber,700,elasticnet,0.865738244983528,0.865738244983528,0.865738244983528,0.865738244983528,18.36931447982788,0.6486303772420426,0.17258753776550292,0.013221557516726176
StochasticGradientDescent,iron,240,0.01,modified_huber,800,l2,0.853099730458221,0.853099730458221,0.853099730458221,0.853099730458221,11.41691541671753,0.8266610643305854,0.17456674575805664,0.03626599869827099
StochasticGradientDescent,iron,240,0.01,modified_huber,800,l1,0.8698412698412697,0.8698412698412697,0.8698412698412697,0.8698412698412697,35.90089411735535,1.9585371870991788,0.1671597957611084,0.01847293852582091
StochasticGradientDescent,iron,240,0.01,modified_huber,800,elasticnet,0.8725366876310273,0.8725366876310273,0.8725366876310273,0.8725366876310273,17.8295401096344,1.607748561035594,0.16524434089660645,0.01804178554398486
StochasticGradientDescent,iron,240,0.01,modified_huber,900,l2,0.8625636418089249,0.8625636418089249,0.8625636418089249,0.8625636418089249,11.57548360824585,0.6129269011777002,0.16246747970581055,0.008102300426945423
StochasticGradientDescent,iron,240,0.01,modified_huber,900,l1,0.8722671458520516,0.8722671458520516,0.8722671458520516,0.8722671458520516,32.861963987350464,1.8062017077172805,0.16444673538208007,0.010758749297249225
StochasticGradientDescent,iron,240,0.01,modified_huber,900,elasticnet,0.8609763402216233,0.8609763402216233,0.8609763402216233,0.8609763402216233,17.485848236083985,1.4026581546242067,0.169331693649292,0.005062980970584002
StochasticGradientDescent,iron,240,0.01,modified_huber,1000,l2,0.8607067984426475,0.8607067984426475,0.8607067984426475,0.8607067984426475,10.537932538986206,1.2167294976850715,0.1550295829772949,0.015585554014558323
StochasticGradientDescent,iron,240,0.01,modified_huber,1000,l1,0.8686133572926025,0.8686133572926025,0.8686133572926025,0.8686133572926025,35.806206703186035,0.9777104273958874,0.16919655799865724,0.0169865655264033
StochasticGradientDescent,iron,240,0.01,modified_huber,1000,elasticnet,0.865109314165918,0.865109314165918,0.865109314165918,0.865109314165918,18.65029106140137,2.329806778007288,0.1910245895385742,0.027249065355668615
StochasticGradientDescent,iron,240,0.01,squared_hinge,100,l2,0.8068882899071579,0.8068882899071579,0.8068882899071579,0.8068882899071579,15.232622575759887,0.7825353703716803,0.15377626419067383,0.01409181049462119
StochasticGradientDescent,iron,240,0.01,squared_hinge,100,l1,0.8597783767595087,0.8597783767595087,0.8597783767595087,0.8597783767595087,29.120491790771485,2.404775288811758,0.1810446262359619,0.008874977066790204
StochasticGradientDescent,iron,240,0.01,squared_hinge,100,elasticnet,0.8306079664570231,0.8306079664570231,0.8306079664570231,0.8306079664570231,25.32766785621643,2.387297537758167,0.1739715576171875,0.010763164338713287
StochasticGradientDescent,iron,240,0.01,squared_hinge,200,l2,0.7943396226415095,0.7943396226415095,0.7943396226415095,0.7943396226415095,23.578116416931152,1.6013891356955958,0.17007341384887695,0.00823962404212582
StochasticGradientDescent,iron,240,0.01,squared_hinge,200,l1,0.8605271039233303,0.8605271039233303,0.8605271039233303,0.8605271039233303,47.82243895530701,3.6497099609963652,0.1820385456085205,0.02025075166680473
StochasticGradientDescent,iron,240,0.01,squared_hinge,200,elasticnet,0.8111410601976641,0.8111410601976641,0.8111410601976641,0.8111410601976641,43.56483402252197,1.9238978266590157,0.1593599796295166,0.010432331303179419
StochasticGradientDescent,iron,240,0.01,squared_hinge,300,l2,0.7969152440850553,0.7969152440850553,0.7969152440850553,0.7969152440850553,30.641570234298705,1.3309736792713391,0.16989192962646485,0.019059763883851496
StochasticGradientDescent,iron,240,0.01,squared_hinge,300,l1,0.8619946091644206,0.8619946091644206,0.8619946091644206,0.8619946091644206,59.20924868583679,6.836058263491296,0.17936015129089355,0.025999781078428968
StochasticGradientDescent,iron,240,0.01,squared_hinge,300,elasticnet,0.8165618448637316,0.8165618448637316,0.8165618448637316,0.8165618448637316,53.44916062355041,4.892781175606093,0.1741640090942383,0.019506589351097066
StochasticGradientDescent,iron,240,0.01,squared_hinge,400,l2,0.7981431566337226,0.7981431566337226,0.7981431566337226,0.7981431566337226,33.79676413536072,1.4324603277413983,0.163039493560791,0.006338039420144504
StochasticGradientDescent,iron,240,0.01,squared_hinge,400,l1,0.8584606169511829,0.8584606169511829,0.8584606169511829,0.8584606169511829,66.0692633152008,6.327444736953578,0.15859599113464357,0.009646220150312126
StochasticGradientDescent,iron,240,0.01,squared_hinge,400,elasticnet,0.8167115902964961,0.8167115902964961,0.8167115902964961,0.8167115902964961,63.225975322723386,3.948946932442123,0.16416406631469727,0.009029117081506992
StochasticGradientDescent,iron,240,0.01,squared_hinge,500,l2,0.7898472596585805,0.7898472596585805,0.7898472596585805,0.7898472596585805,39.05182075500488,4.7135296498842285,0.16603527069091797,0.007834993589748618
StochasticGradientDescent,iron,240,0.01,squared_hinge,500,l1,0.8588200059898174,0.8588200059898174,0.8588200059898174,0.8588200059898174,63.73102512359619,18.73635559749014,0.15220608711242675,0.006983864953812611
StochasticGradientDescent,iron,240,0.01,squared_hinge,500,elasticnet,0.8189278227014076,0.8189278227014076,0.8189278227014076,0.8189278227014076,62.359725046157834,13.425445738035336,0.1591188430786133,0.011198082239187118
StochasticGradientDescent,iron,240,0.01,squared_hinge,600,l2,0.794219826295298,0.794219826295298,0.794219826295298,0.794219826295298,41.804679775238036,3.6773219491598406,0.1651287078857422,0.01324201827710556
StochasticGradientDescent,iron,240,0.01,squared_hinge,600,l1,0.8617250673854446,0.8617250673854446,0.8617250673854446,0.8617250673854446,61.66101474761963,22.450874659551694,0.15497045516967772,0.006684344904594903
StochasticGradientDescent,iron,240,0.01,squared_hinge,600,elasticnet,0.8046421084156933,0.8046421084156933,0.8046421084156933,0.8046421084156933,63.49652853012085,2.6921389477731568,0.17295708656311035,0.01027562007932615
StochasticGradientDescent,iron,240,0.01,squared_hinge,700,l2,0.8184785864031147,0.8184785864031147,0.8184785864031147,0.8184785864031147,33.23777208328247,5.5672490322374,0.1676412582397461,0.02112510680779076
StochasticGradientDescent,iron,240,0.01,squared_hinge,700,l1,0.8582809224318659,0.8582809224318659,0.8582809224318659,0.8582809224318659,68.92224521636963,23.623308460108607,0.1561814308166504,0.00672435148237775
StochasticGradientDescent,iron,240,0.01,squared_hinge,700,elasticnet,0.8109913147648997,0.8109913147648997,0.8109913147648997,0.8109913147648997,57.56979522705078,9.728248203285562,0.1706692695617676,0.017271123000306702
StochasticGradientDescent,iron,240,0.01,squared_hinge,800,l2,0.8029350104821804,0.8029350104821804,0.8029350104821804,0.8029350104821804,45.87830762863159,2.554398481200932,0.16197805404663085,0.013677681991936825
StochasticGradientDescent,iron,240,0.01,squared_hinge,800,l1,0.8605570530098833,0.8605570530098833,0.8605570530098833,0.8605570530098833,72.09215660095215,20.67622418447472,0.16684308052062988,0.00967086483550633
StochasticGradientDescent,iron,240,0.01,squared_hinge,800,elasticnet,0.8053009883198563,0.8053009883198563,0.8053009883198563,0.8053009883198563,60.59414167404175,11.074098882228812,0.16201143264770507,0.01133702599360145
StochasticGradientDescent,iron,240,0.01,squared_hinge,900,l2,0.8078766097634021,0.8078766097634021,0.8078766097634021,0.8078766097634021,46.50602126121521,4.680342347004462,0.1563539981842041,0.018737477556808168
StochasticGradientDescent,iron,240,0.01,squared_hinge,900,l1,0.8636418089248279,0.8636418089248279,0.8636418089248279,0.8636418089248279,62.90483775138855,7.439287839983339,0.15145792961120605,0.0033248609880322496
StochasticGradientDescent,iron,240,0.01,squared_hinge,900,elasticnet,0.8127583108715184,0.8127583108715184,0.8127583108715184,0.8127583108715184,61.88242778778076,8.910020003777047,0.1677928924560547,0.020227391682457786
StochasticGradientDescent,iron,240,0.01,squared_hinge,1000,l2,0.7955375861036238,0.7955375861036238,0.7955375861036238,0.7955375861036238,42.7136887550354,5.651849803687271,0.1670915126800537,0.02102101376075845
StochasticGradientDescent,iron,240,0.01,squared_hinge,1000,l1,0.8596885294998502,0.8596885294998502,0.8596885294998502,0.8596885294998502,55.731978511810304,3.5351051342259185,0.15261144638061525,0.007675015666168739
StochasticGradientDescent,iron,240,0.01,squared_hinge,1000,elasticnet,0.8258760107816713,0.8258760107816713,0.8258760107816713,0.8258760107816713,61.135259819030765,11.019446936447366,0.16111459732055664,0.004148129389456126
StochasticGradientDescent,iron,240,0.01,perceptron,100,l2,0.8454627133872418,0.8454627133872418,0.8454627133872418,0.8454627133872418,5.287300157546997,0.3437900075636717,0.1859973907470703,0.02908715442487887
StochasticGradientDescent,iron,240,0.01,perceptron,100,l1,0.8548966756513927,0.8548966756513927,0.8548966756513927,0.8548966756513927,7.881076526641846,0.572366955466036,0.15150961875915528,0.010564643433500167
StochasticGradientDescent,iron,240,0.01,perceptron,100,elasticnet,0.8556154537286613,0.8556154537286613,0.8556154537286613,0.8556154537286613,7.139039659500122,0.2859886701362039,0.17515745162963867,0.021396948405572686
StochasticGradientDescent,iron,240,0.01,perceptron,200,l2,0.8277927523210542,0.8277927523210542,0.8277927523210542,0.8277927523210542,4.904266357421875,0.07212043860736539,0.15648255348205567,0.004899899936658744
StochasticGradientDescent,iron,240,0.01,perceptron,200,l1,0.850943396226415,0.850943396226415,0.850943396226415,0.850943396226415,7.507913446426391,0.09733217711956432,0.1598386287689209,0.014128672626340601
StochasticGradientDescent,iron,240,0.01,perceptron,200,elasticnet,0.829140461215933,0.829140461215933,0.829140461215933,0.829140461215933,7.401772594451904,0.4635050867947515,0.16088762283325195,0.00893363800717271
StochasticGradientDescent,iron,240,0.01,perceptron,300,l2,0.8537885594489367,0.8537885594489367,0.8537885594489367,0.8537885594489367,5.086879825592041,0.08097625432513642,0.1714773654937744,0.014670444144862863
StochasticGradientDescent,iron,240,0.01,perceptron,300,l1,0.8571129080563044,0.8571129080563044,0.8571129080563044,0.8571129080563044,8.028040075302124,0.27918376410999934,0.16720952987670898,0.007037153405241298
StochasticGradientDescent,iron,240,0.01,perceptron,300,elasticnet,0.8035339922132374,0.8035339922132374,0.8035339922132374,0.8035339922132374,7.510500240325928,0.5101937813870622,0.17887310981750487,0.010958816690067512
StochasticGradientDescent,iron,240,0.01,perceptron,400,l2,0.8555256064690028,0.8555256064690028,0.8555256064690028,0.8555256064690028,5.169322681427002,0.41762108856076074,0.1620655059814453,0.011628743960971405
StochasticGradientDescent,iron,240,0.01,perceptron,400,l1,0.8607666966157531,0.8607666966157531,0.8607666966157531,0.8607666966157531,8.33958659172058,0.2445451181427986,0.18021855354309083,0.0189801559796249
StochasticGradientDescent,iron,240,0.01,perceptron,400,elasticnet,0.8443246480982332,0.8443246480982332,0.8443246480982332,0.8443246480982332,7.767548751831055,0.28079626258651114,0.17061948776245117,0.018241305854559176
StochasticGradientDescent,iron,240,0.01,perceptron,500,l2,0.8373465109314167,0.8373465109314167,0.8373465109314167,0.8373465109314167,5.071144866943359,0.1988923985100752,0.16863460540771485,0.013288982033175769
StochasticGradientDescent,iron,240,0.01,perceptron,500,l1,0.8500149745432765,0.8500149745432765,0.8500149745432765,0.8500149745432765,8.425702714920044,0.24714583915265892,0.17482237815856932,0.014469909901943535
StochasticGradientDescent,iron,240,0.01,perceptron,500,elasticnet,0.8324049116501946,0.8324049116501946,0.8324049116501946,0.8324049116501946,8.041840171813964,0.16635086842998636,0.1708069324493408,0.0043869480083981735
StochasticGradientDescent,iron,240,0.01,perceptron,600,l2,0.8406409104522312,0.8406409104522312,0.8406409104522312,0.8406409104522312,5.243916654586792,0.1663872811618429,0.1746549129486084,0.014850248394055639
StochasticGradientDescent,iron,240,0.01,perceptron,600,l1,0.849685534591195,0.849685534591195,0.849685534591195,0.849685534591195,8.71808295249939,0.30256376882701375,0.18039236068725586,0.01162662665897967
StochasticGradientDescent,iron,240,0.01,perceptron,600,elasticnet,0.8531596286313267,0.8531596286313267,0.8531596286313267,0.8531596286313267,8.135537958145141,0.29346843958976176,0.16766490936279296,0.012655024824240442
StochasticGradientDescent,iron,240,0.01,perceptron,700,l2,0.843695717280623,0.843695717280623,0.843695717280623,0.843695717280623,5.290294647216797,0.1887582646277098,0.16881933212280273,0.017307331434536846
StochasticGradientDescent,iron,240,0.01,perceptron,700,l1,0.8518718179095538,0.8518718179095538,0.8518718179095538,0.8518718179095538,8.592706298828125,0.5598858655087815,0.16251192092895508,0.014375830120297174
StochasticGradientDescent,iron,240,0.01,perceptron,700,elasticnet,0.839173405211141,0.839173405211141,0.839173405211141,0.839173405211141,8.334963846206666,0.20392243280217442,0.16284031867980958,0.00862744786474304
StochasticGradientDescent,iron,240,0.01,perceptron,800,l2,0.8206948188080265,0.8206948188080265,0.8206948188080265,0.8206948188080265,5.442106103897094,0.3060954676620073,0.16303281784057616,0.008320169450825622
StochasticGradientDescent,iron,240,0.01,perceptron,800,l1,0.8538484576220424,0.8538484576220424,0.8538484576220424,0.8538484576220424,8.649256992340089,0.3688306684231178,0.17426609992980957,0.01517286715204353
StochasticGradientDescent,iron,240,0.01,perceptron,800,elasticnet,0.8350404312668462,0.8350404312668462,0.8350404312668462,0.8350404312668462,7.95523772239685,0.22737730598106115,0.16416578292846679,0.014622382085256501
StochasticGradientDescent,iron,240,0.01,perceptron,900,l2,0.7701407607067984,0.7701407607067984,0.7701407607067984,0.7701407607067984,5.447299671173096,0.10419347949876008,0.17177338600158693,0.010941140435936273
StochasticGradientDescent,iron,240,0.01,perceptron,900,l1,0.8465408805031446,0.8465408805031446,0.8465408805031446,0.8465408805031446,8.725559520721436,0.16964685177884126,0.17626385688781737,0.016676312993552628
StochasticGradientDescent,iron,240,0.01,perceptron,900,elasticnet,0.8475591494459419,0.8475591494459419,0.8475591494459419,0.8475591494459419,8.200170278549194,0.3078429260547669,0.1631922245025635,0.00771024399270722
StochasticGradientDescent,iron,240,0.01,perceptron,1000,l2,0.839203354297694,0.839203354297694,0.839203354297694,0.839203354297694,5.573178768157959,0.20560009070315385,0.15286502838134766,0.004746506017234413
StochasticGradientDescent,iron,240,0.01,perceptron,1000,l1,0.8504342617550164,0.8504342617550164,0.8504342617550164,0.8504342617550164,8.62173376083374,0.35493871442873787,0.18099236488342285,0.01279333316440158
StochasticGradientDescent,iron,240,0.01,perceptron,1000,elasticnet,0.8543575920934412,0.8543575920934412,0.8543575920934412,0.8543575920934412,8.002474927902222,0.435000798094983,0.20375986099243165,0.02532888641093406
StochasticGradientDescent,iron,240,0.11,hinge,100,l2,0.8396825396825397,0.8396825396825397,0.8396825396825397,0.8396825396825397,7.027719211578369,0.4469532707279299,0.1711106300354004,0.014090125670103629
StochasticGradientDescent,iron,240,0.11,hinge,100,l1,0.8665169212339023,0.8665169212339023,0.8665169212339023,0.8665169212339023,9.967050266265868,0.1685058152407212,0.16753015518188477,0.020747596693234432
StochasticGradientDescent,iron,240,0.11,hinge,100,elasticnet,0.8495357891584308,0.8495357891584308,0.8495357891584308,0.8495357891584308,10.858047676086425,0.6777563167237979,0.16108999252319336,0.008878102937017142
StochasticGradientDescent,iron,240,0.11,hinge,200,l2,0.8408505540581013,0.8408505540581013,0.8408505540581013,0.8408505540581013,6.913968133926391,0.6397853582694102,0.15764226913452148,0.012901216185145814
StochasticGradientDescent,iron,240,0.11,hinge,200,l1,0.8639412997903564,0.8639412997903564,0.8639412997903564,0.8639412997903564,10.219644689559937,0.7978737007100682,0.18276643753051758,0.010196963853038095
StochasticGradientDescent,iron,240,0.11,hinge,200,elasticnet,0.844773884396526,0.844773884396526,0.844773884396526,0.844773884396526,11.081452703475952,0.6276699303198336,0.15741806030273436,0.009806308073206843
StochasticGradientDescent,iron,240,0.11,hinge,300,l2,0.8474693021862834,0.8474693021862834,0.8474693021862834,0.8474693021862834,6.708945417404175,0.3926444115074271,0.16472082138061522,0.009507576011677423
StochasticGradientDescent,iron,240,0.11,hinge,300,l1,0.8657981431566337,0.8657981431566337,0.8657981431566337,0.8657981431566337,10.141281890869141,0.915137003889739,0.1633277416229248,0.0110112872413875
StochasticGradientDescent,iron,240,0.11,hinge,300,elasticnet,0.8391434561245882,0.8391434561245882,0.8391434561245882,0.8391434561245882,10.929065322875976,0.6920597600135434,0.1619138240814209,0.016240727473152798
StochasticGradientDescent,iron,240,0.11,hinge,400,l2,0.8469002695417789,0.8469002695417789,0.8469002695417789,0.8469002695417789,6.955110502243042,0.3739688085040836,0.1624739170074463,0.017067796181024397
StochasticGradientDescent,iron,240,0.11,hinge,400,l1,0.8634022162324049,0.8634022162324049,0.8634022162324049,0.8634022162324049,9.908987236022949,0.28079440805624856,0.15715222358703612,0.006582390491136529
StochasticGradientDescent,iron,240,0.11,hinge,400,elasticnet,0.8410302485774184,0.8410302485774184,0.8410302485774184,0.8410302485774184,10.608997058868407,0.44520655770429646,0.16660208702087403,0.009254218328280056
StochasticGradientDescent,iron,240,0.11,hinge,500,l2,0.8463911350703803,0.8463911350703803,0.8463911350703803,0.8463911350703803,7.011097478866577,0.2568423545732712,0.16036224365234375,0.009577043359367958
StochasticGradientDescent,iron,240,0.11,hinge,500,l1,0.8634022162324049,0.8634022162324049,0.8634022162324049,0.8634022162324049,9.756276702880859,0.5770059218825306,0.17587828636169434,0.01297042715885761
StochasticGradientDescent,iron,240,0.11,hinge,500,elasticnet,0.8486972147349506,0.8486972147349506,0.8486972147349506,0.8486972147349506,11.318251657485963,0.7317801851617772,0.15945067405700683,0.010065715213767258
StochasticGradientDescent,iron,240,0.11,hinge,600,l2,0.848188080263552,0.848188080263552,0.848188080263552,0.848188080263552,6.990122222900391,0.3301247351962899,0.15778865814208984,0.009954249619923106
StochasticGradientDescent,iron,240,0.11,hinge,600,l1,0.8643006888289907,0.8643006888289907,0.8643006888289907,0.8643006888289907,10.34528603553772,1.0692010378743613,0.1650838851928711,0.009537610148121814
StochasticGradientDescent,iron,240,0.11,hinge,600,elasticnet,0.848577418388739,0.848577418388739,0.848577418388739,0.848577418388739,11.078165864944458,0.6853234692906317,0.1502817153930664,0.006984896545070428
StochasticGradientDescent,iron,240,0.11,hinge,700,l2,0.8480383348307878,0.8480383348307878,0.8480383348307878,0.8480383348307878,6.589024066925049,0.2796776096561277,0.1562941074371338,0.00968700700793328
StochasticGradientDescent,iron,240,0.11,hinge,700,l1,0.8686133572926027,0.8686133572926027,0.8686133572926027,0.8686133572926027,9.898030090332032,0.5191576885550022,0.16395220756530762,0.009013399195648827
StochasticGradientDescent,iron,240,0.11,hinge,700,elasticnet,0.8448637316561844,0.8448637316561844,0.8448637316561844,0.8448637316561844,10.903084516525269,0.4124719716570622,0.15947332382202148,0.006829728778570219
StochasticGradientDescent,iron,240,0.11,hinge,800,l2,0.8477388439652589,0.8477388439652589,0.8477388439652589,0.8477388439652589,6.572954416275024,0.2664755164762436,0.1660820484161377,0.013124656331629063
StochasticGradientDescent,iron,240,0.11,hinge,800,l1,0.8631626235399821,0.8631626235399821,0.8631626235399821,0.8631626235399821,10.08488450050354,0.5344676117961715,0.17299208641052247,0.013904485500786427
StochasticGradientDescent,iron,240,0.11,hinge,800,elasticnet,0.8457622042527703,0.8457622042527703,0.8457622042527703,0.8457622042527703,11.06629204750061,0.7438756853415421,0.17891993522644042,0.022464208300878828
StochasticGradientDescent,iron,240,0.11,hinge,900,l2,0.8450733752620545,0.8450733752620545,0.8450733752620545,0.8450733752620545,6.678858852386474,0.5995567313530851,0.16589274406433105,0.018480045546866834
StochasticGradientDescent,iron,240,0.11,hinge,900,l1,0.8643306379155437,0.8643306379155437,0.8643306379155437,0.8643306379155437,10.34808783531189,0.5303821886809965,0.17303900718688964,0.017854200080105537
StochasticGradientDescent,iron,240,0.11,hinge,900,elasticnet,0.8409404013177598,0.8409404013177598,0.8409404013177598,0.8409404013177598,11.963356494903564,1.0767314432230117,0.1811342716217041,0.020126829177725656
StochasticGradientDescent,iron,240,0.11,hinge,1000,l2,0.8439652590595987,0.8439652590595987,0.8439652590595987,0.8439652590595987,7.069888162612915,0.21725163395566838,0.17598958015441896,0.015991203300226506
StochasticGradientDescent,iron,240,0.11,hinge,1000,l1,0.8633123689727464,0.8633123689727464,0.8633123689727464,0.8633123689727464,12.19493293762207,0.8597856316960585,0.1791435718536377,0.011846299174133906
StochasticGradientDescent,iron,240,0.11,hinge,1000,elasticnet,0.8447738843965258,0.8447738843965258,0.8447738843965258,0.8447738843965258,12.266184949874878,0.683687742191546,0.17346501350402832,0.013202829579197307
StochasticGradientDescent,iron,240,0.11,log,100,l2,,,,,0.14707069396972655,0.02421731221955412,0.0,0.0
StochasticGradientDescent,iron,240,0.11,log,100,l1,,,,,0.11310172080993652,0.009517702804242129,0.0,0.0
StochasticGradientDescent,iron,240,0.11,log,100,elasticnet,,,,,0.11626863479614258,0.009820185749136946,0.0,0.0
StochasticGradientDescent,iron,240,0.11,log,200,l2,,,,,0.11263599395751953,0.018587102731963477,0.0,0.0
StochasticGradientDescent,iron,240,0.11,log,200,l1,,,,,0.1164156436920166,0.018163850193013073,0.0,0.0
StochasticGradientDescent,iron,240,0.11,log,200,elasticnet,,,,,0.10827422142028809,0.005886165523757299,0.0,0.0
StochasticGradientDescent,iron,240,0.11,log,300,l2,,,,,0.10412411689758301,0.005384408100292983,0.0,0.0
StochasticGradientDescent,iron,240,0.11,log,300,l1,,,,,0.12284150123596191,0.01588321140326016,0.0,0.0
StochasticGradientDescent,iron,240,0.11,log,300,elasticnet,,,,,0.11597223281860351,0.009680143664073835,0.0,0.0
StochasticGradientDescent,iron,240,0.11,log,400,l2,,,,,0.12042174339294434,0.01623586599145136,0.0,0.0
StochasticGradientDescent,iron,240,0.11,log,400,l1,,,,,0.12109389305114746,0.01496322888210103,0.0,0.0
StochasticGradientDescent,iron,240,0.11,log,400,elasticnet,,,,,0.12549009323120117,0.01190935121658447,0.0,0.0
StochasticGradientDescent,iron,240,0.11,log,500,l2,,,,,0.1266796112060547,0.026365732601802933,0.0,0.0
StochasticGradientDescent,iron,240,0.11,log,500,l1,,,,,0.1520843505859375,0.01684521222919121,0.0,0.0
StochasticGradientDescent,iron,240,0.11,log,500,elasticnet,,,,,0.14356398582458496,0.027619499985098106,0.0,0.0
StochasticGradientDescent,iron,240,0.11,log,600,l2,,,,,0.13422765731811523,0.020402652748885256,0.0,0.0
StochasticGradientDescent,iron,240,0.11,log,600,l1,,,,,0.13227267265319825,0.02215692729058037,0.0,0.0
StochasticGradientDescent,iron,240,0.11,log,600,elasticnet,,,,,0.11512422561645508,0.003481708840220473,0.0,0.0
StochasticGradientDescent,iron,240,0.11,log,700,l2,,,,,0.13250255584716797,0.011656984032010473,0.0,0.0
StochasticGradientDescent,iron,240,0.11,log,700,l1,,,,,0.12785730361938477,0.010600004835683068,0.0,0.0
StochasticGradientDescent,iron,240,0.11,log,700,elasticnet,,,,,0.12285494804382324,0.005649048277492198,0.0,0.0
StochasticGradientDescent,iron,240,0.11,log,800,l2,,,,,0.12239184379577636,0.007114440078967476,0.0,0.0
StochasticGradientDescent,iron,240,0.11,log,800,l1,,,,,0.13738903999328614,0.025156734789083774,0.0,0.0
StochasticGradientDescent,iron,240,0.11,log,800,elasticnet,,,,,0.12894258499145508,0.02376839464213848,0.0,0.0
StochasticGradientDescent,iron,240,0.11,log,900,l2,,,,,0.13838982582092285,0.02819042516635934,0.0,0.0
StochasticGradientDescent,iron,240,0.11,log,900,l1,,,,,0.12933745384216308,0.020911744352532822,0.0,0.0
StochasticGradientDescent,iron,240,0.11,log,900,elasticnet,,,,,0.11729669570922852,0.011880596839788397,0.0,0.0
StochasticGradientDescent,iron,240,0.11,log,1000,l2,,,,,0.12944483757019043,0.006896401482958742,0.0,0.0
StochasticGradientDescent,iron,240,0.11,log,1000,l1,,,,,0.13486976623535157,0.018573526049872502,0.0,0.0
StochasticGradientDescent,iron,240,0.11,log,1000,elasticnet,,,,,0.13146023750305175,0.024311561390588023,0.0,0.0
StochasticGradientDescent,iron,240,0.11,modified_huber,100,l2,0.8607367475292003,0.8607367475292003,0.8607367475292003,0.8607367475292003,11.763218927383424,0.4610712519319382,0.1635890483856201,0.01817977816200404
StochasticGradientDescent,iron,240,0.11,modified_huber,100,l1,0.8645702306079665,0.8645702306079665,0.8645702306079665,0.8645702306079665,25.678632402420043,0.7845133277673232,0.17088088989257813,0.010536080050725751
StochasticGradientDescent,iron,240,0.11,modified_huber,100,elasticnet,0.8718179095537586,0.8718179095537586,0.8718179095537586,0.8718179095537586,19.151834344863893,0.8987712576742345,0.16296687126159667,0.010857210612193196
StochasticGradientDescent,iron,240,0.11,modified_huber,200,l2,0.8613956274333632,0.8613956274333632,0.8613956274333632,0.8613956274333632,11.801445960998535,0.5029615519732135,0.16094350814819336,0.005086827829661101
StochasticGradientDescent,iron,240,0.11,modified_huber,200,l1,0.8714585205151243,0.8714585205151243,0.8714585205151243,0.8714585205151243,32.50412840843201,2.402144680284396,0.1701341152191162,0.0317432582177776
StochasticGradientDescent,iron,240,0.11,modified_huber,200,elasticnet,0.8574722970949387,0.8574722970949387,0.8574722970949387,0.8574722970949387,19.322086381912232,0.556144563406622,0.161091947555542,0.0074050029111648544
StochasticGradientDescent,iron,240,0.11,modified_huber,300,l2,0.8683737646001797,0.8683737646001797,0.8683737646001797,0.8683737646001797,11.722863054275512,0.7048020535951003,0.1607645034790039,0.011866834281233946
StochasticGradientDescent,iron,240,0.11,modified_huber,300,l1,0.8683737646001799,0.8683737646001799,0.8683737646001799,0.8683737646001799,34.08724012374878,2.351410887851448,0.1748784065246582,0.009606997485579633
StochasticGradientDescent,iron,240,0.11,modified_huber,300,elasticnet,0.8640910452231207,0.8640910452231207,0.8640910452231207,0.8640910452231207,18.020906925201416,1.8636893383712234,0.170700740814209,0.009149847534294412
StochasticGradientDescent,iron,240,0.11,modified_huber,400,l2,0.8626235399820306,0.8626235399820306,0.8626235399820306,0.8626235399820306,11.777371025085449,0.7096975630731763,0.15668172836303712,0.0047578010850545405
StochasticGradientDescent,iron,240,0.11,modified_huber,400,l1,0.8673255465708296,0.8673255465708296,0.8673255465708296,0.8673255465708296,33.119361352920535,2.4196280146921816,0.1735055923461914,0.014134908982306007
StochasticGradientDescent,iron,240,0.11,modified_huber,400,elasticnet,0.8682839173405211,0.8682839173405211,0.8682839173405211,0.8682839173405211,17.35242667198181,0.43237382979980576,0.16959228515625,0.022968668306087656
StochasticGradientDescent,iron,240,0.11,modified_huber,500,l2,0.8651093141659179,0.8651093141659179,0.8651093141659179,0.8651093141659179,10.835127830505371,0.3905957492157743,0.15688128471374513,0.013873946686296709
StochasticGradientDescent,iron,240,0.11,modified_huber,500,l1,0.8706199460916443,0.8706199460916443,0.8706199460916443,0.8706199460916443,33.36784262657166,1.4135598734976624,0.15776124000549316,0.011922231626479367
StochasticGradientDescent,iron,240,0.11,modified_huber,500,elasticnet,0.865528601377658,0.865528601377658,0.865528601377658,0.865528601377658,17.945901012420656,0.7660899075971055,0.16390619277954102,0.006123414404749683
StochasticGradientDescent,iron,240,0.11,modified_huber,600,l2,0.8619946091644206,0.8619946091644206,0.8619946091644206,0.8619946091644206,10.939271640777587,0.3898059033304499,0.15875802040100098,0.009891990079394234
StochasticGradientDescent,iron,240,0.11,modified_huber,600,l1,0.8680742737346512,0.8680742737346512,0.8680742737346512,0.8680742737346512,31.990804386138915,1.3329927665120822,0.15220966339111328,0.005752166021985621
StochasticGradientDescent,iron,240,0.11,modified_huber,600,elasticnet,0.8669062593590896,0.8669062593590896,0.8669062593590896,0.8669062593590896,18.10356001853943,0.691402621035672,0.17295212745666505,0.009678380783584127
StochasticGradientDescent,iron,240,0.11,modified_huber,700,l2,0.8688529499850255,0.8688529499850255,0.8688529499850255,0.8688529499850255,11.419871520996093,0.28050494245531005,0.16769785881042482,0.007774393686496142
StochasticGradientDescent,iron,240,0.11,modified_huber,700,l1,0.8693321353698714,0.8693321353698714,0.8693321353698714,0.8693321353698714,33.319052934646606,1.6883846252131054,0.16326980590820311,0.007197800131590015
StochasticGradientDescent,iron,240,0.11,modified_huber,700,elasticnet,0.8694818808026354,0.8694818808026354,0.8694818808026354,0.8694818808026354,17.841988134384156,0.7510719846416998,0.17864341735839845,0.017303262276177706
StochasticGradientDescent,iron,240,0.11,modified_huber,800,l2,0.85717280622941,0.85717280622941,0.85717280622941,0.85717280622941,11.312930297851562,0.3714284113640534,0.1613762378692627,0.008763375780489116
StochasticGradientDescent,iron,240,0.11,modified_huber,800,l1,0.869811320754717,0.869811320754717,0.869811320754717,0.869811320754717,33.29211502075195,2.156639071394319,0.1627748966217041,0.01639817694848593
StochasticGradientDescent,iron,240,0.11,modified_huber,800,elasticnet,0.8691224917640012,0.8691224917640012,0.8691224917640012,0.8691224917640012,17.99897427558899,1.0568488630472057,0.17791228294372557,0.013581517610454948
StochasticGradientDescent,iron,240,0.11,modified_huber,900,l2,0.8661275831087153,0.8661275831087153,0.8661275831087153,0.8661275831087153,11.620324850082397,0.6979483712293508,0.1771683692932129,0.03606210674981184
StochasticGradientDescent,iron,240,0.11,modified_huber,900,l1,0.8682240191674154,0.8682240191674154,0.8682240191674154,0.8682240191674154,34.18586072921753,5.952555661698749,0.16813535690307618,0.02162009073060942
StochasticGradientDescent,iron,240,0.11,modified_huber,900,elasticnet,0.8643306379155437,0.8643306379155437,0.8643306379155437,0.8643306379155437,18.185165214538575,0.3757758004609109,0.17416863441467284,0.01690733010278532
StochasticGradientDescent,iron,240,0.11,modified_huber,1000,l2,0.8525606469002696,0.8525606469002696,0.8525606469002696,0.8525606469002696,10.872679471969604,0.6606892818834196,0.16758031845092775,0.014607107360560421
StochasticGradientDescent,iron,240,0.11,modified_huber,1000,l1,0.8680143755615454,0.8680143755615454,0.8680143755615454,0.8680143755615454,33.14546127319336,2.196799332434687,0.1595750331878662,0.006952615216969574
StochasticGradientDescent,iron,240,0.11,modified_huber,1000,elasticnet,0.8650194669062593,0.8650194669062593,0.8650194669062593,0.8650194669062593,19.100091409683227,0.8865835094051692,0.16167325973510743,0.009074362759317903
StochasticGradientDescent,iron,240,0.11,squared_hinge,100,l2,0.8000898472596585,0.8000898472596585,0.8000898472596585,0.8000898472596585,13.816853046417236,0.7463342970150315,0.17956342697143554,0.022586536542868883
StochasticGradientDescent,iron,240,0.11,squared_hinge,100,l1,0.8561844863731656,0.8561844863731656,0.8561844863731656,0.8561844863731656,29.75213031768799,2.9309334574912924,0.18323211669921874,0.02831087165232689
StochasticGradientDescent,iron,240,0.11,squared_hinge,100,elasticnet,0.8205450733752621,0.8205450733752621,0.8205450733752621,0.8205450733752621,25.905397367477416,2.1272367005063013,0.17647905349731446,0.01899903162034587
StochasticGradientDescent,iron,240,0.11,squared_hinge,200,l2,0.8028751123090746,0.8028751123090746,0.8028751123090746,0.8028751123090746,23.14782633781433,1.9415371115538225,0.18729867935180664,0.016794037850302136
StochasticGradientDescent,iron,240,0.11,squared_hinge,200,l1,0.8595687331536388,0.8595687331536388,0.8595687331536388,0.8595687331536388,49.24729905128479,7.699288946870903,0.17913293838500977,0.0076261097423104785
StochasticGradientDescent,iron,240,0.11,squared_hinge,200,elasticnet,0.8114106019766396,0.8114106019766396,0.8114106019766396,0.8114106019766396,41.606091022491455,2.901932695218862,0.1753774642944336,0.016159930685280727
StochasticGradientDescent,iron,240,0.11,squared_hinge,300,l2,0.7959868224019168,0.7959868224019168,0.7959868224019168,0.7959868224019168,31.574417304992675,2.790996863578802,0.16356296539306642,0.014227948227863527
StochasticGradientDescent,iron,240,0.11,squared_hinge,300,l1,0.8569931117100928,0.8569931117100928,0.8569931117100928,0.8569931117100928,61.702863073349,8.65632895841781,0.1667658805847168,0.011266281395471388
StochasticGradientDescent,iron,240,0.11,squared_hinge,300,elasticnet,0.798292902066487,0.798292902066487,0.798292902066487,0.798292902066487,51.5126051902771,3.88486587070594,0.16836867332458497,0.007480515400750641
StochasticGradientDescent,iron,240,0.11,squared_hinge,400,l2,0.7867924528301887,0.7867924528301887,0.7867924528301887,0.7867924528301887,36.107597494125365,2.200907632959188,0.15751657485961915,0.006930002699756433
StochasticGradientDescent,iron,240,0.11,squared_hinge,400,l1,0.8585504642108417,0.8585504642108417,0.8585504642108417,0.8585504642108417,54.885158109664914,6.14564649263696,0.16537556648254395,0.010853537861133451
StochasticGradientDescent,iron,240,0.11,squared_hinge,400,elasticnet,0.8267445342917041,0.8267445342917041,0.8267445342917041,0.8267445342917041,59.8002995967865,4.245306199177103,0.16437678337097167,0.01077668269042705
StochasticGradientDescent,iron,240,0.11,squared_hinge,500,l2,0.7941000299490866,0.7941000299490866,0.7941000299490866,0.7941000299490866,39.83893704414368,4.131645674698436,0.18091778755187987,0.018630922689001548
StochasticGradientDescent,iron,240,0.11,squared_hinge,500,l1,0.8614555256064691,0.8614555256064691,0.8614555256064691,0.8614555256064691,64.96422629356384,12.800472043539727,0.17671051025390624,0.02317331531468232
StochasticGradientDescent,iron,240,0.11,squared_hinge,500,elasticnet,0.8140461215932913,0.8140461215932913,0.8140461215932913,0.8140461215932913,62.201809549331664,7.050693721736066,0.1771401882171631,0.019713712037412328
StochasticGradientDescent,iron,240,0.11,squared_hinge,600,l2,0.8080263551961664,0.8080263551961664,0.8080263551961664,0.8080263551961664,41.51982913017273,4.379677206405705,0.1546252727508545,0.011257765343512732
StochasticGradientDescent,iron,240,0.11,squared_hinge,600,l1,0.8607067984426475,0.8607067984426475,0.8607067984426475,0.8607067984426475,58.016218948364255,12.88872736629496,0.1614531993865967,0.011647346044292916
StochasticGradientDescent,iron,240,0.11,squared_hinge,600,elasticnet,0.8200359389038635,0.8200359389038635,0.8200359389038635,0.8200359389038635,61.715502405166625,5.056404117452523,0.1525120735168457,0.00797885781507721
StochasticGradientDescent,iron,240,0.11,squared_hinge,700,l2,0.8022461814914645,0.8022461814914645,0.8022461814914645,0.8022461814914645,40.87561950683594,6.187615281946732,0.15845727920532227,0.016358394701462844
StochasticGradientDescent,iron,240,0.11,squared_hinge,700,l1,0.8611560347409405,0.8611560347409405,0.8611560347409405,0.8611560347409405,58.986163234710695,12.251878720584536,0.1862928867340088,0.020499577336865197
StochasticGradientDescent,iron,240,0.11,squared_hinge,700,elasticnet,0.8121892782270141,0.8121892782270141,0.8121892782270141,0.8121892782270141,56.69742512702942,14.657362681546207,0.16694583892822265,0.021220932224715067
StochasticGradientDescent,iron,240,0.11,squared_hinge,800,l2,0.7930218628331835,0.7930218628331835,0.7930218628331835,0.7930218628331835,42.65628275871277,3.9165184811711193,0.15837421417236328,0.016252271721345815
StochasticGradientDescent,iron,240,0.11,squared_hinge,800,l1,0.8608565438754118,0.8608565438754118,0.8608565438754118,0.8608565438754118,61.34288792610168,9.220143075379045,0.17949166297912597,0.009172251745638136
StochasticGradientDescent,iron,240,0.11,squared_hinge,800,elasticnet,0.8124588200059899,0.8124588200059899,0.8124588200059899,0.8124588200059899,60.60857458114624,12.98797908642236,0.165053129196167,0.010111271311149354
StochasticGradientDescent,iron,240,0.11,squared_hinge,900,l2,0.8083857442348007,0.8083857442348007,0.8083857442348007,0.8083857442348007,46.24916853904724,5.153462088222727,0.15929994583129883,0.013551481553036464
StochasticGradientDescent,iron,240,0.11,squared_hinge,900,l1,0.8616052710392333,0.8616052710392333,0.8616052710392333,0.8616052710392333,57.478393983840945,4.535722590766663,0.1668828010559082,0.013471968154527449
StochasticGradientDescent,iron,240,0.11,squared_hinge,900,elasticnet,0.8182988918837977,0.8182988918837977,0.8182988918837977,0.8182988918837977,53.01258244514465,1.3409081267924166,0.15990452766418456,0.015214645055652055
StochasticGradientDescent,iron,240,0.11,squared_hinge,1000,l2,0.7915543575920935,0.7915543575920935,0.7915543575920935,0.7915543575920935,43.05295329093933,7.227257803396213,0.16276102066040038,0.010667694431181462
StochasticGradientDescent,iron,240,0.11,squared_hinge,1000,l1,0.860197663971249,0.860197663971249,0.860197663971249,0.860197663971249,55.07558426856995,6.750738918902361,0.1623403549194336,0.023682061441958772
StochasticGradientDescent,iron,240,0.11,squared_hinge,1000,elasticnet,0.818418688230009,0.818418688230009,0.818418688230009,0.818418688230009,66.65631074905396,12.52583186248869,0.16875672340393066,0.016318279850626248
StochasticGradientDescent,iron,240,0.11,perceptron,100,l2,0.81476489967056,0.81476489967056,0.81476489967056,0.81476489967056,5.32422776222229,0.24386258310328943,0.16639165878295897,0.012456297233540017
StochasticGradientDescent,iron,240,0.11,perceptron,100,l1,0.8542677448337826,0.8542677448337826,0.8542677448337826,0.8542677448337826,7.509575080871582,0.30534885240044907,0.1435835361480713,0.0010109753059303907
StochasticGradientDescent,iron,240,0.11,perceptron,100,elasticnet,0.8600778676250374,0.8600778676250374,0.8600778676250374,0.8600778676250374,7.3631635189056395,0.15093365451016486,0.1562027931213379,0.015630351313703317
StochasticGradientDescent,iron,240,0.11,perceptron,200,l2,0.808325846061695,0.808325846061695,0.808325846061695,0.808325846061695,4.7842028617858885,0.1893731638257248,0.1520329475402832,0.011863434469294967
StochasticGradientDescent,iron,240,0.11,perceptron,200,l1,0.8480083857442346,0.8480083857442346,0.8480083857442346,0.8480083857442346,7.530822324752807,0.41799819669432203,0.15071516036987304,0.011653887864994503
StochasticGradientDescent,iron,240,0.11,perceptron,200,elasticnet,0.8354297693920335,0.8354297693920335,0.8354297693920335,0.8354297693920335,7.706743335723877,0.6297335274208253,0.1602959156036377,0.008288679601275637
StochasticGradientDescent,iron,240,0.11,perceptron,300,l2,0.8332434860736747,0.8332434860736747,0.8332434860736747,0.8332434860736747,5.095199203491211,0.17487680869104777,0.1653900623321533,0.021966333436443487
StochasticGradientDescent,iron,240,0.11,perceptron,300,l1,0.8487870619946092,0.8487870619946092,0.8487870619946092,0.8487870619946092,7.843882846832275,0.2570172465450135,0.17448291778564454,0.01985047076868318
StochasticGradientDescent,iron,240,0.11,perceptron,300,elasticnet,0.8574423480083857,0.8574423480083857,0.8574423480083857,0.8574423480083857,7.4558803081512455,0.41396870605687897,0.17186293601989747,0.01065214557387763
StochasticGradientDescent,iron,240,0.11,perceptron,400,l2,0.8425876010781671,0.8425876010781671,0.8425876010781671,0.8425876010781671,4.980532693862915,0.21671432128565402,0.16159701347351074,0.011907350536508442
StochasticGradientDescent,iron,240,0.11,perceptron,400,l1,0.8526205450733751,0.8526205450733751,0.8526205450733751,0.8526205450733751,8.181687116622925,0.252540018346926,0.17795152664184571,0.02924226094661833
StochasticGradientDescent,iron,240,0.11,perceptron,400,elasticnet,0.8383647798742139,0.8383647798742139,0.8383647798742139,0.8383647798742139,7.855302810668945,0.18016511486519315,0.17114639282226562,0.0112338149024845
StochasticGradientDescent,iron,240,0.11,perceptron,500,l2,0.8474393530997304,0.8474393530997304,0.8474393530997304,0.8474393530997304,5.199455833435058,0.1797524560076224,0.15495152473449708,0.004679676521471877
StochasticGradientDescent,iron,240,0.11,perceptron,500,l1,0.8499550763701708,0.8499550763701708,0.8499550763701708,0.8499550763701708,7.888531494140625,0.39972136159436183,0.1674729347229004,0.012913799011395043
StochasticGradientDescent,iron,240,0.11,perceptron,500,elasticnet,0.8368972746331236,0.8368972746331236,0.8368972746331236,0.8368972746331236,7.671413850784302,0.3196089251121694,0.17429742813110352,0.01567296748895575
StochasticGradientDescent,iron,240,0.11,perceptron,600,l2,0.8227613057801737,0.8227613057801737,0.8227613057801737,0.8227613057801737,5.117422771453858,0.343673661248402,0.15862584114074707,0.011344902167280894
StochasticGradientDescent,iron,240,0.11,perceptron,600,l1,0.8465408805031446,0.8465408805031446,0.8465408805031446,0.8465408805031446,8.623475885391235,0.3934011807342135,0.16841673851013184,0.025280621567759978
StochasticGradientDescent,iron,240,0.11,perceptron,600,elasticnet,0.8388140161725067,0.8388140161725067,0.8388140161725067,0.8388140161725067,8.302430295944214,0.25722085400959244,0.15434465408325196,0.015228091812041378
StochasticGradientDescent,iron,240,0.11,perceptron,700,l2,0.803863432165319,0.803863432165319,0.803863432165319,0.803863432165319,5.324527454376221,0.09508889038286195,0.18471345901489258,0.034339859763358856
StochasticGradientDescent,iron,240,0.11,perceptron,700,l1,0.8540281521413597,0.8540281521413597,0.8540281521413597,0.8540281521413597,9.170761632919312,0.4786974149882192,0.1783597946166992,0.03560962541955513
StochasticGradientDescent,iron,240,0.11,perceptron,700,elasticnet,0.8193171608265948,0.8193171608265948,0.8193171608265948,0.8193171608265948,8.324357843399047,0.42477512896276526,0.1664210796356201,0.018241210743506885
StochasticGradientDescent,iron,240,0.11,perceptron,800,l2,0.8249475890985325,0.8249475890985325,0.8249475890985325,0.8249475890985325,5.631909513473511,0.256969910539504,0.1775967597961426,0.02016434235903235
StochasticGradientDescent,iron,240,0.11,perceptron,800,l1,0.8528301886792452,0.8528301886792452,0.8528301886792452,0.8528301886792452,8.424392080307006,0.15724744154733225,0.16414461135864258,0.0067614256695232074
StochasticGradientDescent,iron,240,0.11,perceptron,800,elasticnet,0.8623539982030547,0.8623539982030547,0.8623539982030547,0.8623539982030547,8.098975419998169,0.40977370427324106,0.17058510780334474,0.022977326714402287
StochasticGradientDescent,iron,240,0.11,perceptron,900,l2,0.8609463911350703,0.8609463911350703,0.8609463911350703,0.8609463911350703,5.303804540634156,0.13492607453373853,0.1617669105529785,0.01100826351995596
StochasticGradientDescent,iron,240,0.11,perceptron,900,l1,0.8595088349805332,0.8595088349805332,0.8595088349805332,0.8595088349805332,8.38146514892578,0.767958907339609,0.16732802391052246,0.013139967932065271
StochasticGradientDescent,iron,240,0.11,perceptron,900,elasticnet,0.8140461215932915,0.8140461215932915,0.8140461215932915,0.8140461215932915,8.232211303710937,0.23556690718517942,0.16541657447814942,0.013719888051850681
StochasticGradientDescent,iron,240,0.11,perceptron,1000,l2,0.8286912249176399,0.8286912249176399,0.8286912249176399,0.8286912249176399,5.368382310867309,0.059486042340227634,0.1685335636138916,0.012411823421361068
StochasticGradientDescent,iron,240,0.11,perceptron,1000,l1,0.8553459119496857,0.8553459119496857,0.8553459119496857,0.8553459119496857,8.65206799507141,0.4542603003379624,0.18483691215515136,0.02536397536318152
StochasticGradientDescent,iron,240,0.11,perceptron,1000,elasticnet,0.8405211141060198,0.8405211141060198,0.8405211141060198,0.8405211141060198,8.096413087844848,0.24831641920381453,0.1836930751800537,0.016586097191209886
StochasticGradientDescent,iron,240,0.21,hinge,100,l2,0.8286612758310872,0.8286612758310872,0.8286612758310872,0.8286612758310872,6.569385623931884,0.3672758903493626,0.18614377975463867,0.018839288498540493
StochasticGradientDescent,iron,240,0.21,hinge,100,l1,0.8637017070979335,0.8637017070979335,0.8637017070979335,0.8637017070979335,10.573897504806519,0.6962058975589185,0.1633908748626709,0.01031980623985058
StochasticGradientDescent,iron,240,0.21,hinge,100,elasticnet,0.8398622342018569,0.8398622342018569,0.8398622342018569,0.8398622342018569,11.285784769058228,0.33017421241135925,0.15951285362243653,0.010391084585727562
StochasticGradientDescent,iron,240,0.21,hinge,200,l2,0.8419287211740043,0.8419287211740043,0.8419287211740043,0.8419287211740043,7.412384557723999,0.2507738536860712,0.1626811981201172,0.014724574108747059
StochasticGradientDescent,iron,240,0.21,hinge,200,l1,0.8618448637316563,0.8618448637316563,0.8618448637316563,0.8618448637316563,9.843478393554687,0.34802663850037974,0.16585755348205566,0.01303747372946054
StochasticGradientDescent,iron,240,0.21,hinge,200,elasticnet,0.8437256663671757,0.8437256663671757,0.8437256663671757,0.8437256663671757,11.44772367477417,0.7413908941468739,0.17096538543701173,0.01750596681360383
StochasticGradientDescent,iron,240,0.21,hinge,300,l2,0.8401317759808326,0.8401317759808326,0.8401317759808326,0.8401317759808326,6.97139801979065,0.4909971092872653,0.16306004524230958,0.00888766287441843
StochasticGradientDescent,iron,240,0.21,hinge,300,l1,0.860197663971249,0.860197663971249,0.860197663971249,0.860197663971249,10.030561208724976,0.24801451378196368,0.16913962364196777,0.019066832138074745
StochasticGradientDescent,iron,240,0.21,hinge,300,elasticnet,0.8457023060796646,0.8457023060796646,0.8457023060796646,0.8457023060796646,10.793284559249878,0.5055419213309246,0.16977596282958984,0.01084781416342744
StochasticGradientDescent,iron,240,0.21,hinge,400,l2,0.8415992812219228,0.8415992812219228,0.8415992812219228,0.8415992812219228,6.868200349807739,0.23765728059961044,0.15861859321594238,0.013229568696099111
StochasticGradientDescent,iron,240,0.21,hinge,400,l1,0.8633722671458521,0.8633722671458521,0.8633722671458521,0.8633722671458521,10.118352937698365,0.4459334889883897,0.16505417823791504,0.012357184025797332
StochasticGradientDescent,iron,240,0.21,hinge,400,elasticnet,0.8473495058400718,0.8473495058400718,0.8473495058400718,0.8473495058400718,10.779276084899902,0.5525692457681813,0.1562283992767334,0.005337321438325639
StochasticGradientDescent,iron,240,0.21,hinge,500,l2,0.8374962563641809,0.8374962563641809,0.8374962563641809,0.8374962563641809,6.778283309936524,0.30526543027601,0.16233234405517577,0.013499989949164381
StochasticGradientDescent,iron,240,0.21,hinge,500,l1,0.8645103324348608,0.8645103324348608,0.8645103324348608,0.8645103324348608,9.987546920776367,1.099549422603102,0.16861133575439452,0.00983342444471818
StochasticGradientDescent,iron,240,0.21,hinge,500,elasticnet,0.8442348008385745,0.8442348008385745,0.8442348008385745,0.8442348008385745,11.010535955429077,0.9926145852474163,0.16263222694396973,0.01301014334971302
StochasticGradientDescent,iron,240,0.21,hinge,600,l2,0.8366876310272536,0.8366876310272536,0.8366876310272536,0.8366876310272536,6.758057498931885,0.39591224245979245,0.16999969482421876,0.032397538884614045
StochasticGradientDescent,iron,240,0.21,hinge,600,l1,0.8641509433962264,0.8641509433962264,0.8641509433962264,0.8641509433962264,10.140231132507324,0.44154211688028006,0.1753023624420166,0.016281246785635674
StochasticGradientDescent,iron,240,0.21,hinge,600,elasticnet,0.8413596885294998,0.8413596885294998,0.8413596885294998,0.8413596885294998,10.525598907470703,0.8334542936257086,0.1751476287841797,0.014502705496689052
StochasticGradientDescent,iron,240,0.21,hinge,700,l2,0.8421683138664271,0.8421683138664271,0.8421683138664271,0.8421683138664271,6.97165961265564,0.33805470593879716,0.16406612396240233,0.012555284379007358
StochasticGradientDescent,iron,240,0.21,hinge,700,l1,0.8655585504642108,0.8655585504642108,0.8655585504642108,0.8655585504642108,9.994167041778564,0.5723900494216897,0.17363920211791992,0.027201863193174323
StochasticGradientDescent,iron,240,0.21,hinge,700,elasticnet,0.8362084456424078,0.8362084456424078,0.8362084456424078,0.8362084456424078,10.977711153030395,0.40390047246263683,0.16690406799316407,0.01728174376362286
StochasticGradientDescent,iron,240,0.21,hinge,800,l2,0.8435759209344115,0.8435759209344115,0.8435759209344115,0.8435759209344115,6.855372047424316,0.3111117688807929,0.16686787605285644,0.009130886323799896
StochasticGradientDescent,iron,240,0.21,hinge,800,l1,0.8689727463312369,0.8689727463312369,0.8689727463312369,0.8689727463312369,9.88357572555542,0.5135973899166123,0.16286845207214357,0.005972977171874371
StochasticGradientDescent,iron,240,0.21,hinge,800,elasticnet,0.8512728361784966,0.8512728361784966,0.8512728361784966,0.8512728361784966,11.461888313293457,1.0322754177405835,0.16863698959350587,0.014510400410232256
StochasticGradientDescent,iron,240,0.21,hinge,900,l2,0.8386043725666369,0.8386043725666369,0.8386043725666369,0.8386043725666369,6.378684997558594,0.36761847905884326,0.15742869377136232,0.007659951477726137
StochasticGradientDescent,iron,240,0.21,hinge,900,l1,0.865318957771788,0.865318957771788,0.865318957771788,0.865318957771788,10.066670894622803,0.9660904218994492,0.1728142738342285,0.013727545341508092
StochasticGradientDescent,iron,240,0.21,hinge,900,elasticnet,0.8475591494459419,0.8475591494459419,0.8475591494459419,0.8475591494459419,11.616833448410034,1.4944262703335771,0.17949295043945312,0.007515533793692308
StochasticGradientDescent,iron,240,0.21,hinge,1000,l2,0.8387241689128482,0.8387241689128482,0.8387241689128482,0.8387241689128482,6.864514303207398,0.31251253405687585,0.16070919036865233,0.014044141630580527
StochasticGradientDescent,iron,240,0.21,hinge,1000,l1,0.8678646301287809,0.8678646301287809,0.8678646301287809,0.8678646301287809,11.335380458831787,0.6406833410635411,0.17275290489196776,0.007225830090949353
StochasticGradientDescent,iron,240,0.21,hinge,1000,elasticnet,0.8439353099730458,0.8439353099730458,0.8439353099730458,0.8439353099730458,12.858165645599366,0.3570028652317163,0.19214839935302735,0.009261040590138925
StochasticGradientDescent,iron,240,0.21,log,100,l2,,,,,0.10426716804504395,0.009006402124919037,0.0,0.0
StochasticGradientDescent,iron,240,0.21,log,100,l1,,,,,0.11303129196166992,0.013117393306515191,0.0,0.0
StochasticGradientDescent,iron,240,0.21,log,100,elasticnet,,,,,0.1078598976135254,0.005428953343002206,0.0,0.0
StochasticGradientDescent,iron,240,0.21,log,200,l2,,,,,0.10066542625427247,0.006012776309653251,0.0,0.0
StochasticGradientDescent,iron,240,0.21,log,200,l1,,,,,0.10373225212097167,0.003914144517584743,0.0,0.0
StochasticGradientDescent,iron,240,0.21,log,200,elasticnet,,,,,0.11648602485656738,0.018206893101755373,0.0,0.0
StochasticGradientDescent,iron,240,0.21,log,300,l2,,,,,0.11949362754821777,0.0164370972595518,0.0,0.0
StochasticGradientDescent,iron,240,0.21,log,300,l1,,,,,0.11571497917175293,0.009959371229892808,0.0,0.0
StochasticGradientDescent,iron,240,0.21,log,300,elasticnet,,,,,0.1254263401031494,0.019194561546203474,0.0,0.0
StochasticGradientDescent,iron,240,0.21,log,400,l2,,,,,0.11405267715454101,0.009312812117554251,0.0,0.0
StochasticGradientDescent,iron,240,0.21,log,400,l1,,,,,0.12446117401123047,0.021008671113943195,0.0,0.0
StochasticGradientDescent,iron,240,0.21,log,400,elasticnet,,,,,0.11845378875732422,0.02177436301819021,0.0,0.0
StochasticGradientDescent,iron,240,0.21,log,500,l2,,,,,0.12293701171875,0.005413957879148614,0.0,0.0
StochasticGradientDescent,iron,240,0.21,log,500,l1,,,,,0.13115839958190917,0.007516598092515914,0.0,0.0
StochasticGradientDescent,iron,240,0.21,log,500,elasticnet,,,,,0.1297975540161133,0.007734027903081054,0.0,0.0
StochasticGradientDescent,iron,240,0.21,log,600,l2,,,,,0.1264136791229248,0.008228329457624962,0.0,0.0
StochasticGradientDescent,iron,240,0.21,log,600,l1,,,,,0.12586350440979005,0.023585939598948034,0.0,0.0
StochasticGradientDescent,iron,240,0.21,log,600,elasticnet,,,,,0.13211278915405272,0.014863021384761579,0.0,0.0
StochasticGradientDescent,iron,240,0.21,log,700,l2,,,,,0.12492213249206544,0.015703122255221854,0.0,0.0
StochasticGradientDescent,iron,240,0.21,log,700,l1,,,,,0.1484686851501465,0.01927149147841089,0.0,0.0
StochasticGradientDescent,iron,240,0.21,log,700,elasticnet,,,,,0.11641545295715332,0.009661437268112687,0.0,0.0
StochasticGradientDescent,iron,240,0.21,log,800,l2,,,,,0.1165433406829834,0.004436390874366406,0.0,0.0
StochasticGradientDescent,iron,240,0.21,log,800,l1,,,,,0.12142362594604492,0.007812569986540735,0.0,0.0
StochasticGradientDescent,iron,240,0.21,log,800,elasticnet,,,,,0.12246870994567871,0.008913244800546985,0.0,0.0
StochasticGradientDescent,iron,240,0.21,log,900,l2,,,,,0.11398015022277833,0.004909471100012469,0.0,0.0
StochasticGradientDescent,iron,240,0.21,log,900,l1,,,,,0.11976523399353027,0.014096119581537609,0.0,0.0
StochasticGradientDescent,iron,240,0.21,log,900,elasticnet,,,,,0.14444026947021485,0.03964455904258643,0.0,0.0
StochasticGradientDescent,iron,240,0.21,log,1000,l2,,,,,0.14296307563781738,0.037370740378477006,0.0,0.0
StochasticGradientDescent,iron,240,0.21,log,1000,l1,,,,,0.13510746955871583,0.03223912726920286,0.0,0.0
StochasticGradientDescent,iron,240,0.21,log,1000,elasticnet,,,,,0.13393797874450683,0.012404834648418179,0.0,0.0
StochasticGradientDescent,iron,240,0.21,modified_huber,100,l2,0.8570530098831985,0.8570530098831985,0.8570530098831985,0.8570530098831985,12.515509271621704,0.3517157313741077,0.1769620418548584,0.019993477619108906
StochasticGradientDescent,iron,240,0.21,modified_huber,100,l1,0.8645103324348608,0.8645103324348608,0.8645103324348608,0.8645103324348608,26.087669563293456,0.7420668633610744,0.16446986198425292,0.007191032436649396
StochasticGradientDescent,iron,240,0.21,modified_huber,100,elasticnet,0.8627133872416891,0.8627133872416891,0.8627133872416891,0.8627133872416891,17.66171040534973,1.780924993119929,0.16769304275512695,0.014476067280503659
StochasticGradientDescent,iron,240,0.21,modified_huber,200,l2,0.8575621443545973,0.8575621443545973,0.8575621443545973,0.8575621443545973,11.823037719726562,1.0773329147843496,0.16332659721374512,0.011696216196810015
StochasticGradientDescent,iron,240,0.21,modified_huber,200,l1,0.8692123390236597,0.8692123390236597,0.8692123390236597,0.8692123390236597,32.8111653804779,2.7181889670156125,0.16357460021972656,0.01595364739813149
StochasticGradientDescent,iron,240,0.21,modified_huber,200,elasticnet,0.869601677148847,0.869601677148847,0.869601677148847,0.869601677148847,17.23688349723816,1.1637562764767049,0.17156434059143066,0.024528411864414627
StochasticGradientDescent,iron,240,0.21,modified_huber,300,l2,0.8646001796945193,0.8646001796945193,0.8646001796945193,0.8646001796945193,12.02719168663025,0.31771546111505145,0.15900058746337892,0.010498027793049449
StochasticGradientDescent,iron,240,0.21,modified_huber,300,l1,0.8716981132075473,0.8716981132075473,0.8716981132075473,0.8716981132075473,32.525428485870364,1.8337789003937517,0.1636046886444092,0.00767385235443237
StochasticGradientDescent,iron,240,0.21,modified_huber,300,elasticnet,0.8647199760407307,0.8647199760407307,0.8647199760407307,0.8647199760407307,17.873585748672486,1.1038325969353455,0.16347980499267578,0.013097913630306001
StochasticGradientDescent,iron,240,0.21,modified_huber,400,l2,0.8595986822401915,0.8595986822401915,0.8595986822401915,0.8595986822401915,9.871466636657715,0.5268137512203246,0.16102609634399415,0.01254011728922344
StochasticGradientDescent,iron,240,0.21,modified_huber,400,l1,0.8678646301287809,0.8678646301287809,0.8678646301287809,0.8678646301287809,33.108079242706296,1.6986509338885611,0.15257620811462402,0.009840198477822512
StochasticGradientDescent,iron,240,0.21,modified_huber,400,elasticnet,0.8711889787361485,0.8711889787361485,0.8711889787361485,0.8711889787361485,18.420107650756837,0.9788124033500273,0.1637558937072754,0.00959626154179626
StochasticGradientDescent,iron,240,0.21,modified_huber,500,l2,0.8513926325247081,0.8513926325247081,0.8513926325247081,0.8513926325247081,11.819120740890503,0.5081524685619158,0.1550431251525879,0.007644024798592254
StochasticGradientDescent,iron,240,0.21,modified_huber,500,l1,0.8648098233003892,0.8648098233003892,0.8648098233003892,0.8648098233003892,34.92109775543213,2.572867294716706,0.15799732208251954,0.006836845370126059
StochasticGradientDescent,iron,240,0.21,modified_huber,500,elasticnet,0.8601078167115903,0.8601078167115903,0.8601078167115903,0.8601078167115903,18.25661211013794,1.1767228145713995,0.16381287574768066,0.011609216282200196
StochasticGradientDescent,iron,240,0.21,modified_huber,600,l2,0.8595687331536388,0.8595687331536388,0.8595687331536388,0.8595687331536388,10.929738473892211,0.7416351797677796,0.15910086631774903,0.015140527991840277
StochasticGradientDescent,iron,240,0.21,modified_huber,600,l1,0.8677747828691226,0.8677747828691226,0.8677747828691226,0.8677747828691226,34.02775135040283,1.4114307309491263,0.172056245803833,0.01771714503851874
StochasticGradientDescent,iron,240,0.21,modified_huber,600,elasticnet,0.8674752920035939,0.8674752920035939,0.8674752920035939,0.8674752920035939,17.05380392074585,1.6536548223165277,0.16033902168273925,0.007895719211450847
StochasticGradientDescent,iron,240,0.21,modified_huber,700,l2,0.8609463911350703,0.8609463911350703,0.8609463911350703,0.8609463911350703,11.494763517379761,0.35992804715527876,0.1617053508758545,0.006405935551048559
StochasticGradientDescent,iron,240,0.21,modified_huber,700,l1,0.8629230308475592,0.8629230308475592,0.8629230308475592,0.8629230308475592,35.3116961479187,3.3725072379315106,0.15738072395324706,0.004578980108669921
StochasticGradientDescent,iron,240,0.21,modified_huber,700,elasticnet,0.8625037436358192,0.8625037436358192,0.8625037436358192,0.8625037436358192,17.366595554351807,1.1015821268405481,0.16019244194030763,0.010245585930237274
StochasticGradientDescent,iron,240,0.21,modified_huber,800,l2,0.8652590595986822,0.8652590595986822,0.8652590595986822,0.8652590595986822,11.84246506690979,0.6049791062608522,0.15488247871398925,0.00572009353788524
StochasticGradientDescent,iron,240,0.21,modified_huber,800,l1,0.8687631027253669,0.8687631027253669,0.8687631027253669,0.8687631027253669,34.20721015930176,3.594446214713736,0.15916066169738768,0.006404542400207598
StochasticGradientDescent,iron,240,0.21,modified_huber,800,elasticnet,0.8483677747828692,0.8483677747828692,0.8483677747828692,0.8483677747828692,17.691192626953125,1.40144861303477,0.16503124237060546,0.008926034347861704
StochasticGradientDescent,iron,240,0.21,modified_huber,900,l2,0.8650194669062593,0.8650194669062593,0.8650194669062593,0.8650194669062593,11.360260725021362,0.4079150572755728,0.15587468147277833,0.004669260854950377
StochasticGradientDescent,iron,240,0.21,modified_huber,900,l1,0.8678945792153339,0.8678945792153339,0.8678945792153339,0.8678945792153339,32.376438999176024,2.3696251353164475,0.17063751220703124,0.017475134013026555
StochasticGradientDescent,iron,240,0.21,modified_huber,900,elasticnet,0.8595986822401918,0.8595986822401918,0.8595986822401918,0.8595986822401918,18.407208251953126,1.4700957243905548,0.1748802661895752,0.021037122197454464
StochasticGradientDescent,iron,240,0.21,modified_huber,1000,l2,0.8705600479185385,0.8705600479185385,0.8705600479185385,0.8705600479185385,11.740547323226929,0.5212762628378079,0.17561192512512208,0.0321224670993255
StochasticGradientDescent,iron,240,0.21,modified_huber,1000,l1,0.8651692123390236,0.8651692123390236,0.8651692123390236,0.8651692123390236,33.04974708557129,3.3627496587673273,0.17100439071655274,0.015132621762383586
StochasticGradientDescent,iron,240,0.21,modified_huber,1000,elasticnet,0.8699610661874813,0.8699610661874813,0.8699610661874813,0.8699610661874813,18.028178024291993,1.6027493500112673,0.16278367042541503,0.01017358222765807
StochasticGradientDescent,iron,240,0.21,squared_hinge,100,l2,0.8144055106319257,0.8144055106319257,0.8144055106319257,0.8144055106319257,14.65032639503479,0.6608356363549771,0.16914548873901367,0.01199979590254706
StochasticGradientDescent,iron,240,0.21,squared_hinge,100,l1,0.8604672057502247,0.8604672057502247,0.8604672057502247,0.8604672057502247,27.1677161693573,1.738459879160348,0.1639113426208496,0.005639437814765125
StochasticGradientDescent,iron,240,0.21,squared_hinge,100,elasticnet,0.8297094938604372,0.8297094938604372,0.8297094938604372,0.8297094938604372,25.191575717926025,2.1903767878127063,0.15768027305603027,0.008480862955395586
StochasticGradientDescent,iron,240,0.21,squared_hinge,200,l2,0.7917340521114106,0.7917340521114106,0.7917340521114106,0.7917340521114106,23.87192792892456,1.347703203632366,0.17866878509521483,0.029815567457513643
StochasticGradientDescent,iron,240,0.21,squared_hinge,200,l1,0.8619047619047621,0.8619047619047621,0.8619047619047621,0.8619047619047621,45.910845565795896,1.9085835554642006,0.1735682964324951,0.0246065202308505
StochasticGradientDescent,iron,240,0.21,squared_hinge,200,elasticnet,0.8179095537586104,0.8179095537586104,0.8179095537586104,0.8179095537586104,42.632454299926756,4.138855447414144,0.1598562240600586,0.008256954877914653
StochasticGradientDescent,iron,240,0.21,squared_hinge,300,l2,0.8044923629829291,0.8044923629829291,0.8044923629829291,0.8044923629829291,30.954089832305907,1.3024187154707731,0.16619281768798827,0.017317333802519885
StochasticGradientDescent,iron,240,0.21,squared_hinge,300,l1,0.8572027553159629,0.8572027553159629,0.8572027553159629,0.8572027553159629,59.10941038131714,8.294519442383187,0.16779913902282714,0.002640576505716374
StochasticGradientDescent,iron,240,0.21,squared_hinge,300,elasticnet,0.8054806828391735,0.8054806828391735,0.8054806828391735,0.8054806828391735,53.637730073928836,3.49822066827001,0.16172332763671876,0.015697045759424353
StochasticGradientDescent,iron,240,0.21,squared_hinge,400,l2,0.7919137466307278,0.7919137466307278,0.7919137466307278,0.7919137466307278,37.636603593826294,2.6730959096805114,0.16382346153259278,0.017133712882415948
StochasticGradientDescent,iron,240,0.21,squared_hinge,400,l1,0.8600479185384845,0.8600479185384845,0.8600479185384845,0.8600479185384845,58.086475944519044,8.561326494752512,0.16156563758850098,0.009593733580250587
StochasticGradientDescent,iron,240,0.21,squared_hinge,400,elasticnet,0.8185983827493262,0.8185983827493262,0.8185983827493262,0.8185983827493262,55.3341028213501,4.458270305008671,0.17271251678466798,0.022823566900698065
StochasticGradientDescent,iron,240,0.21,squared_hinge,500,l2,0.8034740940401317,0.8034740940401317,0.8034740940401317,0.8034740940401317,40.72020359039307,3.863449670570266,0.15799212455749512,0.00766632988742934
StochasticGradientDescent,iron,240,0.21,squared_hinge,500,l1,0.8614854746930218,0.8614854746930218,0.8614854746930218,0.8614854746930218,63.41745591163635,11.634311581851126,0.1546469211578369,0.009204061609168904
StochasticGradientDescent,iron,240,0.21,squared_hinge,500,elasticnet,0.796136567834681,0.796136567834681,0.796136567834681,0.796136567834681,67.70928230285645,7.55550852636371,0.15335211753845215,0.007743419558533478
StochasticGradientDescent,iron,240,0.21,squared_hinge,600,l2,0.7920035938903863,0.7920035938903863,0.7920035938903863,0.7920035938903863,38.62416386604309,6.775973786086057,0.15748677253723145,0.011035547177058748
StochasticGradientDescent,iron,240,0.21,squared_hinge,600,l1,0.8589098532494759,0.8589098532494759,0.8589098532494759,0.8589098532494759,62.45491018295288,3.9651386728330955,0.16637811660766602,0.010854815548832665
StochasticGradientDescent,iron,240,0.21,squared_hinge,600,elasticnet,0.7950584007187781,0.7950584007187781,0.7950584007187781,0.7950584007187781,58.78500580787659,8.191367733175793,0.15795230865478516,0.006766907069621972
StochasticGradientDescent,iron,240,0.21,squared_hinge,700,l2,0.7933213536987122,0.7933213536987122,0.7933213536987122,0.7933213536987122,40.537265634536745,5.1718568838117545,0.15757193565368652,0.010566852781016487
StochasticGradientDescent,iron,240,0.21,squared_hinge,700,l1,0.8598083258460617,0.8598083258460617,0.8598083258460617,0.8598083258460617,80.91811699867249,27.061987672767696,0.17097272872924804,0.03045095917940338
StochasticGradientDescent,iron,240,0.21,squared_hinge,700,elasticnet,0.8191075172207247,0.8191075172207247,0.8191075172207247,0.8191075172207247,54.762042903900145,6.378842216182317,0.1593015670776367,0.014488359291209901
StochasticGradientDescent,iron,240,0.21,squared_hinge,800,l2,0.8065887990416293,0.8065887990416293,0.8065887990416293,0.8065887990416293,37.79890060424805,5.2506658558017865,0.16313481330871582,0.013468335609503586
StochasticGradientDescent,iron,240,0.21,squared_hinge,800,l1,0.859299191374663,0.859299191374663,0.859299191374663,0.859299191374663,59.21516251564026,7.515749271257376,0.17289891242980956,0.009336150976050516
StochasticGradientDescent,iron,240,0.21,squared_hinge,800,elasticnet,0.8073674752920036,0.8073674752920036,0.8073674752920036,0.8073674752920036,59.429052639007566,10.825511296208226,0.1634963035583496,0.006669919929762753
StochasticGradientDescent,iron,240,0.21,squared_hinge,900,l2,0.8009583707696916,0.8009583707696916,0.8009583707696916,0.8009583707696916,40.50598406791687,5.364591309670552,0.1548539638519287,0.0071148317697399335
StochasticGradientDescent,iron,240,0.21,squared_hinge,900,l1,0.8608265947888588,0.8608265947888588,0.8608265947888588,0.8608265947888588,62.874674558639526,7.965563547152319,0.169799280166626,0.029320789785987705
StochasticGradientDescent,iron,240,0.21,squared_hinge,900,elasticnet,0.8120095837076968,0.8120095837076968,0.8120095837076968,0.8120095837076968,59.69915823936462,7.367676578361564,0.15837864875793456,0.012049609472415948
StochasticGradientDescent,iron,240,0.21,squared_hinge,1000,l2,0.804941599281222,0.804941599281222,0.804941599281222,0.804941599281222,38.1732036113739,3.5883305961785847,0.15787239074707032,0.008688604300256713
StochasticGradientDescent,iron,240,0.21,squared_hinge,1000,l1,0.8622042527702906,0.8622042527702906,0.8622042527702906,0.8622042527702906,84.40595021247864,32.01095028693038,0.16163787841796876,0.013452447428613403
StochasticGradientDescent,iron,240,0.21,squared_hinge,1000,elasticnet,0.8210242587601078,0.8210242587601078,0.8210242587601078,0.8210242587601078,69.04701499938965,4.444475542971734,0.17505221366882323,0.013594765859297987
StochasticGradientDescent,iron,240,0.21,perceptron,100,l2,0.8273435160227613,0.8273435160227613,0.8273435160227613,0.8273435160227613,4.748024272918701,0.24610680748591304,0.15552325248718263,0.014154952014820744
StochasticGradientDescent,iron,240,0.21,perceptron,100,l1,0.8589398023360287,0.8589398023360287,0.8589398023360287,0.8589398023360287,7.262689208984375,0.35763032658280997,0.14840164184570312,0.009432941346312354
StochasticGradientDescent,iron,240,0.21,perceptron,100,elasticnet,0.8010482180293501,0.8010482180293501,0.8010482180293501,0.8010482180293501,7.191420602798462,0.38024790634960287,0.16073241233825683,0.012960078039994388
StochasticGradientDescent,iron,240,0.21,perceptron,200,l2,0.8230607966457024,0.8230607966457024,0.8230607966457024,0.8230607966457024,4.752651691436768,0.30712980381959254,0.16893572807312013,0.011162236433914964
StochasticGradientDescent,iron,240,0.21,perceptron,200,l1,0.8474693021862834,0.8474693021862834,0.8474693021862834,0.8474693021862834,7.478470277786255,0.5114303279612211,0.15266752243041992,0.009161204645783984
StochasticGradientDescent,iron,240,0.21,perceptron,200,elasticnet,0.8541479484875711,0.8541479484875711,0.8541479484875711,0.8541479484875711,7.448513507843018,0.4588797824082493,0.16236634254455568,0.014400092464188387
StochasticGradientDescent,iron,240,0.21,perceptron,300,l2,0.8134770889487871,0.8134770889487871,0.8134770889487871,0.8134770889487871,4.969070625305176,0.2672920902338937,0.1754706859588623,0.017122365021681563
StochasticGradientDescent,iron,240,0.21,perceptron,300,l1,0.8539083557951482,0.8539083557951482,0.8539083557951482,0.8539083557951482,7.724391460418701,0.23741295615231933,0.15599989891052246,0.01601521346129699
StochasticGradientDescent,iron,240,0.21,perceptron,300,elasticnet,0.8315962863132675,0.8315962863132675,0.8315962863132675,0.8315962863132675,7.356048154830932,0.46202763664674407,0.1748183250427246,0.027919822790920326
StochasticGradientDescent,iron,240,0.21,perceptron,400,l2,0.8375861036238395,0.8375861036238395,0.8375861036238395,0.8375861036238395,5.336408281326294,0.1501827427397206,0.15604424476623535,0.00840305496875138
StochasticGradientDescent,iron,240,0.21,perceptron,400,l1,0.8489667565139263,0.8489667565139263,0.8489667565139263,0.8489667565139263,7.7119323253631595,0.6109725056814692,0.16247620582580566,0.012760335519959908
StochasticGradientDescent,iron,240,0.21,perceptron,400,elasticnet,0.8645103324348608,0.8645103324348608,0.8645103324348608,0.8645103324348608,7.399732398986816,0.3027904833768112,0.19104447364807128,0.03439533541644286
StochasticGradientDescent,iron,240,0.21,perceptron,500,l2,0.8123689727463311,0.8123689727463311,0.8123689727463311,0.8123689727463311,5.133179759979248,0.25163506639627053,0.1702413558959961,0.012576592203107266
StochasticGradientDescent,iron,240,0.21,perceptron,500,l1,0.8418688230008986,0.8418688230008986,0.8418688230008986,0.8418688230008986,8.08913631439209,0.40818264260490783,0.16241703033447266,0.012572141476621862
StochasticGradientDescent,iron,240,0.21,perceptron,500,elasticnet,0.8247079964061097,0.8247079964061097,0.8247079964061097,0.8247079964061097,7.6990804195404055,0.3652824639244554,0.1699852466583252,0.018803823234947607
StochasticGradientDescent,iron,240,0.21,perceptron,600,l2,0.836388140161725,0.836388140161725,0.836388140161725,0.836388140161725,5.15745906829834,0.21146289356640324,0.16365995407104492,0.01539063653862735
StochasticGradientDescent,iron,240,0.21,perceptron,600,l1,0.8516921233902368,0.8516921233902368,0.8516921233902368,0.8516921233902368,8.264299154281616,0.5917939325338178,0.1653590679168701,0.016586371319438034
StochasticGradientDescent,iron,240,0.21,perceptron,600,elasticnet,0.8398622342018568,0.8398622342018568,0.8398622342018568,0.8398622342018568,7.904627466201783,0.4000195351028186,0.1685807228088379,0.01110700859969172
StochasticGradientDescent,iron,240,0.21,perceptron,700,l2,0.8498652291105122,0.8498652291105122,0.8498652291105122,0.8498652291105122,5.290903854370117,0.18383685354933077,0.18294129371643067,0.027587043362541263
StochasticGradientDescent,iron,240,0.21,perceptron,700,l1,0.8579215333932314,0.8579215333932314,0.8579215333932314,0.8579215333932314,8.445353174209595,0.21670427767196118,0.1573631763458252,0.017029898984691066
StochasticGradientDescent,iron,240,0.21,perceptron,700,elasticnet,0.829979035639413,0.829979035639413,0.829979035639413,0.829979035639413,8.091524791717529,0.4482049112598964,0.17738380432128906,0.009923454529100501
StochasticGradientDescent,iron,240,0.21,perceptron,800,l2,0.8460616951182989,0.8460616951182989,0.8460616951182989,0.8460616951182989,5.270946788787842,0.1976740764716144,0.17847857475280762,0.026772810745161156
StochasticGradientDescent,iron,240,0.21,perceptron,800,l1,0.8510332434860736,0.8510332434860736,0.8510332434860736,0.8510332434860736,8.361679124832154,0.557533964764947,0.1630565643310547,0.013540669079920353
StochasticGradientDescent,iron,240,0.21,perceptron,800,elasticnet,0.8217130877508236,0.8217130877508236,0.8217130877508236,0.8217130877508236,7.8772753238677975,0.28420519817876333,0.18139433860778809,0.029585584325640516
StochasticGradientDescent,iron,240,0.21,perceptron,900,l2,0.8407906558849956,0.8407906558849956,0.8407906558849956,0.8407906558849956,5.4989905834198,0.38228347023812315,0.16363654136657715,0.011610040160766754
StochasticGradientDescent,iron,240,0.21,perceptron,900,l1,0.8519017669961066,0.8519017669961066,0.8519017669961066,0.8519017669961066,8.372587537765503,0.380865627474977,0.166426944732666,0.01316832962587178
StochasticGradientDescent,iron,240,0.21,perceptron,900,elasticnet,0.8097634022162324,0.8097634022162324,0.8097634022162324,0.8097634022162324,8.115634059906006,0.33263023206066783,0.17174057960510253,0.0037415221382188263
StochasticGradientDescent,iron,240,0.21,perceptron,1000,l2,0.8168613357292603,0.8168613357292603,0.8168613357292603,0.8168613357292603,5.081198024749756,0.25863965266684497,0.16693925857543945,0.021705265340168887
StochasticGradientDescent,iron,240,0.21,perceptron,1000,l1,0.844564240790656,0.844564240790656,0.844564240790656,0.844564240790656,8.987712240219116,0.5893717819334948,0.19514069557189942,0.04567724806121735
StochasticGradientDescent,iron,240,0.21,perceptron,1000,elasticnet,0.8393530997304582,0.8393530997304582,0.8393530997304582,0.8393530997304582,7.927369022369385,0.3030101243342841,0.18591232299804689,0.025892972297624894
StochasticGradientDescent,iron,240,0.31,hinge,100,l2,0.8500449236298293,0.8500449236298293,0.8500449236298293,0.8500449236298293,7.080050802230835,0.1865426112406409,0.19564924240112305,0.032755547256933144
StochasticGradientDescent,iron,240,0.31,hinge,100,l1,0.8594788858939802,0.8594788858939802,0.8594788858939802,0.8594788858939802,10.13080711364746,0.5154916762462715,0.158894681930542,0.008249291889373135
StochasticGradientDescent,iron,240,0.31,hinge,100,elasticnet,0.8404312668463613,0.8404312668463613,0.8404312668463613,0.8404312668463613,11.132878684997559,0.6790891661221605,0.1688018798828125,0.018899774465794616
StochasticGradientDescent,iron,240,0.31,hinge,200,l2,0.8466307277628031,0.8466307277628031,0.8466307277628031,0.8466307277628031,7.011447238922119,0.3651060376049463,0.16452913284301757,0.01823633363742796
StochasticGradientDescent,iron,240,0.31,hinge,200,l1,0.8641808924827792,0.8641808924827792,0.8641808924827792,0.8641808924827792,9.596187496185303,0.6873223492172225,0.16228871345520018,0.01364166334011748
StochasticGradientDescent,iron,240,0.31,hinge,200,elasticnet,0.8473794549266247,0.8473794549266247,0.8473794549266247,0.8473794549266247,11.133271741867066,0.7382129986602696,0.15818142890930176,0.017492656752883147
StochasticGradientDescent,iron,240,0.31,hinge,300,l2,0.8421683138664271,0.8421683138664271,0.8421683138664271,0.8421683138664271,6.549440622329712,0.3550722558318885,0.16382222175598143,0.012298084394680841
StochasticGradientDescent,iron,240,0.31,hinge,300,l1,0.8658879904162923,0.8658879904162923,0.8658879904162923,0.8658879904162923,9.571960544586181,0.6850877819563799,0.16213908195495605,0.009516674618268342
StochasticGradientDescent,iron,240,0.31,hinge,300,elasticnet,0.8406109613656785,0.8406109613656785,0.8406109613656785,0.8406109613656785,10.802997541427612,0.4398636492236346,0.17901229858398438,0.02347753327976018
StochasticGradientDescent,iron,240,0.31,hinge,400,l2,0.8304582210242588,0.8304582210242588,0.8304582210242588,0.8304582210242588,6.731216049194336,0.13933400633748907,0.16671357154846192,0.003876939385222974
StochasticGradientDescent,iron,240,0.31,hinge,400,l1,0.8683438155136269,0.8683438155136269,0.8683438155136269,0.8683438155136269,10.25971884727478,0.5686419040924293,0.16951341629028321,0.010353576794286992
StochasticGradientDescent,iron,240,0.31,hinge,400,elasticnet,0.8509134471398623,0.8509134471398623,0.8509134471398623,0.8509134471398623,11.24196171760559,0.4546392347559832,0.17403779029846192,0.02542035255994837
StochasticGradientDescent,iron,240,0.31,hinge,500,l2,0.835549565738245,0.835549565738245,0.835549565738245,0.835549565738245,7.034660053253174,0.3065661492963641,0.170684289932251,0.015540758515572158
StochasticGradientDescent,iron,240,0.31,hinge,500,l1,0.866576819407008,0.866576819407008,0.866576819407008,0.866576819407008,9.873043203353882,0.569059255626497,0.16193413734436035,0.008063159509100182
StochasticGradientDescent,iron,240,0.31,hinge,500,elasticnet,0.8406708595387841,0.8406708595387841,0.8406708595387841,0.8406708595387841,11.31697611808777,0.8566809479793994,0.18028683662414552,0.01362793727984907
StochasticGradientDescent,iron,240,0.31,hinge,600,l2,0.8417490266546871,0.8417490266546871,0.8417490266546871,0.8417490266546871,6.91014609336853,0.1394908899037324,0.16858477592468263,0.009819999367459087
StochasticGradientDescent,iron,240,0.31,hinge,600,l1,0.8670560047918539,0.8670560047918539,0.8670560047918539,0.8670560047918539,9.739489698410035,0.3580472791073855,0.18154702186584473,0.015916692936213724
StochasticGradientDescent,iron,240,0.31,hinge,600,elasticnet,0.8475890985324946,0.8475890985324946,0.8475890985324946,0.8475890985324946,11.21697998046875,0.7141978514622193,0.15508112907409669,0.010475134656988648
StochasticGradientDescent,iron,240,0.31,hinge,700,l2,0.8185384845762205,0.8185384845762205,0.8185384845762205,0.8185384845762205,7.234581041336059,0.6887244240777728,0.168886137008667,0.008911639389612236
StochasticGradientDescent,iron,240,0.31,hinge,700,l1,0.8629230308475592,0.8629230308475592,0.8629230308475592,0.8629230308475592,9.811840677261353,0.353632627198426,0.18367209434509277,0.007510105351522684
StochasticGradientDescent,iron,240,0.31,hinge,700,elasticnet,0.8513926325247081,0.8513926325247081,0.8513926325247081,0.8513926325247081,11.112125062942505,0.6494685781987347,0.18123135566711426,0.02891816485945456
StochasticGradientDescent,iron,240,0.31,hinge,800,l2,0.838304881701108,0.838304881701108,0.838304881701108,0.838304881701108,7.263015699386597,0.3750249835415704,0.16125197410583497,0.012018212053512202
StochasticGradientDescent,iron,240,0.31,hinge,800,l1,0.8641509433962264,0.8641509433962264,0.8641509433962264,0.8641509433962264,10.285571002960205,0.32565632806468653,0.1762150287628174,0.02388140956234868
StochasticGradientDescent,iron,240,0.31,hinge,800,elasticnet,0.8458520515124288,0.8458520515124288,0.8458520515124288,0.8458520515124288,10.63580675125122,0.3899630599577981,0.16378297805786132,0.00998219683763371
StochasticGradientDescent,iron,240,0.31,hinge,900,l2,0.8357592093441151,0.8357592093441151,0.8357592093441151,0.8357592093441151,6.647118616104126,0.398488418193384,0.1596733570098877,0.009133467692018886
StochasticGradientDescent,iron,240,0.31,hinge,900,l1,0.8613057801737047,0.8613057801737047,0.8613057801737047,0.8613057801737047,9.810877799987793,0.46345221472956405,0.16416330337524415,0.011407480670115905
StochasticGradientDescent,iron,240,0.31,hinge,900,elasticnet,0.8449236298292903,0.8449236298292903,0.8449236298292903,0.8449236298292903,11.190452814102173,1.1252056778260864,0.17856154441833497,0.018562334524562567
StochasticGradientDescent,iron,240,0.31,hinge,1000,l2,0.8507936507936508,0.8507936507936508,0.8507936507936508,0.8507936507936508,7.044106149673462,0.5354737825036554,0.1682356834411621,0.010387300358162214
StochasticGradientDescent,iron,240,0.31,hinge,1000,l1,0.8634920634920634,0.8634920634920634,0.8634920634920634,0.8634920634920634,10.665786218643188,0.258054490606926,0.1907214641571045,0.04126858111216182
StochasticGradientDescent,iron,240,0.31,hinge,1000,elasticnet,0.8383348307876609,0.8383348307876609,0.8383348307876609,0.8383348307876609,12.264600467681884,0.8179090754045301,0.17717890739440917,0.012896076282253019
StochasticGradientDescent,iron,240,0.31,log,100,l2,,,,,0.11779208183288574,0.023370859644845313,0.0,0.0
StochasticGradientDescent,iron,240,0.31,log,100,l1,,,,,0.1018033504486084,0.010318502047323366,0.0,0.0
StochasticGradientDescent,iron,240,0.31,log,100,elasticnet,,,,,0.11483349800109863,0.017082142900690805,0.0,0.0
StochasticGradientDescent,iron,240,0.31,log,200,l2,,,,,0.10319819450378417,0.01121798355286071,0.0,0.0
StochasticGradientDescent,iron,240,0.31,log,200,l1,,,,,0.11215677261352539,0.011683688558413162,0.0,0.0
StochasticGradientDescent,iron,240,0.31,log,200,elasticnet,,,,,0.10673823356628417,0.007516525265172514,0.0,0.0
StochasticGradientDescent,iron,240,0.31,log,300,l2,,,,,0.13579516410827636,0.054118238994387786,0.0,0.0
StochasticGradientDescent,iron,240,0.31,log,300,l1,,,,,0.10340819358825684,0.007914953507022909,0.0,0.0
StochasticGradientDescent,iron,240,0.31,log,300,elasticnet,,,,,0.10787601470947265,0.006867804603944057,0.0,0.0
StochasticGradientDescent,iron,240,0.31,log,400,l2,,,,,0.12071280479431153,0.011354311586888703,0.0,0.0
StochasticGradientDescent,iron,240,0.31,log,400,l1,,,,,0.12410559654235839,0.01390883660492954,0.0,0.0
StochasticGradientDescent,iron,240,0.31,log,400,elasticnet,,,,,0.12799544334411622,0.02057650540517965,0.0,0.0
StochasticGradientDescent,iron,240,0.31,log,500,l2,,,,,0.12227344512939453,0.010411454136346329,0.0,0.0
StochasticGradientDescent,iron,240,0.31,log,500,l1,,,,,0.1287379264831543,0.010168241052232546,0.0,0.0
StochasticGradientDescent,iron,240,0.31,log,500,elasticnet,,,,,0.12525544166564942,0.013906418372566598,0.0,0.0
StochasticGradientDescent,iron,240,0.31,log,600,l2,,,,,0.13712902069091798,0.007945587663641963,0.0,0.0
StochasticGradientDescent,iron,240,0.31,log,600,l1,,,,,0.11923551559448242,0.009299484042479716,0.0,0.0
StochasticGradientDescent,iron,240,0.31,log,600,elasticnet,,,,,0.12196512222290039,0.008410713929769727,0.0,0.0
StochasticGradientDescent,iron,240,0.31,log,700,l2,,,,,0.1280881404876709,0.012289666960878099,0.0,0.0
StochasticGradientDescent,iron,240,0.31,log,700,l1,,,,,0.125927734375,0.015393306403326172,0.0,0.0
StochasticGradientDescent,iron,240,0.31,log,700,elasticnet,,,,,0.13500213623046875,0.020680159623013703,0.0,0.0
StochasticGradientDescent,iron,240,0.31,log,800,l2,,,,,0.13362278938293456,0.013105010464262632,0.0,0.0
StochasticGradientDescent,iron,240,0.31,log,800,l1,,,,,0.13966078758239747,0.035415727941168894,0.0,0.0
StochasticGradientDescent,iron,240,0.31,log,800,elasticnet,,,,,0.1395927906036377,0.019608351403825715,0.0,0.0
StochasticGradientDescent,iron,240,0.31,log,900,l2,,,,,0.1355794906616211,0.03222614910181352,0.0,0.0
StochasticGradientDescent,iron,240,0.31,log,900,l1,,,,,0.1308680534362793,0.010653901861394827,0.0,0.0
StochasticGradientDescent,iron,240,0.31,log,900,elasticnet,,,,,0.12265229225158691,0.0076403827440181165,0.0,0.0
StochasticGradientDescent,iron,240,0.31,log,1000,l2,,,,,0.1411109447479248,0.041997488184071216,0.0,0.0
StochasticGradientDescent,iron,240,0.31,log,1000,l1,,,,,0.14748988151550294,0.03799112757136706,0.0,0.0
StochasticGradientDescent,iron,240,0.31,log,1000,elasticnet,,,,,0.1407315731048584,0.008109553795161801,0.0,0.0
StochasticGradientDescent,iron,240,0.31,modified_huber,100,l2,0.8626834381551364,0.8626834381551364,0.8626834381551364,0.8626834381551364,11.915100240707398,0.711548661732306,0.18079710006713867,0.025761194977060652
StochasticGradientDescent,iron,240,0.31,modified_huber,100,l1,0.8657082958969751,0.8657082958969751,0.8657082958969751,0.8657082958969751,25.332541942596436,0.45870675986195036,0.1675875663757324,0.007588672652620954
StochasticGradientDescent,iron,240,0.31,modified_huber,100,elasticnet,0.8703504043126685,0.8703504043126685,0.8703504043126685,0.8703504043126685,19.525650835037233,0.8076313105109215,0.17699131965637208,0.013900768221663116
StochasticGradientDescent,iron,240,0.31,modified_huber,200,l2,0.8609763402216233,0.8609763402216233,0.8609763402216233,0.8609763402216233,11.642091703414916,0.9587462425406221,0.15621914863586425,0.0074501467457911644
StochasticGradientDescent,iron,240,0.31,modified_huber,200,l1,0.8671458520515124,0.8671458520515124,0.8671458520515124,0.8671458520515124,33.4032163143158,2.9744722671126946,0.15519366264343262,0.005114248765543771
StochasticGradientDescent,iron,240,0.31,modified_huber,200,elasticnet,0.8647199760407307,0.8647199760407307,0.8647199760407307,0.8647199760407307,18.98483395576477,0.8189833239871888,0.1605234146118164,0.021981240110679923
StochasticGradientDescent,iron,240,0.31,modified_huber,300,l2,0.854597184785864,0.854597184785864,0.854597184785864,0.854597184785864,11.65954031944275,1.149971163512155,0.16025886535644532,0.016384469650516424
StochasticGradientDescent,iron,240,0.31,modified_huber,300,l1,0.8675651392632524,0.8675651392632524,0.8675651392632524,0.8675651392632524,34.269759035110475,3.1958249590514805,0.16658501625061034,0.01737622550366428
StochasticGradientDescent,iron,240,0.31,modified_huber,300,elasticnet,0.8640610961365679,0.8640610961365679,0.8640610961365679,0.8640610961365679,17.76397500038147,0.8825408586632946,0.16044535636901855,0.004566105909587723
StochasticGradientDescent,iron,240,0.31,modified_huber,400,l2,0.8632524707996406,0.8632524707996406,0.8632524707996406,0.8632524707996406,10.403877353668213,0.8632456547942882,0.16234264373779297,0.0038016684679239377
StochasticGradientDescent,iron,240,0.31,modified_huber,400,l1,0.8672057502246181,0.8672057502246181,0.8672057502246181,0.8672057502246181,32.933279514312744,3.6527485963841606,0.17269473075866698,0.01649256597865119
StochasticGradientDescent,iron,240,0.31,modified_huber,400,elasticnet,0.8669961066187482,0.8669961066187482,0.8669961066187482,0.8669961066187482,17.422666788101196,0.27721283825590926,0.16153359413146973,0.010810523159168526
StochasticGradientDescent,iron,240,0.31,modified_huber,500,l2,0.862084456424079,0.862084456424079,0.862084456424079,0.862084456424079,10.601352977752686,0.5540621207896772,0.1633277416229248,0.01182465430440637
StochasticGradientDescent,iron,240,0.31,modified_huber,500,l1,0.8680742737346512,0.8680742737346512,0.8680742737346512,0.8680742737346512,33.51017217636108,2.4898016986311937,0.16209764480590821,0.013468537556127445
StochasticGradientDescent,iron,240,0.31,modified_huber,500,elasticnet,0.87130877508236,0.87130877508236,0.87130877508236,0.87130877508236,18.64077482223511,1.0122000989683195,0.1659332275390625,0.008860013295408304
StochasticGradientDescent,iron,240,0.31,modified_huber,600,l2,0.8619047619047621,0.8619047619047621,0.8619047619047621,0.8619047619047621,11.289440155029297,0.8291159526772915,0.1518406867980957,0.0070919874816756
StochasticGradientDescent,iron,240,0.31,modified_huber,600,l1,0.8688230008984725,0.8688230008984725,0.8688230008984725,0.8688230008984725,32.91901211738586,2.5606451757211315,0.15596256256103516,0.002973792773722854
StochasticGradientDescent,iron,240,0.31,modified_huber,600,elasticnet,0.8633423180592992,0.8633423180592992,0.8633423180592992,0.8633423180592992,17.800267362594603,1.078828483891492,0.15730628967285157,0.006046133378794529
StochasticGradientDescent,iron,240,0.31,modified_huber,700,l2,0.8548966756513927,0.8548966756513927,0.8548966756513927,0.8548966756513927,10.78695731163025,0.6425874023054461,0.15127077102661132,0.005205837162083139
StochasticGradientDescent,iron,240,0.31,modified_huber,700,l1,0.8707996406109613,0.8707996406109613,0.8707996406109613,0.8707996406109613,31.842626667022706,2.357155993909363,0.16208395957946778,0.011765488428377381
StochasticGradientDescent,iron,240,0.31,modified_huber,700,elasticnet,0.8727163821503444,0.8727163821503444,0.8727163821503444,0.8727163821503444,18.151454496383668,1.3486750324598218,0.1599186420440674,0.009173693615816039
StochasticGradientDescent,iron,240,0.31,modified_huber,800,l2,0.8681042228212039,0.8681042228212039,0.8681042228212039,0.8681042228212039,11.056542301177979,0.5142163538557921,0.16905288696289061,0.01727640123551489
StochasticGradientDescent,iron,240,0.31,modified_huber,800,l1,0.8684037136867324,0.8684037136867324,0.8684037136867324,0.8684037136867324,34.49972462654114,1.616184828863495,0.16903209686279297,0.021242876974903107
StochasticGradientDescent,iron,240,0.31,modified_huber,800,elasticnet,0.8677148846960169,0.8677148846960169,0.8677148846960169,0.8677148846960169,18.684180450439452,0.9078811116365418,0.1633521556854248,0.009402323070844383
StochasticGradientDescent,iron,240,0.31,modified_huber,900,l2,0.859089547768793,0.859089547768793,0.859089547768793,0.859089547768793,11.114307355880737,0.6034509810412599,0.1696073055267334,0.02154683371234013
StochasticGradientDescent,iron,240,0.31,modified_huber,900,l1,0.8625935908954776,0.8625935908954776,0.8625935908954776,0.8625935908954776,33.73748631477356,1.8508391195332954,0.17268104553222657,0.03594376162946426
StochasticGradientDescent,iron,240,0.31,modified_huber,900,elasticnet,0.8681042228212039,0.8681042228212039,0.8681042228212039,0.8681042228212039,18.45186710357666,0.09886985775058382,0.17906155586242675,0.016351343532667605
StochasticGradientDescent,iron,240,0.31,modified_huber,1000,l2,0.8675950883498054,0.8675950883498054,0.8675950883498054,0.8675950883498054,10.934812116622926,0.3189606751441169,0.16198935508728027,0.016190227938404158
StochasticGradientDescent,iron,240,0.31,modified_huber,1000,l1,0.8685235100329439,0.8685235100329439,0.8685235100329439,0.8685235100329439,33.83571219444275,2.4669828147138477,0.16812286376953126,0.016867946165343758
StochasticGradientDescent,iron,240,0.31,modified_huber,1000,elasticnet,0.8696915244085055,0.8696915244085055,0.8696915244085055,0.8696915244085055,19.021159172058105,0.5639821488740085,0.16198039054870605,0.011638401283612574
StochasticGradientDescent,iron,240,0.31,squared_hinge,100,l2,0.8236298292902067,0.8236298292902067,0.8236298292902067,0.8236298292902067,13.934038591384887,0.3580648717184417,0.17087879180908203,0.02600301690815413
StochasticGradientDescent,iron,240,0.31,squared_hinge,100,l1,0.860137765798143,0.860137765798143,0.860137765798143,0.860137765798143,33.15827460289002,2.856030740150173,0.1868206024169922,0.020854864556522548
StochasticGradientDescent,iron,240,0.31,squared_hinge,100,elasticnet,0.8165618448637316,0.8165618448637316,0.8165618448637316,0.8165618448637316,24.792241191864015,1.0603053672497988,0.18142380714416503,0.02022975114093644
StochasticGradientDescent,iron,240,0.31,squared_hinge,200,l2,0.7932015573525006,0.7932015573525006,0.7932015573525006,0.7932015573525006,23.049825429916382,0.41957447894447375,0.1853936195373535,0.03358665691537772
StochasticGradientDescent,iron,240,0.31,squared_hinge,200,l1,0.8604672057502247,0.8604672057502247,0.8604672057502247,0.8604672057502247,45.22515602111817,2.2633020748424673,0.16781177520751953,0.01885670283194678
StochasticGradientDescent,iron,240,0.31,squared_hinge,200,elasticnet,0.8008086253369271,0.8008086253369271,0.8008086253369271,0.8008086253369271,42.070056438446045,1.357498594986043,0.175626802444458,0.01625223878737659
StochasticGradientDescent,iron,240,0.31,squared_hinge,300,l2,0.794429469901168,0.794429469901168,0.794429469901168,0.794429469901168,30.896694946289063,1.5625739445898428,0.1839285373687744,0.04072401683757007
StochasticGradientDescent,iron,240,0.31,squared_hinge,300,l1,0.8579814315663372,0.8579814315663372,0.8579814315663372,0.8579814315663372,59.946252489089964,3.177001446548995,0.16298608779907225,0.0057882526444717804
StochasticGradientDescent,iron,240,0.31,squared_hinge,300,elasticnet,0.8146750524109014,0.8146750524109014,0.8146750524109014,0.8146750524109014,52.909354543685915,6.180517480478403,0.18524584770202637,0.03917488673994405
StochasticGradientDescent,iron,240,0.31,squared_hinge,400,l2,0.7844264749925127,0.7844264749925127,0.7844264749925127,0.7844264749925127,36.86394534111023,3.557474186272946,0.16727213859558104,0.01881639104684344
StochasticGradientDescent,iron,240,0.31,squared_hinge,400,l1,0.8598981731057203,0.8598981731057203,0.8598981731057203,0.8598981731057203,75.51498522758484,12.88260281346615,0.17212295532226562,0.016360297804141614
StochasticGradientDescent,iron,240,0.31,squared_hinge,400,elasticnet,0.8356094639113507,0.8356094639113507,0.8356094639113507,0.8356094639113507,57.99699063301087,9.008873736942592,0.15789852142333985,0.01344557530811106
StochasticGradientDescent,iron,240,0.31,squared_hinge,500,l2,0.8115603474094041,0.8115603474094041,0.8115603474094041,0.8115603474094041,37.60754208564758,3.7191749337029116,0.15900349617004395,0.010037010683925955
StochasticGradientDescent,iron,240,0.31,squared_hinge,500,l1,0.8594489368074274,0.8594489368074274,0.8594489368074274,0.8594489368074274,58.665824842453006,5.706165857267007,0.16039566993713378,0.010095820042262447
StochasticGradientDescent,iron,240,0.31,squared_hinge,500,elasticnet,0.802336028751123,0.802336028751123,0.802336028751123,0.802336028751123,63.131042337417604,11.727694945253337,0.15473790168762208,0.00885531500652307
StochasticGradientDescent,iron,240,0.31,squared_hinge,600,l2,0.7988319856244385,0.7988319856244385,0.7988319856244385,0.7988319856244385,34.47510342597961,4.337700703907093,0.1569523334503174,0.005551210577113404
StochasticGradientDescent,iron,240,0.31,squared_hinge,600,l1,0.8557053009883198,0.8557053009883198,0.8557053009883198,0.8557053009883198,70.21333265304565,11.763411245246132,0.15770163536071777,0.00688840814065369
StochasticGradientDescent,iron,240,0.31,squared_hinge,600,elasticnet,0.8129380053908356,0.8129380053908356,0.8129380053908356,0.8129380053908356,60.31926956176758,6.728017720387239,0.15605263710021972,0.012380459914805832
StochasticGradientDescent,iron,240,0.31,squared_hinge,700,l2,0.8031746031746032,0.8031746031746032,0.8031746031746032,0.8031746031746032,38.06197667121887,3.6858003480542867,0.15916595458984376,0.012405909932335417
StochasticGradientDescent,iron,240,0.31,squared_hinge,700,l1,0.8615154237795746,0.8615154237795746,0.8615154237795746,0.8615154237795746,72.66774034500122,13.64321729914325,0.16682257652282714,0.010143587308666293
StochasticGradientDescent,iron,240,0.31,squared_hinge,700,elasticnet,0.8087451332734352,0.8087451332734352,0.8087451332734352,0.8087451332734352,59.77609052658081,16.890455227836632,0.15979843139648436,0.009952678819110232
StochasticGradientDescent,iron,240,0.31,squared_hinge,800,l2,0.8204851752021562,0.8204851752021562,0.8204851752021562,0.8204851752021562,47.189529943466184,4.57319648754653,0.16559181213378907,0.018135270984646713
StochasticGradientDescent,iron,240,0.31,squared_hinge,800,l1,0.8621144055106319,0.8621144055106319,0.8621144055106319,0.8621144055106319,81.96493258476258,29.586567288354328,0.18650665283203124,0.03080513569425029
StochasticGradientDescent,iron,240,0.31,squared_hinge,800,elasticnet,0.8183288409703504,0.8183288409703504,0.8183288409703504,0.8183288409703504,59.17838640213013,7.487024027251083,0.16243863105773926,0.023886608019323408
StochasticGradientDescent,iron,240,0.31,squared_hinge,900,l2,0.8022761305780174,0.8022761305780174,0.8022761305780174,0.8022761305780174,49.42078137397766,8.037180758509214,0.1564648151397705,0.00966135211131275
StochasticGradientDescent,iron,240,0.31,squared_hinge,900,l1,0.8614255765199161,0.8614255765199161,0.8614255765199161,0.8614255765199161,84.63572101593017,33.06363352551458,0.15727272033691406,0.011705905688833741
StochasticGradientDescent,iron,240,0.31,squared_hinge,900,elasticnet,0.8192572626534892,0.8192572626534892,0.8192572626534892,0.8192572626534892,57.266522598266604,6.019369658299374,0.16999034881591796,0.0133132159275582
StochasticGradientDescent,iron,240,0.31,squared_hinge,1000,l2,0.7977238694219826,0.7977238694219826,0.7977238694219826,0.7977238694219826,34.350608348846436,4.717594484974928,0.1506969451904297,0.006160328225978629
StochasticGradientDescent,iron,240,0.31,squared_hinge,1000,l1,0.8584007187780772,0.8584007187780772,0.8584007187780772,0.8584007187780772,71.82536849975585,27.929319055672618,0.16075410842895507,0.01625486105256571
StochasticGradientDescent,iron,240,0.31,squared_hinge,1000,elasticnet,0.8103623839472898,0.8103623839472898,0.8103623839472898,0.8103623839472898,66.56492114067078,8.216949578319687,0.1628037452697754,0.012384367776309285
StochasticGradientDescent,iron,240,0.31,perceptron,100,l2,0.8556154537286613,0.8556154537286613,0.8556154537286613,0.8556154537286613,4.636914443969727,0.07268994856750219,0.1657866954803467,0.013796626389307535
StochasticGradientDescent,iron,240,0.31,perceptron,100,l1,0.8394129979035639,0.8394129979035639,0.8394129979035639,0.8394129979035639,7.135519933700562,0.21959185900246528,0.1427579402923584,0.0038683911509913315
StochasticGradientDescent,iron,240,0.31,perceptron,100,elasticnet,0.8602276130578017,0.8602276130578017,0.8602276130578017,0.8602276130578017,6.831995296478271,0.13077977896309073,0.15544281005859376,0.01296939815509206
StochasticGradientDescent,iron,240,0.31,perceptron,200,l2,0.8087451332734352,0.8087451332734352,0.8087451332734352,0.8087451332734352,4.442526912689209,0.1699375188226566,0.15985655784606934,0.015802879958072724
StochasticGradientDescent,iron,240,0.31,perceptron,200,l1,0.8566337226714584,0.8566337226714584,0.8566337226714584,0.8566337226714584,7.630743980407715,0.29464532438958857,0.17088170051574708,0.02810444851810982
StochasticGradientDescent,iron,240,0.31,perceptron,200,elasticnet,0.8185384845762205,0.8185384845762205,0.8185384845762205,0.8185384845762205,7.446598863601684,0.35157565055617934,0.1656440258026123,0.012250305795099179
StochasticGradientDescent,iron,240,0.31,perceptron,300,l2,0.8368972746331238,0.8368972746331238,0.8368972746331238,0.8368972746331238,4.820210647583008,0.2693030061581148,0.1668463706970215,0.014214554602836202
StochasticGradientDescent,iron,240,0.31,perceptron,300,l1,0.850524109014675,0.850524109014675,0.850524109014675,0.850524109014675,7.697968196868897,0.3886079609442896,0.16897478103637695,0.020733095269060104
StochasticGradientDescent,iron,240,0.31,perceptron,300,elasticnet,0.8542377957472297,0.8542377957472297,0.8542377957472297,0.8542377957472297,7.67556414604187,0.3143631475818732,0.1727013111114502,0.010537017155250896
StochasticGradientDescent,iron,240,0.31,perceptron,400,l2,0.8319257262653489,0.8319257262653489,0.8319257262653489,0.8319257262653489,5.472651052474975,0.25346767699657463,0.17610158920288085,0.026553385384472137
StochasticGradientDescent,iron,240,0.31,perceptron,400,l1,0.8517520215633423,0.8517520215633423,0.8517520215633423,0.8517520215633423,8.499811553955078,0.18225944952651246,0.16891536712646485,0.01867168051381155
StochasticGradientDescent,iron,240,0.31,perceptron,400,elasticnet,0.8555555555555557,0.8555555555555557,0.8555555555555557,0.8555555555555557,7.949264335632324,0.23118513459998055,0.15754461288452148,0.013697006763536693
StochasticGradientDescent,iron,240,0.31,perceptron,500,l2,0.8027253668763101,0.8027253668763101,0.8027253668763101,0.8027253668763101,4.966488981246949,0.20196731028809198,0.16741595268249512,0.010979312770164324
StochasticGradientDescent,iron,240,0.31,perceptron,500,l1,0.8551961665169212,0.8551961665169212,0.8551961665169212,0.8551961665169212,8.629363441467286,0.518421486130597,0.17833476066589354,0.012630913538662955
StochasticGradientDescent,iron,240,0.31,perceptron,500,elasticnet,0.839173405211141,0.839173405211141,0.839173405211141,0.839173405211141,8.030607652664184,0.23714914847051563,0.17464094161987304,0.010371397234191298
StochasticGradientDescent,iron,240,0.31,perceptron,600,l2,0.8314465408805031,0.8314465408805031,0.8314465408805031,0.8314465408805031,5.152586174011231,0.17620056353587546,0.16651625633239747,0.013193904242858694
StochasticGradientDescent,iron,240,0.31,perceptron,600,l1,0.8544174902665468,0.8544174902665468,0.8544174902665468,0.8544174902665468,8.27806715965271,0.333440016562195,0.16953516006469727,0.013380246617254636
StochasticGradientDescent,iron,240,0.31,perceptron,600,elasticnet,0.8306379155435758,0.8306379155435758,0.8306379155435758,0.8306379155435758,8.15596671104431,0.3015916588776318,0.16915268898010255,0.02986299109605646
StochasticGradientDescent,iron,240,0.31,perceptron,700,l2,0.8378855944893682,0.8378855944893682,0.8378855944893682,0.8378855944893682,5.350815486907959,0.25629124878343623,0.16823744773864746,0.01190919735140372
StochasticGradientDescent,iron,240,0.31,perceptron,700,l1,0.8440251572327044,0.8440251572327044,0.8440251572327044,0.8440251572327044,8.125073528289795,0.6983588204723576,0.16270785331726073,0.009856730727925266
StochasticGradientDescent,iron,240,0.31,perceptron,700,elasticnet,0.8170110811620246,0.8170110811620246,0.8170110811620246,0.8170110811620246,8.240787649154663,0.19465128875463128,0.15105395317077636,0.010041776022501976
StochasticGradientDescent,iron,240,0.31,perceptron,800,l2,0.8234501347708895,0.8234501347708895,0.8234501347708895,0.8234501347708895,5.532246780395508,0.2294707555560599,0.18919458389282226,0.013952376886458145
StochasticGradientDescent,iron,240,0.31,perceptron,800,l1,0.8488469601677149,0.8488469601677149,0.8488469601677149,0.8488469601677149,8.595114994049073,0.3124726162286871,0.16740527153015136,0.012003677222468853
StochasticGradientDescent,iron,240,0.31,perceptron,800,elasticnet,0.8403414195867027,0.8403414195867027,0.8403414195867027,0.8403414195867027,7.742150783538818,0.1191585550482496,0.16461830139160155,0.010297988746134537
StochasticGradientDescent,iron,240,0.31,perceptron,900,l2,0.8496555855046422,0.8496555855046422,0.8496555855046422,0.8496555855046422,5.394385433197021,0.2192931819177615,0.16130146980285645,0.00872479260177248
StochasticGradientDescent,iron,240,0.31,perceptron,900,l1,0.8602875112309073,0.8602875112309073,0.8602875112309073,0.8602875112309073,8.369789457321167,0.5014201405237108,0.162068510055542,0.013184623514200739
StochasticGradientDescent,iron,240,0.31,perceptron,900,elasticnet,0.8233902365977837,0.8233902365977837,0.8233902365977837,0.8233902365977837,8.151046419143677,0.3860283145234301,0.15568885803222657,0.009826765498796543
StochasticGradientDescent,iron,240,0.31,perceptron,1000,l2,0.8491464510332435,0.8491464510332435,0.8491464510332435,0.8491464510332435,5.526915693283081,0.3227060499710087,0.17777929306030274,0.013824150854649938
StochasticGradientDescent,iron,240,0.31,perceptron,1000,l1,0.8583408206049716,0.8583408206049716,0.8583408206049716,0.8583408206049716,8.813451433181763,0.45597704928667204,0.1623246669769287,0.014318283191075327
StochasticGradientDescent,iron,240,0.31,perceptron,1000,elasticnet,0.8358490566037735,0.8358490566037735,0.8358490566037735,0.8358490566037735,8.137635517120362,0.2295082914193514,0.17227592468261718,0.013481041913168542
StochasticGradientDescent,iron,240,0.41,hinge,100,l2,0.8323450134770889,0.8323450134770889,0.8323450134770889,0.8323450134770889,7.313266277313232,0.5100262505110486,0.1689354419708252,0.017744205739259382
StochasticGradientDescent,iron,240,0.41,hinge,100,l1,0.8634920634920634,0.8634920634920634,0.8634920634920634,0.8634920634920634,10.01541862487793,0.4519272121277302,0.15744304656982422,0.007835137478790619
StochasticGradientDescent,iron,240,0.41,hinge,100,elasticnet,0.8454327643006888,0.8454327643006888,0.8454327643006888,0.8454327643006888,11.401798486709595,0.9836712224702908,0.16204137802124025,0.008160355162912043
StochasticGradientDescent,iron,240,0.41,hinge,200,l2,0.8371069182389939,0.8371069182389939,0.8371069182389939,0.8371069182389939,7.240792512893677,0.31214193847434435,0.17551631927490235,0.02034244454976791
StochasticGradientDescent,iron,240,0.41,hinge,200,l1,0.8636118598382749,0.8636118598382749,0.8636118598382749,0.8636118598382749,9.439695119857788,0.6918812588365553,0.16747312545776366,0.017288286018043015
StochasticGradientDescent,iron,240,0.41,hinge,200,elasticnet,0.8434261755016472,0.8434261755016472,0.8434261755016472,0.8434261755016472,11.233738613128661,0.5616418639565827,0.1676318645477295,0.017709624229024837
StochasticGradientDescent,iron,240,0.41,hinge,300,l2,0.8430068882899071,0.8430068882899071,0.8430068882899071,0.8430068882899071,6.68047604560852,0.5509860068868183,0.1639862060546875,0.015119499125932842
StochasticGradientDescent,iron,240,0.41,hinge,300,l1,0.8604372566636718,0.8604372566636718,0.8604372566636718,0.8604372566636718,10.031777381896973,0.7765274774373652,0.17649917602539061,0.01245140114387187
StochasticGradientDescent,iron,240,0.41,hinge,300,elasticnet,0.8469302186283318,0.8469302186283318,0.8469302186283318,0.8469302186283318,11.147393703460693,0.8183866906350902,0.16983137130737305,0.01404931676960673
StochasticGradientDescent,iron,240,0.41,hinge,400,l2,0.835519616651692,0.835519616651692,0.835519616651692,0.835519616651692,6.941029787063599,0.5096859085480133,0.17629237174987794,0.021188254089393503
StochasticGradientDescent,iron,240,0.41,hinge,400,l1,0.864899670560048,0.864899670560048,0.864899670560048,0.864899670560048,10.520595788955688,0.7070690533946483,0.16743121147155762,0.018360303296457724
StochasticGradientDescent,iron,240,0.41,hinge,400,elasticnet,0.8531596286313267,0.8531596286313267,0.8531596286313267,0.8531596286313267,10.659047651290894,0.5654269090152702,0.16466326713562013,0.009160810052377774
StochasticGradientDescent,iron,240,0.41,hinge,500,l2,0.8335729260257562,0.8335729260257562,0.8335729260257562,0.8335729260257562,6.9543616771698,0.2871148503180571,0.17660870552062988,0.02197050007584349
StochasticGradientDescent,iron,240,0.41,hinge,500,l1,0.8656783468104223,0.8656783468104223,0.8656783468104223,0.8656783468104223,10.375433969497681,0.8602259133051686,0.17881374359130858,0.030385509938324482
StochasticGradientDescent,iron,240,0.41,hinge,500,elasticnet,0.8392632524707997,0.8392632524707997,0.8392632524707997,0.8392632524707997,11.112351655960083,0.8679625748140143,0.1698610305786133,0.015387132573633194
StochasticGradientDescent,iron,240,0.41,hinge,600,l2,0.8385744234800839,0.8385744234800839,0.8385744234800839,0.8385744234800839,6.846914196014405,0.15237123616880194,0.19400434494018554,0.03550739853949972
StochasticGradientDescent,iron,240,0.41,hinge,600,l1,0.8628930817610063,0.8628930817610063,0.8628930817610063,0.8628930817610063,10.381324529647827,0.22700232855933963,0.15920095443725585,0.015052900021080055
StochasticGradientDescent,iron,240,0.41,hinge,600,elasticnet,0.8338424678047321,0.8338424678047321,0.8338424678047321,0.8338424678047321,11.126143312454223,0.41090449835695286,0.16208672523498535,0.012527050311512111
StochasticGradientDescent,iron,240,0.41,hinge,700,l2,0.8322252171308776,0.8322252171308776,0.8322252171308776,0.8322252171308776,7.107365226745605,0.2947489785317381,0.15976943969726562,0.012460376151191109
StochasticGradientDescent,iron,240,0.41,hinge,700,l1,0.8637616052710392,0.8637616052710392,0.8637616052710392,0.8637616052710392,10.562109804153442,0.5863514491120551,0.1627358913421631,0.012670390683358367
StochasticGradientDescent,iron,240,0.41,hinge,700,elasticnet,0.8432165318957772,0.8432165318957772,0.8432165318957772,0.8432165318957772,11.533492708206177,0.6040496934885118,0.15803771018981932,0.00854531147347542
StochasticGradientDescent,iron,240,0.41,hinge,800,l2,0.8399520814615155,0.8399520814615155,0.8399520814615155,0.8399520814615155,7.1264575004577635,0.12376293077795537,0.15329041481018066,0.00610026767224335
StochasticGradientDescent,iron,240,0.41,hinge,800,l1,0.8639113507038034,0.8639113507038034,0.8639113507038034,0.8639113507038034,9.879752969741821,0.68442391949419,0.1670527458190918,0.01635133318098987
StochasticGradientDescent,iron,240,0.41,hinge,800,elasticnet,0.840910452231207,0.840910452231207,0.840910452231207,0.840910452231207,10.861132144927979,0.7045508206521452,0.16215200424194337,0.007919392397569582
StochasticGradientDescent,iron,240,0.41,hinge,900,l2,0.8356693620844563,0.8356693620844563,0.8356693620844563,0.8356693620844563,6.809648084640503,0.41045420873743027,0.16090898513793944,0.005697504055251593
StochasticGradientDescent,iron,240,0.41,hinge,900,l1,0.8650793650793652,0.8650793650793652,0.8650793650793652,0.8650793650793652,9.84330472946167,0.3922118796280449,0.18688626289367677,0.04512548824945566
StochasticGradientDescent,iron,240,0.41,hinge,900,elasticnet,0.849895178197065,0.849895178197065,0.849895178197065,0.849895178197065,11.56321382522583,1.2181823078768068,0.17585721015930175,0.014343940022274519
StochasticGradientDescent,iron,240,0.41,hinge,1000,l2,0.8157532195268044,0.8157532195268044,0.8157532195268044,0.8157532195268044,7.0615497589111325,0.2639809244123787,0.18291454315185546,0.03854039646540171
StochasticGradientDescent,iron,240,0.41,hinge,1000,l1,0.8607367475292003,0.8607367475292003,0.8607367475292003,0.8607367475292003,11.281467485427857,0.8780948965760238,0.18444137573242186,0.024756516428593046
StochasticGradientDescent,iron,240,0.41,hinge,1000,elasticnet,0.8371668164120993,0.8371668164120993,0.8371668164120993,0.8371668164120993,12.774202728271485,0.34843622851482076,0.17840194702148438,0.0132079719286441
StochasticGradientDescent,iron,240,0.41,log,100,l2,,,,,0.1111722469329834,0.012392006832451148,0.0,0.0
StochasticGradientDescent,iron,240,0.41,log,100,l1,,,,,0.11274571418762207,0.013425222372700904,0.0,0.0
StochasticGradientDescent,iron,240,0.41,log,100,elasticnet,,,,,0.11244902610778809,0.014218734058492662,0.0,0.0
StochasticGradientDescent,iron,240,0.41,log,200,l2,,,,,0.10033950805664063,0.002740670532263696,0.0,0.0
StochasticGradientDescent,iron,240,0.41,log,200,l1,,,,,0.12340083122253417,0.011758804642854425,0.0,0.0
StochasticGradientDescent,iron,240,0.41,log,200,elasticnet,,,,,0.11902036666870117,0.013470988047916884,0.0,0.0
StochasticGradientDescent,iron,240,0.41,log,300,l2,,,,,0.11687026023864747,0.0075161074911926345,0.0,0.0
StochasticGradientDescent,iron,240,0.41,log,300,l1,,,,,0.11931414604187011,0.011199616127653031,0.0,0.0
StochasticGradientDescent,iron,240,0.41,log,300,elasticnet,,,,,0.11438746452331543,0.011168201231694035,0.0,0.0
StochasticGradientDescent,iron,240,0.41,log,400,l2,,,,,0.12199411392211915,0.018585237607771848,0.0,0.0
StochasticGradientDescent,iron,240,0.41,log,400,l1,,,,,0.1189089298248291,0.009439833073586468,0.0,0.0
StochasticGradientDescent,iron,240,0.41,log,400,elasticnet,,,,,0.14796552658081055,0.03796623319315509,0.0,0.0
StochasticGradientDescent,iron,240,0.41,log,500,l2,,,,,0.12453904151916503,0.010803883411619784,0.0,0.0
StochasticGradientDescent,iron,240,0.41,log,500,l1,,,,,0.1277834415435791,0.015562594116585376,0.0,0.0
StochasticGradientDescent,iron,240,0.41,log,500,elasticnet,,,,,0.1409533977508545,0.011641240069713095,0.0,0.0
StochasticGradientDescent,iron,240,0.41,log,600,l2,,,,,0.13001532554626466,0.016228901905012576,0.0,0.0
StochasticGradientDescent,iron,240,0.41,log,600,l1,,,,,0.1407471179962158,0.0101997410841333,0.0,0.0
StochasticGradientDescent,iron,240,0.41,log,600,elasticnet,,,,,0.13608274459838868,0.014243431285666255,0.0,0.0
StochasticGradientDescent,iron,240,0.41,log,700,l2,,,,,0.12837939262390136,0.009190820434649527,0.0,0.0
StochasticGradientDescent,iron,240,0.41,log,700,l1,,,,,0.12053985595703125,0.006790083278654369,0.0,0.0
StochasticGradientDescent,iron,240,0.41,log,700,elasticnet,,,,,0.1328989028930664,0.015079018236491729,0.0,0.0
StochasticGradientDescent,iron,240,0.41,log,800,l2,,,,,0.12036104202270508,0.00949649000778524,0.0,0.0
StochasticGradientDescent,iron,240,0.41,log,800,l1,,,,,0.1343022346496582,0.02125821312351904,0.0,0.0
StochasticGradientDescent,iron,240,0.41,log,800,elasticnet,,,,,0.14434800148010254,0.02285023256211501,0.0,0.0
StochasticGradientDescent,iron,240,0.41,log,900,l2,,,,,0.12801313400268555,0.013594535353498626,0.0,0.0
StochasticGradientDescent,iron,240,0.41,log,900,l1,,,,,0.13535833358764648,0.010135178060088767,0.0,0.0
StochasticGradientDescent,iron,240,0.41,log,900,elasticnet,,,,,0.13011484146118163,0.014416300834545604,0.0,0.0
StochasticGradientDescent,iron,240,0.41,log,1000,l2,,,,,0.14105625152587892,0.013979908514253393,0.0,0.0
StochasticGradientDescent,iron,240,0.41,log,1000,l1,,,,,0.14805936813354492,0.014018694301485474,0.0,0.0
StochasticGradientDescent,iron,240,0.41,log,1000,elasticnet,,,,,0.13855810165405275,0.012834971356197657,0.0,0.0
StochasticGradientDescent,iron,240,0.41,modified_huber,100,l2,0.8674453429170409,0.8674453429170409,0.8674453429170409,0.8674453429170409,12.103273630142212,0.40646446261554114,0.17489891052246093,0.0175739406435706
StochasticGradientDescent,iron,240,0.41,modified_huber,100,l1,0.8667265648397724,0.8667265648397724,0.8667265648397724,0.8667265648397724,25.891480445861816,0.8798073393488812,0.16392922401428223,0.012495400960107688
StochasticGradientDescent,iron,240,0.41,modified_huber,100,elasticnet,0.8684636118598383,0.8684636118598383,0.8684636118598383,0.8684636118598383,18.66442766189575,0.4979102569084414,0.15490336418151857,0.008109392431234557
StochasticGradientDescent,iron,240,0.41,modified_huber,200,l2,0.8649895178197065,0.8649895178197065,0.8649895178197065,0.8649895178197065,11.262784814834594,0.568482307892807,0.15529289245605468,0.0074692866198161146
StochasticGradientDescent,iron,240,0.41,modified_huber,200,l1,0.8696915244085055,0.8696915244085055,0.8696915244085055,0.8696915244085055,30.328687620162963,2.611200143567396,0.15903725624084472,0.010562414665327648
StochasticGradientDescent,iron,240,0.41,modified_huber,200,elasticnet,0.8634920634920634,0.8634920634920634,0.8634920634920634,0.8634920634920634,18.777567911148072,0.4797902483590716,0.15933613777160643,0.010983921081017404
StochasticGradientDescent,iron,240,0.41,modified_huber,300,l2,0.8643905360886495,0.8643905360886495,0.8643905360886495,0.8643905360886495,11.584086370468139,0.6743646703361794,0.16453585624694825,0.011381438038321135
StochasticGradientDescent,iron,240,0.41,modified_huber,300,l1,0.8660077867625038,0.8660077867625038,0.8660077867625038,0.8660077867625038,31.508117628097533,1.627796157619558,0.15441508293151857,0.007710281174851871
StochasticGradientDescent,iron,240,0.41,modified_huber,300,elasticnet,0.8486972147349506,0.8486972147349506,0.8486972147349506,0.8486972147349506,17.03736791610718,0.6594515844320558,0.15657353401184082,0.009496047924567468
StochasticGradientDescent,iron,240,0.41,modified_huber,400,l2,0.859089547768793,0.859089547768793,0.859089547768793,0.859089547768793,11.085729742050171,0.4222858032845854,0.1699366092681885,0.015426936006801574
StochasticGradientDescent,iron,240,0.41,modified_huber,400,l1,0.8680742737346512,0.8680742737346512,0.8680742737346512,0.8680742737346512,32.5435287475586,3.535356596411636,0.157401180267334,0.011859406998336318
StochasticGradientDescent,iron,240,0.41,modified_huber,400,elasticnet,0.8658580413297393,0.8658580413297393,0.8658580413297393,0.8658580413297393,18.46017231941223,0.9112336386098512,0.16127524375915528,0.006074098887572079
StochasticGradientDescent,iron,240,0.41,modified_huber,500,l2,0.8679844264749924,0.8679844264749924,0.8679844264749924,0.8679844264749924,11.100543022155762,0.6342696305052212,0.16175436973571777,0.009291491903094966
StochasticGradientDescent,iron,240,0.41,modified_huber,500,l1,0.8672656483977239,0.8672656483977239,0.8672656483977239,0.8672656483977239,32.78738894462585,2.981907571773458,0.15841898918151856,0.008527560982936467
StochasticGradientDescent,iron,240,0.41,modified_huber,500,elasticnet,0.8631626235399821,0.8631626235399821,0.8631626235399821,0.8631626235399821,17.73691487312317,0.4726569982067184,0.1548978328704834,0.007299897093737713
StochasticGradientDescent,iron,240,0.41,modified_huber,600,l2,0.8621743036837376,0.8621743036837376,0.8621743036837376,0.8621743036837376,11.255940103530884,0.2375829719244974,0.1608853816986084,0.0175485179410928
StochasticGradientDescent,iron,240,0.41,modified_huber,600,l1,0.8672356993111711,0.8672356993111711,0.8672356993111711,0.8672356993111711,32.910088014602664,3.7012343858208148,0.16805624961853027,0.020097755353442583
StochasticGradientDescent,iron,240,0.41,modified_huber,600,elasticnet,0.8644204851752022,0.8644204851752022,0.8644204851752022,0.8644204851752022,18.85861382484436,1.0897482994759666,0.17061686515808105,0.014977358922798098
StochasticGradientDescent,iron,240,0.41,modified_huber,700,l2,0.8574423480083858,0.8574423480083858,0.8574423480083858,0.8574423480083858,11.136045122146607,0.7435740702129778,0.17299175262451172,0.029404038111798005
StochasticGradientDescent,iron,240,0.41,modified_huber,700,l1,0.8679544773884397,0.8679544773884397,0.8679544773884397,0.8679544773884397,31.695396614074706,4.440960355452575,0.16198267936706542,0.011134898027297209
StochasticGradientDescent,iron,240,0.41,modified_huber,700,elasticnet,0.87088948787062,0.87088948787062,0.87088948787062,0.87088948787062,17.23628511428833,1.1214082693560683,0.16534523963928222,0.010823094226487865
StochasticGradientDescent,iron,240,0.41,modified_huber,800,l2,0.8669362084456423,0.8669362084456423,0.8669362084456423,0.8669362084456423,10.775813770294189,0.4962221029138828,0.16456184387207032,0.013524434987202705
StochasticGradientDescent,iron,240,0.41,modified_huber,800,l1,0.87047020065888,0.87047020065888,0.87047020065888,0.87047020065888,34.41594386100769,1.6357604444508287,0.15907998085021974,0.007964901593101408
StochasticGradientDescent,iron,240,0.41,modified_huber,800,elasticnet,0.8649296196466008,0.8649296196466008,0.8649296196466008,0.8649296196466008,19.875083684921265,1.4690104444931336,0.15699591636657714,0.008731331622071795
StochasticGradientDescent,iron,240,0.41,modified_huber,900,l2,0.8683438155136269,0.8683438155136269,0.8683438155136269,0.8683438155136269,10.877515125274659,0.3170619578825133,0.15921125411987305,0.009552228549967574
StochasticGradientDescent,iron,240,0.41,modified_huber,900,l1,0.8685534591194968,0.8685534591194968,0.8685534591194968,0.8685534591194968,33.35279998779297,1.2425678423886546,0.1540534019470215,0.006945878967386047
StochasticGradientDescent,iron,240,0.41,modified_huber,900,elasticnet,0.8700808625336928,0.8700808625336928,0.8700808625336928,0.8700808625336928,17.46376700401306,0.8128730176742798,0.15874810218811036,0.009448998701344039
StochasticGradientDescent,iron,240,0.41,modified_huber,1000,l2,0.8634022162324049,0.8634022162324049,0.8634022162324049,0.8634022162324049,10.75297989845276,0.897622775586498,0.16561613082885743,0.011113768190121517
StochasticGradientDescent,iron,240,0.41,modified_huber,1000,l1,0.8725965858041329,0.8725965858041329,0.8725965858041329,0.8725965858041329,36.503222179412845,2.654225019899095,0.1611447811126709,0.014699948025344911
StochasticGradientDescent,iron,240,0.41,modified_huber,1000,elasticnet,0.8698412698412697,0.8698412698412697,0.8698412698412697,0.8698412698412697,17.276763200759888,0.8680154646269227,0.17534284591674804,0.020089856356148253
StochasticGradientDescent,iron,240,0.41,squared_hinge,100,l2,0.7991015274034142,0.7991015274034142,0.7991015274034142,0.7991015274034142,14.509605073928833,1.0207187215643276,0.1786266803741455,0.013556275041301366
StochasticGradientDescent,iron,240,0.41,squared_hinge,100,l1,0.8611260856543875,0.8611260856543875,0.8611260856543875,0.8611260856543875,30.415111827850343,2.6516567277071537,0.1714031219482422,0.009177283113358695
StochasticGradientDescent,iron,240,0.41,squared_hinge,100,elasticnet,0.812848158131177,0.812848158131177,0.812848158131177,0.812848158131177,26.746186637878417,0.9284956161473574,0.18144011497497559,0.014581744195917862
StochasticGradientDescent,iron,240,0.41,squared_hinge,200,l2,0.7840970350404313,0.7840970350404313,0.7840970350404313,0.7840970350404313,24.938409852981568,1.0061836642360027,0.18881983757019044,0.009666369792088809
StochasticGradientDescent,iron,240,0.41,squared_hinge,200,l1,0.861245882000599,0.861245882000599,0.861245882000599,0.861245882000599,52.16570911407471,4.508207762005303,0.16458029747009278,0.015194908786393778
StochasticGradientDescent,iron,240,0.41,squared_hinge,200,elasticnet,0.8220425277029051,0.8220425277029051,0.8220425277029051,0.8220425277029051,43.51861057281494,3.3304005635354956,0.16807632446289061,0.024165655588779544
StochasticGradientDescent,iron,240,0.41,squared_hinge,300,l2,0.798921832884097,0.798921832884097,0.798921832884097,0.798921832884097,32.38561925888062,1.5416534507227686,0.17171688079833985,0.003472264116262424
StochasticGradientDescent,iron,240,0.41,squared_hinge,300,l1,0.855016471997604,0.855016471997604,0.855016471997604,0.855016471997604,61.4327609539032,5.727926979287972,0.16782793998718262,0.014997783071392726
StochasticGradientDescent,iron,240,0.41,squared_hinge,300,elasticnet,0.805151242887092,0.805151242887092,0.805151242887092,0.805151242887092,55.376533555984494,3.955948878966244,0.16524548530578614,0.011591901950212568
StochasticGradientDescent,iron,240,0.41,squared_hinge,400,l2,0.8034141958670261,0.8034141958670261,0.8034141958670261,0.8034141958670261,33.81881647109985,5.1470520516784015,0.15959267616271972,0.015096872324665762
StochasticGradientDescent,iron,240,0.41,squared_hinge,400,l1,0.8615453728661275,0.8615453728661275,0.8615453728661275,0.8615453728661275,63.746672296524046,7.2787821477363845,0.16018404960632324,0.008574019467808948
StochasticGradientDescent,iron,240,0.41,squared_hinge,400,elasticnet,0.8141958670260557,0.8141958670260557,0.8141958670260557,0.8141958670260557,58.90206999778748,5.441807963480057,0.15709857940673827,0.009331889771256404
StochasticGradientDescent,iron,240,0.41,squared_hinge,500,l2,0.7858640311470501,0.7858640311470501,0.7858640311470501,0.7858640311470501,31.938829278945924,4.080940026748504,0.16990580558776855,0.01592026488018832
StochasticGradientDescent,iron,240,0.41,squared_hinge,500,l1,0.8608565438754117,0.8608565438754117,0.8608565438754117,0.8608565438754117,62.90650959014893,4.2451678438723395,0.1719594955444336,0.021225182734420613
StochasticGradientDescent,iron,240,0.41,squared_hinge,500,elasticnet,0.8232404911650194,0.8232404911650194,0.8232404911650194,0.8232404911650194,61.929774618148805,8.158054359714969,0.15419406890869142,0.007900505691391571
StochasticGradientDescent,iron,240,0.41,squared_hinge,600,l2,0.8039532794249775,0.8039532794249775,0.8039532794249775,0.8039532794249775,34.84421281814575,2.069831665194822,0.16832375526428223,0.032053164734124846
StochasticGradientDescent,iron,240,0.41,squared_hinge,600,l1,0.8624438454627134,0.8624438454627134,0.8624438454627134,0.8624438454627134,54.27510766983032,3.032576959706129,0.16449556350708008,0.00560888267253131
StochasticGradientDescent,iron,240,0.41,squared_hinge,600,elasticnet,0.7990416292303084,0.7990416292303084,0.7990416292303084,0.7990416292303084,59.06260690689087,14.169969644118545,0.15976767539978026,0.007389110290338854
StochasticGradientDescent,iron,240,0.41,squared_hinge,700,l2,0.7912249176400119,0.7912249176400119,0.7912249176400119,0.7912249176400119,42.66204500198364,6.710175992306777,0.16135005950927733,0.011816051854317338
StochasticGradientDescent,iron,240,0.41,squared_hinge,700,l1,0.8614854746930218,0.8614854746930218,0.8614854746930218,0.8614854746930218,63.33401818275452,10.693827150798223,0.16805548667907716,0.019111228885174098
StochasticGradientDescent,iron,240,0.41,squared_hinge,700,elasticnet,0.8157532195268044,0.8157532195268044,0.8157532195268044,0.8157532195268044,55.356797504425046,11.626854601455262,0.16500749588012695,0.00975226390554822
StochasticGradientDescent,iron,240,0.41,squared_hinge,800,l2,0.8022162324049116,0.8022162324049116,0.8022162324049116,0.8022162324049116,43.03811845779419,6.759900783722759,0.15519886016845702,0.008379133404073343
StochasticGradientDescent,iron,240,0.41,squared_hinge,800,l1,0.8606469002695418,0.8606469002695418,0.8606469002695418,0.8606469002695418,73.02196664810181,23.601562803293504,0.1608677864074707,0.006781618922234821
StochasticGradientDescent,iron,240,0.41,squared_hinge,800,elasticnet,0.8211740041928721,0.8211740041928721,0.8211740041928721,0.8211740041928721,62.031932306289676,14.388724190007439,0.16096320152282714,0.01600135729802537
StochasticGradientDescent,iron,240,0.41,squared_hinge,900,l2,0.7976939203354296,0.7976939203354296,0.7976939203354296,0.7976939203354296,41.82761754989624,3.8736837100757895,0.16610946655273437,0.0058526328326122725
StochasticGradientDescent,iron,240,0.41,squared_hinge,900,l1,0.860826594788859,0.860826594788859,0.860826594788859,0.860826594788859,63.62390298843384,9.663436350113509,0.15452919006347657,0.012052858060739404
StochasticGradientDescent,iron,240,0.41,squared_hinge,900,elasticnet,0.8208745133273435,0.8208745133273435,0.8208745133273435,0.8208745133273435,61.21558609008789,10.28778646360359,0.1578808307647705,0.008493501227883987
StochasticGradientDescent,iron,240,0.41,squared_hinge,1000,l2,0.8045822102425877,0.8045822102425877,0.8045822102425877,0.8045822102425877,42.09858717918396,8.043523950732395,0.1550138473510742,0.006998432407736154
StochasticGradientDescent,iron,240,0.41,squared_hinge,1000,l1,0.8615154237795746,0.8615154237795746,0.8615154237795746,0.8615154237795746,59.53577818870544,4.6874561344033205,0.16683511734008788,0.011155440448318033
StochasticGradientDescent,iron,240,0.41,squared_hinge,1000,elasticnet,0.8241389637616052,0.8241389637616052,0.8241389637616052,0.8241389637616052,59.0109724521637,6.025686537814103,0.1805206298828125,0.022774075039937496
StochasticGradientDescent,iron,240,0.41,perceptron,100,l2,0.8318059299191376,0.8318059299191376,0.8318059299191376,0.8318059299191376,4.703012943267822,0.1847519457504953,0.15131282806396484,0.007235086693995711
StochasticGradientDescent,iron,240,0.41,perceptron,100,l1,0.8596286313267445,0.8596286313267445,0.8596286313267445,0.8596286313267445,7.444677543640137,0.49501038044462337,0.1621410846710205,0.021744667285857437
StochasticGradientDescent,iron,240,0.41,perceptron,100,elasticnet,0.8363282419886193,0.8363282419886193,0.8363282419886193,0.8363282419886193,7.239020490646363,0.13423849091672185,0.16201424598693848,0.012535609001431122
StochasticGradientDescent,iron,240,0.41,perceptron,200,l2,0.8378256963162622,0.8378256963162622,0.8378256963162622,0.8378256963162622,4.967030334472656,0.4476453739809086,0.15517148971557618,0.003296392124286918
StochasticGradientDescent,iron,240,0.41,perceptron,200,l1,0.8510931416591795,0.8510931416591795,0.8510931416591795,0.8510931416591795,7.622565221786499,0.2577847584810591,0.15189943313598633,0.009205017897538722
StochasticGradientDescent,iron,240,0.41,perceptron,200,elasticnet,0.8600179694519318,0.8600179694519318,0.8600179694519318,0.8600179694519318,7.416006946563721,0.26015061330112094,0.17221503257751464,0.01838506396166993
StochasticGradientDescent,iron,240,0.41,perceptron,300,l2,0.8270140760706799,0.8270140760706799,0.8270140760706799,0.8270140760706799,5.227988624572754,0.3093966581219916,0.16300196647644044,0.020070655918375428
StochasticGradientDescent,iron,240,0.41,perceptron,300,l1,0.8541179994010182,0.8541179994010182,0.8541179994010182,0.8541179994010182,7.593313932418823,0.422810008772525,0.15637850761413574,0.005155676057418458
StochasticGradientDescent,iron,240,0.41,perceptron,300,elasticnet,0.8422581611260856,0.8422581611260856,0.8422581611260856,0.8422581611260856,7.261002779006958,0.31581570617560906,0.16747031211853028,0.006863718415657942
StochasticGradientDescent,iron,240,0.41,perceptron,400,l2,0.7979634621144055,0.7979634621144055,0.7979634621144055,0.7979634621144055,5.079143524169922,0.3471050235754967,0.15876479148864747,0.011754585395838804
StochasticGradientDescent,iron,240,0.41,perceptron,400,l1,0.8543575920934412,0.8543575920934412,0.8543575920934412,0.8543575920934412,8.574580860137939,0.32045974806048144,0.18327751159667968,0.01684441582240236
StochasticGradientDescent,iron,240,0.41,perceptron,400,elasticnet,0.8519017669961066,0.8519017669961066,0.8519017669961066,0.8519017669961066,7.798198270797729,0.2773323852047843,0.16446976661682128,0.011936421205193296
StochasticGradientDescent,iron,240,0.41,perceptron,500,l2,0.8096735549565739,0.8096735549565739,0.8096735549565739,0.8096735549565739,5.439559650421143,0.22920178591532814,0.1807544708251953,0.017613692450490374
StochasticGradientDescent,iron,240,0.41,perceptron,500,l1,0.8530697813716683,0.8530697813716683,0.8530697813716683,0.8530697813716683,8.751525259017944,0.30041447675213184,0.18026905059814452,0.03528753460933221
StochasticGradientDescent,iron,240,0.41,perceptron,500,elasticnet,0.8525905959868224,0.8525905959868224,0.8525905959868224,0.8525905959868224,8.34342427253723,0.16706712881271288,0.17584643363952637,0.023630745330959765
StochasticGradientDescent,iron,240,0.41,perceptron,600,l2,0.8551662174303682,0.8551662174303682,0.8551662174303682,0.8551662174303682,5.488077116012573,0.22862408829629072,0.16183795928955078,0.011696858017793986
StochasticGradientDescent,iron,240,0.41,perceptron,600,l1,0.8645402815214135,0.8645402815214135,0.8645402815214135,0.8645402815214135,8.36549425125122,0.30108555338405796,0.16593461036682128,0.018220638520252807
StochasticGradientDescent,iron,240,0.41,perceptron,600,elasticnet,0.8441749026654687,0.8441749026654687,0.8441749026654687,0.8441749026654687,8.026098680496215,0.38394177335673213,0.15961027145385742,0.005634625102860486
StochasticGradientDescent,iron,240,0.41,perceptron,700,l2,0.8483977238694219,0.8483977238694219,0.8483977238694219,0.8483977238694219,5.447264814376831,0.23044173983886163,0.1580991268157959,0.01272340123436401
StochasticGradientDescent,iron,240,0.41,perceptron,700,l1,0.8546271338724167,0.8546271338724167,0.8546271338724167,0.8546271338724167,8.310854530334472,0.4256985746224877,0.1628565311431885,0.012658563924880822
StochasticGradientDescent,iron,240,0.41,perceptron,700,elasticnet,0.8267445342917041,0.8267445342917041,0.8267445342917041,0.8267445342917041,8.047401809692383,0.5341636674174804,0.16267004013061523,0.015902999286325874
StochasticGradientDescent,iron,240,0.41,perceptron,800,l2,0.8362084456424078,0.8362084456424078,0.8362084456424078,0.8362084456424078,5.39632625579834,0.1743465753521632,0.15231642723083497,0.004472790749217912
StochasticGradientDescent,iron,240,0.41,perceptron,800,l1,0.8542377957472297,0.8542377957472297,0.8542377957472297,0.8542377957472297,8.331039953231812,0.4128380078581692,0.18794989585876465,0.01536176951329718
StochasticGradientDescent,iron,240,0.41,perceptron,800,elasticnet,0.8253369272237198,0.8253369272237198,0.8253369272237198,0.8253369272237198,7.863483524322509,0.2550590476805935,0.16900501251220704,0.018931968620011272
StochasticGradientDescent,iron,240,0.41,perceptron,900,l2,0.8491165019466906,0.8491165019466906,0.8491165019466906,0.8491165019466906,5.3375804901123045,0.1649012862309987,0.15717172622680664,0.00873432673898201
StochasticGradientDescent,iron,240,0.41,perceptron,900,l1,0.8478885893980234,0.8478885893980234,0.8478885893980234,0.8478885893980234,9.021764516830444,0.6329408612854767,0.1797919750213623,0.015428385949657978
StochasticGradientDescent,iron,240,0.41,perceptron,900,elasticnet,0.8438754117999402,0.8438754117999402,0.8438754117999402,0.8438754117999402,8.205159282684326,0.2508368853529307,0.15860247611999512,0.013097965175000555
StochasticGradientDescent,iron,240,0.41,perceptron,1000,l2,0.8378256963162624,0.8378256963162624,0.8378256963162624,0.8378256963162624,5.548760890960693,0.20431610276064294,0.16620707511901855,0.006953014185504209
StochasticGradientDescent,iron,240,0.41,perceptron,1000,l1,0.8502246181491465,0.8502246181491465,0.8502246181491465,0.8502246181491465,8.759537315368652,0.4283658156103597,0.17763314247131348,0.013402436098744244
StochasticGradientDescent,iron,240,0.41,perceptron,1000,elasticnet,0.825486672656484,0.825486672656484,0.825486672656484,0.825486672656484,8.407749605178832,0.45424157525588477,0.1788322925567627,0.017126415512524525
StochasticGradientDescent,iron,240,0.51,hinge,100,l2,0.8436358191075172,0.8436358191075172,0.8436358191075172,0.8436358191075172,7.076022815704346,0.25758596663053324,0.17521929740905762,0.0094252053088295
StochasticGradientDescent,iron,240,0.51,hinge,100,l1,0.8636118598382749,0.8636118598382749,0.8636118598382749,0.8636118598382749,10.178608465194703,0.2924324566432042,0.15842103958129883,0.014982361632772159
StochasticGradientDescent,iron,240,0.51,hinge,100,elasticnet,0.8371967654986523,0.8371967654986523,0.8371967654986523,0.8371967654986523,11.172203063964844,0.35544954263053785,0.1563957691192627,0.010960311869591994
StochasticGradientDescent,iron,240,0.51,hinge,200,l2,0.8354297693920335,0.8354297693920335,0.8354297693920335,0.8354297693920335,6.861080265045166,0.3450309452744254,0.17010760307312012,0.020116962644583698
StochasticGradientDescent,iron,240,0.51,hinge,200,l1,0.8631326744534291,0.8631326744534291,0.8631326744534291,0.8631326744534291,10.107112789154053,0.5943052916793079,0.167702054977417,0.010411568003887456
StochasticGradientDescent,iron,240,0.51,hinge,200,elasticnet,0.8405510631925726,0.8405510631925726,0.8405510631925726,0.8405510631925726,11.602626514434814,0.46002819492771474,0.15359067916870117,0.008927186843659014
StochasticGradientDescent,iron,240,0.51,hinge,300,l2,0.839383048817011,0.839383048817011,0.839383048817011,0.839383048817011,7.0780723094940186,0.41755758658784287,0.1702552318572998,0.01501561083040805
StochasticGradientDescent,iron,240,0.51,hinge,300,l1,0.8660377358490565,0.8660377358490565,0.8660377358490565,0.8660377358490565,10.294900226593018,0.5143246848670593,0.17260398864746093,0.01399065896184167
StochasticGradientDescent,iron,240,0.51,hinge,300,elasticnet,0.8397723869421982,0.8397723869421982,0.8397723869421982,0.8397723869421982,11.350445222854614,0.6025820367495023,0.1543363094329834,0.013723842846600127
StochasticGradientDescent,iron,240,0.51,hinge,400,l2,0.8307876609763403,0.8307876609763403,0.8307876609763403,0.8307876609763403,6.95723819732666,0.2627020887605772,0.16677708625793458,0.015838348684692048
StochasticGradientDescent,iron,240,0.51,hinge,400,l1,0.8625336927223721,0.8625336927223721,0.8625336927223721,0.8625336927223721,9.6215229511261,0.9398866080879434,0.17050490379333497,0.007569778489832672
StochasticGradientDescent,iron,240,0.51,hinge,400,elasticnet,0.8381850853548967,0.8381850853548967,0.8381850853548967,0.8381850853548967,10.837927627563477,0.7252091611546146,0.16303606033325196,0.013302353288773557
StochasticGradientDescent,iron,240,0.51,hinge,500,l2,0.8422282120395327,0.8422282120395327,0.8422282120395327,0.8422282120395327,6.471074390411377,0.5603410801875108,0.1601247787475586,0.007845698469379435
StochasticGradientDescent,iron,240,0.51,hinge,500,l1,0.867654986522911,0.867654986522911,0.867654986522911,0.867654986522911,9.912253999710083,0.5235745205165802,0.15638303756713867,0.009404798995843943
StochasticGradientDescent,iron,240,0.51,hinge,500,elasticnet,0.8480982330038934,0.8480982330038934,0.8480982330038934,0.8480982330038934,11.249207973480225,0.8409968268904398,0.16931743621826173,0.01975931725056521
StochasticGradientDescent,iron,240,0.51,hinge,600,l2,0.8342018568433662,0.8342018568433662,0.8342018568433662,0.8342018568433662,7.209512853622437,0.5857945561301887,0.16878561973571776,0.02310702104243085
StochasticGradientDescent,iron,240,0.51,hinge,600,l1,0.8680143755615454,0.8680143755615454,0.8680143755615454,0.8680143755615454,10.276119947433472,0.7654629809368666,0.15423111915588378,0.005943408085978326
StochasticGradientDescent,iron,240,0.51,hinge,600,elasticnet,0.8427073974243786,0.8427073974243786,0.8427073974243786,0.8427073974243786,10.972621154785156,0.7834267637460828,0.16102132797241211,0.011991854820083104
StochasticGradientDescent,iron,240,0.51,hinge,700,l2,0.8383947289607668,0.8383947289607668,0.8383947289607668,0.8383947289607668,6.929133462905884,0.3502920331523283,0.16862664222717286,0.009248596717186945
StochasticGradientDescent,iron,240,0.51,hinge,700,l1,0.8642108415693321,0.8642108415693321,0.8642108415693321,0.8642108415693321,10.068667125701904,0.3714010518609485,0.1705028533935547,0.007073346494009085
StochasticGradientDescent,iron,240,0.51,hinge,700,elasticnet,0.8475292003593891,0.8475292003593891,0.8475292003593891,0.8475292003593891,11.458030509948731,0.37449286700967255,0.15408678054809571,0.009320326905817211
StochasticGradientDescent,iron,240,0.51,hinge,800,l2,0.8309374064091045,0.8309374064091045,0.8309374064091045,0.8309374064091045,6.654573631286621,0.2863657164922674,0.1555816650390625,0.006921590864275801
StochasticGradientDescent,iron,240,0.51,hinge,800,l1,0.8680742737346512,0.8680742737346512,0.8680742737346512,0.8680742737346512,9.96292324066162,0.3792999577954269,0.18619699478149415,0.03067879033517998
StochasticGradientDescent,iron,240,0.51,hinge,800,elasticnet,0.843695717280623,0.843695717280623,0.843695717280623,0.843695717280623,10.73125605583191,0.21481911407341175,0.16448540687561036,0.008436137861256483
StochasticGradientDescent,iron,240,0.51,hinge,900,l2,0.8395028451632225,0.8395028451632225,0.8395028451632225,0.8395028451632225,6.78334059715271,0.3991050770814272,0.17049970626831054,0.016519847939686326
StochasticGradientDescent,iron,240,0.51,hinge,900,l1,0.8670859538784068,0.8670859538784068,0.8670859538784068,0.8670859538784068,10.396288204193116,0.7206841997403499,0.1676252841949463,0.017493554077757364
StochasticGradientDescent,iron,240,0.51,hinge,900,elasticnet,0.8431566337226716,0.8431566337226716,0.8431566337226716,0.8431566337226716,11.955263137817383,1.0920604171086266,0.17503256797790528,0.027807016581796944
StochasticGradientDescent,iron,240,0.51,hinge,1000,l2,0.8490566037735849,0.8490566037735849,0.8490566037735849,0.8490566037735849,6.811991453170776,0.38614987919199184,0.15684123039245607,0.012193821609062823
StochasticGradientDescent,iron,240,0.51,hinge,1000,l1,0.864690026954178,0.864690026954178,0.864690026954178,0.864690026954178,10.162938690185547,0.7751132270909104,0.1749488353729248,0.01079257698285332
StochasticGradientDescent,iron,240,0.51,hinge,1000,elasticnet,0.8443545971847859,0.8443545971847859,0.8443545971847859,0.8443545971847859,12.679582929611206,0.5644499150629987,0.1679621696472168,0.007371655417160628
StochasticGradientDescent,iron,240,0.51,log,100,l2,,,,,0.10068855285644532,0.006587953793161382,0.0,0.0
StochasticGradientDescent,iron,240,0.51,log,100,l1,,,,,0.10832958221435547,0.016116483111270327,0.0,0.0
StochasticGradientDescent,iron,240,0.51,log,100,elasticnet,,,,,0.12075700759887695,0.023853874112748686,0.0,0.0
StochasticGradientDescent,iron,240,0.51,log,200,l2,,,,,0.11361684799194335,0.022811687926988122,0.0,0.0
StochasticGradientDescent,iron,240,0.51,log,200,l1,,,,,0.10796580314636231,0.007468006541954628,0.0,0.0
StochasticGradientDescent,iron,240,0.51,log,200,elasticnet,,,,,0.09975500106811523,0.010231498206334039,0.0,0.0
StochasticGradientDescent,iron,240,0.51,log,300,l2,,,,,0.09535961151123047,0.00878667664306628,0.0,0.0
StochasticGradientDescent,iron,240,0.51,log,300,l1,,,,,0.11570420265197753,0.01883431558290185,0.0,0.0
StochasticGradientDescent,iron,240,0.51,log,300,elasticnet,,,,,0.11621580123901368,0.008054365614163035,0.0,0.0
StochasticGradientDescent,iron,240,0.51,log,400,l2,,,,,0.11583571434020996,0.004353230366772699,0.0,0.0
StochasticGradientDescent,iron,240,0.51,log,400,l1,,,,,0.12526946067810057,0.023049107911340527,0.0,0.0
StochasticGradientDescent,iron,240,0.51,log,400,elasticnet,,,,,0.12262353897094727,0.005055377194819992,0.0,0.0
StochasticGradientDescent,iron,240,0.51,log,500,l2,,,,,0.1351235866546631,0.019689917302821772,0.0,0.0
StochasticGradientDescent,iron,240,0.51,log,500,l1,,,,,0.14210615158081055,0.017455327928541983,0.0,0.0
StochasticGradientDescent,iron,240,0.51,log,500,elasticnet,,,,,0.12934398651123047,0.014998444049758081,0.0,0.0
StochasticGradientDescent,iron,240,0.51,log,600,l2,,,,,0.14527745246887208,0.02404229902792538,0.0,0.0
StochasticGradientDescent,iron,240,0.51,log,600,l1,,,,,0.15193705558776854,0.025752958062146992,0.0,0.0
StochasticGradientDescent,iron,240,0.51,log,600,elasticnet,,,,,0.1367412567138672,0.030443288001576887,0.0,0.0
StochasticGradientDescent,iron,240,0.51,log,700,l2,,,,,0.1533275604248047,0.03347431609545214,0.0,0.0
StochasticGradientDescent,iron,240,0.51,log,700,l1,,,,,0.12857985496520996,0.01494695903055726,0.0,0.0
StochasticGradientDescent,iron,240,0.51,log,700,elasticnet,,,,,0.12792634963989258,0.013745840240712195,0.0,0.0
StochasticGradientDescent,iron,240,0.51,log,800,l2,,,,,0.1331688404083252,0.00691738143815136,0.0,0.0
StochasticGradientDescent,iron,240,0.51,log,800,l1,,,,,0.13504266738891602,0.03301813844053417,0.0,0.0
StochasticGradientDescent,iron,240,0.51,log,800,elasticnet,,,,,0.1327737808227539,0.004625616230305751,0.0,0.0
StochasticGradientDescent,iron,240,0.51,log,900,l2,,,,,0.15924038887023925,0.027142186962341736,0.0,0.0
StochasticGradientDescent,iron,240,0.51,log,900,l1,,,,,0.14098076820373534,0.01437517029678417,0.0,0.0
StochasticGradientDescent,iron,240,0.51,log,900,elasticnet,,,,,0.14239287376403809,0.030946784116042066,0.0,0.0
StochasticGradientDescent,iron,240,0.51,log,1000,l2,,,,,0.13494982719421386,0.01130857517334051,0.0,0.0
StochasticGradientDescent,iron,240,0.51,log,1000,l1,,,,,0.1359123706817627,0.012328383935809602,0.0,0.0
StochasticGradientDescent,iron,240,0.51,log,1000,elasticnet,,,,,0.1536726951599121,0.028620192554547064,0.0,0.0
StochasticGradientDescent,iron,240,0.51,modified_huber,100,l2,0.8690625935908954,0.8690625935908954,0.8690625935908954,0.8690625935908954,12.016634321212768,0.46228430005104515,0.17849421501159668,0.021966892999382853
StochasticGradientDescent,iron,240,0.51,modified_huber,100,l1,0.8608864929619647,0.8608864929619647,0.8608864929619647,0.8608864929619647,26.000959348678588,1.2772576596410425,0.1738187313079834,0.022060826201451396
StochasticGradientDescent,iron,240,0.51,modified_huber,100,elasticnet,0.8657082958969753,0.8657082958969753,0.8657082958969753,0.8657082958969753,19.078081846237183,0.9939377840054426,0.16710977554321288,0.01810147983710736
StochasticGradientDescent,iron,240,0.51,modified_huber,200,l2,0.8528301886792452,0.8528301886792452,0.8528301886792452,0.8528301886792452,11.306535816192627,0.8515395395870532,0.15628814697265625,0.012654258460183105
StochasticGradientDescent,iron,240,0.51,modified_huber,200,l1,0.8694818808026354,0.8694818808026354,0.8694818808026354,0.8694818808026354,30.410816717147828,2.731167147155095,0.17316527366638185,0.020439670219847005
StochasticGradientDescent,iron,240,0.51,modified_huber,200,elasticnet,0.8720275531596287,0.8720275531596287,0.8720275531596287,0.8720275531596287,18.773061084747315,0.8590253400982091,0.15044193267822265,0.005205823814036346
StochasticGradientDescent,iron,240,0.51,modified_huber,300,l2,0.8666666666666668,0.8666666666666668,0.8666666666666668,0.8666666666666668,11.39156632423401,0.5465914831473325,0.16046690940856934,0.008932947049013918
StochasticGradientDescent,iron,240,0.51,modified_huber,300,l1,0.8692123390236597,0.8692123390236597,0.8692123390236597,0.8692123390236597,33.37803001403809,2.0252973358404502,0.1691138744354248,0.005621417165942388
StochasticGradientDescent,iron,240,0.51,modified_huber,300,elasticnet,0.8544773884396525,0.8544773884396525,0.8544773884396525,0.8544773884396525,18.519176149368285,1.1951086874249495,0.1685871124267578,0.012268830356658053
StochasticGradientDescent,iron,240,0.51,modified_huber,400,l2,0.8688828990715785,0.8688828990715785,0.8688828990715785,0.8688828990715785,10.993422889709473,0.3693111151638846,0.17155852317810058,0.021660800919015774
StochasticGradientDescent,iron,240,0.51,modified_huber,400,l1,0.8659778376759508,0.8659778376759508,0.8659778376759508,0.8659778376759508,32.901807403564455,2.3176119311577588,0.1696453094482422,0.0162078903136813
StochasticGradientDescent,iron,240,0.51,modified_huber,400,elasticnet,0.8647199760407307,0.8647199760407307,0.8647199760407307,0.8647199760407307,17.604379892349243,1.1046284272344828,0.16168608665466308,0.013718480023744921
StochasticGradientDescent,iron,240,0.51,modified_huber,500,l2,0.8717879604672056,0.8717879604672056,0.8717879604672056,0.8717879604672056,10.85397915840149,0.5109820748180476,0.17219901084899902,0.0248020219338424
StochasticGradientDescent,iron,240,0.51,modified_huber,500,l1,0.869811320754717,0.869811320754717,0.869811320754717,0.869811320754717,32.35586009025574,3.0251650126658003,0.1591618537902832,0.014545576966955492
StochasticGradientDescent,iron,240,0.51,modified_huber,500,elasticnet,0.861006289308176,0.861006289308176,0.861006289308176,0.861006289308176,17.307327890396117,1.637374040754123,0.167746639251709,0.012519661849969284
StochasticGradientDescent,iron,240,0.51,modified_huber,600,l2,0.8688828990715782,0.8688828990715782,0.8688828990715782,0.8688828990715782,11.25691270828247,0.39688572230248637,0.16688885688781738,0.0063901543758575294
StochasticGradientDescent,iron,240,0.51,modified_huber,600,l1,0.8652890086852352,0.8652890086852352,0.8652890086852352,0.8652890086852352,33.74422497749329,3.174372063660885,0.17711405754089354,0.01431968945501286
StochasticGradientDescent,iron,240,0.51,modified_huber,600,elasticnet,0.8538484576220424,0.8538484576220424,0.8538484576220424,0.8538484576220424,18.25592279434204,0.8076983014793188,0.16765871047973632,0.028114015746536984
StochasticGradientDescent,iron,240,0.51,modified_huber,700,l2,0.8553159628631327,0.8553159628631327,0.8553159628631327,0.8553159628631327,11.089338636398315,0.4659584096433753,0.16989831924438475,0.01808366666249612
StochasticGradientDescent,iron,240,0.51,modified_huber,700,l1,0.8682539682539684,0.8682539682539684,0.8682539682539684,0.8682539682539684,32.702523136138915,3.5647254501292434,0.15909991264343262,0.001974300807962705
StochasticGradientDescent,iron,240,0.51,modified_huber,700,elasticnet,0.8615753219526805,0.8615753219526805,0.8615753219526805,0.8615753219526805,17.8155677318573,1.055025542868762,0.1717599868774414,0.01619333036406733
StochasticGradientDescent,iron,240,0.51,modified_huber,800,l2,0.8587301587301587,0.8587301587301587,0.8587301587301587,0.8587301587301587,11.607738924026489,0.7245736236991777,0.16115145683288573,0.009515196801013375
StochasticGradientDescent,iron,240,0.51,modified_huber,800,l1,0.8659778376759508,0.8659778376759508,0.8659778376759508,0.8659778376759508,33.71190958023071,2.61514535161465,0.1690185546875,0.012011187551041422
StochasticGradientDescent,iron,240,0.51,modified_huber,800,elasticnet,0.8670560047918539,0.8670560047918539,0.8670560047918539,0.8670560047918539,18.245814561843872,1.1727527146242407,0.1609133243560791,0.0072584454098881795
StochasticGradientDescent,iron,240,0.51,modified_huber,900,l2,0.8604372566636718,0.8604372566636718,0.8604372566636718,0.8604372566636718,11.410978984832763,1.0817017656002414,0.1629870891571045,0.017401587829889643
StochasticGradientDescent,iron,240,0.51,modified_huber,900,l1,0.8635819107517222,0.8635819107517222,0.8635819107517222,0.8635819107517222,34.26480145454407,4.157455678673727,0.16671833992004395,0.01626670002171116
StochasticGradientDescent,iron,240,0.51,modified_huber,900,elasticnet,0.86984126984127,0.86984126984127,0.86984126984127,0.86984126984127,17.91390218734741,1.2613662899914941,0.16482877731323242,0.014532230115283463
StochasticGradientDescent,iron,240,0.51,modified_huber,1000,l2,0.8699910152740342,0.8699910152740342,0.8699910152740342,0.8699910152740342,11.381255912780762,0.89177922474764,0.16203546524047852,0.010160577115102503
StochasticGradientDescent,iron,240,0.51,modified_huber,1000,l1,0.8675351901766997,0.8675351901766997,0.8675351901766997,0.8675351901766997,33.321758079528806,2.7859194948789447,0.16121768951416016,0.01281149697213266
StochasticGradientDescent,iron,240,0.51,modified_huber,1000,elasticnet,0.8685834082060497,0.8685834082060497,0.8685834082060497,0.8685834082060497,17.772871589660646,1.6486565075837787,0.1814866542816162,0.01351537819707593
StochasticGradientDescent,iron,240,0.51,squared_hinge,100,l2,0.7883198562443845,0.7883198562443845,0.7883198562443845,0.7883198562443845,14.155063247680664,0.8730734299764435,0.17260499000549318,0.014794368527643289
StochasticGradientDescent,iron,240,0.51,squared_hinge,100,l1,0.8590895477687932,0.8590895477687932,0.8590895477687932,0.8590895477687932,31.205850172042847,2.0706864935744465,0.16937732696533203,0.011819631638537857
StochasticGradientDescent,iron,240,0.51,squared_hinge,100,elasticnet,0.8175801138065288,0.8175801138065288,0.8175801138065288,0.8175801138065288,25.98997006416321,2.1394021043955003,0.16808838844299318,0.007536803210010766
StochasticGradientDescent,iron,240,0.51,squared_hinge,200,l2,0.7756513926325246,0.7756513926325246,0.7756513926325246,0.7756513926325246,23.19180040359497,1.2834152454325427,0.18458733558654786,0.01404375027986381
StochasticGradientDescent,iron,240,0.51,squared_hinge,200,l1,0.8608565438754118,0.8608565438754118,0.8608565438754118,0.8608565438754118,49.94716610908508,6.97214530389558,0.17205700874328614,0.018794594701105873
StochasticGradientDescent,iron,240,0.51,squared_hinge,200,elasticnet,0.7917340521114105,0.7917340521114105,0.7917340521114105,0.7917340521114105,40.6600245475769,3.2711684353574895,0.15358281135559082,0.0065738102619794635
StochasticGradientDescent,iron,240,0.51,squared_hinge,300,l2,0.7952380952380953,0.7952380952380953,0.7952380952380953,0.7952380952380953,31.900462532043456,1.793218963776995,0.17484850883483888,0.016571528803538186
StochasticGradientDescent,iron,240,0.51,squared_hinge,300,l1,0.8598382749326146,0.8598382749326146,0.8598382749326146,0.8598382749326146,55.94663581848145,8.406391401406754,0.15368118286132812,0.014456677647877832
StochasticGradientDescent,iron,240,0.51,squared_hinge,300,elasticnet,0.8119496855345911,0.8119496855345911,0.8119496855345911,0.8119496855345911,51.28846516609192,2.1232825311723635,0.1656041622161865,0.013685578753259502
StochasticGradientDescent,iron,240,0.51,squared_hinge,400,l2,0.7938903863432165,0.7938903863432165,0.7938903863432165,0.7938903863432165,35.684654521942136,2.4046353627626686,0.1566411018371582,0.003337824193216299
StochasticGradientDescent,iron,240,0.51,squared_hinge,400,l1,0.8609763402216231,0.8609763402216231,0.8609763402216231,0.8609763402216231,65.33220133781433,4.0085653413345606,0.15915422439575194,0.00921714860769094
StochasticGradientDescent,iron,240,0.51,squared_hinge,400,elasticnet,0.7977837675950884,0.7977837675950884,0.7977837675950884,0.7977837675950884,59.40751571655274,8.798952379813391,0.15836625099182128,0.012895607434664816
StochasticGradientDescent,iron,240,0.51,squared_hinge,500,l2,0.8035040431266844,0.8035040431266844,0.8035040431266844,0.8035040431266844,38.41520648002624,2.147840395605574,0.18144612312316893,0.03298112048755199
StochasticGradientDescent,iron,240,0.51,squared_hinge,500,l1,0.8609463911350705,0.8609463911350705,0.8609463911350705,0.8609463911350705,55.35721368789673,5.845573494600051,0.15695552825927733,0.010398389950586442
StochasticGradientDescent,iron,240,0.51,squared_hinge,500,elasticnet,0.8159928122192273,0.8159928122192273,0.8159928122192273,0.8159928122192273,61.71452493667603,10.639177298683654,0.1721477508544922,0.012952517916666318
StochasticGradientDescent,iron,240,0.51,squared_hinge,600,l2,0.7890685834082061,0.7890685834082061,0.7890685834082061,0.7890685834082061,43.833827304840085,8.112524617790303,0.16019515991210936,0.008297339019143082
StochasticGradientDescent,iron,240,0.51,squared_hinge,600,l1,0.8581012279125486,0.8581012279125486,0.8581012279125486,0.8581012279125486,70.6534348487854,18.824173613537937,0.16962251663208008,0.0026239412740931786
StochasticGradientDescent,iron,240,0.51,squared_hinge,600,elasticnet,0.8068882899071579,0.8068882899071579,0.8068882899071579,0.8068882899071579,59.649186515808104,4.649367453252475,0.1689908027648926,0.007874349698510802
StochasticGradientDescent,iron,240,0.51,squared_hinge,700,l2,0.810302485774184,0.810302485774184,0.810302485774184,0.810302485774184,39.60267553329468,6.95982912819896,0.17295002937316895,0.010779585908505843
StochasticGradientDescent,iron,240,0.51,squared_hinge,700,l1,0.8591194968553459,0.8591194968553459,0.8591194968553459,0.8591194968553459,61.18519606590271,4.867975065619284,0.18057584762573242,0.030012322194313323
StochasticGradientDescent,iron,240,0.51,squared_hinge,700,elasticnet,0.819886193471099,0.819886193471099,0.819886193471099,0.819886193471099,67.28550677299499,16.18602438718898,0.16844472885131836,0.025268486274610646
StochasticGradientDescent,iron,240,0.51,squared_hinge,800,l2,0.800029949086553,0.800029949086553,0.800029949086553,0.800029949086553,39.900051546096805,6.608024164995681,0.15258436203002929,0.008986367151192044
StochasticGradientDescent,iron,240,0.51,squared_hinge,800,l1,0.8573824498352799,0.8573824498352799,0.8573824498352799,0.8573824498352799,88.7979914188385,26.076294563461676,0.17852725982666015,0.016991116409286383
StochasticGradientDescent,iron,240,0.51,squared_hinge,800,elasticnet,0.8277927523210542,0.8277927523210542,0.8277927523210542,0.8277927523210542,63.28194494247437,5.238215602796713,0.16119132041931153,0.006587715364063433
StochasticGradientDescent,iron,240,0.51,squared_hinge,900,l2,0.7999101527403415,0.7999101527403415,0.7999101527403415,0.7999101527403415,39.87786421775818,6.493373940999394,0.15664749145507811,0.015019810953314996
StochasticGradientDescent,iron,240,0.51,squared_hinge,900,l1,0.8586702605570531,0.8586702605570531,0.8586702605570531,0.8586702605570531,56.54209928512573,5.841490630318467,0.164723539352417,0.008324126929829753
StochasticGradientDescent,iron,240,0.51,squared_hinge,900,elasticnet,0.8217729859239293,0.8217729859239293,0.8217729859239293,0.8217729859239293,68.12092146873474,10.39905563161073,0.15851330757141113,0.010008938986429593
StochasticGradientDescent,iron,240,0.51,squared_hinge,1000,l2,0.8037735849056604,0.8037735849056604,0.8037735849056604,0.8037735849056604,39.85958747863769,8.36976753710619,0.16476712226867676,0.02979767420477885
StochasticGradientDescent,iron,240,0.51,squared_hinge,1000,l1,0.8603474094040131,0.8603474094040131,0.8603474094040131,0.8603474094040131,53.94006447792053,8.617634957655268,0.15802464485168458,0.0038343682778336488
StochasticGradientDescent,iron,240,0.51,squared_hinge,1000,elasticnet,0.8160227613057801,0.8160227613057801,0.8160227613057801,0.8160227613057801,64.67554845809937,8.433023599189106,0.17438297271728515,0.02257168727504164
StochasticGradientDescent,iron,240,0.51,perceptron,100,l2,0.8648697214734951,0.8648697214734951,0.8648697214734951,0.8648697214734951,4.743006753921509,0.09768731428097359,0.1533487319946289,0.004385320299062401
StochasticGradientDescent,iron,240,0.51,perceptron,100,l1,0.85759209344115,0.85759209344115,0.85759209344115,0.85759209344115,7.425405502319336,0.3442310183945446,0.1570967674255371,0.01380050389852578
StochasticGradientDescent,iron,240,0.51,perceptron,100,elasticnet,0.8237795747229709,0.8237795747229709,0.8237795747229709,0.8237795747229709,7.083037567138672,0.16551452055776106,0.17179350852966307,0.027469872899804026
StochasticGradientDescent,iron,240,0.51,perceptron,200,l2,0.8390236597783767,0.8390236597783767,0.8390236597783767,0.8390236597783767,5.345317268371582,0.3350855507732575,0.15123839378356935,0.006760797227249295
StochasticGradientDescent,iron,240,0.51,perceptron,200,l1,0.8524408505540582,0.8524408505540582,0.8524408505540582,0.8524408505540582,7.686646270751953,0.4117951709574088,0.16491641998291015,0.007828087114014103
StochasticGradientDescent,iron,240,0.51,perceptron,200,elasticnet,0.834890685834082,0.834890685834082,0.834890685834082,0.834890685834082,7.252667713165283,0.3619232307510426,0.17009391784667968,0.0208375919214269
StochasticGradientDescent,iron,240,0.51,perceptron,300,l2,0.8328541479484877,0.8328541479484877,0.8328541479484877,0.8328541479484877,5.071241569519043,0.23604170745693498,0.15847187042236327,0.01152192595489285
StochasticGradientDescent,iron,240,0.51,perceptron,300,l1,0.8573525007487272,0.8573525007487272,0.8573525007487272,0.8573525007487272,8.187867164611816,0.29358702838480927,0.18626952171325684,0.02267746472756657
StochasticGradientDescent,iron,240,0.51,perceptron,300,elasticnet,0.8469601677148848,0.8469601677148848,0.8469601677148848,0.8469601677148848,7.6393828868865965,0.3834806276756662,0.15742573738098145,0.004296471668654508
StochasticGradientDescent,iron,240,0.51,perceptron,400,l2,0.811769991015274,0.811769991015274,0.811769991015274,0.811769991015274,5.226255941390991,0.3121105285348907,0.17580232620239258,0.020267829074286543
StochasticGradientDescent,iron,240,0.51,perceptron,400,l1,0.848188080263552,0.848188080263552,0.848188080263552,0.848188080263552,8.748415422439574,0.2884143453599854,0.19100728034973144,0.031363715619067624
StochasticGradientDescent,iron,240,0.51,perceptron,400,elasticnet,0.8413297394429471,0.8413297394429471,0.8413297394429471,0.8413297394429471,7.856044149398803,0.36186038988912395,0.18035831451416015,0.023037423111305192
StochasticGradientDescent,iron,240,0.51,perceptron,500,l2,0.819676549865229,0.819676549865229,0.819676549865229,0.819676549865229,5.122292327880859,0.20748370858922247,0.1643813133239746,0.019161483392359183
StochasticGradientDescent,iron,240,0.51,perceptron,500,l1,0.8569332135369871,0.8569332135369871,0.8569332135369871,0.8569332135369871,8.695080995559692,0.6445842550850193,0.16831517219543457,0.012646167950061458
StochasticGradientDescent,iron,240,0.51,perceptron,500,elasticnet,0.840491165019467,0.840491165019467,0.840491165019467,0.840491165019467,8.112840461730958,0.1943391475274385,0.16376118659973143,0.013667042053780287
StochasticGradientDescent,iron,240,0.51,perceptron,600,l2,0.8001197963462114,0.8001197963462114,0.8001197963462114,0.8001197963462114,5.048634099960327,0.17998268798021938,0.16361608505249023,0.011809455986543144
StochasticGradientDescent,iron,240,0.51,perceptron,600,l1,0.8529200359389039,0.8529200359389039,0.8529200359389039,0.8529200359389039,8.423985195159911,0.49045645984634617,0.17076773643493653,0.01700288200280541
StochasticGradientDescent,iron,240,0.51,perceptron,600,elasticnet,0.8401317759808326,0.8401317759808326,0.8401317759808326,0.8401317759808326,8.108875226974487,0.5528651528010834,0.1794112205505371,0.013015798904064457
StochasticGradientDescent,iron,240,0.51,perceptron,700,l2,0.8333333333333334,0.8333333333333334,0.8333333333333334,0.8333333333333334,5.342234897613525,0.14039259830949571,0.1567777633666992,0.010540834847554486
StochasticGradientDescent,iron,240,0.51,perceptron,700,l1,0.8536687631027254,0.8536687631027254,0.8536687631027254,0.8536687631027254,8.280321598052979,0.307535364379551,0.20310072898864745,0.03602022719543646
StochasticGradientDescent,iron,240,0.51,perceptron,700,elasticnet,0.8553758610362383,0.8553758610362383,0.8553758610362383,0.8553758610362383,8.143598079681396,0.5147820799435578,0.1654883861541748,0.009897930557019024
StochasticGradientDescent,iron,240,0.51,perceptron,800,l2,0.849895178197065,0.849895178197065,0.849895178197065,0.849895178197065,5.391463136672973,0.19612930947601317,0.16137514114379883,0.0033896653266458836
StochasticGradientDescent,iron,240,0.51,perceptron,800,l1,0.8549266247379455,0.8549266247379455,0.8549266247379455,0.8549266247379455,8.947583150863647,0.43501906464877543,0.15275397300720214,0.009718646369966943
StochasticGradientDescent,iron,240,0.51,perceptron,800,elasticnet,0.8502246181491465,0.8502246181491465,0.8502246181491465,0.8502246181491465,8.153960990905762,0.43450705681543395,0.16269240379333497,0.015080533468592764
StochasticGradientDescent,iron,240,0.51,perceptron,900,l2,0.8507337526205451,0.8507337526205451,0.8507337526205451,0.8507337526205451,5.346667718887329,0.12825906671868792,0.16974353790283203,0.015312860162573948
StochasticGradientDescent,iron,240,0.51,perceptron,900,l1,0.8619646600778677,0.8619646600778677,0.8619646600778677,0.8619646600778677,8.256032705307007,0.12991081528479895,0.16547131538391113,0.009577328482606017
StochasticGradientDescent,iron,240,0.51,perceptron,900,elasticnet,0.8525306978137168,0.8525306978137168,0.8525306978137168,0.8525306978137168,7.907149314880371,0.24473482728538315,0.17710409164428711,0.019707971368469284
StochasticGradientDescent,iron,240,0.51,perceptron,1000,l2,0.8257861635220125,0.8257861635220125,0.8257861635220125,0.8257861635220125,5.5607668399810795,0.16258213634452656,0.16682004928588867,0.006230423469428197
StochasticGradientDescent,iron,240,0.51,perceptron,1000,l1,0.8496256364180892,0.8496256364180892,0.8496256364180892,0.8496256364180892,8.31413550376892,0.4063676876933198,0.17647347450256348,0.01823714981488005
StochasticGradientDescent,iron,240,0.51,perceptron,1000,elasticnet,0.8257562144354598,0.8257562144354598,0.8257562144354598,0.8257562144354598,8.022351121902465,0.36267607925640066,0.18075790405273437,0.021296506688317687
StochasticGradientDescent,iron,240,0.61,hinge,100,l2,0.8284815813117701,0.8284815813117701,0.8284815813117701,0.8284815813117701,7.062570714950562,0.5672011609580087,0.18306679725646974,0.01932940327379251
StochasticGradientDescent,iron,240,0.61,hinge,100,l1,0.8642108415693321,0.8642108415693321,0.8642108415693321,0.8642108415693321,10.150240230560303,0.33299611016592157,0.16785612106323242,0.016419358355454265
StochasticGradientDescent,iron,240,0.61,hinge,100,elasticnet,0.8459418987720875,0.8459418987720875,0.8459418987720875,0.8459418987720875,10.762879753112793,0.5639344144155182,0.1559201717376709,0.01059438703210601
StochasticGradientDescent,iron,240,0.61,hinge,200,l2,0.8502845163222522,0.8502845163222522,0.8502845163222522,0.8502845163222522,6.864611339569092,0.5452352619748196,0.1722081184387207,0.022373436369722968
StochasticGradientDescent,iron,240,0.61,hinge,200,l1,0.8643006888289907,0.8643006888289907,0.8643006888289907,0.8643006888289907,10.190318202972412,0.9876370388928887,0.16183676719665527,0.013900539872355915
StochasticGradientDescent,iron,240,0.61,hinge,200,elasticnet,0.8393530997304582,0.8393530997304582,0.8393530997304582,0.8393530997304582,10.637862205505371,0.6931238024014683,0.17143330574035645,0.012311646423929597
StochasticGradientDescent,iron,240,0.61,hinge,300,l2,0.834890685834082,0.834890685834082,0.834890685834082,0.834890685834082,7.141408920288086,0.4632571526053009,0.1806203842163086,0.021178556521486737
StochasticGradientDescent,iron,240,0.61,hinge,300,l1,0.8655884995507638,0.8655884995507638,0.8655884995507638,0.8655884995507638,10.402797317504882,0.42706380281084716,0.16796064376831055,0.013886380186427846
StochasticGradientDescent,iron,240,0.61,hinge,300,elasticnet,0.8428870919436957,0.8428870919436957,0.8428870919436957,0.8428870919436957,11.30900993347168,0.5459063794361319,0.16022958755493164,0.006837101122779605
StochasticGradientDescent,iron,240,0.61,hinge,400,l2,0.8379454926624739,0.8379454926624739,0.8379454926624739,0.8379454926624739,7.167309379577636,0.2784224443021862,0.15266427993774415,0.005956720974475652
StochasticGradientDescent,iron,240,0.61,hinge,400,l1,0.8592392932015572,0.8592392932015572,0.8592392932015572,0.8592392932015572,9.972160339355469,0.2954333285384893,0.16395263671875,0.014035465833509526
StochasticGradientDescent,iron,240,0.61,hinge,400,elasticnet,0.8385145253069781,0.8385145253069781,0.8385145253069781,0.8385145253069781,11.16496000289917,0.4634649728431749,0.16594181060791016,0.011057754887307588
StochasticGradientDescent,iron,240,0.61,hinge,500,l2,0.850524109014675,0.850524109014675,0.850524109014675,0.850524109014675,7.128536891937256,0.11075172419204428,0.15699973106384277,0.010463384211910048
StochasticGradientDescent,iron,240,0.61,hinge,500,l1,0.8612159329140463,0.8612159329140463,0.8612159329140463,0.8612159329140463,10.295197582244873,1.0657866720944191,0.1791841983795166,0.021203565635548524
StochasticGradientDescent,iron,240,0.61,hinge,500,elasticnet,0.8483977238694219,0.8483977238694219,0.8483977238694219,0.8483977238694219,11.286704874038696,0.7316473109807674,0.16138820648193358,0.01597759936653625
StochasticGradientDescent,iron,240,0.61,hinge,600,l2,0.841539383048817,0.841539383048817,0.841539383048817,0.841539383048817,7.52274718284607,0.3347858281387938,0.1597879409790039,0.013466882593663713
StochasticGradientDescent,iron,240,0.61,hinge,600,l1,0.863851452530698,0.863851452530698,0.863851452530698,0.863851452530698,9.558851480484009,0.6115113756875128,0.17395596504211425,0.014823650208158096
StochasticGradientDescent,iron,240,0.61,hinge,600,elasticnet,0.8315962863132673,0.8315962863132673,0.8315962863132673,0.8315962863132673,10.75856547355652,0.7164138070084862,0.16809439659118652,0.007791303810554289
StochasticGradientDescent,iron,240,0.61,hinge,700,l2,0.829140461215933,0.829140461215933,0.829140461215933,0.829140461215933,7.184579086303711,0.2878652246510654,0.1606921672821045,0.011976286945298415
StochasticGradientDescent,iron,240,0.61,hinge,700,l1,0.8636717580113806,0.8636717580113806,0.8636717580113806,0.8636717580113806,9.829950332641602,0.7721018356391133,0.18337082862854004,0.030371334354661928
StochasticGradientDescent,iron,240,0.61,hinge,700,elasticnet,0.8467205750224618,0.8467205750224618,0.8467205750224618,0.8467205750224618,10.74504895210266,0.544057306906352,0.17101826667785644,0.015749534735333325
StochasticGradientDescent,iron,240,0.61,hinge,800,l2,0.8360587002096438,0.8360587002096438,0.8360587002096438,0.8360587002096438,7.0057727813720705,0.35624026874020315,0.16787405014038087,0.01472926175714544
StochasticGradientDescent,iron,240,0.61,hinge,800,l1,0.8628930817610062,0.8628930817610062,0.8628930817610062,0.8628930817610062,10.214303541183472,0.3157043244602694,0.18073110580444335,0.0137335515264905
StochasticGradientDescent,iron,240,0.61,hinge,800,elasticnet,0.8548667265648398,0.8548667265648398,0.8548667265648398,0.8548667265648398,10.7871488571167,0.3863241768342344,0.16607632637023925,0.02017420041189739
StochasticGradientDescent,iron,240,0.61,hinge,900,l2,0.8424079065588499,0.8424079065588499,0.8424079065588499,0.8424079065588499,7.14062008857727,0.3138903490574322,0.16302080154418946,0.011088496410941374
StochasticGradientDescent,iron,240,0.61,hinge,900,l1,0.8679844264749924,0.8679844264749924,0.8679844264749924,0.8679844264749924,9.931498432159424,0.3892742044831293,0.17285194396972656,0.01569761072940387
StochasticGradientDescent,iron,240,0.61,hinge,900,elasticnet,0.8458520515124288,0.8458520515124288,0.8458520515124288,0.8458520515124288,10.93729853630066,0.6856694955521144,0.188552188873291,0.019117518551623754
StochasticGradientDescent,iron,240,0.61,hinge,1000,l2,0.845402815214136,0.845402815214136,0.845402815214136,0.845402815214136,6.603635215759278,0.5328218267192644,0.16313958168029785,0.011664446188011466
StochasticGradientDescent,iron,240,0.61,hinge,1000,l1,0.8640011979634622,0.8640011979634622,0.8640011979634622,0.8640011979634622,11.392249345779419,0.4894986649125022,0.18273539543151857,0.015421693465600659
StochasticGradientDescent,iron,240,0.61,hinge,1000,elasticnet,0.8494159928122192,0.8494159928122192,0.8494159928122192,0.8494159928122192,12.268315982818603,0.6060433217778614,0.1646426200866699,0.005639242422686162
StochasticGradientDescent,iron,240,0.61,log,100,l2,,,,,0.1109386920928955,0.004017088786865034,0.0,0.0
StochasticGradientDescent,iron,240,0.61,log,100,l1,,,,,0.10625696182250977,0.017843218771654602,0.0,0.0
StochasticGradientDescent,iron,240,0.61,log,100,elasticnet,,,,,0.12057032585144042,0.0221757744846618,0.0,0.0
StochasticGradientDescent,iron,240,0.61,log,200,l2,,,,,0.12497634887695312,0.020772226127229128,0.0,0.0
StochasticGradientDescent,iron,240,0.61,log,200,l1,,,,,0.1266237735748291,0.009862869308893425,0.0,0.0
StochasticGradientDescent,iron,240,0.61,log,200,elasticnet,,,,,0.13428502082824706,0.02022661916905246,0.0,0.0
StochasticGradientDescent,iron,240,0.61,log,300,l2,,,,,0.12394423484802246,0.022951324501739777,0.0,0.0
StochasticGradientDescent,iron,240,0.61,log,300,l1,,,,,0.13068528175354005,0.024179607781371928,0.0,0.0
StochasticGradientDescent,iron,240,0.61,log,300,elasticnet,,,,,0.1355515480041504,0.017105943438108298,0.0,0.0
StochasticGradientDescent,iron,240,0.61,log,400,l2,,,,,0.1288677215576172,0.018817667062387255,0.0,0.0
StochasticGradientDescent,iron,240,0.61,log,400,l1,,,,,0.12232146263122559,0.007232871068100472,0.0,0.0
StochasticGradientDescent,iron,240,0.61,log,400,elasticnet,,,,,0.1312849998474121,0.021140887050347196,0.0,0.0
StochasticGradientDescent,iron,240,0.61,log,500,l2,,,,,0.13241171836853027,0.019717159363987925,0.0,0.0
StochasticGradientDescent,iron,240,0.61,log,500,l1,,,,,0.12452988624572754,0.007985761562011091,0.0,0.0
StochasticGradientDescent,iron,240,0.61,log,500,elasticnet,,,,,0.13896327018737792,0.0188942781373537,0.0,0.0
StochasticGradientDescent,iron,240,0.61,log,600,l2,,,,,0.13149724006652833,0.014375886076188792,0.0,0.0
StochasticGradientDescent,iron,240,0.61,log,600,l1,,,,,0.13536229133605956,0.015954885500085995,0.0,0.0
StochasticGradientDescent,iron,240,0.61,log,600,elasticnet,,,,,0.14122486114501953,0.0193348934129916,0.0,0.0
StochasticGradientDescent,iron,240,0.61,log,700,l2,,,,,0.11850161552429199,0.00925369376312206,0.0,0.0
StochasticGradientDescent,iron,240,0.61,log,700,l1,,,,,0.11640129089355469,0.00885017922123368,0.0,0.0
StochasticGradientDescent,iron,240,0.61,log,700,elasticnet,,,,,0.1550243854522705,0.03625733433644991,0.0,0.0
StochasticGradientDescent,iron,240,0.61,log,800,l2,,,,,0.1416299819946289,0.033104188226406324,0.0,0.0
StochasticGradientDescent,iron,240,0.61,log,800,l1,,,,,0.12368674278259277,0.01673861232498403,0.0,0.0
StochasticGradientDescent,iron,240,0.61,log,800,elasticnet,,,,,0.12199783325195312,0.015309070498188181,0.0,0.0
StochasticGradientDescent,iron,240,0.61,log,900,l2,,,,,0.13623156547546386,0.012606069070426478,0.0,0.0
StochasticGradientDescent,iron,240,0.61,log,900,l1,,,,,0.13302669525146485,0.01147607363433859,0.0,0.0
StochasticGradientDescent,iron,240,0.61,log,900,elasticnet,,,,,0.13551230430603028,0.020102328558933555,0.0,0.0
StochasticGradientDescent,iron,240,0.61,log,1000,l2,,,,,0.11789813041687011,0.005898567557100677,0.0,0.0
StochasticGradientDescent,iron,240,0.61,log,1000,l1,,,,,0.13141989707946777,0.023977878888767908,0.0,0.0
StochasticGradientDescent,iron,240,0.61,log,1000,elasticnet,,,,,0.13437390327453613,0.015869053685799512,0.0,0.0
StochasticGradientDescent,iron,240,0.61,modified_huber,100,l2,0.8540581012279127,0.8540581012279127,0.8540581012279127,0.8540581012279127,12.36357045173645,0.1990639654407958,0.16666250228881835,0.01829839749420405
StochasticGradientDescent,iron,240,0.61,modified_huber,100,l1,0.864660077867625,0.864660077867625,0.864660077867625,0.864660077867625,24.91689510345459,1.3206324556840472,0.1896580219268799,0.009067223754017988
StochasticGradientDescent,iron,240,0.61,modified_huber,100,elasticnet,0.8690326445043425,0.8690326445043425,0.8690326445043425,0.8690326445043425,18.881086826324463,1.348439472757698,0.16610050201416016,0.017847435743358057
StochasticGradientDescent,iron,240,0.61,modified_huber,200,l2,0.8618149146451033,0.8618149146451033,0.8618149146451033,0.8618149146451033,10.953894090652465,0.4872892887753748,0.18652067184448243,0.03969900777863439
StochasticGradientDescent,iron,240,0.61,modified_huber,200,l1,0.865738244983528,0.865738244983528,0.865738244983528,0.865738244983528,31.66799373626709,1.9605283924504697,0.176826810836792,0.018260858152177997
StochasticGradientDescent,iron,240,0.61,modified_huber,200,elasticnet,0.8586403114705001,0.8586403114705001,0.8586403114705001,0.8586403114705001,19.151439237594605,1.7471678896468705,0.16265473365783692,0.024255285857758314
StochasticGradientDescent,iron,240,0.61,modified_huber,300,l2,0.8662473794549268,0.8662473794549268,0.8662473794549268,0.8662473794549268,12.608045864105225,0.8170931498020118,0.15761046409606932,0.0065260103068144615
StochasticGradientDescent,iron,240,0.61,modified_huber,300,l1,0.8705001497454328,0.8705001497454328,0.8705001497454328,0.8705001497454328,31.736456298828124,2.333093853062361,0.1718005657196045,0.012858991182043434
StochasticGradientDescent,iron,240,0.61,modified_huber,300,elasticnet,0.8756214435459718,0.8756214435459718,0.8756214435459718,0.8756214435459718,17.824371433258058,1.5330319048878047,0.17073793411254884,0.008885278968577734
StochasticGradientDescent,iron,240,0.61,modified_huber,400,l2,0.852051512428871,0.852051512428871,0.852051512428871,0.852051512428871,10.627832889556885,0.7843724890492884,0.16083097457885742,0.015447018859568121
StochasticGradientDescent,iron,240,0.61,modified_huber,400,l1,0.8672955974842769,0.8672955974842769,0.8672955974842769,0.8672955974842769,32.700675058364865,1.7231021240448736,0.15857291221618652,0.009077698665818916
StochasticGradientDescent,iron,240,0.61,modified_huber,400,elasticnet,0.8695118298891884,0.8695118298891884,0.8695118298891884,0.8695118298891884,18.52467370033264,0.9628549422438215,0.17080559730529785,0.024493036010098834
StochasticGradientDescent,iron,240,0.61,modified_huber,500,l2,0.8705300988319855,0.8705300988319855,0.8705300988319855,0.8705300988319855,11.10005955696106,0.4309113492241558,0.17527265548706056,0.0255070537496374
StochasticGradientDescent,iron,240,0.61,modified_huber,500,l1,0.87088948787062,0.87088948787062,0.87088948787062,0.87088948787062,31.762204599380492,2.0587351183578058,0.15736837387084962,0.005989808766138486
StochasticGradientDescent,iron,240,0.61,modified_huber,500,elasticnet,0.8652890086852352,0.8652890086852352,0.8652890086852352,0.8652890086852352,18.49178647994995,1.1675437502394843,0.1620936393737793,0.011319147490917336
StochasticGradientDescent,iron,240,0.61,modified_huber,600,l2,0.8654088050314466,0.8654088050314466,0.8654088050314466,0.8654088050314466,11.105883646011353,0.05014371993525642,0.16991834640502929,0.015994208606934398
StochasticGradientDescent,iron,240,0.61,modified_huber,600,l1,0.8684336627732854,0.8684336627732854,0.8684336627732854,0.8684336627732854,34.05027351379395,3.912182562936941,0.1622015953063965,0.01792430804009828
StochasticGradientDescent,iron,240,0.61,modified_huber,600,elasticnet,0.854597184785864,0.854597184785864,0.854597184785864,0.854597184785864,18.430382537841798,0.702121631744399,0.18153085708618164,0.02820254706384774
StochasticGradientDescent,iron,240,0.61,modified_huber,700,l2,0.8433063791554357,0.8433063791554357,0.8433063791554357,0.8433063791554357,10.602306509017945,0.7794113682493358,0.16071295738220215,0.007011121824815826
StochasticGradientDescent,iron,240,0.61,modified_huber,700,l1,0.8674453429170409,0.8674453429170409,0.8674453429170409,0.8674453429170409,34.11618418693543,2.003117152136391,0.16765565872192384,0.018754924310708954
StochasticGradientDescent,iron,240,0.61,modified_huber,700,elasticnet,0.864001197963462,0.864001197963462,0.864001197963462,0.864001197963462,17.59460825920105,1.487123630347986,0.17062153816223144,0.008298853905635515
StochasticGradientDescent,iron,240,0.61,modified_huber,800,l2,0.8663671758011381,0.8663671758011381,0.8663671758011381,0.8663671758011381,10.48100380897522,0.8412797320576668,0.15621500015258788,0.01799828910447442
StochasticGradientDescent,iron,240,0.61,modified_huber,800,l1,0.8708595387840671,0.8708595387840671,0.8708595387840671,0.8708595387840671,35.41962456703186,2.0838152783401633,0.15818405151367188,0.0069575645198775475
StochasticGradientDescent,iron,240,0.61,modified_huber,800,elasticnet,0.8665169212339023,0.8665169212339023,0.8665169212339023,0.8665169212339023,18.53496150970459,1.403063593268469,0.15456438064575195,0.007780843397479395
StochasticGradientDescent,iron,240,0.61,modified_huber,900,l2,0.8696316262353999,0.8696316262353999,0.8696316262353999,0.8696316262353999,11.01432466506958,0.23504527036853182,0.15531067848205565,0.007333308854596841
StochasticGradientDescent,iron,240,0.61,modified_huber,900,l1,0.8628032345013477,0.8628032345013477,0.8628032345013477,0.8628032345013477,33.98926587104798,1.9857002296854798,0.18765110969543458,0.03375839266519253
StochasticGradientDescent,iron,240,0.61,modified_huber,900,elasticnet,0.8602276130578017,0.8602276130578017,0.8602276130578017,0.8602276130578017,16.779340934753417,0.6079571511173376,0.17152838706970214,0.01795151280434347
StochasticGradientDescent,iron,240,0.61,modified_huber,1000,l2,0.8606469002695419,0.8606469002695419,0.8606469002695419,0.8606469002695419,11.399571514129638,0.8687985880853955,0.1757964611053467,0.0266073997280638
StochasticGradientDescent,iron,240,0.61,modified_huber,1000,l1,0.8640610961365679,0.8640610961365679,0.8640610961365679,0.8640610961365679,32.273099422454834,4.568135619040583,0.1658857822418213,0.006740020537347038
StochasticGradientDescent,iron,240,0.61,modified_huber,1000,elasticnet,0.8633722671458519,0.8633722671458519,0.8633722671458519,0.8633722671458519,17.143976736068726,1.7070893629272823,0.167437744140625,0.010683106404827093
StochasticGradientDescent,iron,240,0.61,squared_hinge,100,l2,0.7971847858640311,0.7971847858640311,0.7971847858640311,0.7971847858640311,14.29990530014038,1.3067094766897438,0.1682349681854248,0.007467352029012577
StochasticGradientDescent,iron,240,0.61,squared_hinge,100,l1,0.860197663971249,0.860197663971249,0.860197663971249,0.860197663971249,31.87327184677124,3.481731400404779,0.17901296615600587,0.018987884640689835
StochasticGradientDescent,iron,240,0.61,squared_hinge,100,elasticnet,0.8134471398622342,0.8134471398622342,0.8134471398622342,0.8134471398622342,25.451099491119386,1.471873430698558,0.17975883483886718,0.025344137047699646
StochasticGradientDescent,iron,240,0.61,squared_hinge,200,l2,0.8012578616352201,0.8012578616352201,0.8012578616352201,0.8012578616352201,23.317975950241088,0.5759180319018422,0.18369803428649903,0.007705314263319573
StochasticGradientDescent,iron,240,0.61,squared_hinge,200,l1,0.8601377657981433,0.8601377657981433,0.8601377657981433,0.8601377657981433,47.55183143615723,5.396406281149326,0.15647969245910645,0.009205165015860937
StochasticGradientDescent,iron,240,0.61,squared_hinge,200,elasticnet,0.8075172207247678,0.8075172207247678,0.8075172207247678,0.8075172207247678,40.77968664169312,3.106656698882647,0.15874581336975097,0.010092928877212727
StochasticGradientDescent,iron,240,0.61,squared_hinge,300,l2,0.7887990416292302,0.7887990416292302,0.7887990416292302,0.7887990416292302,32.91840620040894,2.93965179884137,0.15362935066223143,0.01128192245336688
StochasticGradientDescent,iron,240,0.61,squared_hinge,300,l1,0.8583408206049716,0.8583408206049716,0.8583408206049716,0.8583408206049716,55.38422532081604,6.9793868652987845,0.1606760025024414,0.010203958492863267
StochasticGradientDescent,iron,240,0.61,squared_hinge,300,elasticnet,0.8171608265947888,0.8171608265947888,0.8171608265947888,0.8171608265947888,51.328589010238645,4.155973762837355,0.1768216609954834,0.010663931385205381
StochasticGradientDescent,iron,240,0.61,squared_hinge,400,l2,0.8043725666367175,0.8043725666367175,0.8043725666367175,0.8043725666367175,35.54643435478211,3.670724877139578,0.1624235153198242,0.010928074549690758
StochasticGradientDescent,iron,240,0.61,squared_hinge,400,l1,0.861695118298892,0.861695118298892,0.861695118298892,0.861695118298892,56.25184097290039,9.315570750755484,0.1612142562866211,0.014161247423845346
StochasticGradientDescent,iron,240,0.61,squared_hinge,400,elasticnet,0.8020964360587002,0.8020964360587002,0.8020964360587002,0.8020964360587002,58.23138298988342,9.858241129411105,0.16874332427978517,0.004371272257258316
StochasticGradientDescent,iron,240,0.61,squared_hinge,500,l2,0.7887690925426776,0.7887690925426776,0.7887690925426776,0.7887690925426776,38.1832938671112,3.2126685400418635,0.16245155334472655,0.01847662084019367
StochasticGradientDescent,iron,240,0.61,squared_hinge,500,l1,0.858250973345313,0.858250973345313,0.858250973345313,0.858250973345313,57.48954391479492,8.763051776119786,0.16978230476379394,0.0229898142118949
StochasticGradientDescent,iron,240,0.61,squared_hinge,500,elasticnet,0.8174902665468704,0.8174902665468704,0.8174902665468704,0.8174902665468704,60.62390050888062,4.967100140973517,0.15647358894348146,0.0060550901255270765
StochasticGradientDescent,iron,240,0.61,squared_hinge,600,l2,0.7954776879305181,0.7954776879305181,0.7954776879305181,0.7954776879305181,40.69170064926148,4.939739642009309,0.1750804901123047,0.02438434686689649
StochasticGradientDescent,iron,240,0.61,squared_hinge,600,l1,0.8590296495956873,0.8590296495956873,0.8590296495956873,0.8590296495956873,59.238927602767944,7.349003387884448,0.17208342552185057,0.012576904492826063
StochasticGradientDescent,iron,240,0.61,squared_hinge,600,elasticnet,0.8226714585205152,0.8226714585205152,0.8226714585205152,0.8226714585205152,58.794709014892575,6.543738718492887,0.17475295066833496,0.012012169859797963
StochasticGradientDescent,iron,240,0.61,squared_hinge,700,l2,0.8025456723569931,0.8025456723569931,0.8025456723569931,0.8025456723569931,42.506709289550784,3.444088220145954,0.15872464179992676,0.011300105809324732
StochasticGradientDescent,iron,240,0.61,squared_hinge,700,l1,0.8614854746930218,0.8614854746930218,0.8614854746930218,0.8614854746930218,67.14194679260254,20.960395338776156,0.1607591152191162,0.011719969587462391
StochasticGradientDescent,iron,240,0.61,squared_hinge,700,elasticnet,0.8134471398622342,0.8134471398622342,0.8134471398622342,0.8134471398622342,60.97400317192078,7.866254825510013,0.1588918685913086,0.013304473259815396
StochasticGradientDescent,iron,240,0.61,squared_hinge,800,l2,0.7941000299490865,0.7941000299490865,0.7941000299490865,0.7941000299490865,41.178296375274655,5.248007843898657,0.1599867820739746,0.018008947621097615
StochasticGradientDescent,iron,240,0.61,squared_hinge,800,l1,0.8607067984426475,0.8607067984426475,0.8607067984426475,0.8607067984426475,54.905511140823364,5.22610194692672,0.1680690288543701,0.01736704418049924
StochasticGradientDescent,iron,240,0.61,squared_hinge,800,elasticnet,0.8174004192872119,0.8174004192872119,0.8174004192872119,0.8174004192872119,62.10433158874512,11.52417733934147,0.1692690372467041,0.019118508231781173
StochasticGradientDescent,iron,240,0.61,squared_hinge,900,l2,0.7960467205750225,0.7960467205750225,0.7960467205750225,0.7960467205750225,37.04216423034668,4.892736543874416,0.1635030746459961,0.01587550651877337
StochasticGradientDescent,iron,240,0.61,squared_hinge,900,l1,0.8587301587301587,0.8587301587301587,0.8587301587301587,0.8587301587301587,61.48567633628845,4.437625949811352,0.17767977714538574,0.018947888987487522
StochasticGradientDescent,iron,240,0.61,squared_hinge,900,elasticnet,0.8097634022162324,0.8097634022162324,0.8097634022162324,0.8097634022162324,67.46021471023559,12.776954136137782,0.15170655250549317,0.010878645039532186
StochasticGradientDescent,iron,240,0.61,squared_hinge,1000,l2,0.7960467205750223,0.7960467205750223,0.7960467205750223,0.7960467205750223,42.96121201515198,11.505213459981348,0.1534799575805664,0.004702221436607941
StochasticGradientDescent,iron,240,0.61,squared_hinge,1000,l1,0.860407307577119,0.860407307577119,0.860407307577119,0.860407307577119,72.76197857856751,29.602143685912562,0.16558189392089845,0.016278816236140522
StochasticGradientDescent,iron,240,0.61,squared_hinge,1000,elasticnet,0.8154537286612757,0.8154537286612757,0.8154537286612757,0.8154537286612757,58.177344465255736,9.414137018831063,0.16985635757446288,0.010999864058603509
StochasticGradientDescent,iron,240,0.61,perceptron,100,l2,0.7996406109613657,0.7996406109613657,0.7996406109613657,0.7996406109613657,4.864632987976075,0.12361750033740332,0.15363893508911133,0.006819509747347302
StochasticGradientDescent,iron,240,0.61,perceptron,100,l1,0.8564240790655886,0.8564240790655886,0.8564240790655886,0.8564240790655886,7.266310787200927,0.2077812256266729,0.15156841278076172,0.006056102314866776
StochasticGradientDescent,iron,240,0.61,perceptron,100,elasticnet,0.8484875711290805,0.8484875711290805,0.8484875711290805,0.8484875711290805,7.220628547668457,0.3944770168267673,0.1556253433227539,0.00513354783407925
StochasticGradientDescent,iron,240,0.61,perceptron,200,l2,0.8522611560347408,0.8522611560347408,0.8522611560347408,0.8522611560347408,5.050687503814697,0.27241019674416694,0.17054295539855957,0.015568641165042063
StochasticGradientDescent,iron,240,0.61,perceptron,200,l1,0.8427073974243784,0.8427073974243784,0.8427073974243784,0.8427073974243784,7.444673156738281,0.22048364142089022,0.16957483291625977,0.022481368703127794
StochasticGradientDescent,iron,240,0.61,perceptron,200,elasticnet,0.8517520215633423,0.8517520215633423,0.8517520215633423,0.8517520215633423,7.199081707000732,0.31557841339494075,0.16326608657836914,0.010850347378000003
StochasticGradientDescent,iron,240,0.61,perceptron,300,l2,0.8380652890086852,0.8380652890086852,0.8380652890086852,0.8380652890086852,5.509582567214966,0.3259235736197529,0.18023457527160644,0.017241567375088012
StochasticGradientDescent,iron,240,0.61,perceptron,300,l1,0.8511530398322853,0.8511530398322853,0.8511530398322853,0.8511530398322853,8.216311645507812,0.33670632206867346,0.15749826431274414,0.009669246426270565
StochasticGradientDescent,iron,240,0.61,perceptron,300,elasticnet,0.837047020065888,0.837047020065888,0.837047020065888,0.837047020065888,7.295151948928833,0.12971264507822916,0.21181998252868653,0.019181739907668173
StochasticGradientDescent,iron,240,0.61,perceptron,400,l2,0.8259359089547769,0.8259359089547769,0.8259359089547769,0.8259359089547769,5.367608833312988,0.15841800406319848,0.16147904396057128,0.01127789181259383
StochasticGradientDescent,iron,240,0.61,perceptron,400,l1,0.8570530098831985,0.8570530098831985,0.8570530098831985,0.8570530098831985,8.738079023361205,0.6083060157112634,0.1768188953399658,0.019094646294357247
StochasticGradientDescent,iron,240,0.61,perceptron,400,elasticnet,0.8486672656483977,0.8486672656483977,0.8486672656483977,0.8486672656483977,8.016819477081299,0.3229581141035766,0.17649083137512206,0.018560732498094534
StochasticGradientDescent,iron,240,0.61,perceptron,500,l2,0.7921832884097034,0.7921832884097034,0.7921832884097034,0.7921832884097034,5.366196632385254,0.09092231981203858,0.19440841674804688,0.030876827264070168
StochasticGradientDescent,iron,240,0.61,perceptron,500,l1,0.8547469302186282,0.8547469302186282,0.8547469302186282,0.8547469302186282,8.543480730056762,0.3318457598619146,0.16195807456970215,0.009945930143707522
StochasticGradientDescent,iron,240,0.61,perceptron,500,elasticnet,0.8364180892482779,0.8364180892482779,0.8364180892482779,0.8364180892482779,8.153670072555542,0.2664090878695379,0.171030855178833,0.01979468914520859
StochasticGradientDescent,iron,240,0.61,perceptron,600,l2,0.8477388439652589,0.8477388439652589,0.8477388439652589,0.8477388439652589,5.41273980140686,0.14835787150802118,0.15992774963378906,0.012833160675583708
StochasticGradientDescent,iron,240,0.61,perceptron,600,l1,0.8534591194968554,0.8534591194968554,0.8534591194968554,0.8534591194968554,8.424864149093628,0.4007247818598244,0.1619420528411865,0.00510113967429653
StochasticGradientDescent,iron,240,0.61,perceptron,600,elasticnet,0.8292902066486972,0.8292902066486972,0.8292902066486972,0.8292902066486972,8.101296138763427,0.20368041848025206,0.16165428161621093,0.018753270637739863
StochasticGradientDescent,iron,240,0.61,perceptron,700,l2,0.8161126085654388,0.8161126085654388,0.8161126085654388,0.8161126085654388,5.250927972793579,0.13494483948639713,0.164835786819458,0.009074743912982196
StochasticGradientDescent,iron,240,0.61,perceptron,700,l1,0.8561245882000599,0.8561245882000599,0.8561245882000599,0.8561245882000599,8.370811414718627,0.21142017978749264,0.17867603302001953,0.01700546988813671
StochasticGradientDescent,iron,240,0.61,perceptron,700,elasticnet,0.8021563342318059,0.8021563342318059,0.8021563342318059,0.8021563342318059,8.044597625732422,0.21279651335570612,0.16929101943969727,0.015709978868192177
StochasticGradientDescent,iron,240,0.61,perceptron,800,l2,0.8396825396825397,0.8396825396825397,0.8396825396825397,0.8396825396825397,5.320208549499512,0.2662769960577839,0.1644284248352051,0.01720352268262871
StochasticGradientDescent,iron,240,0.61,perceptron,800,l1,0.8543575920934412,0.8543575920934412,0.8543575920934412,0.8543575920934412,8.554514455795289,0.1998228205042669,0.17013792991638182,0.012861761203694028
StochasticGradientDescent,iron,240,0.61,perceptron,800,elasticnet,0.8507936507936508,0.8507936507936508,0.8507936507936508,0.8507936507936508,8.018638324737548,0.3993615709734881,0.16929984092712402,0.009092691379154085
StochasticGradientDescent,iron,240,0.61,perceptron,900,l2,0.8684636118598383,0.8684636118598383,0.8684636118598383,0.8684636118598383,5.328222990036011,0.20676379296190817,0.15688252449035645,0.007707992025862717
StochasticGradientDescent,iron,240,0.61,perceptron,900,l1,0.8603773584905661,0.8603773584905661,0.8603773584905661,0.8603773584905661,8.283833456039428,0.5462632185226436,0.1697218418121338,0.013381886864348547
StochasticGradientDescent,iron,240,0.61,perceptron,900,elasticnet,0.8394429469901168,0.8394429469901168,0.8394429469901168,0.8394429469901168,8.109037017822265,0.4615744746496496,0.16674199104309081,0.010078095311007966
StochasticGradientDescent,iron,240,0.61,perceptron,1000,l2,0.8324049116501946,0.8324049116501946,0.8324049116501946,0.8324049116501946,5.299070930480957,0.1435468557237659,0.1656665802001953,0.01175550405317357
StochasticGradientDescent,iron,240,0.61,perceptron,1000,l1,0.8489068583408205,0.8489068583408205,0.8489068583408205,0.8489068583408205,8.234914112091065,0.3105462880856478,0.16775288581848144,0.0068700664639506775
StochasticGradientDescent,iron,240,0.61,perceptron,1000,elasticnet,0.803414195867026,0.803414195867026,0.803414195867026,0.803414195867026,8.23704833984375,0.3842389955568899,0.17250299453735352,0.014862048967872696
StochasticGradientDescent,iron,240,0.71,hinge,100,l2,0.845612458820006,0.845612458820006,0.845612458820006,0.845612458820006,7.381741046905518,0.3435353001756527,0.1711176872253418,0.011920987267923785
StochasticGradientDescent,iron,240,0.71,hinge,100,l1,0.8621443545971849,0.8621443545971849,0.8621443545971849,0.8621443545971849,10.412123203277588,0.351660120821612,0.1605618953704834,0.008001591087303589
StochasticGradientDescent,iron,240,0.71,hinge,100,elasticnet,0.846271338724169,0.846271338724169,0.846271338724169,0.846271338724169,11.350034236907959,0.49578642017969987,0.16299424171447754,0.01001525734255367
StochasticGradientDescent,iron,240,0.71,hinge,200,l2,0.8380952380952381,0.8380952380952381,0.8380952380952381,0.8380952380952381,6.998623418807983,0.37322219886925134,0.15518765449523925,0.0059858532942645756
StochasticGradientDescent,iron,240,0.71,hinge,200,l1,0.864660077867625,0.864660077867625,0.864660077867625,0.864660077867625,9.893019151687621,0.7559962586851422,0.1645078182220459,0.005237838763611163
StochasticGradientDescent,iron,240,0.71,hinge,200,elasticnet,0.849026654687032,0.849026654687032,0.849026654687032,0.849026654687032,10.915858888626099,0.48825205357385043,0.15248918533325195,0.0076591620796987595
StochasticGradientDescent,iron,240,0.71,hinge,300,l2,0.8289607666966157,0.8289607666966157,0.8289607666966157,0.8289607666966157,7.001179599761963,0.25643739962868195,0.17536568641662598,0.01426464166235702
StochasticGradientDescent,iron,240,0.71,hinge,300,l1,0.8643306379155437,0.8643306379155437,0.8643306379155437,0.8643306379155437,9.899659395217896,0.44361459270211223,0.15813055038452148,0.006046384973942062
StochasticGradientDescent,iron,240,0.71,hinge,300,elasticnet,0.8467505241090146,0.8467505241090146,0.8467505241090146,0.8467505241090146,11.021073055267333,0.4824311363729729,0.17734260559082032,0.021427236688198185
StochasticGradientDescent,iron,240,0.71,hinge,400,l2,0.8331236897274634,0.8331236897274634,0.8331236897274634,0.8331236897274634,7.006637096405029,0.3089149008169618,0.16169476509094238,0.011508094346188762
StochasticGradientDescent,iron,240,0.71,hinge,400,l1,0.8657082958969753,0.8657082958969753,0.8657082958969753,0.8657082958969753,9.813026857376098,0.38736808674962725,0.17268843650817872,0.017560643144144402
StochasticGradientDescent,iron,240,0.71,hinge,400,elasticnet,0.8478286912249177,0.8478286912249177,0.8478286912249177,0.8478286912249177,10.706472301483155,0.5153394370156369,0.16225862503051758,0.009576202181337057
StochasticGradientDescent,iron,240,0.71,hinge,500,l2,0.8483078766097634,0.8483078766097634,0.8483078766097634,0.8483078766097634,6.814943456649781,0.2944974999717738,0.16748886108398436,0.011815026184108712
StochasticGradientDescent,iron,240,0.71,hinge,500,l1,0.8596585804132975,0.8596585804132975,0.8596585804132975,0.8596585804132975,9.960178995132447,0.5932008864122873,0.16821885108947754,0.011085978691187808
StochasticGradientDescent,iron,240,0.71,hinge,500,elasticnet,0.8336927223719677,0.8336927223719677,0.8336927223719677,0.8336927223719677,10.945769119262696,0.46576034101954356,0.16606040000915528,0.007180425402293116
StochasticGradientDescent,iron,240,0.71,hinge,600,l2,0.8513926325247081,0.8513926325247081,0.8513926325247081,0.8513926325247081,6.807488489151001,0.5139280938128469,0.1529449462890625,0.010374614800209046
StochasticGradientDescent,iron,240,0.71,hinge,600,l1,0.8637616052710392,0.8637616052710392,0.8637616052710392,0.8637616052710392,10.127549695968629,0.5840516184028172,0.1802037239074707,0.01975652837633461
StochasticGradientDescent,iron,240,0.71,hinge,600,elasticnet,0.8412398921832883,0.8412398921832883,0.8412398921832883,0.8412398921832883,11.170642757415772,0.3966646248479864,0.16070308685302734,0.0077980526267599415
StochasticGradientDescent,iron,240,0.71,hinge,700,l2,0.8320754716981131,0.8320754716981131,0.8320754716981131,0.8320754716981131,7.012987184524536,0.5030583436834498,0.17198095321655274,0.016454350828350704
StochasticGradientDescent,iron,240,0.71,hinge,700,l1,0.8625935908954776,0.8625935908954776,0.8625935908954776,0.8625935908954776,9.899249267578124,0.44840900877431267,0.18091402053833008,0.01591468932181763
StochasticGradientDescent,iron,240,0.71,hinge,700,elasticnet,0.8323150643905362,0.8323150643905362,0.8323150643905362,0.8323150643905362,11.42239351272583,0.6174292033633444,0.18317065238952637,0.021117206519843678
StochasticGradientDescent,iron,240,0.71,hinge,800,l2,0.8424977538185086,0.8424977538185086,0.8424977538185086,0.8424977538185086,7.017879581451416,0.307578541764638,0.156768274307251,0.00721894260806307
StochasticGradientDescent,iron,240,0.71,hinge,800,l1,0.8661275831087151,0.8661275831087151,0.8661275831087151,0.8661275831087151,9.78928771018982,0.6486380434237561,0.1633237838745117,0.004090557817369654
StochasticGradientDescent,iron,240,0.71,hinge,800,elasticnet,0.8294100029949085,0.8294100029949085,0.8294100029949085,0.8294100029949085,11.237731981277467,0.43144515250576115,0.16161150932312013,0.007743010329285708
StochasticGradientDescent,iron,240,0.71,hinge,900,l2,0.8439053608864931,0.8439053608864931,0.8439053608864931,0.8439053608864931,7.385467195510865,0.12090086935221415,0.16433801651000976,0.010148547809080857
StochasticGradientDescent,iron,240,0.71,hinge,900,l1,0.8646301287810723,0.8646301287810723,0.8646301287810723,0.8646301287810723,10.41428050994873,0.6675201348635716,0.16244373321533204,0.009805792236253063
StochasticGradientDescent,iron,240,0.71,hinge,900,elasticnet,0.845372866127583,0.845372866127583,0.845372866127583,0.845372866127583,10.875807666778565,0.6197061483230358,0.19536232948303223,0.03714964590337802
StochasticGradientDescent,iron,240,0.71,hinge,1000,l2,0.8373165618448638,0.8373165618448638,0.8373165618448638,0.8373165618448638,7.174866819381714,0.4205384416502654,0.15356054306030273,0.003941575705934391
StochasticGradientDescent,iron,240,0.71,hinge,1000,l1,0.8646301287810723,0.8646301287810723,0.8646301287810723,0.8646301287810723,11.293329620361328,1.028481073895816,0.1768237590789795,0.013876833706071769
StochasticGradientDescent,iron,240,0.71,hinge,1000,elasticnet,0.8438454627133872,0.8438454627133872,0.8438454627133872,0.8438454627133872,12.495865058898925,0.5316181384165153,0.17231411933898927,0.008700454086238221
StochasticGradientDescent,iron,240,0.71,log,100,l2,,,,,0.09937973022460937,0.010827684300094285,0.0,0.0
StochasticGradientDescent,iron,240,0.71,log,100,l1,,,,,0.11766653060913086,0.01765086468918113,0.0,0.0
StochasticGradientDescent,iron,240,0.71,log,100,elasticnet,,,,,0.1136977195739746,0.012331762548407982,0.0,0.0
StochasticGradientDescent,iron,240,0.71,log,200,l2,,,,,0.11524930000305175,0.00649825205137448,0.0,0.0
StochasticGradientDescent,iron,240,0.71,log,200,l1,,,,,0.12312817573547363,0.014627378790185884,0.0,0.0
StochasticGradientDescent,iron,240,0.71,log,200,elasticnet,,,,,0.1443643093109131,0.014177464622925703,0.0,0.0
StochasticGradientDescent,iron,240,0.71,log,300,l2,,,,,0.13286337852478028,0.016053233012218972,0.0,0.0
StochasticGradientDescent,iron,240,0.71,log,300,l1,,,,,0.12930889129638673,0.01517301991945944,0.0,0.0
StochasticGradientDescent,iron,240,0.71,log,300,elasticnet,,,,,0.12487430572509765,0.019169225379795717,0.0,0.0
StochasticGradientDescent,iron,240,0.71,log,400,l2,,,,,0.1262885570526123,0.01077755841339082,0.0,0.0
StochasticGradientDescent,iron,240,0.71,log,400,l1,,,,,0.1212458610534668,0.008589811406606628,0.0,0.0
StochasticGradientDescent,iron,240,0.71,log,400,elasticnet,,,,,0.12823567390441895,0.015788140778978194,0.0,0.0
StochasticGradientDescent,iron,240,0.71,log,500,l2,,,,,0.1282322883605957,0.022294371350366965,0.0,0.0
StochasticGradientDescent,iron,240,0.71,log,500,l1,,,,,0.1402116298675537,0.02071029166170298,0.0,0.0
StochasticGradientDescent,iron,240,0.71,log,500,elasticnet,,,,,0.12958893775939942,0.01289538192742168,0.0,0.0
StochasticGradientDescent,iron,240,0.71,log,600,l2,,,,,0.1313190460205078,0.023010081650454567,0.0,0.0
StochasticGradientDescent,iron,240,0.71,log,600,l1,,,,,0.15437769889831543,0.015045122106251807,0.0,0.0
StochasticGradientDescent,iron,240,0.71,log,600,elasticnet,,,,,0.12101378440856933,0.004553591615325424,0.0,0.0
StochasticGradientDescent,iron,240,0.71,log,700,l2,,,,,0.1324596405029297,0.014309357757737784,0.0,0.0
StochasticGradientDescent,iron,240,0.71,log,700,l1,,,,,0.14341158866882325,0.02637689103366466,0.0,0.0
StochasticGradientDescent,iron,240,0.71,log,700,elasticnet,,,,,0.13498926162719727,0.01612655071779687,0.0,0.0
StochasticGradientDescent,iron,240,0.71,log,800,l2,,,,,0.13805041313171387,0.013275248405014595,0.0,0.0
StochasticGradientDescent,iron,240,0.71,log,800,l1,,,,,0.1800283432006836,0.057498173276819935,0.0,0.0
StochasticGradientDescent,iron,240,0.71,log,800,elasticnet,,,,,0.14685945510864257,0.013517739818968396,0.0,0.0
StochasticGradientDescent,iron,240,0.71,log,900,l2,,,,,0.14789991378784179,0.018962283811558508,0.0,0.0
StochasticGradientDescent,iron,240,0.71,log,900,l1,,,,,0.1501613140106201,0.030866762883765896,0.0,0.0
StochasticGradientDescent,iron,240,0.71,log,900,elasticnet,,,,,0.1525883674621582,0.02105040564430363,0.0,0.0
StochasticGradientDescent,iron,240,0.71,log,1000,l2,,,,,0.15288143157958983,0.018545826893029017,0.0,0.0
StochasticGradientDescent,iron,240,0.71,log,1000,l1,,,,,0.14634714126586915,0.017060203945376613,0.0,0.0
StochasticGradientDescent,iron,240,0.71,log,1000,elasticnet,,,,,0.14933104515075685,0.012655716383615493,0.0,0.0
StochasticGradientDescent,iron,240,0.71,modified_huber,100,l2,0.859748427672956,0.859748427672956,0.859748427672956,0.859748427672956,11.796913290023804,0.7357861732575206,0.1788684368133545,0.020440508765173615
StochasticGradientDescent,iron,240,0.71,modified_huber,100,l1,0.8671159029649596,0.8671159029649596,0.8671159029649596,0.8671159029649596,25.901782035827637,0.41427151352168545,0.18637642860412598,0.030323054027675652
StochasticGradientDescent,iron,240,0.71,modified_huber,100,elasticnet,0.8694219826295297,0.8694219826295297,0.8694219826295297,0.8694219826295297,18.959135484695434,1.497925375036329,0.15672998428344725,0.005886497245050676
StochasticGradientDescent,iron,240,0.71,modified_huber,200,l2,0.8600479185384845,0.8600479185384845,0.8600479185384845,0.8600479185384845,11.288659906387329,0.4830573054842529,0.15755076408386232,0.010730745413105707
StochasticGradientDescent,iron,240,0.71,modified_huber,200,l1,0.8696915244085055,0.8696915244085055,0.8696915244085055,0.8696915244085055,31.097889947891236,2.0833859303935607,0.15115389823913575,0.007001371981484146
StochasticGradientDescent,iron,240,0.71,modified_huber,200,elasticnet,0.8673255465708296,0.8673255465708296,0.8673255465708296,0.8673255465708296,18.01591329574585,1.0435861480593203,0.15840525627136232,0.008152620747330062
StochasticGradientDescent,iron,240,0.71,modified_huber,300,l2,0.8683438155136269,0.8683438155136269,0.8683438155136269,0.8683438155136269,11.007298898696899,1.047764371507689,0.15310325622558593,0.0043268017172542585
StochasticGradientDescent,iron,240,0.71,modified_huber,300,l1,0.8667864630128781,0.8667864630128781,0.8667864630128781,0.8667864630128781,33.56480526924133,1.7112486058187903,0.16536283493041992,0.00966721346680774
StochasticGradientDescent,iron,240,0.71,modified_huber,300,elasticnet,0.866157532195268,0.866157532195268,0.866157532195268,0.866157532195268,16.812290573120116,0.8974432693473183,0.1766369342803955,0.018839095762362496
StochasticGradientDescent,iron,240,0.71,modified_huber,400,l2,0.8659778376759508,0.8659778376759508,0.8659778376759508,0.8659778376759508,10.305836486816407,0.23740445255979675,0.16544981002807618,0.022363526029413067
StochasticGradientDescent,iron,240,0.71,modified_huber,400,l1,0.8666966157532195,0.8666966157532195,0.8666966157532195,0.8666966157532195,32.37887988090515,2.1602483835221458,0.1517467498779297,0.006330532677671994
StochasticGradientDescent,iron,240,0.71,modified_huber,400,elasticnet,0.8694818808026354,0.8694818808026354,0.8694818808026354,0.8694818808026354,18.301443767547607,1.2241687170664548,0.15917224884033204,0.008671849994298918
StochasticGradientDescent,iron,240,0.71,modified_huber,500,l2,0.8528601377657982,0.8528601377657982,0.8528601377657982,0.8528601377657982,10.696072673797607,0.49257869833712226,0.17483224868774414,0.01968023368801812
StochasticGradientDescent,iron,240,0.71,modified_huber,500,l1,0.8652890086852351,0.8652890086852351,0.8652890086852351,0.8652890086852351,33.66273097991943,2.243530054792934,0.16116118431091309,0.013462449556229135
StochasticGradientDescent,iron,240,0.71,modified_huber,500,elasticnet,0.8701707097933514,0.8701707097933514,0.8701707097933514,0.8701707097933514,17.562430095672607,1.5948385425710612,0.16245741844177247,0.010092726528533748
StochasticGradientDescent,iron,240,0.71,modified_huber,600,l2,0.8528002395926926,0.8528002395926926,0.8528002395926926,0.8528002395926926,10.42947678565979,0.7431030784542629,0.154437255859375,0.006290418427207998
StochasticGradientDescent,iron,240,0.71,modified_huber,600,l1,0.8670260557053009,0.8670260557053009,0.8670260557053009,0.8670260557053009,32.26683702468872,2.171088706745511,0.16561694145202638,0.02299807145409238
StochasticGradientDescent,iron,240,0.71,modified_huber,600,elasticnet,0.8657382449835278,0.8657382449835278,0.8657382449835278,0.8657382449835278,17.649722814559937,1.1348702291005668,0.16722302436828612,0.010128774273036907
StochasticGradientDescent,iron,240,0.71,modified_huber,700,l2,0.8716382150344414,0.8716382150344414,0.8716382150344414,0.8716382150344414,11.787874698638916,0.5985319776784996,0.16374950408935546,0.01591003830814951
StochasticGradientDescent,iron,240,0.71,modified_huber,700,l1,0.8675351901766997,0.8675351901766997,0.8675351901766997,0.8675351901766997,34.75641183853149,2.780109706056259,0.17936911582946777,0.02785736433568014
StochasticGradientDescent,iron,240,0.71,modified_huber,700,elasticnet,0.8748727163821503,0.8748727163821503,0.8748727163821503,0.8748727163821503,18.416687345504762,1.2599112454039914,0.1683168888092041,0.019684758321571287
StochasticGradientDescent,iron,240,0.71,modified_huber,800,l2,0.8714884696016773,0.8714884696016773,0.8714884696016773,0.8714884696016773,11.80517292022705,0.9011402279308816,0.18068695068359375,0.011874328972676582
StochasticGradientDescent,iron,240,0.71,modified_huber,800,l1,0.8681641209943096,0.8681641209943096,0.8681641209943096,0.8681641209943096,31.14567651748657,1.8597482806009311,0.15854249000549317,0.006316910515499903
StochasticGradientDescent,iron,240,0.71,modified_huber,800,elasticnet,0.870020964360587,0.870020964360587,0.870020964360587,0.870020964360587,18.132112979888916,1.6359432894035404,0.16520395278930664,0.013052033064106372
StochasticGradientDescent,iron,240,0.71,modified_huber,900,l2,0.8695717280622942,0.8695717280622942,0.8695717280622942,0.8695717280622942,11.672660684585571,0.47828796174152677,0.16682929992675782,0.014811046740715117
StochasticGradientDescent,iron,240,0.71,modified_huber,900,l1,0.8659778376759508,0.8659778376759508,0.8659778376759508,0.8659778376759508,35.375569915771486,2.7270858976988084,0.164837646484375,0.007310266962737977
StochasticGradientDescent,iron,240,0.71,modified_huber,900,elasticnet,0.8578616352201258,0.8578616352201258,0.8578616352201258,0.8578616352201258,18.528144884109498,1.7413908468960244,0.15629496574401855,0.008651892070170954
StochasticGradientDescent,iron,240,0.71,modified_huber,1000,l2,0.8674153938304882,0.8674153938304882,0.8674153938304882,0.8674153938304882,10.983802223205567,0.44618493721790675,0.1687633514404297,0.019830703987827138
StochasticGradientDescent,iron,240,0.71,modified_huber,1000,l1,0.8677747828691225,0.8677747828691225,0.8677747828691225,0.8677747828691225,36.42194046974182,2.32744152350145,0.16104588508605958,0.013050592320269616
StochasticGradientDescent,iron,240,0.71,modified_huber,1000,elasticnet,0.8647499251272837,0.8647499251272837,0.8647499251272837,0.8647499251272837,17.87589054107666,1.5101485502250558,0.17182717323303223,0.01918733202973754
StochasticGradientDescent,iron,240,0.71,squared_hinge,100,l2,0.8029649595687331,0.8029649595687331,0.8029649595687331,0.8029649595687331,14.197874164581298,0.23638189479409868,0.17322196960449218,0.019927028525471492
StochasticGradientDescent,iron,240,0.71,squared_hinge,100,l1,0.8601976639712487,0.8601976639712487,0.8601976639712487,0.8601976639712487,27.801191759109496,2.295829431026768,0.1926187038421631,0.014213239038058005
StochasticGradientDescent,iron,240,0.71,squared_hinge,100,elasticnet,0.8227014076070679,0.8227014076070679,0.8227014076070679,0.8227014076070679,25.03375849723816,1.363536255185635,0.18575973510742189,0.00965255443382012
StochasticGradientDescent,iron,240,0.71,squared_hinge,200,l2,0.7987720874513327,0.7987720874513327,0.7987720874513327,0.7987720874513327,24.69758896827698,1.8992430650118877,0.17276744842529296,0.01598177895020506
StochasticGradientDescent,iron,240,0.71,squared_hinge,200,l1,0.859329140461216,0.859329140461216,0.859329140461216,0.859329140461216,48.995511531829834,2.8200330567684193,0.16094164848327636,0.0124013353339691
StochasticGradientDescent,iron,240,0.71,squared_hinge,200,elasticnet,0.8123689727463311,0.8123689727463311,0.8123689727463311,0.8123689727463311,40.33290948867798,3.2287821930488976,0.16023607254028321,0.014195285616540631
StochasticGradientDescent,iron,240,0.71,squared_hinge,300,l2,0.7858340820604971,0.7858340820604971,0.7858340820604971,0.7858340820604971,31.05280408859253,2.632808176817162,0.1736691951751709,0.012074375903195213
StochasticGradientDescent,iron,240,0.71,squared_hinge,300,l1,0.8596585804132975,0.8596585804132975,0.8596585804132975,0.8596585804132975,60.124951696395875,12.659921042031577,0.15650835037231445,0.007310660873051768
StochasticGradientDescent,iron,240,0.71,squared_hinge,300,elasticnet,0.8056903264450435,0.8056903264450435,0.8056903264450435,0.8056903264450435,51.65234289169312,5.715956442570241,0.15435247421264647,0.008692674753505956
StochasticGradientDescent,iron,240,0.71,squared_hinge,400,l2,0.7882300089847258,0.7882300089847258,0.7882300089847258,0.7882300089847258,33.94751319885254,3.8110512447499345,0.16745944023132325,0.013486708706232163
StochasticGradientDescent,iron,240,0.71,squared_hinge,400,l1,0.8617250673854446,0.8617250673854446,0.8617250673854446,0.8617250673854446,52.215265893936156,6.033814979455884,0.1634143829345703,0.017422596553309
StochasticGradientDescent,iron,240,0.71,squared_hinge,400,elasticnet,0.8126085654387541,0.8126085654387541,0.8126085654387541,0.8126085654387541,56.113679265975954,3.9279161440258195,0.16182708740234375,0.01243783680778453
StochasticGradientDescent,iron,240,0.71,squared_hinge,500,l2,0.8056004791853848,0.8056004791853848,0.8056004791853848,0.8056004791853848,40.40732474327088,1.7369361860286368,0.19728999137878417,0.037135799377770534
StochasticGradientDescent,iron,240,0.71,squared_hinge,500,l1,0.8600479185384845,0.8600479185384845,0.8600479185384845,0.8600479185384845,65.2040874004364,19.93718421400256,0.17259416580200196,0.009668472463858825
StochasticGradientDescent,iron,240,0.71,squared_hinge,500,elasticnet,0.8093740640910452,0.8093740640910452,0.8093740640910452,0.8093740640910452,59.67961735725403,12.917286776449227,0.16033406257629396,0.012883550151110474
StochasticGradientDescent,iron,240,0.71,squared_hinge,600,l2,0.7964360587002096,0.7964360587002096,0.7964360587002096,0.7964360587002096,39.720356941223145,5.1015479636906775,0.16168694496154784,0.01319277787523211
StochasticGradientDescent,iron,240,0.71,squared_hinge,600,l1,0.861036238394729,0.861036238394729,0.861036238394729,0.861036238394729,57.14993634223938,5.906377885311576,0.16414332389831543,0.013597640815280131
StochasticGradientDescent,iron,240,0.71,squared_hinge,600,elasticnet,0.8063791554357593,0.8063791554357593,0.8063791554357593,0.8063791554357593,63.14655699729919,14.170569294247787,0.17357897758483887,0.02282154861442175
StochasticGradientDescent,iron,240,0.71,squared_hinge,700,l2,0.7928122192273136,0.7928122192273136,0.7928122192273136,0.7928122192273136,42.57106742858887,3.470640705743479,0.15823473930358886,0.012042860805966433
StochasticGradientDescent,iron,240,0.71,squared_hinge,700,l1,0.8596585804132975,0.8596585804132975,0.8596585804132975,0.8596585804132975,67.41577968597412,24.776132948792675,0.16176080703735352,0.010797932472691249
StochasticGradientDescent,iron,240,0.71,squared_hinge,700,elasticnet,0.8110512129380055,0.8110512129380055,0.8110512129380055,0.8110512129380055,62.14870047569275,3.209124734211697,0.15225496292114257,0.009137433081333803
StochasticGradientDescent,iron,240,0.71,squared_hinge,800,l2,0.8086552860137767,0.8086552860137767,0.8086552860137767,0.8086552860137767,39.395270919799806,5.623516027617178,0.16270503997802735,0.009334643155696746
StochasticGradientDescent,iron,240,0.71,squared_hinge,800,l1,0.8591793950284516,0.8591793950284516,0.8591793950284516,0.8591793950284516,55.63693585395813,8.63092938757107,0.15914416313171387,0.006165186004572098
StochasticGradientDescent,iron,240,0.71,squared_hinge,800,elasticnet,0.8315962863132673,0.8315962863132673,0.8315962863132673,0.8315962863132673,51.836187505722044,2.6003467467119394,0.1546718120574951,0.0037388046101577126
StochasticGradientDescent,iron,240,0.71,squared_hinge,900,l2,0.8020964360587003,0.8020964360587003,0.8020964360587003,0.8020964360587003,44.39094080924988,6.623416090993784,0.1616215229034424,0.014524520683536839
StochasticGradientDescent,iron,240,0.71,squared_hinge,900,l1,0.8601078167115904,0.8601078167115904,0.8601078167115904,0.8601078167115904,69.32471947669983,23.52735063198772,0.16288299560546876,0.031113114639795124
StochasticGradientDescent,iron,240,0.71,squared_hinge,900,elasticnet,0.808775082359988,0.808775082359988,0.808775082359988,0.808775082359988,59.53994011878967,9.69070043999075,0.16255016326904298,0.014132405916163228
StochasticGradientDescent,iron,240,0.71,squared_hinge,1000,l2,0.804282719377059,0.804282719377059,0.804282719377059,0.804282719377059,35.48214268684387,1.7287248134698603,0.16039910316467285,0.018153851157766868
StochasticGradientDescent,iron,240,0.71,squared_hinge,1000,l1,0.859359089547769,0.859359089547769,0.859359089547769,0.859359089547769,69.50019164085388,31.773398605270234,0.16756558418273926,0.013388339413962749
StochasticGradientDescent,iron,240,0.71,squared_hinge,1000,elasticnet,0.8188679245283019,0.8188679245283019,0.8188679245283019,0.8188679245283019,64.48536081314087,16.823259997517713,0.16779751777648927,0.023419463416575078
StochasticGradientDescent,iron,240,0.71,perceptron,100,l2,0.8363581910751723,0.8363581910751723,0.8363581910751723,0.8363581910751723,4.544565105438233,0.2615090947322247,0.15117106437683106,0.007579979204870124
StochasticGradientDescent,iron,240,0.71,perceptron,100,l1,0.8512129380053908,0.8512129380053908,0.8512129380053908,0.8512129380053908,7.274986505508423,0.42296164932117086,0.14321670532226563,0.004554277782897431
StochasticGradientDescent,iron,240,0.71,perceptron,100,elasticnet,0.8210242587601078,0.8210242587601078,0.8210242587601078,0.8210242587601078,6.9336096286773685,0.26947725835334047,0.16453046798706056,0.010048038564743615
StochasticGradientDescent,iron,240,0.71,perceptron,200,l2,0.8414495357891585,0.8414495357891585,0.8414495357891585,0.8414495357891585,4.987041711807251,0.2998052660681956,0.17303819656372071,0.02417721080799875
StochasticGradientDescent,iron,240,0.71,perceptron,200,l1,0.8586403114705001,0.8586403114705001,0.8586403114705001,0.8586403114705001,7.582017230987549,0.1810213978040436,0.15585222244262695,0.010109104813849136
StochasticGradientDescent,iron,240,0.71,perceptron,200,elasticnet,0.8431266846361186,0.8431266846361186,0.8431266846361186,0.8431266846361186,7.706558132171631,0.4897737363747879,0.18959460258483887,0.03703110125467305
StochasticGradientDescent,iron,240,0.71,perceptron,300,l2,0.8368972746331236,0.8368972746331236,0.8368972746331236,0.8368972746331236,5.231469678878784,0.3037166990028868,0.16991591453552246,0.02005966993064168
StochasticGradientDescent,iron,240,0.71,perceptron,300,l1,0.8495956873315365,0.8495956873315365,0.8495956873315365,0.8495956873315365,8.267886734008789,0.2709779536918038,0.16825075149536134,0.019592682575936732
StochasticGradientDescent,iron,240,0.71,perceptron,300,elasticnet,0.8462713387241688,0.8462713387241688,0.8462713387241688,0.8462713387241688,7.3834311962127686,0.16580691255492302,0.16609854698181153,0.006247181770029178
StochasticGradientDescent,iron,240,0.71,perceptron,400,l2,0.8251572327044026,0.8251572327044026,0.8251572327044026,0.8251572327044026,5.109575796127319,0.19096217770097287,0.16315503120422364,0.010947095007759148
StochasticGradientDescent,iron,240,0.71,perceptron,400,l1,0.8542976939203355,0.8542976939203355,0.8542976939203355,0.8542976939203355,8.610198640823365,0.34983183971302007,0.1727264404296875,0.01041117828723286
StochasticGradientDescent,iron,240,0.71,perceptron,400,elasticnet,0.830817610062893,0.830817610062893,0.830817610062893,0.830817610062893,7.986958169937134,0.36997573624460023,0.18310890197753907,0.018162606074793808
StochasticGradientDescent,iron,240,0.71,perceptron,500,l2,0.8141659179395029,0.8141659179395029,0.8141659179395029,0.8141659179395029,5.206408214569092,0.13488840979687874,0.17162389755249025,0.01171548036919312
StochasticGradientDescent,iron,240,0.71,perceptron,500,l1,0.8541179994010182,0.8541179994010182,0.8541179994010182,0.8541179994010182,8.323867177963256,0.31855989578288424,0.17637019157409667,0.014668520539863507
StochasticGradientDescent,iron,240,0.71,perceptron,500,elasticnet,0.850763701707098,0.850763701707098,0.850763701707098,0.850763701707098,8.221058797836303,0.25856060365098016,0.1803056240081787,0.021842578045823128
StochasticGradientDescent,iron,240,0.71,perceptron,600,l2,0.8438754117999402,0.8438754117999402,0.8438754117999402,0.8438754117999402,5.125882482528686,0.19305567710039068,0.15935759544372557,0.005873555342192431
StochasticGradientDescent,iron,240,0.71,perceptron,600,l1,0.850524109014675,0.850524109014675,0.850524109014675,0.850524109014675,8.571725797653198,0.22643245432585923,0.19003210067749024,0.042602849724319714
StochasticGradientDescent,iron,240,0.71,perceptron,600,elasticnet,0.8237795747229709,0.8237795747229709,0.8237795747229709,0.8237795747229709,7.911079835891724,0.32315726249367605,0.1883378028869629,0.02724551385015296
StochasticGradientDescent,iron,240,0.71,perceptron,700,l2,0.8150044923629828,0.8150044923629828,0.8150044923629828,0.8150044923629828,5.158915042877197,0.19955540474259548,0.16526508331298828,0.00972415041690328
StochasticGradientDescent,iron,240,0.71,perceptron,700,l1,0.8517819706498952,0.8517819706498952,0.8517819706498952,0.8517819706498952,8.729566192626953,0.34938667650590705,0.16893177032470702,0.014595973056574878
StochasticGradientDescent,iron,240,0.71,perceptron,700,elasticnet,0.8543875411799939,0.8543875411799939,0.8543875411799939,0.8543875411799939,7.836243677139282,0.23919197638826792,0.17963051795959473,0.0168682375138449
StochasticGradientDescent,iron,240,0.71,perceptron,800,l2,0.7863731656184486,0.7863731656184486,0.7863731656184486,0.7863731656184486,5.283980751037598,0.12206416857898568,0.16822118759155275,0.014307118371995041
StochasticGradientDescent,iron,240,0.71,perceptron,800,l1,0.8528601377657982,0.8528601377657982,0.8528601377657982,0.8528601377657982,8.777616691589355,0.46889335328278064,0.15471558570861815,0.010983713006005013
StochasticGradientDescent,iron,240,0.71,perceptron,800,elasticnet,0.798921832884097,0.798921832884097,0.798921832884097,0.798921832884097,8.143127059936523,0.2617717341201702,0.16846508979797364,0.0156311293533502
StochasticGradientDescent,iron,240,0.71,perceptron,900,l2,0.8229410002994909,0.8229410002994909,0.8229410002994909,0.8229410002994909,5.296887159347534,0.25087497304017925,0.15633573532104492,0.008820123102517532
StochasticGradientDescent,iron,240,0.71,perceptron,900,l1,0.8536987121892782,0.8536987121892782,0.8536987121892782,0.8536987121892782,8.454902458190919,0.35470888525804667,0.17833776473999025,0.02934361790133541
StochasticGradientDescent,iron,240,0.71,perceptron,900,elasticnet,0.8364480383348308,0.8364480383348308,0.8364480383348308,0.8364480383348308,7.870412349700928,0.3142416570756284,0.16731672286987304,0.015418412591235194
StochasticGradientDescent,iron,240,0.71,perceptron,1000,l2,0.8263551961665169,0.8263551961665169,0.8263551961665169,0.8263551961665169,5.617733097076416,0.22242671155128121,0.17322535514831544,0.01898221773388853
StochasticGradientDescent,iron,240,0.71,perceptron,1000,l1,0.8584905660377359,0.8584905660377359,0.8584905660377359,0.8584905660377359,8.89774284362793,0.6296958217199221,0.19614157676696778,0.02687940468669328
StochasticGradientDescent,iron,240,0.71,perceptron,1000,elasticnet,0.8442348008385745,0.8442348008385745,0.8442348008385745,0.8442348008385745,8.072497844696045,0.2562886619841395,0.16873784065246583,0.01835112388670036
StochasticGradientDescent,iron,240,0.81,hinge,100,l2,0.8397723869421982,0.8397723869421982,0.8397723869421982,0.8397723869421982,6.97872371673584,0.5651016248918985,0.1589827060699463,0.005307937127550208
StochasticGradientDescent,iron,240,0.81,hinge,100,l1,0.8637616052710392,0.8637616052710392,0.8637616052710392,0.8637616052710392,10.306125783920288,0.44785166446702135,0.16100649833679198,0.013865667015978826
StochasticGradientDescent,iron,240,0.81,hinge,100,elasticnet,0.8466007786762504,0.8466007786762504,0.8466007786762504,0.8466007786762504,10.990251398086547,0.7253720694604556,0.1614844799041748,0.011362431190674403
StochasticGradientDescent,iron,240,0.81,hinge,200,l2,0.8266247379454926,0.8266247379454926,0.8266247379454926,0.8266247379454926,6.917467069625855,0.25371898774369783,0.16820650100708007,0.01573392498862538
StochasticGradientDescent,iron,240,0.81,hinge,200,l1,0.8671458520515124,0.8671458520515124,0.8671458520515124,0.8671458520515124,10.208673858642578,0.598513423106634,0.16140613555908204,0.002218140842936106
StochasticGradientDescent,iron,240,0.81,hinge,200,elasticnet,0.8440251572327044,0.8440251572327044,0.8440251572327044,0.8440251572327044,10.98312258720398,0.6917401878192794,0.16225047111511232,0.009551728171785456
StochasticGradientDescent,iron,240,0.81,hinge,300,l2,0.8289607666966157,0.8289607666966157,0.8289607666966157,0.8289607666966157,6.895480585098267,0.29664157743458675,0.15297465324401854,0.007461396628231591
StochasticGradientDescent,iron,240,0.81,hinge,300,l1,0.8633722671458521,0.8633722671458521,0.8633722671458521,0.8633722671458521,10.64790062904358,0.5666567829012681,0.16457343101501465,0.013172188171585336
StochasticGradientDescent,iron,240,0.81,hinge,300,elasticnet,0.8406109613656785,0.8406109613656785,0.8406109613656785,0.8406109613656785,10.763949871063232,0.6592172818155437,0.1631319999694824,0.010871472074086844
StochasticGradientDescent,iron,240,0.81,hinge,400,l2,0.8384546271338724,0.8384546271338724,0.8384546271338724,0.8384546271338724,7.073830413818359,0.4742385716855185,0.16335611343383788,0.017840838888806294
StochasticGradientDescent,iron,240,0.81,hinge,400,l1,0.8604971548367775,0.8604971548367775,0.8604971548367775,0.8604971548367775,10.163136720657349,0.8736368832922319,0.15995984077453612,0.0095862271262215
StochasticGradientDescent,iron,240,0.81,hinge,400,elasticnet,0.8372866127583108,0.8372866127583108,0.8372866127583108,0.8372866127583108,11.330209064483643,0.611447494292434,0.16437225341796874,0.011810444397940746
StochasticGradientDescent,iron,240,0.81,hinge,500,l2,0.8465708295896975,0.8465708295896975,0.8465708295896975,0.8465708295896975,7.1246270656585695,0.33198165921862904,0.17863788604736328,0.02257604436042844
StochasticGradientDescent,iron,240,0.81,hinge,500,l1,0.8660976340221623,0.8660976340221623,0.8660976340221623,0.8660976340221623,9.975775480270386,0.7798633921787749,0.17445263862609864,0.017848034316247714
StochasticGradientDescent,iron,240,0.81,hinge,500,elasticnet,0.84429469901168,0.84429469901168,0.84429469901168,0.84429469901168,11.604254722595215,0.6844044011129876,0.16458287239074706,0.011886738044384178
StochasticGradientDescent,iron,240,0.81,hinge,600,l2,0.8412099430967356,0.8412099430967356,0.8412099430967356,0.8412099430967356,7.3013581275939945,0.2282563517574482,0.1833801746368408,0.016357234064662447
StochasticGradientDescent,iron,240,0.81,hinge,600,l1,0.8664270739742438,0.8664270739742438,0.8664270739742438,0.8664270739742438,10.441864109039306,0.16795720296155903,0.16888203620910644,0.012537414678977387
StochasticGradientDescent,iron,240,0.81,hinge,600,elasticnet,0.8467804731955676,0.8467804731955676,0.8467804731955676,0.8467804731955676,10.496118259429931,0.6213286549206776,0.15569753646850587,0.008617037250512313
StochasticGradientDescent,iron,240,0.81,hinge,700,l2,0.8257262653489068,0.8257262653489068,0.8257262653489068,0.8257262653489068,6.646464776992798,0.3598600065744357,0.15377931594848632,0.006850616160304618
StochasticGradientDescent,iron,240,0.81,hinge,700,l1,0.8622342018568434,0.8622342018568434,0.8622342018568434,0.8622342018568434,9.555152559280396,0.5171221739489922,0.17011137008666993,0.017320813678198113
StochasticGradientDescent,iron,240,0.81,hinge,700,elasticnet,0.8324049116501946,0.8324049116501946,0.8324049116501946,0.8324049116501946,11.240611934661866,0.842168476413388,0.16221890449523926,0.010944885034988038
StochasticGradientDescent,iron,240,0.81,hinge,800,l2,0.8410002994908655,0.8410002994908655,0.8410002994908655,0.8410002994908655,6.80161485671997,0.17919628885860509,0.1792989730834961,0.014440549998118992
StochasticGradientDescent,iron,240,0.81,hinge,800,l1,0.8626834381551364,0.8626834381551364,0.8626834381551364,0.8626834381551364,10.265452146530151,0.32962539290574755,0.18285112380981444,0.011618183325338606
StochasticGradientDescent,iron,240,0.81,hinge,800,elasticnet,0.8448038334830787,0.8448038334830787,0.8448038334830787,0.8448038334830787,10.7586275100708,0.4607681962179169,0.16807408332824708,0.007627510902814333
StochasticGradientDescent,iron,240,0.81,hinge,900,l2,0.8457023060796647,0.8457023060796647,0.8457023060796647,0.8457023060796647,7.359304618835449,0.27801278995847606,0.1544260025024414,0.008131104069222917
StochasticGradientDescent,iron,240,0.81,hinge,900,l1,0.8662473794549266,0.8662473794549266,0.8662473794549266,0.8662473794549266,10.432365703582764,0.3766987239226796,0.16310601234436034,0.0031808546457609455
StochasticGradientDescent,iron,240,0.81,hinge,900,elasticnet,0.8430967355495657,0.8430967355495657,0.8430967355495657,0.8430967355495657,11.78408579826355,0.7522802383109832,0.18136720657348632,0.012552916695248453
StochasticGradientDescent,iron,240,0.81,hinge,1000,l2,0.8365678346810421,0.8365678346810421,0.8365678346810421,0.8365678346810421,6.735310363769531,0.3042429606914599,0.1544766902923584,0.007553993947125814
StochasticGradientDescent,iron,240,0.81,hinge,1000,l1,0.8623539982030548,0.8623539982030548,0.8623539982030548,0.8623539982030548,11.3630690574646,0.4174869797875623,0.19925756454467775,0.035686298366263004
StochasticGradientDescent,iron,240,0.81,hinge,1000,elasticnet,0.8374962563641809,0.8374962563641809,0.8374962563641809,0.8374962563641809,11.96848793029785,0.7962362358378425,0.16706604957580568,0.012767861224933728
StochasticGradientDescent,iron,240,0.81,log,100,l2,,,,,0.09300475120544434,0.0028262693856014307,0.0,0.0
StochasticGradientDescent,iron,240,0.81,log,100,l1,,,,,0.09139075279235839,0.00468718088261378,0.0,0.0
StochasticGradientDescent,iron,240,0.81,log,100,elasticnet,,,,,0.10956749916076661,0.008571930307908399,0.0,0.0
StochasticGradientDescent,iron,240,0.81,log,200,l2,,,,,0.10377206802368164,0.006982206322924457,0.0,0.0
StochasticGradientDescent,iron,240,0.81,log,200,l1,,,,,0.1050809383392334,0.012347814099957007,0.0,0.0
StochasticGradientDescent,iron,240,0.81,log,200,elasticnet,,,,,0.09619359970092774,0.005024129102710465,0.0,0.0
StochasticGradientDescent,iron,240,0.81,log,300,l2,,,,,0.10901308059692383,0.009361223179285567,0.0,0.0
StochasticGradientDescent,iron,240,0.81,log,300,l1,,,,,0.10437951087951661,0.010095768163927538,0.0,0.0
StochasticGradientDescent,iron,240,0.81,log,300,elasticnet,,,,,0.11384468078613282,0.009474307674377368,0.0,0.0
StochasticGradientDescent,iron,240,0.81,log,400,l2,,,,,0.10774793624877929,0.008036759590388071,0.0,0.0
StochasticGradientDescent,iron,240,0.81,log,400,l1,,,,,0.11669831275939942,0.020374391641301188,0.0,0.0
StochasticGradientDescent,iron,240,0.81,log,400,elasticnet,,,,,0.11839070320129394,0.010267565925415697,0.0,0.0
StochasticGradientDescent,iron,240,0.81,log,500,l2,,,,,0.14732437133789061,0.0093162611618653,0.0,0.0
StochasticGradientDescent,iron,240,0.81,log,500,l1,,,,,0.15425000190734864,0.01651072000249053,0.0,0.0
StochasticGradientDescent,iron,240,0.81,log,500,elasticnet,,,,,0.13845653533935548,0.03006144300547793,0.0,0.0
StochasticGradientDescent,iron,240,0.81,log,600,l2,,,,,0.12879691123962403,0.01410178163744783,0.0,0.0
StochasticGradientDescent,iron,240,0.81,log,600,l1,,,,,0.13981275558471679,0.025570954812100536,0.0,0.0
StochasticGradientDescent,iron,240,0.81,log,600,elasticnet,,,,,0.13492608070373535,0.013073414791282567,0.0,0.0
StochasticGradientDescent,iron,240,0.81,log,700,l2,,,,,0.16383543014526367,0.0376548317517421,0.0,0.0
StochasticGradientDescent,iron,240,0.81,log,700,l1,,,,,0.1611393451690674,0.013458191010785632,0.0,0.0
StochasticGradientDescent,iron,240,0.81,log,700,elasticnet,,,,,0.13708171844482422,0.028927041884766646,0.0,0.0
StochasticGradientDescent,iron,240,0.81,log,800,l2,,,,,0.131013822555542,0.024050961305348027,0.0,0.0
StochasticGradientDescent,iron,240,0.81,log,800,l1,,,,,0.14480385780334473,0.018832704364162903,0.0,0.0
StochasticGradientDescent,iron,240,0.81,log,800,elasticnet,,,,,0.12480001449584961,0.004880877846819972,0.0,0.0
StochasticGradientDescent,iron,240,0.81,log,900,l2,,,,,0.14370036125183105,0.03925032091631893,0.0,0.0
StochasticGradientDescent,iron,240,0.81,log,900,l1,,,,,0.12760038375854493,0.016081088119658967,0.0,0.0
StochasticGradientDescent,iron,240,0.81,log,900,elasticnet,,,,,0.13584318161010742,0.011378783521456281,0.0,0.0
StochasticGradientDescent,iron,240,0.81,log,1000,l2,,,,,0.1300187587738037,0.008996690846220458,0.0,0.0
StochasticGradientDescent,iron,240,0.81,log,1000,l1,,,,,0.13042864799499512,0.010793675000764433,0.0,0.0
StochasticGradientDescent,iron,240,0.81,log,1000,elasticnet,,,,,0.13710465431213378,0.015823382896179693,0.0,0.0
StochasticGradientDescent,iron,240,0.81,modified_huber,100,l2,0.8625636418089249,0.8625636418089249,0.8625636418089249,0.8625636418089249,12.161234378814697,0.4174609073780596,0.1685492992401123,0.014077670760007934
StochasticGradientDescent,iron,240,0.81,modified_huber,100,l1,0.8694219826295297,0.8694219826295297,0.8694219826295297,0.8694219826295297,26.284593105316162,0.5420344493364488,0.16597466468811034,0.01841469179778125
StochasticGradientDescent,iron,240,0.81,modified_huber,100,elasticnet,0.8746331236897275,0.8746331236897275,0.8746331236897275,0.8746331236897275,19.20852847099304,1.1257190921745994,0.16026735305786133,0.016650508695936754
StochasticGradientDescent,iron,240,0.81,modified_huber,200,l2,0.8598382749326147,0.8598382749326147,0.8598382749326147,0.8598382749326147,11.45334267616272,0.5091013411209633,0.15639996528625488,0.010385225575991492
StochasticGradientDescent,iron,240,0.81,modified_huber,200,l1,0.866157532195268,0.866157532195268,0.866157532195268,0.866157532195268,33.57484793663025,1.300834866476433,0.16926703453063965,0.02224193870368324
StochasticGradientDescent,iron,240,0.81,modified_huber,200,elasticnet,0.8761305780173704,0.8761305780173704,0.8761305780173704,0.8761305780173704,18.2925163269043,0.7754733046401905,0.1542649269104004,0.011188305329847548
StochasticGradientDescent,iron,240,0.81,modified_huber,300,l2,0.8555256064690028,0.8555256064690028,0.8555256064690028,0.8555256064690028,11.759183597564697,0.4327069233002957,0.15420913696289062,0.00966825397109225
StochasticGradientDescent,iron,240,0.81,modified_huber,300,l1,0.8693021862833185,0.8693021862833185,0.8693021862833185,0.8693021862833185,33.42113199234009,2.572278578007398,0.16066136360168456,0.007428151249848445
StochasticGradientDescent,iron,240,0.81,modified_huber,300,elasticnet,0.8645402815214135,0.8645402815214135,0.8645402815214135,0.8645402815214135,18.397218799591066,1.5509607915521602,0.16152577400207518,0.009811438116441206
StochasticGradientDescent,iron,240,0.81,modified_huber,400,l2,0.8662773285414793,0.8662773285414793,0.8662773285414793,0.8662773285414793,11.333330440521241,1.1608057903392277,0.15878796577453613,0.008758332360980907
StochasticGradientDescent,iron,240,0.81,modified_huber,400,l1,0.8662773285414793,0.8662773285414793,0.8662773285414793,0.8662773285414793,36.53277583122254,2.776550382037779,0.15733065605163574,0.015701631084881734
StochasticGradientDescent,iron,240,0.81,modified_huber,400,elasticnet,0.862084456424079,0.862084456424079,0.862084456424079,0.862084456424079,18.844148445129395,1.0648380894613936,0.16003656387329102,0.01617131445462738
StochasticGradientDescent,iron,240,0.81,modified_huber,500,l2,0.8598083258460617,0.8598083258460617,0.8598083258460617,0.8598083258460617,11.187747716903687,0.9290019043733881,0.15541887283325195,0.00785401988836602
StochasticGradientDescent,iron,240,0.81,modified_huber,500,l1,0.8713686732554657,0.8713686732554657,0.8713686732554657,0.8713686732554657,34.638849925994876,2.706890861709552,0.16523356437683107,0.010984240029047356
StochasticGradientDescent,iron,240,0.81,modified_huber,500,elasticnet,0.8731356693620844,0.8731356693620844,0.8731356693620844,0.8731356693620844,17.657185983657836,0.9565191456595915,0.1683861255645752,0.018159351968251938
StochasticGradientDescent,iron,240,0.81,modified_huber,600,l2,0.8636717580113806,0.8636717580113806,0.8636717580113806,0.8636717580113806,11.712076711654664,0.5861297382055415,0.18274054527282715,0.025181016337619752
StochasticGradientDescent,iron,240,0.81,modified_huber,600,l1,0.8682839173405211,0.8682839173405211,0.8682839173405211,0.8682839173405211,35.117446947097775,5.043462478138062,0.15679287910461426,0.0075810327631569
StochasticGradientDescent,iron,240,0.81,modified_huber,600,elasticnet,0.8716981132075471,0.8716981132075471,0.8716981132075471,0.8716981132075471,18.64909420013428,1.5181817954024492,0.1567662239074707,0.008159065497390547
StochasticGradientDescent,iron,240,0.81,modified_huber,700,l2,0.8722970949386044,0.8722970949386044,0.8722970949386044,0.8722970949386044,11.108924198150635,0.6021823128854972,0.15452957153320312,0.005746081568587279
StochasticGradientDescent,iron,240,0.81,modified_huber,700,l1,0.8634022162324049,0.8634022162324049,0.8634022162324049,0.8634022162324049,33.92026801109314,2.3954232654963703,0.15704894065856934,0.005907560649516458
StochasticGradientDescent,iron,240,0.81,modified_huber,700,elasticnet,0.8749026654687032,0.8749026654687032,0.8749026654687032,0.8749026654687032,18.162178182601927,0.6886448075574927,0.15929765701293946,0.006742511573486465
StochasticGradientDescent,iron,240,0.81,modified_huber,800,l2,0.8658280922431866,0.8658280922431866,0.8658280922431866,0.8658280922431866,11.781543636322022,0.5518327169592643,0.16452550888061523,0.014807186007500155
StochasticGradientDescent,iron,240,0.81,modified_huber,800,l1,0.8637017070979335,0.8637017070979335,0.8637017070979335,0.8637017070979335,33.66496081352234,4.665152941020264,0.1573166847229004,0.008677305289340416
StochasticGradientDescent,iron,240,0.81,modified_huber,800,elasticnet,0.8717879604672059,0.8717879604672059,0.8717879604672059,0.8717879604672059,17.596574592590333,1.3730694505837429,0.1578092098236084,0.013556734310976617
StochasticGradientDescent,iron,240,0.81,modified_huber,900,l2,0.8607367475292005,0.8607367475292005,0.8607367475292005,0.8607367475292005,10.97501630783081,0.33850965272047273,0.16022310256958008,0.011536900306154122
StochasticGradientDescent,iron,240,0.81,modified_huber,900,l1,0.8662773285414795,0.8662773285414795,0.8662773285414795,0.8662773285414795,34.052614498138425,1.8499904889722611,0.16989555358886718,0.011026238781353219
StochasticGradientDescent,iron,240,0.81,modified_huber,900,elasticnet,0.8632824198861935,0.8632824198861935,0.8632824198861935,0.8632824198861935,17.159913349151612,1.2600551322784008,0.16610684394836425,0.010262951915573167
StochasticGradientDescent,iron,240,0.81,modified_huber,1000,l2,0.8675351901766994,0.8675351901766994,0.8675351901766994,0.8675351901766994,10.791112041473388,0.15881164406477874,0.15562748908996582,0.014827258936899596
StochasticGradientDescent,iron,240,0.81,modified_huber,1000,l1,0.8682539682539684,0.8682539682539684,0.8682539682539684,0.8682539682539684,31.38085651397705,2.4149251313892486,0.17648591995239257,0.01476819765521897
StochasticGradientDescent,iron,240,0.81,modified_huber,1000,elasticnet,0.8727463312368972,0.8727463312368972,0.8727463312368972,0.8727463312368972,18.424662256240843,1.171877390531166,0.16322050094604493,0.003285933895406687
StochasticGradientDescent,iron,240,0.81,squared_hinge,100,l2,0.803863432165319,0.803863432165319,0.803863432165319,0.803863432165319,14.490685558319091,0.5960234369905311,0.190512752532959,0.031417159901833636
StochasticGradientDescent,iron,240,0.81,squared_hinge,100,l1,0.8572926025756213,0.8572926025756213,0.8572926025756213,0.8572926025756213,29.616340684890748,1.2448225919974578,0.1766665458679199,0.014580050722931505
StochasticGradientDescent,iron,240,0.81,squared_hinge,100,elasticnet,0.8331835879005691,0.8331835879005691,0.8331835879005691,0.8331835879005691,26.451884984970093,1.2908446751085023,0.18800368309020996,0.010946517905429751
StochasticGradientDescent,iron,240,0.81,squared_hinge,200,l2,0.7883198562443845,0.7883198562443845,0.7883198562443845,0.7883198562443845,23.94521107673645,1.7346809155649425,0.17218656539916993,0.019547170560646535
StochasticGradientDescent,iron,240,0.81,squared_hinge,200,l1,0.8602875112309075,0.8602875112309075,0.8602875112309075,0.8602875112309075,46.11918067932129,5.182954550353916,0.160353422164917,0.008153535506394315
StochasticGradientDescent,iron,240,0.81,squared_hinge,200,elasticnet,0.8088050314465409,0.8088050314465409,0.8088050314465409,0.8088050314465409,41.791938066482544,3.5274853466901708,0.15270962715148925,0.01590293199555389
StochasticGradientDescent,iron,240,0.81,squared_hinge,300,l2,0.8013177598083259,0.8013177598083259,0.8013177598083259,0.8013177598083259,30.843368577957154,1.9788331631001994,0.16493163108825684,0.013029627481061361
StochasticGradientDescent,iron,240,0.81,squared_hinge,300,l1,0.8560646900269543,0.8560646900269543,0.8560646900269543,0.8560646900269543,57.049539709091185,7.962758133459195,0.16396632194519042,0.016502959048610485
StochasticGradientDescent,iron,240,0.81,squared_hinge,300,elasticnet,0.8147050014974543,0.8147050014974543,0.8147050014974543,0.8147050014974543,55.475139141082764,2.3928747669629447,0.174822998046875,0.0107373881866859
StochasticGradientDescent,iron,240,0.81,squared_hinge,400,l2,0.795268044324648,0.795268044324648,0.795268044324648,0.795268044324648,36.362343549728394,2.436689060726112,0.1679387092590332,0.011254954628756645
StochasticGradientDescent,iron,240,0.81,squared_hinge,400,l1,0.8600778676250375,0.8600778676250375,0.8600778676250375,0.8600778676250375,62.608392286300656,6.5109267439302,0.17459602355957032,0.018011628697629616
StochasticGradientDescent,iron,240,0.81,squared_hinge,400,elasticnet,0.8242587601078167,0.8242587601078167,0.8242587601078167,0.8242587601078167,60.572371912002566,6.107263731474683,0.16505303382873535,0.023699246604721547
StochasticGradientDescent,iron,240,0.81,squared_hinge,500,l2,0.8098233003893383,0.8098233003893383,0.8098233003893383,0.8098233003893383,40.68821306228638,3.27347706567118,0.15341014862060548,0.011440896354438826
StochasticGradientDescent,iron,240,0.81,squared_hinge,500,l1,0.8610362383947289,0.8610362383947289,0.8610362383947289,0.8610362383947289,62.99807620048523,9.24397823427998,0.1618652820587158,0.006258537788917294
StochasticGradientDescent,iron,240,0.81,squared_hinge,500,elasticnet,0.8178197064989519,0.8178197064989519,0.8178197064989519,0.8178197064989519,55.87829637527466,5.317095081507965,0.15052876472473145,0.005443710815022388
StochasticGradientDescent,iron,240,0.81,squared_hinge,600,l2,0.7769691524408506,0.7769691524408506,0.7769691524408506,0.7769691524408506,39.17201747894287,7.480850539833015,0.16020665168762208,0.007556315976407775
StochasticGradientDescent,iron,240,0.81,squared_hinge,600,l1,0.8609763402216233,0.8609763402216233,0.8609763402216233,0.8609763402216233,60.536863231658934,4.90034138593285,0.16807174682617188,0.012113252599392728
StochasticGradientDescent,iron,240,0.81,squared_hinge,600,elasticnet,0.8103923330338425,0.8103923330338425,0.8103923330338425,0.8103923330338425,57.737041330337526,10.031852072408073,0.17408447265625,0.004534909616989649
StochasticGradientDescent,iron,240,0.81,squared_hinge,700,l2,0.7878406708595387,0.7878406708595387,0.7878406708595387,0.7878406708595387,44.94845876693726,2.1502405348542806,0.17157468795776368,0.012901367363807096
StochasticGradientDescent,iron,240,0.81,squared_hinge,700,l1,0.8600778676250375,0.8600778676250375,0.8600778676250375,0.8600778676250375,74.831751537323,21.1478434346694,0.15114164352416992,0.007546563198752924
StochasticGradientDescent,iron,240,0.81,squared_hinge,700,elasticnet,0.8097035040431267,0.8097035040431267,0.8097035040431267,0.8097035040431267,67.21370902061463,7.421388764717205,0.16279187202453613,0.016363820651052036
StochasticGradientDescent,iron,240,0.81,squared_hinge,800,l2,0.7987421383647799,0.7987421383647799,0.7987421383647799,0.7987421383647799,45.1932831287384,4.3148954628746115,0.1519468307495117,0.004864192344070983
StochasticGradientDescent,iron,240,0.81,squared_hinge,800,l1,0.8602575621443546,0.8602575621443546,0.8602575621443546,0.8602575621443546,57.936631965637204,4.878016342673277,0.1737973690032959,0.028933845905931375
StochasticGradientDescent,iron,240,0.81,squared_hinge,800,elasticnet,0.802365977837676,0.802365977837676,0.802365977837676,0.802365977837676,64.46493811607361,6.811397292275526,0.1782395839691162,0.012680137482622039
StochasticGradientDescent,iron,240,0.81,squared_hinge,900,l2,0.8081761006289309,0.8081761006289309,0.8081761006289309,0.8081761006289309,47.82851696014404,2.358307298116144,0.16115374565124513,0.013222626696756178
StochasticGradientDescent,iron,240,0.81,squared_hinge,900,l1,0.8602276130578017,0.8602276130578017,0.8602276130578017,0.8602276130578017,60.55261445045471,10.151525533817011,0.16113343238830566,0.012832761609921587
StochasticGradientDescent,iron,240,0.81,squared_hinge,900,elasticnet,0.8184486373165617,0.8184486373165617,0.8184486373165617,0.8184486373165617,56.40166053771973,5.654061201079939,0.17805895805358887,0.031655516305231654
StochasticGradientDescent,iron,240,0.81,squared_hinge,1000,l2,0.7976340221623242,0.7976340221623242,0.7976340221623242,0.7976340221623242,39.38341836929321,5.802492920336214,0.16632528305053712,0.032746318080975945
StochasticGradientDescent,iron,240,0.81,squared_hinge,1000,l1,0.859928122192273,0.859928122192273,0.859928122192273,0.859928122192273,62.64706587791443,3.828989593330528,0.16855325698852539,0.025093667424058604
StochasticGradientDescent,iron,240,0.81,squared_hinge,1000,elasticnet,0.8155136268343816,0.8155136268343816,0.8155136268343816,0.8155136268343816,60.594414949417114,9.89423684204933,0.16572751998901367,0.017046296804638386
StochasticGradientDescent,iron,240,0.81,perceptron,100,l2,0.843695717280623,0.843695717280623,0.843695717280623,0.843695717280623,4.698543405532837,0.2680940825048391,0.15861473083496094,0.00788190296407629
StochasticGradientDescent,iron,240,0.81,perceptron,100,l1,0.8528900868523511,0.8528900868523511,0.8528900868523511,0.8528900868523511,7.807397031784058,0.2977093886504542,0.1505281448364258,0.0074162116494673495
StochasticGradientDescent,iron,240,0.81,perceptron,100,elasticnet,0.8497454327643006,0.8497454327643006,0.8497454327643006,0.8497454327643006,7.357104158401489,0.46567544361521895,0.1613210678100586,0.010871448680123007
StochasticGradientDescent,iron,240,0.81,perceptron,200,l2,0.8353998203054808,0.8353998203054808,0.8353998203054808,0.8353998203054808,4.822340822219848,0.31613097121402556,0.1580042362213135,0.00617502741167746
StochasticGradientDescent,iron,240,0.81,perceptron,200,l1,0.8562144354597185,0.8562144354597185,0.8562144354597185,0.8562144354597185,8.016988945007324,0.23412736248265742,0.15973877906799316,0.015754394329848785
StochasticGradientDescent,iron,240,0.81,perceptron,200,elasticnet,0.8419886193471099,0.8419886193471099,0.8419886193471099,0.8419886193471099,7.592570066452026,0.8020478886783343,0.1606677532196045,0.017868858255971766
StochasticGradientDescent,iron,240,0.81,perceptron,300,l2,0.8609164420485176,0.8609164420485176,0.8609164420485176,0.8609164420485176,5.3021446704864506,0.2691440124726564,0.16874866485595702,0.015435490820446847
StochasticGradientDescent,iron,240,0.81,perceptron,300,l1,0.8545073375262053,0.8545073375262053,0.8545073375262053,0.8545073375262053,8.171805000305175,0.2352059055634469,0.16727519035339355,0.00749236103284889
StochasticGradientDescent,iron,240,0.81,perceptron,300,elasticnet,0.8405810122791255,0.8405810122791255,0.8405810122791255,0.8405810122791255,7.795248365402221,0.20709844859387058,0.17702436447143555,0.017142295670940416
StochasticGradientDescent,iron,240,0.81,perceptron,400,l2,0.8394728960766698,0.8394728960766698,0.8394728960766698,0.8394728960766698,5.198766613006592,0.3220508518778691,0.16589112281799318,0.013583477811252399
StochasticGradientDescent,iron,240,0.81,perceptron,400,l1,0.8503144654088051,0.8503144654088051,0.8503144654088051,0.8503144654088051,8.63730263710022,0.2757956239365572,0.1778426170349121,0.017706943191844182
StochasticGradientDescent,iron,240,0.81,perceptron,400,elasticnet,0.8268643306379155,0.8268643306379155,0.8268643306379155,0.8268643306379155,8.4572265625,0.2772261565506433,0.17804880142211915,0.018942419188498254
StochasticGradientDescent,iron,240,0.81,perceptron,500,l2,0.81392632524708,0.81392632524708,0.81392632524708,0.81392632524708,5.148816823959351,0.20108751797076851,0.16543259620666503,0.013725465208195727
StochasticGradientDescent,iron,240,0.81,perceptron,500,l1,0.855256064690027,0.855256064690027,0.855256064690027,0.855256064690027,8.473307704925537,0.3791977596293586,0.1649764060974121,0.006941718994160393
StochasticGradientDescent,iron,240,0.81,perceptron,500,elasticnet,0.8455226115603475,0.8455226115603475,0.8455226115603475,0.8455226115603475,8.292022705078125,0.5814507382814347,0.1967951774597168,0.04076240846994272
StochasticGradientDescent,iron,240,0.81,perceptron,600,l2,0.8179694519317161,0.8179694519317161,0.8179694519317161,0.8179694519317161,5.375003671646118,0.21621715539544634,0.1877300262451172,0.016075142658201584
StochasticGradientDescent,iron,240,0.81,perceptron,600,l1,0.85884995507637,0.85884995507637,0.85884995507637,0.85884995507637,8.716342306137085,0.5167299448822567,0.1737978935241699,0.019603110312297375
StochasticGradientDescent,iron,240,0.81,perceptron,600,elasticnet,0.8399221323749625,0.8399221323749625,0.8399221323749625,0.8399221323749625,8.03793420791626,0.45655047686968125,0.1753448486328125,0.012825105544693237
StochasticGradientDescent,iron,240,0.81,perceptron,700,l2,0.8444144953578915,0.8444144953578915,0.8444144953578915,0.8444144953578915,5.791300439834595,0.25932459532446883,0.17535157203674318,0.01671923636582053
StochasticGradientDescent,iron,240,0.81,perceptron,700,l1,0.8504342617550165,0.8504342617550165,0.8504342617550165,0.8504342617550165,8.236417722702026,0.43543614030108047,0.1575221061706543,0.006910801109201309
StochasticGradientDescent,iron,240,0.81,perceptron,700,elasticnet,0.839203354297694,0.839203354297694,0.839203354297694,0.839203354297694,8.23532485961914,0.3244649153834059,0.16686744689941407,0.013479606673972837
StochasticGradientDescent,iron,240,0.81,perceptron,800,l2,0.8348008385744234,0.8348008385744234,0.8348008385744234,0.8348008385744234,5.4468427181243895,0.18132907031494658,0.18173255920410156,0.010457317122677131
StochasticGradientDescent,iron,240,0.81,perceptron,800,l1,0.853788559448937,0.853788559448937,0.853788559448937,0.853788559448937,8.578379440307618,0.2849261679014651,0.16456713676452636,0.014963964071492126
StochasticGradientDescent,iron,240,0.81,perceptron,800,elasticnet,0.7868823000898473,0.7868823000898473,0.7868823000898473,0.7868823000898473,8.304829740524292,0.39931411707507575,0.16932477951049804,0.016285791264262457
StochasticGradientDescent,iron,240,0.81,perceptron,900,l2,0.8489368074273734,0.8489368074273734,0.8489368074273734,0.8489368074273734,5.387128257751465,0.21606685413716217,0.15177421569824218,0.005275120336187421
StochasticGradientDescent,iron,240,0.81,perceptron,900,l1,0.8442348008385745,0.8442348008385745,0.8442348008385745,0.8442348008385745,8.589955806732178,0.4736838647050509,0.16572151184082032,0.009643932217769212
StochasticGradientDescent,iron,240,0.81,perceptron,900,elasticnet,0.8473495058400718,0.8473495058400718,0.8473495058400718,0.8473495058400718,8.113162326812745,0.23022887253490268,0.1694194793701172,0.011270866159843893
StochasticGradientDescent,iron,240,0.81,perceptron,1000,l2,0.8303084755914945,0.8303084755914945,0.8303084755914945,0.8303084755914945,5.3410036087036135,0.2170765959150174,0.1704697608947754,0.01237119430772653
StochasticGradientDescent,iron,240,0.81,perceptron,1000,l1,0.8547469302186282,0.8547469302186282,0.8547469302186282,0.8547469302186282,8.644600200653077,0.3487977143356042,0.18657279014587402,0.02168004004646241
StochasticGradientDescent,iron,240,0.81,perceptron,1000,elasticnet,0.8405510631925726,0.8405510631925726,0.8405510631925726,0.8405510631925726,8.102281427383422,0.34333645604727425,0.16692700386047363,0.014443990362593839
StochasticGradientDescent,iron,240,0.91,hinge,100,l2,0.840011979634621,0.840011979634621,0.840011979634621,0.840011979634621,7.152373790740967,0.10170519160684183,0.17563419342041015,0.0056995273621656545
StochasticGradientDescent,iron,240,0.91,hinge,100,l1,0.8633722671458521,0.8633722671458521,0.8633722671458521,0.8633722671458521,10.304889249801636,0.49373470308445366,0.17423062324523925,0.02481073228445234
StochasticGradientDescent,iron,240,0.91,hinge,100,elasticnet,0.8461215932914046,0.8461215932914046,0.8461215932914046,0.8461215932914046,11.163142347335816,0.7360212826533775,0.16382832527160646,0.016675485260968105
StochasticGradientDescent,iron,240,0.91,hinge,200,l2,0.8428271937705901,0.8428271937705901,0.8428271937705901,0.8428271937705901,7.240334796905517,0.42568562388321973,0.16779146194458008,0.01915134823504783
StochasticGradientDescent,iron,240,0.91,hinge,200,l1,0.865528601377658,0.865528601377658,0.865528601377658,0.865528601377658,10.083145380020142,0.22250001481447135,0.17203788757324218,0.021175615567627256
StochasticGradientDescent,iron,240,0.91,hinge,200,elasticnet,0.8353698712189278,0.8353698712189278,0.8353698712189278,0.8353698712189278,11.27640929222107,0.7131245119842898,0.17144989967346191,0.014784821777012609
StochasticGradientDescent,iron,240,0.91,hinge,300,l2,0.8476489967056005,0.8476489967056005,0.8476489967056005,0.8476489967056005,6.789941883087158,0.39925869790163626,0.16278362274169922,0.011886911926883546
StochasticGradientDescent,iron,240,0.91,hinge,300,l1,0.8635819107517222,0.8635819107517222,0.8635819107517222,0.8635819107517222,10.22082061767578,0.54900563368887,0.17413811683654784,0.019710453698792076
StochasticGradientDescent,iron,240,0.91,hinge,300,elasticnet,0.8406109613656783,0.8406109613656783,0.8406109613656783,0.8406109613656783,11.477303886413575,0.23555528192950306,0.16939802169799806,0.007918849142411344
StochasticGradientDescent,iron,240,0.91,hinge,400,l2,0.8439652590595987,0.8439652590595987,0.8439652590595987,0.8439652590595987,6.991833829879761,0.4989778097923127,0.16281476020812988,0.0120425463983784
StochasticGradientDescent,iron,240,0.91,hinge,400,l1,0.8635519616651693,0.8635519616651693,0.8635519616651693,0.8635519616651693,10.30522437095642,0.45856676380428407,0.16752123832702637,0.016548022893160562
StochasticGradientDescent,iron,240,0.91,hinge,400,elasticnet,0.8422282120395328,0.8422282120395328,0.8422282120395328,0.8422282120395328,11.46214027404785,0.633014586661287,0.16675782203674316,0.01065069091809057
StochasticGradientDescent,iron,240,0.91,hinge,500,l2,0.8318658280922431,0.8318658280922431,0.8318658280922431,0.8318658280922431,6.666360712051391,0.4073038141409903,0.15802526473999023,0.011602551696461327
StochasticGradientDescent,iron,240,0.91,hinge,500,l1,0.8663671758011381,0.8663671758011381,0.8663671758011381,0.8663671758011381,10.044608354568481,0.5791041534491548,0.16402902603149414,0.01204426467133243
StochasticGradientDescent,iron,240,0.91,hinge,500,elasticnet,0.8439952081461517,0.8439952081461517,0.8439952081461517,0.8439952081461517,11.08224630355835,0.4714816042890764,0.1619352340698242,0.0061221415190477685
StochasticGradientDescent,iron,240,0.91,hinge,600,l2,0.8411500449236298,0.8411500449236298,0.8411500449236298,0.8411500449236298,7.139716720581054,0.15785707218706027,0.15912446975708008,0.008615064707407338
StochasticGradientDescent,iron,240,0.91,hinge,600,l1,0.8654986522911052,0.8654986522911052,0.8654986522911052,0.8654986522911052,10.182061004638673,0.8198002452619523,0.19337291717529298,0.01101946326551799
StochasticGradientDescent,iron,240,0.91,hinge,600,elasticnet,0.8341419586702605,0.8341419586702605,0.8341419586702605,0.8341419586702605,10.247921419143676,0.8650522310418804,0.16172218322753906,0.005767296283870512
StochasticGradientDescent,iron,240,0.91,hinge,700,l2,0.849026654687032,0.849026654687032,0.849026654687032,0.849026654687032,7.387755823135376,0.16092676502695322,0.1760429859161377,0.02783831884507858
StochasticGradientDescent,iron,240,0.91,hinge,700,l1,0.8639412997903564,0.8639412997903564,0.8639412997903564,0.8639412997903564,10.505940103530884,0.43293885986103586,0.1591632843017578,0.010305138793375506
StochasticGradientDescent,iron,240,0.91,hinge,700,elasticnet,0.84366576819407,0.84366576819407,0.84366576819407,0.84366576819407,11.113011932373047,0.7897330657731665,0.16886191368103026,0.019930420254118775
StochasticGradientDescent,iron,240,0.91,hinge,800,l2,0.8315663372267146,0.8315663372267146,0.8315663372267146,0.8315663372267146,7.189330434799194,0.3802813460739716,0.17311720848083495,0.02178088184563411
StochasticGradientDescent,iron,240,0.91,hinge,800,l1,0.8649296196466008,0.8649296196466008,0.8649296196466008,0.8649296196466008,10.465480375289918,0.963466619036446,0.17819490432739257,0.01095533847767225
StochasticGradientDescent,iron,240,0.91,hinge,800,elasticnet,0.8439053608864929,0.8439053608864929,0.8439053608864929,0.8439053608864929,11.013460922241212,0.9141434592173222,0.16900191307067872,0.01993420804067811
StochasticGradientDescent,iron,240,0.91,hinge,900,l2,0.8378256963162624,0.8378256963162624,0.8378256963162624,0.8378256963162624,6.818580770492554,0.38057957893446487,0.16289567947387695,0.009472567377166287
StochasticGradientDescent,iron,240,0.91,hinge,900,l1,0.8648697214734952,0.8648697214734952,0.8648697214734952,0.8648697214734952,10.305833625793458,0.652871049749892,0.16322855949401854,0.0044645936684238555
StochasticGradientDescent,iron,240,0.91,hinge,900,elasticnet,0.8450733752620545,0.8450733752620545,0.8450733752620545,0.8450733752620545,11.766686725616456,0.7624681628814438,0.1759951591491699,0.018349379606974033
StochasticGradientDescent,iron,240,0.91,hinge,1000,l2,0.8429170410302487,0.8429170410302487,0.8429170410302487,0.8429170410302487,7.0407825946807865,0.4870759794377686,0.1650020122528076,0.010781903600061081
StochasticGradientDescent,iron,240,0.91,hinge,1000,l1,0.862084456424079,0.862084456424079,0.862084456424079,0.862084456424079,12.08575372695923,0.9115166575098128,0.18212671279907228,0.009937383439840202
StochasticGradientDescent,iron,240,0.91,hinge,1000,elasticnet,0.8470799640610961,0.8470799640610961,0.8470799640610961,0.8470799640610961,12.20766806602478,0.5041475111012113,0.16428303718566895,0.004954339780981597
StochasticGradientDescent,iron,240,0.91,log,100,l2,,,,,0.09162335395812989,0.005502787902959229,0.0,0.0
StochasticGradientDescent,iron,240,0.91,log,100,l1,,,,,0.09914665222167969,0.005183020830498653,0.0,0.0
StochasticGradientDescent,iron,240,0.91,log,100,elasticnet,,,,,0.10684056282043457,0.005641466739177992,0.0,0.0
StochasticGradientDescent,iron,240,0.91,log,200,l2,,,,,0.11153059005737305,0.00950404487065918,0.0,0.0
StochasticGradientDescent,iron,240,0.91,log,200,l1,,,,,0.12673087120056153,0.010100787745250991,0.0,0.0
StochasticGradientDescent,iron,240,0.91,log,200,elasticnet,,,,,0.12300434112548828,0.016852464606470722,0.0,0.0
StochasticGradientDescent,iron,240,0.91,log,300,l2,,,,,0.14462385177612305,0.014436873890527606,0.0,0.0
StochasticGradientDescent,iron,240,0.91,log,300,l1,,,,,0.1385286808013916,0.01500693780801184,0.0,0.0
StochasticGradientDescent,iron,240,0.91,log,300,elasticnet,,,,,0.13528852462768554,0.039903021756366806,0.0,0.0
StochasticGradientDescent,iron,240,0.91,log,400,l2,,,,,0.12833504676818847,0.017530818744249613,0.0,0.0
StochasticGradientDescent,iron,240,0.91,log,400,l1,,,,,0.14517250061035156,0.049460224252725345,0.0,0.0
StochasticGradientDescent,iron,240,0.91,log,400,elasticnet,,,,,0.12988176345825195,0.018763018249118753,0.0,0.0
StochasticGradientDescent,iron,240,0.91,log,500,l2,,,,,0.12450265884399414,0.021689347349464073,0.0,0.0
StochasticGradientDescent,iron,240,0.91,log,500,l1,,,,,0.12107686996459961,0.01726879577655239,0.0,0.0
StochasticGradientDescent,iron,240,0.91,log,500,elasticnet,,,,,0.12173724174499512,0.0021104594941445186,0.0,0.0
StochasticGradientDescent,iron,240,0.91,log,600,l2,,,,,0.14747977256774902,0.0217332592502699,0.0,0.0
StochasticGradientDescent,iron,240,0.91,log,600,l1,,,,,0.12755260467529297,0.022223510413220966,0.0,0.0
StochasticGradientDescent,iron,240,0.91,log,600,elasticnet,,,,,0.13034491539001464,0.020771356052399305,0.0,0.0
StochasticGradientDescent,iron,240,0.91,log,700,l2,,,,,0.12153158187866211,0.00685093286797465,0.0,0.0
StochasticGradientDescent,iron,240,0.91,log,700,l1,,,,,0.1378917694091797,0.026461825789755818,0.0,0.0
StochasticGradientDescent,iron,240,0.91,log,700,elasticnet,,,,,0.13238859176635742,0.020541212133015782,0.0,0.0
StochasticGradientDescent,iron,240,0.91,log,800,l2,,,,,0.140289306640625,0.02422078221334371,0.0,0.0
StochasticGradientDescent,iron,240,0.91,log,800,l1,,,,,0.1679386615753174,0.017082980349423398,0.0,0.0
StochasticGradientDescent,iron,240,0.91,log,800,elasticnet,,,,,0.13982062339782714,0.02208721984788445,0.0,0.0
StochasticGradientDescent,iron,240,0.91,log,900,l2,,,,,0.1424787998199463,0.013614890908038291,0.0,0.0
StochasticGradientDescent,iron,240,0.91,log,900,l1,,,,,0.15724658966064453,0.026841276291502212,0.0,0.0
StochasticGradientDescent,iron,240,0.91,log,900,elasticnet,,,,,0.16285223960876466,0.017585841608063955,0.0,0.0
StochasticGradientDescent,iron,240,0.91,log,1000,l2,,,,,0.1428605079650879,0.009625664218767635,0.0,0.0
StochasticGradientDescent,iron,240,0.91,log,1000,l1,,,,,0.13163180351257325,0.010992841645544385,0.0,0.0
StochasticGradientDescent,iron,240,0.91,log,1000,elasticnet,,,,,0.13843898773193358,0.020437980282455196,0.0,0.0
StochasticGradientDescent,iron,240,0.91,modified_huber,100,l2,0.8613956274333633,0.8613956274333633,0.8613956274333633,0.8613956274333633,11.325760555267333,0.45571475092562214,0.18916730880737304,0.006608703477794728
StochasticGradientDescent,iron,240,0.91,modified_huber,100,l1,0.8686732554657084,0.8686732554657084,0.8686732554657084,0.8686732554657084,25.657426643371583,1.4259818048388189,0.16829447746276854,0.01016936563390467
StochasticGradientDescent,iron,240,0.91,modified_huber,100,elasticnet,0.8654387541179993,0.8654387541179993,0.8654387541179993,0.8654387541179993,18.734307622909547,0.8061657126264004,0.15466618537902832,0.009995702432462367
StochasticGradientDescent,iron,240,0.91,modified_huber,200,l2,0.8625636418089249,0.8625636418089249,0.8625636418089249,0.8625636418089249,10.89913077354431,0.9150106376661998,0.16084060668945313,0.01599121201996695
StochasticGradientDescent,iron,240,0.91,modified_huber,200,l1,0.8647798742138366,0.8647798742138366,0.8647798742138366,0.8647798742138366,33.43564033508301,1.612229871075582,0.15229449272155762,0.008978867569535597
StochasticGradientDescent,iron,240,0.91,modified_huber,200,elasticnet,0.8691823899371067,0.8691823899371067,0.8691823899371067,0.8691823899371067,18.86478352546692,0.4148207206226604,0.1756420612335205,0.03077505389432709
StochasticGradientDescent,iron,240,0.91,modified_huber,300,l2,0.8701108116202455,0.8701108116202455,0.8701108116202455,0.8701108116202455,11.68165283203125,0.6633536161397179,0.16892433166503906,0.01475628186351161
StochasticGradientDescent,iron,240,0.91,modified_huber,300,l1,0.8667265648397724,0.8667265648397724,0.8667265648397724,0.8667265648397724,32.147250175476074,2.758766619846947,0.1591707229614258,0.008075139919118755
StochasticGradientDescent,iron,240,0.91,modified_huber,300,elasticnet,0.8665468703204553,0.8665468703204553,0.8665468703204553,0.8665468703204553,18.034778547286987,0.9386399935217868,0.15778088569641113,0.003937987242718376
StochasticGradientDescent,iron,240,0.91,modified_huber,400,l2,0.8637316561844864,0.8637316561844864,0.8637316561844864,0.8637316561844864,10.977371454238892,1.2332734055974044,0.1677474021911621,0.024985644886317836
StochasticGradientDescent,iron,240,0.91,modified_huber,400,l1,0.8690026954177898,0.8690026954177898,0.8690026954177898,0.8690026954177898,32.49316520690918,2.0351380744447707,0.16081972122192384,0.007402264106354354
StochasticGradientDescent,iron,240,0.91,modified_huber,400,elasticnet,0.8694519317160825,0.8694519317160825,0.8694519317160825,0.8694519317160825,17.365740299224854,0.7850499797987878,0.17588648796081544,0.013288017541012439
StochasticGradientDescent,iron,240,0.91,modified_huber,500,l2,0.8718778077268643,0.8718778077268643,0.8718778077268643,0.8718778077268643,11.148785400390626,0.43116070682416957,0.1596677303314209,0.0107511471517261
StochasticGradientDescent,iron,240,0.91,modified_huber,500,l1,0.8673854447439353,0.8673854447439353,0.8673854447439353,0.8673854447439353,34.779283618927,3.593584950458393,0.16760191917419434,0.022051972522487136
StochasticGradientDescent,iron,240,0.91,modified_huber,500,elasticnet,0.8631925726265349,0.8631925726265349,0.8631925726265349,0.8631925726265349,17.868004512786865,0.9031749742170608,0.1737332820892334,0.015108543067862107
StochasticGradientDescent,iron,240,0.91,modified_huber,600,l2,0.8649895178197065,0.8649895178197065,0.8649895178197065,0.8649895178197065,11.194989156723022,0.8816711945080147,0.16794052124023437,0.005449803492699473
StochasticGradientDescent,iron,240,0.91,modified_huber,600,l1,0.872177298592393,0.872177298592393,0.872177298592393,0.872177298592393,32.409554624557494,3.2673308293912244,0.15937938690185546,0.004186084336987236
StochasticGradientDescent,iron,240,0.91,modified_huber,600,elasticnet,0.870020964360587,0.870020964360587,0.870020964360587,0.870020964360587,17.378917694091797,0.9456322353835286,0.17856359481811523,0.02366829851697756
StochasticGradientDescent,iron,240,0.91,modified_huber,700,l2,0.8666367175801138,0.8666367175801138,0.8666367175801138,0.8666367175801138,11.520451498031616,1.035488746832814,0.16808657646179198,0.015431027352560906
StochasticGradientDescent,iron,240,0.91,modified_huber,700,l1,0.8675950883498051,0.8675950883498051,0.8675950883498051,0.8675950883498051,35.45831656455994,3.990619108584366,0.16367502212524415,0.013952139714454298
StochasticGradientDescent,iron,240,0.91,modified_huber,700,elasticnet,0.8668164120994308,0.8668164120994308,0.8668164120994308,0.8668164120994308,19.074582147598267,1.599798809671188,0.15086746215820312,0.004653022266577346
StochasticGradientDescent,iron,240,0.91,modified_huber,800,l2,0.8630128781072178,0.8630128781072178,0.8630128781072178,0.8630128781072178,11.114344930648803,0.6026995806958372,0.15877342224121094,0.015459339163164323
StochasticGradientDescent,iron,240,0.91,modified_huber,800,l1,0.8673854447439353,0.8673854447439353,0.8673854447439353,0.8673854447439353,32.603737592697144,1.2747441221012075,0.1598133087158203,0.010691816502334119
StochasticGradientDescent,iron,240,0.91,modified_huber,800,elasticnet,0.8682240191674154,0.8682240191674154,0.8682240191674154,0.8682240191674154,17.586346006393434,0.5027194557496708,0.17536420822143556,0.01789884990647617
StochasticGradientDescent,iron,240,0.91,modified_huber,900,l2,0.8686732554657082,0.8686732554657082,0.8686732554657082,0.8686732554657082,10.859887790679931,0.527190993307148,0.16205739974975586,0.013919982515825777
StochasticGradientDescent,iron,240,0.91,modified_huber,900,l1,0.8682839173405211,0.8682839173405211,0.8682839173405211,0.8682839173405211,32.182927942276,1.3676758925021095,0.15778055191040039,0.0033256380245634304
StochasticGradientDescent,iron,240,0.91,modified_huber,900,elasticnet,0.8628631326744534,0.8628631326744534,0.8628631326744534,0.8628631326744534,18.53066725730896,0.8434386880996028,0.16410512924194337,0.018597315257565833
StochasticGradientDescent,iron,240,0.91,modified_huber,1000,l2,0.8610961365678346,0.8610961365678346,0.8610961365678346,0.8610961365678346,11.051278448104858,0.5439316743199222,0.164030122756958,0.003691950801522794
StochasticGradientDescent,iron,240,0.91,modified_huber,1000,l1,0.869152440850554,0.869152440850554,0.869152440850554,0.869152440850554,32.720773220062256,3.452018764502041,0.15995516777038574,0.014859239127125501
StochasticGradientDescent,iron,240,0.91,modified_huber,1000,elasticnet,0.8648397723869422,0.8648397723869422,0.8648397723869422,0.8648397723869422,19.41402726173401,1.1580546390114084,0.17322020530700682,0.020718067920448065
StochasticGradientDescent,iron,240,0.91,squared_hinge,100,l2,0.8223120694818808,0.8223120694818808,0.8223120694818808,0.8223120694818808,14.538471698760986,0.5176850991897879,0.16413311958312987,0.010083289745383453
StochasticGradientDescent,iron,240,0.91,squared_hinge,100,l1,0.8586103623839472,0.8586103623839472,0.8586103623839472,0.8586103623839472,30.030907249450685,3.070879881611474,0.1740102767944336,0.012560332656369508
StochasticGradientDescent,iron,240,0.91,squared_hinge,100,elasticnet,0.8213836477987421,0.8213836477987421,0.8213836477987421,0.8213836477987421,26.4363609790802,2.50953762727481,0.1710893154144287,0.004101872602063824
StochasticGradientDescent,iron,240,0.91,squared_hinge,200,l2,0.8057202755315963,0.8057202755315963,0.8057202755315963,0.8057202755315963,23.33036093711853,1.0048130866353697,0.1648715019226074,0.01466264521512192
StochasticGradientDescent,iron,240,0.91,squared_hinge,200,l1,0.8572327044025159,0.8572327044025159,0.8572327044025159,0.8572327044025159,46.48576459884644,3.5719734679593755,0.16694741249084472,0.01541303660702732
StochasticGradientDescent,iron,240,0.91,squared_hinge,200,elasticnet,0.8119496855345913,0.8119496855345913,0.8119496855345913,0.8119496855345913,41.889979934692384,1.8694888913515686,0.17581281661987305,0.028064832954619947
StochasticGradientDescent,iron,240,0.91,squared_hinge,300,l2,0.7989817310572027,0.7989817310572027,0.7989817310572027,0.7989817310572027,30.38971381187439,1.6245609633538785,0.16597166061401367,0.005959790267197147
StochasticGradientDescent,iron,240,0.91,squared_hinge,300,l1,0.8595986822401918,0.8595986822401918,0.8595986822401918,0.8595986822401918,57.657287216186525,5.796156638919556,0.1710036277770996,0.019446813388994524
StochasticGradientDescent,iron,240,0.91,squared_hinge,300,elasticnet,0.8195567535190176,0.8195567535190176,0.8195567535190176,0.8195567535190176,48.2674241065979,5.616018961296499,0.17202401161193848,0.025623063207393694
StochasticGradientDescent,iron,240,0.91,squared_hinge,400,l2,0.8007487271638215,0.8007487271638215,0.8007487271638215,0.8007487271638215,35.152292776107785,2.970278245556101,0.17527365684509277,0.03320133799692289
StochasticGradientDescent,iron,240,0.91,squared_hinge,400,l1,0.8617250673854446,0.8617250673854446,0.8617250673854446,0.8617250673854446,59.36927633285522,5.009674848287651,0.160695219039917,0.01251594137244021
StochasticGradientDescent,iron,240,0.91,squared_hinge,400,elasticnet,0.8194369571728062,0.8194369571728062,0.8194369571728062,0.8194369571728062,62.15277371406555,6.173871491985681,0.1679551601409912,0.009988344088362586
StochasticGradientDescent,iron,240,0.91,squared_hinge,500,l2,0.8106319257262653,0.8106319257262653,0.8106319257262653,0.8106319257262653,38.22665076255798,3.2508542511300647,0.1643967628479004,0.019859565896485395
StochasticGradientDescent,iron,240,0.91,squared_hinge,500,l1,0.8603773584905661,0.8603773584905661,0.8603773584905661,0.8603773584905661,59.52189884185791,4.23666338146328,0.17450995445251466,0.011343987439405834
StochasticGradientDescent,iron,240,0.91,squared_hinge,500,elasticnet,0.8060796645702306,0.8060796645702306,0.8060796645702306,0.8060796645702306,62.121138620376584,5.815183638675269,0.16882734298706054,0.01886783311176074
StochasticGradientDescent,iron,240,0.91,squared_hinge,600,l2,0.8024857741838873,0.8024857741838873,0.8024857741838873,0.8024857741838873,41.1201575756073,5.462932860007475,0.15092530250549316,0.009008003796140028
StochasticGradientDescent,iron,240,0.91,squared_hinge,600,l1,0.860167714884696,0.860167714884696,0.860167714884696,0.860167714884696,56.80424737930298,3.406686245006046,0.15865211486816405,0.011325432528540845
StochasticGradientDescent,iron,240,0.91,squared_hinge,600,elasticnet,0.7964959568733153,0.7964959568733153,0.7964959568733153,0.7964959568733153,63.090148544311525,8.88219963665479,0.15883893966674806,0.01354142128782882
StochasticGradientDescent,iron,240,0.91,squared_hinge,700,l2,0.8134471398622342,0.8134471398622342,0.8134471398622342,0.8134471398622342,38.41717114448547,3.726690430053849,0.15993428230285645,0.01801729975166776
StochasticGradientDescent,iron,240,0.91,squared_hinge,700,l1,0.8598981731057203,0.8598981731057203,0.8598981731057203,0.8598981731057203,53.62159433364868,3.55155696152019,0.1727376937866211,0.0034973745773632992
StochasticGradientDescent,iron,240,0.91,squared_hinge,700,elasticnet,0.8180293501048219,0.8180293501048219,0.8180293501048219,0.8180293501048219,64.56740741729736,6.864036227442122,0.16968221664428712,0.008363110371914867
StochasticGradientDescent,iron,240,0.91,squared_hinge,800,l2,0.8032345013477089,0.8032345013477089,0.8032345013477089,0.8032345013477089,40.237893199920656,3.6058962579272773,0.15208635330200196,0.005270710445485438
StochasticGradientDescent,iron,240,0.91,squared_hinge,800,l1,0.8591494459418989,0.8591494459418989,0.8591494459418989,0.8591494459418989,70.16359796524048,19.47662945996745,0.1533036708831787,0.008233818595519788
StochasticGradientDescent,iron,240,0.91,squared_hinge,800,elasticnet,0.8290506139562742,0.8290506139562742,0.8290506139562742,0.8290506139562742,57.9229953289032,8.190924291017716,0.153326416015625,0.006137922395742495
StochasticGradientDescent,iron,240,0.91,squared_hinge,900,l2,0.804911650194669,0.804911650194669,0.804911650194669,0.804911650194669,33.00783524513245,1.651424167325982,0.15617947578430175,0.00984968256295657
StochasticGradientDescent,iron,240,0.91,squared_hinge,900,l1,0.860137765798143,0.860137765798143,0.860137765798143,0.860137765798143,77.1421549320221,25.23570730928729,0.15884594917297362,0.010548296910623305
StochasticGradientDescent,iron,240,0.91,squared_hinge,900,elasticnet,0.8040431266846362,0.8040431266846362,0.8040431266846362,0.8040431266846362,60.93487057685852,12.56946319815168,0.15799636840820314,0.01356633855492603
StochasticGradientDescent,iron,240,0.91,squared_hinge,1000,l2,0.8008984725965858,0.8008984725965858,0.8008984725965858,0.8008984725965858,43.36518621444702,6.912070768226354,0.16122994422912598,0.008775213909068656
StochasticGradientDescent,iron,240,0.91,squared_hinge,1000,l1,0.8621144055106319,0.8621144055106319,0.8621144055106319,0.8621144055106319,55.425487232208255,4.037320582855599,0.1633751392364502,0.013131807394409958
StochasticGradientDescent,iron,240,0.91,squared_hinge,1000,elasticnet,0.818418688230009,0.818418688230009,0.818418688230009,0.818418688230009,64.44343085289002,10.693760388890817,0.19188179969787597,0.04805551991570334
StochasticGradientDescent,iron,240,0.91,perceptron,100,l2,0.8266846361185983,0.8266846361185983,0.8266846361185983,0.8266846361185983,4.504465007781983,0.2461647160013281,0.15500311851501464,0.013542121809363528
StochasticGradientDescent,iron,240,0.91,perceptron,100,l1,0.8489967056004792,0.8489967056004792,0.8489967056004792,0.8489967056004792,7.478026056289673,0.4273307264305155,0.15293312072753906,0.0026522717966645164
StochasticGradientDescent,iron,240,0.91,perceptron,100,elasticnet,0.8345911949685535,0.8345911949685535,0.8345911949685535,0.8345911949685535,6.87244758605957,0.13461551255625642,0.15343046188354492,0.011419749163357595
StochasticGradientDescent,iron,240,0.91,perceptron,200,l2,0.830817610062893,0.830817610062893,0.830817610062893,0.830817610062893,4.908809852600098,0.28668326323314647,0.15310335159301758,0.010843665947224104
StochasticGradientDescent,iron,240,0.91,perceptron,200,l1,0.8562743336328241,0.8562743336328241,0.8562743336328241,0.8562743336328241,8.09455647468567,0.40076501810364373,0.15636978149414063,0.009130186158599889
StochasticGradientDescent,iron,240,0.91,perceptron,200,elasticnet,0.8307876609763403,0.8307876609763403,0.8307876609763403,0.8307876609763403,7.73249659538269,0.3759078334227667,0.175262975692749,0.018567768213608442
StochasticGradientDescent,iron,240,0.91,perceptron,300,l2,0.8290805630428272,0.8290805630428272,0.8290805630428272,0.8290805630428272,5.2770098686218265,0.2439613144191064,0.167431640625,0.010417298725887267
StochasticGradientDescent,iron,240,0.91,perceptron,300,l1,0.846451033243486,0.846451033243486,0.846451033243486,0.846451033243486,8.052321434020996,0.36595990620024604,0.1763744831085205,0.01985643862452219
StochasticGradientDescent,iron,240,0.91,perceptron,300,elasticnet,0.8244983528002395,0.8244983528002395,0.8244983528002395,0.8244983528002395,7.6610502243042,0.2987230057380673,0.16599254608154296,0.020604932772956597
StochasticGradientDescent,iron,240,0.91,perceptron,400,l2,0.831895777178796,0.831895777178796,0.831895777178796,0.831895777178796,5.119388675689697,0.44880531053755834,0.16730589866638185,0.014185486838150668
StochasticGradientDescent,iron,240,0.91,perceptron,400,l1,0.8596286313267445,0.8596286313267445,0.8596286313267445,0.8596286313267445,8.102077960968018,0.15691344863281612,0.1652608871459961,0.00953496211300812
StochasticGradientDescent,iron,240,0.91,perceptron,400,elasticnet,0.852051512428871,0.852051512428871,0.852051512428871,0.852051512428871,8.187521696090698,0.41384924216250285,0.16730036735534667,0.0052324060348908
StochasticGradientDescent,iron,240,0.91,perceptron,500,l2,0.8465109314165918,0.8465109314165918,0.8465109314165918,0.8465109314165918,5.346229362487793,0.23403579179449946,0.17828950881958008,0.01886060921103291
StochasticGradientDescent,iron,240,0.91,perceptron,500,l1,0.850104821802935,0.850104821802935,0.850104821802935,0.850104821802935,9.083273029327392,0.3754226628100073,0.1735609531402588,0.016371930343268067
StochasticGradientDescent,iron,240,0.91,perceptron,500,elasticnet,0.87130877508236,0.87130877508236,0.87130877508236,0.87130877508236,7.819363975524903,0.28143216618466194,0.16871724128723145,0.00917431433527149
StochasticGradientDescent,iron,240,0.91,perceptron,600,l2,0.8451332734351602,0.8451332734351602,0.8451332734351602,0.8451332734351602,5.188253879547119,0.13995343075108554,0.16568288803100586,0.005494769060995502
StochasticGradientDescent,iron,240,0.91,perceptron,600,l1,0.8578616352201258,0.8578616352201258,0.8578616352201258,0.8578616352201258,8.548756408691407,0.277538806936292,0.16803054809570311,0.01512291791093392
StochasticGradientDescent,iron,240,0.91,perceptron,600,elasticnet,0.8424678047319556,0.8424678047319556,0.8424678047319556,0.8424678047319556,7.952897787094116,0.46660332847453456,0.16440281867980958,0.010855587004716094
StochasticGradientDescent,iron,240,0.91,perceptron,700,l2,0.8134471398622342,0.8134471398622342,0.8134471398622342,0.8134471398622342,5.441938161849976,0.07281833728358793,0.16016411781311035,0.008036376415867887
StochasticGradientDescent,iron,240,0.91,perceptron,700,l1,0.8531296795447739,0.8531296795447739,0.8531296795447739,0.8531296795447739,8.687853717803955,0.28555200120534663,0.1546391010284424,0.004825486458595848
StochasticGradientDescent,iron,240,0.91,perceptron,700,elasticnet,0.8483078766097634,0.8483078766097634,0.8483078766097634,0.8483078766097634,7.9377974510192875,0.4219612440636062,0.1631195068359375,0.022499785368299836
StochasticGradientDescent,iron,240,0.91,perceptron,800,l2,0.8352800239592693,0.8352800239592693,0.8352800239592693,0.8352800239592693,5.396576738357544,0.19789341042838587,0.1649707794189453,0.007344311330107891
StochasticGradientDescent,iron,240,0.91,perceptron,800,l1,0.8574423480083857,0.8574423480083857,0.8574423480083857,0.8574423480083857,8.288569593429566,0.3377981535463539,0.15874533653259276,0.013800552748878326
StochasticGradientDescent,iron,240,0.91,perceptron,800,elasticnet,0.7985923929320156,0.7985923929320156,0.7985923929320156,0.7985923929320156,8.181793642044067,0.3694760890868217,0.16383442878723145,0.017182644569833358
StochasticGradientDescent,iron,240,0.91,perceptron,900,l2,0.8424678047319556,0.8424678047319556,0.8424678047319556,0.8424678047319556,5.502097463607788,0.15637269498177214,0.17452659606933593,0.01345446842075483
StochasticGradientDescent,iron,240,0.91,perceptron,900,l1,0.853728661275831,0.853728661275831,0.853728661275831,0.853728661275831,8.939822483062745,0.41233198448747915,0.15986990928649902,0.01868544639280072
StochasticGradientDescent,iron,240,0.91,perceptron,900,elasticnet,0.8561844863731656,0.8561844863731656,0.8561844863731656,0.8561844863731656,8.035506916046142,0.2238870177074391,0.1539294719696045,0.022319182511910455
StochasticGradientDescent,iron,240,0.91,perceptron,1000,l2,0.851182988918838,0.851182988918838,0.851182988918838,0.851182988918838,5.31252613067627,0.3459910174562996,0.1751565933227539,0.02305078214198448
StochasticGradientDescent,iron,240,0.91,perceptron,1000,l1,0.8473794549266247,0.8473794549266247,0.8473794549266247,0.8473794549266247,6.810932207107544,0.6118509669057807,0.1013880729675293,0.017101151877118467
StochasticGradientDescent,iron,240,0.91,perceptron,1000,elasticnet,0.84261755016472,0.84261755016472,0.84261755016472,0.84261755016472,5.3886768341064455,0.3308108273777073,0.08806757926940918,0.009540196021860733
