Model Name,Learning Rate,Down Scale Factor,Batch Size,Noise,Epoch,train VAE BCE Loss,train VAE BCELogits Loss,train VAE MSE Loss,train VAE MAE Loss,test VAE BCE Loss,test VAE BCELogits Loss,test VAE MSE Loss,test VAE MAE Loss
VariationalAutoencoder,0.0001,8.0,45.0,1.0,0.0,0.0003276701484407697,0.0005453507292945429,7.790402381246623e-05,0.0001634168677092241,0.0016559583585967058,0.0025912292723385792,0.00039190449898347915,0.0008198906603099415
VariationalAutoencoder,0.0001,8.0,45.0,True,1.0,0.0003209428364697171,0.000541141773812533,7.480752938037934e-05,0.00014836481719646813,0.0015492920043333521,0.0025603671868642173,0.0003687244775535176,0.0007180017682741273
VariationalAutoencoder,0.0001,8.0,45.0,True,2.0,0.0003129451904656752,0.0005402103508257802,7.369989815426644e-05,0.00014733151605508398,0.001476472278810897,0.0025541038258270646,0.0003538408884837193,0.0007208751619986768
VariationalAutoencoder,0.0001,8.0,45.0,True,3.0,0.00027142653889411863,0.0005313722753139198,6.0635199644816214e-05,0.0001359465168010835,0.001304367428305764,0.002498014543041493,0.0002851178108146356,0.0006071570440658234
VariationalAutoencoder,0.0001,8.0,45.0,True,4.0,0.00025329128349566395,0.0005219133314739341,5.1594477377811856e-05,0.0001093008306951857,0.0012501058338573144,0.002474226291824437,0.00025771370848769664,0.0005521776166352087
VariationalAutoencoder,0.0001,8.0,45.0,True,5.0,0.00022791639331858757,0.0005142897608466547,4.28351149404788e-05,9.387952458826358e-05,0.001118850126956244,0.0024363319828825175,0.00021614572443302322,0.0004721128340787108
VariationalAutoencoder,0.0001,8.0,45.0,True,6.0,0.00023944493172303686,0.0005143716569859384,4.299899758996989e-05,9.009167752818598e-05,0.0011441756344441347,0.0024215624017535514,0.00020071114384153353,0.0004240161499137399
VariationalAutoencoder,0.0001,8.0,45.0,True,7.0,0.00022840614347766351,0.00051132977169479,3.915897638328634e-05,8.315647728841581e-05,0.0011096959406474852,0.0024090812266247827,0.00018228039895213624,0.0003910640125754494
VariationalAutoencoder,0.0001,8.0,45.0,True,8.0,0.00024461396781582073,0.0005100183088503115,3.896023817059165e-05,8.100851105069214e-05,0.0011798613851175367,0.002403122823943132,0.00018316166440270981,0.00038213624894244114
VariationalAutoencoder,0.0001,8.0,45.0,True,9.0,0.000252984564580686,0.0005103498295632334,3.988031709611898e-05,8.037616561525915e-05,0.001204733672381947,0.0024040457587572012,0.0001824564130613639,0.0003931363985973334
VariationalAutoencoder,0.0001,8.0,45.0,True,10.0,0.00024973807951832075,0.000508081559543661,3.677333963688493e-05,7.689310955712095e-05,0.0012285814345257837,0.0024014883821115553,0.00018375383326842351,0.0003747352920238327
VariationalAutoencoder,0.0001,8.0,45.0,True,11.0,0.0002512299628913242,0.0005093586011074302,3.772876865539268e-05,7.93726316520146e-05,0.0012233268539860564,0.0024013427443474343,0.0001784239151755219,0.00037908350240509463
VariationalAutoencoder,0.0001,8.0,45.0,True,12.0,0.00025732483905602016,0.0005081904464654845,3.7622951834670936e-05,7.379587207521711e-05,0.0012639841568544976,0.0023968369705871964,0.00017570595274556358,0.0003629094399746109
VariationalAutoencoder,0.0001,8.0,45.0,True,13.0,0.00024737068263668254,0.0005083884592004864,3.6944798382144735e-05,7.566461224118975e-05,0.0012568434079488118,0.0023889461028500925,0.00017231229528691033,0.0003526392363527286
VariationalAutoencoder,0.0001,8.0,45.0,True,14.0,0.00025584948352083686,0.0005080971033425344,3.6729698011656654e-05,7.44981545643665e-05,0.001251934178220401,0.002392006182820542,0.00016863217706200462,0.0003533687137957639
VariationalAutoencoder,0.0001,8.0,45.0,True,15.0,0.00026116357498734465,0.0005062061018056947,3.4768277442840874e-05,7.265125905889064e-05,0.0012733977545732222,0.002395292310594763,0.00018023986533377906,0.000361274834136543
VariationalAutoencoder,0.0001,8.0,45.0,True,16.0,0.00026059106514460316,0.0005062998064123396,3.4399656955443944e-05,7.216002280018078e-05,0.0013315806036475319,0.0023891324142240127,0.00017103808199834525,0.00035396883697629727
VariationalAutoencoder,0.0001,8.0,45.0,True,17.0,0.00025799986969107243,0.0005053464132499181,3.3914327440718116e-05,7.02971567442475e-05,0.0012957701143228783,0.0023844131508713247,0.00016581941888017473,0.0003408676470225712
VariationalAutoencoder,0.0001,8.0,45.0,True,18.0,0.0002629312302545717,0.0005052647580997642,3.416137644303134e-05,6.894621686794045e-05,0.0012577240759471678,0.0023847537220649,0.00016170954507476877,0.00033757484184121186
VariationalAutoencoder,0.0001,8.0,45.0,True,19.0,0.0002639254710744976,0.0005063056704811651,3.51680181619292e-05,7.086652368708763e-05,0.0013122122805073577,0.0023822660716074817,0.0001625210257633677,0.00034316685402168416
VariationalAutoencoder,0.0001,8.0,45.0,True,20.0,0.0002648282966845119,0.0005063433451151269,3.529976139653404e-05,7.291861641599805e-05,0.0013050310454278621,0.0023823481685710402,0.00016403509854520643,0.0003434489217569243
VariationalAutoencoder,0.0001,8.0,45.0,True,21.0,0.0002606550276761428,0.000506814920677329,3.5551896273607834e-05,6.99755718123238e-05,0.0013207514893333867,0.0023862837620501247,0.0001674139602754101,0.00034814805917020113
VariationalAutoencoder,0.0001,8.0,45.0,True,22.0,0.00025753582503917726,0.0005052926325091133,3.3101965635613287e-05,6.920673615848922e-05,0.0013165939716423083,0.0023831777602621594,0.00016340060429003252,0.0003388754367453497
VariationalAutoencoder,0.0001,8.0,45.0,True,23.0,0.0002647889953739238,0.0005056325075118689,3.356544797953891e-05,6.984402187108351e-05,0.0013094088004070258,0.002381893261423651,0.00016102333020114298,0.00033695454586226987
VariationalAutoencoder,0.0001,8.0,45.0,True,24.0,0.0002620766627178038,0.0005051906941071996,3.33888581740567e-05,6.77713948600697e-05,0.0012771075814025207,0.00238102580766258,0.0001580983095761365,0.00033066147622072474
VariationalAutoencoder,0.0001,8.0,45.0,True,25.0,0.000266146246153068,0.000505000433189207,3.324915476725751e-05,6.916745995093549e-05,0.0013208497057920732,0.0023825535984159265,0.00016445687638138825,0.0003406787584037901
VariationalAutoencoder,0.0001,8.0,45.0,True,26.0,0.0002574463979895867,0.0005050814858665363,3.352044576984853e-05,6.999707005094646e-05,0.0012733649532749968,0.002378038077984216,0.00015978670954329413,0.0003316232571436924
VariationalAutoencoder,0.0001,8.0,45.0,True,27.0,0.0002558180344393954,0.0005055055865701639,3.3820462174653364e-05,6.861935527819508e-05,0.0013493455056124513,0.002373515247548901,0.0001572855754093554,0.000320019024722981
VariationalAutoencoder,0.0001,8.0,45.0,True,28.0,0.0002638799642938167,0.0005051992090564533,3.476205942123084e-05,6.740996639201583e-05,0.0013149687141742346,0.0023737883417861267,0.0001525453543700512,0.000317391851600611
VariationalAutoencoder,0.0001,8.0,45.0,True,29.0,0.00025446429808506106,0.0005044492508844545,3.2233910238485776e-05,6.724576242368497e-05,0.001277966131954073,0.002368007815858853,0.00014373121209114602,0.00030776298364753246
VariationalAutoencoder,0.0001,8.0,45.0,True,30.0,0.0002512831411593044,0.0005039583560270119,3.1766705114565125e-05,6.506209967110677e-05,0.0013045680785329088,0.002374449615958352,0.00015250866377503617,0.00032307821437247894
VariationalAutoencoder,0.0001,8.0,45.0,True,31.0,0.0002556694043935791,0.0005044079212486904,3.261849876603669e-05,6.545469104601045e-05,0.0013307339552813355,0.002372203383055873,0.00015435059724738762,0.00031271797118696777
VariationalAutoencoder,0.0001,8.0,45.0,True,32.0,0.00024934713490247084,0.0005043532167162214,3.177358334597873e-05,6.383479223900407e-05,0.0013425525441859503,0.0023718903649528073,0.00015398427703470553,0.00031819325760475495
VariationalAutoencoder,0.0001,8.0,45.0,True,33.0,0.0002677318943799988,0.0005033014196591236,3.176252545934482e-05,6.5205935037361e-05,0.001291997027847002,0.0023712892577333273,0.00014924218163550276,0.00030752215183006145
VariationalAutoencoder,0.0001,8.0,45.0,True,34.0,0.0002526834285805489,0.0005033780542024062,3.0817057324869616e-05,6.484247824413115e-05,0.0012953431351379779,0.0023734860075344828,0.00014994009954374542,0.0003191308124260333
VariationalAutoencoder,0.0001,8.0,45.0,True,35.0,0.0002648333172913831,0.0005022958121852412,3.0592114054610464e-05,6.30072054435622e-05,0.0013201547868596684,0.0023687256957000157,0.0001465737725953636,0.0003033052872186937
VariationalAutoencoder,0.0001,8.0,45.0,True,36.0,0.00026080572621199,0.0005024142985074026,2.9144354285094938e-05,6.222732445461088e-05,0.0013090227759859096,0.0023682679770127783,0.00014422698028432497,0.00030308544823208695
VariationalAutoencoder,0.0001,8.0,45.0,True,37.0,0.0002653424269105546,0.0005026252443257047,3.08397554885345e-05,6.352768673729704e-05,0.0013372065886011664,0.002364032860821898,0.00014244927878274857,0.00029975515585275563
VariationalAutoencoder,0.0001,8.0,45.0,True,38.0,0.0002625944077807938,0.0005011767791609237,2.852027025826858e-05,6.124542428637451e-05,0.001363765518620329,0.0023655630882431127,0.0001464481436231601,0.0003025688980735323
VariationalAutoencoder,0.0001,8.0,45.0,True,39.0,0.00026107884722578555,0.0005025721463874344,2.9837270832126032e-05,6.21478683302666e-05,0.0013300030486388776,0.002363742897345585,0.00013890130293069396,0.00029373084599117064
VariationalAutoencoder,0.0001,8.0,45.0,True,40.0,0.0002622651764646052,0.0005021169580860601,2.924799718304143e-05,6.214464510065526e-05,0.0013471553160709405,0.002361186832751868,0.00013790438947437693,0.0002874485304895437
VariationalAutoencoder,0.0001,8.0,45.0,True,41.0,0.00027389808324469387,0.0005017044650255188,2.96427725219341e-05,6.143040352593856e-05,0.0013822105320744544,0.0023668698919644144,0.00014595805708342378,0.00030382888965636677
VariationalAutoencoder,0.0001,8.0,45.0,True,42.0,0.0002639775849738211,0.0005011732848185413,2.7807580051075094e-05,6.02550091688845e-05,0.0013578311077453804,0.0023611860830079086,0.00013627210315668358,0.0002955874229002299
VariationalAutoencoder,0.0001,8.0,45.0,True,43.0,0.0002770380109468239,0.0005022064453829331,2.9427315688358163e-05,6.376527691626484e-05,0.001380874956928709,0.0023668515232374084,0.00014419738882742587,0.00030051816090847713
VariationalAutoencoder,0.0001,8.0,45.0,True,44.0,0.00027330920622355213,0.000501407566417581,2.9428678783123706e-05,6.0140659826785085e-05,0.001389440969101288,0.00236205241215304,0.0001399332786318641,0.000287974569595085
VariationalAutoencoder,0.0001,8.0,45.0,True,45.0,0.00027197689781934426,0.0005011788275685272,2.810132571789775e-05,6.0728266634388436e-05,0.0013827610315766724,0.0023556893351692823,0.00013076615923980498,0.00027792033909251857
VariationalAutoencoder,0.0001,8.0,45.0,True,46.0,0.00027483824208740276,0.0005002813438842239,2.7432924794218934e-05,5.824104794916117e-05,0.0014071257421805425,0.0023592389979452456,0.00013409703735660456,0.0002833792482906917
VariationalAutoencoder,0.0001,8.0,45.0,True,47.0,0.00026685786697099793,0.0005005886853544539,2.654213608917843e-05,5.884665363239792e-05,0.0014331376402632995,0.0023571802010326267,0.0001337720584944359,0.0002852420808759126
VariationalAutoencoder,0.0001,8.0,45.0,True,48.0,0.0002779363380930816,0.0005002138267630194,2.6760878909951594e-05,5.878918274554281e-05,0.0014141079202388068,0.0023560297189268676,0.0001302603046474217,0.0002823974820053053
VariationalAutoencoder,0.0001,8.0,45.0,True,49.0,0.0002804234664073852,0.0004999795049991248,2.7019302097131622e-05,5.851360163438031e-05,0.0014369066968653937,0.0023578643423956143,0.0001300174930373078,0.00028400741658120786
VariationalAutoencoder,0.0001,8.0,45.0,True,50.0,0.00028777757102267117,0.0004996569812137162,2.688214915862302e-05,5.876764936267205e-05,0.0014790258130187508,0.002353865020679978,0.00013102202108071284,0.0002760820840514681
VariationalAutoencoder,0.0001,8.0,45.0,True,51.0,0.0002806451161595368,0.0004998958817710774,2.6739624170762187e-05,5.750341536703135e-05,0.001480296160440025,0.0023550383699764994,0.00013035350719337944,0.00027653296132507566
VariationalAutoencoder,0.0001,8.0,45.0,True,52.0,0.0002870803693876755,0.0004994376007758704,2.6266168391286845e-05,5.6800259292286364e-05,0.0014881704400920269,0.002356436642460853,0.00013006144677692988,0.00027841716161314045
VariationalAutoencoder,0.0001,8.0,45.0,True,53.0,0.00029415888285058527,0.0004992232409448958,2.6501034891027004e-05,5.704306588179339e-05,0.0015036384077192102,0.0023522444491116505,0.00012758599137360194,0.0002715037022746584
VariationalAutoencoder,0.0001,8.0,45.0,True,54.0,0.0002985034549654012,0.0004994133412034685,2.682341558913979e-05,5.7294457709050244e-05,0.0015065345749165277,0.0023510817836665506,0.0001268065153802716,0.00027087811122900285
VariationalAutoencoder,0.0001,8.0,45.0,True,55.0,0.00029323338417994047,0.0004992518784864893,2.594501272125064e-05,5.731226078101567e-05,0.0015100481562644432,0.002351487770020587,0.00012469376033207155,0.0002679668788640004
VariationalAutoencoder,0.0001,8.0,45.0,True,56.0,0.0002976433848435024,0.0004993208817073277,2.5918840297630856e-05,5.828492303260896e-05,0.0015453894933064778,0.002349435345931623,0.00012468832468836563,0.0002649683013277234
VariationalAutoencoder,0.0001,8.0,45.0,True,57.0,0.0002994509438941421,0.0004984805927765016,2.5471047350177867e-05,5.54303264601854e-05,0.0015270445706709376,0.0023535013948596498,0.0001280751290186396,0.0002737304652636906
VariationalAutoencoder,0.0001,8.0,45.0,True,58.0,0.00029907953948023506,0.0004990584445449542,2.6090381882904032e-05,5.6870889189751e-05,0.0015597136328055425,0.0023487303991737607,0.0001237598253683474,0.0002655322493622138
VariationalAutoencoder,0.0001,8.0,45.0,True,59.0,0.0002984261376195841,0.0004987461627975629,2.5346317903372156e-05,5.6787913619989975e-05,0.0015550552861495588,0.0023504143241066602,0.00012502607262734346,0.00026754610849626407
VariationalAutoencoder,0.0001,8.0,45.0,True,60.0,0.000299306792229655,0.0004975325817046461,2.413023403793011e-05,5.37396370962945e-05,0.0015686523614439575,0.002351622723933286,0.00012657572310300743,0.00027460201918703953
VariationalAutoencoder,0.0001,8.0,45.0,True,61.0,0.000302054570370286,0.0004984221930773753,2.5049494604537428e-05,5.580399516779136e-05,0.0015692664954647328,0.0023504077638470153,0.0001246832639166394,0.00026708492224321426
VariationalAutoencoder,0.0001,8.0,45.0,True,62.0,0.00029430192998156074,0.0004977283452077696,2.4194359739193054e-05,5.312009420838317e-05,0.00156713919069782,0.002348038198063209,0.00012022137360752754,0.0002622461215879932
VariationalAutoencoder,0.0001,8.0,45.0,True,63.0,0.0003083360323687448,0.0004979382467398425,2.5281838249324788e-05,5.440614274087942e-05,0.0015780198499091766,0.0023479163646698,0.00011833151509551883,0.00026601719312697834
VariationalAutoencoder,0.0001,8.0,45.0,True,64.0,0.00030454477129599475,0.0004980219101327449,2.473342731956523e-05,5.4674278292051864e-05,0.0015907424425928847,0.002348279990490128,0.00012267199374219908,0.00026445243062463196
VariationalAutoencoder,0.0001,8.0,45.0,True,65.0,0.0003065054990210623,0.0004973716009659266,2.3913195713189734e-05,5.3852711204248616e-05,0.0016084169066926967,0.002349028047525658,0.00012403822638703592,0.00026407120925075605
VariationalAutoencoder,0.0001,8.0,45.0,True,66.0,0.00032242881560904,0.0004976746046318198,2.440585531394758e-05,5.4591322804718326e-05,0.0016050021978294324,0.0023446203027881166,0.0001179165318139694,0.0002575938197426826
VariationalAutoencoder,0.0001,8.0,45.0,True,67.0,0.00031679565453465096,0.0004972466481021151,2.4622675242289057e-05,5.360699266275627e-05,0.0016121684380297392,0.0023469640024053225,0.00012019136041965125,0.00026014184801833435
VariationalAutoencoder,0.0001,8.0,45.0,True,68.0,0.00031624019467284416,0.0004975507763839475,2.4491313573806433e-05,5.329492178085358e-05,0.0016137271557214125,0.0023443342754675906,0.00011621310182337491,0.00025506765118934826
VariationalAutoencoder,0.0001,8.0,45.0,True,69.0,0.0003184379954543718,0.0004968364042734521,2.3948661280128192e-05,5.1781284118277046e-05,0.0016517541693441523,0.00234830341998886,0.00012269618469964034,0.00026445870973029224
VariationalAutoencoder,0.0001,8.0,45.0,True,70.0,0.00031793045226454413,0.0004968927555649749,2.3792937116802864e-05,5.2438381145585255e-05,0.0016749176964070062,0.0023443104710968786,0.00011872665359164184,0.00025679930201116596
VariationalAutoencoder,0.0001,8.0,45.0,True,71.0,0.00031522310005044037,0.0004969519585612006,2.317484518427733e-05,5.3695259952159584e-05,0.001664218100361854,0.0023445415796723755,0.00011788609689511593,0.00026087968979241714
VariationalAutoencoder,0.0001,8.0,45.0,True,72.0,0.00032493008195229295,0.0004973681869532542,2.3942895113136568e-05,5.437802232179359e-05,0.0016833523159506935,0.002343152866423505,0.00011622172387890846,0.0002596491959484868
VariationalAutoencoder,0.0001,8.0,45.0,True,73.0,0.0003234745276906098,0.0004967594885761847,2.3363896136013966e-05,5.278941193680879e-05,0.0016903476145282482,0.002342920070924099,0.00011564463189562912,0.0002554335965300506
VariationalAutoencoder,0.0001,8.0,45.0,True,74.0,0.0003354119844835081,0.0004971066735825449,2.4362615337269004e-05,5.3113426842458166e-05,0.0016732058435116174,0.002343568412013024,0.00011586360399078273,0.0002558994452533482
VariationalAutoencoder,0.0001,8.0,45.0,True,75.0,0.00032873975861104674,0.0004960117394712093,2.2642113609776664e-05,5.087925678475526e-05,0.0016884580723144722,0.002343584344072162,0.00011648877330546109,0.00025638574792903926
VariationalAutoencoder,0.0001,8.0,45.0,True,76.0,0.0003327478697357795,0.0004959242202522299,2.266598910575286e-05,5.055759152312163e-05,0.0017084078218951916,0.002339325985818539,0.00011106811276396866,0.00025409879455776335
VariationalAutoencoder,0.0001,8.0,45.0,True,77.0,0.00033357237387860236,0.0004965855747541649,2.3718775222404305e-05,5.226704791549724e-05,0.001705711930053039,0.0023396579349565807,0.00011137221594276668,0.0002483183154894871
VariationalAutoencoder,0.0001,8.0,45.0,True,78.0,0.0003283274262099253,0.0004965227167561369,2.309513551928605e-05,5.1040197358619816e-05,0.0017227528605071253,0.002340627728768115,0.00011420815761359233,0.0002504014322217905
VariationalAutoencoder,0.0001,8.0,45.0,True,79.0,0.0003327104360909475,0.0004963767978380311,2.3242061069069525e-05,5.1716794423015934e-05,0.0017554012109648506,0.0023412704467773438,0.00011525152005114646,0.0002526680722176654
VariationalAutoencoder,0.0001,8.0,45.0,True,80.0,0.00034311542292489515,0.0004966627716054171,2.4134960939299385e-05,5.252673880591225e-05,0.0017430229381945148,0.0023393227994067114,0.00011220050729670615,0.0002471189360198735
VariationalAutoencoder,0.0001,8.0,45.0,True,81.0,0.0003378877260614277,0.000495827864765157,2.2558339763523112e-05,5.0353488791985013e-05,0.0017478644098125914,0.0023396976713864308,0.00011410258429230384,0.00024747982058884963
VariationalAutoencoder,0.0001,8.0,45.0,True,82.0,0.0003430238872204187,0.0004964706229392409,2.3962872107877243e-05,5.152642305167216e-05,0.0017370131780516426,0.002339006782327808,0.00011177689024487381,0.0002445786863378009
VariationalAutoencoder,0.0001,8.0,45.0,True,83.0,0.000339593567616856,0.0004959253850330239,2.2974334697357087e-05,5.0820304818873137e-05,0.0017494757970174153,0.0023379196535866214,0.00011142921991318276,0.0002423128898038804
VariationalAutoencoder,0.0001,8.0,45.0,True,84.0,0.0003470380431558244,0.0004955869961299022,2.2610287982819858e-05,5.023601663241168e-05,0.0017422223990818239,0.002337870732793268,0.00011044229913807515,0.00024315368079539366
VariationalAutoencoder,0.0001,8.0,45.0,True,85.0,0.0003473374721496253,0.0004962622878365118,2.337240355435729e-05,5.292934629152406e-05,0.001744511179954001,0.002336660458606744,0.00010737193361768182,0.00024265866234617414
VariationalAutoencoder,0.0001,8.0,45.0,True,86.0,0.0003410393819012089,0.0004960819878025518,2.299544634925066e-05,5.187191109290984e-05,0.0017579895145488234,0.002337155851927943,0.00010718598540099162,0.0002466981422226384
VariationalAutoencoder,0.0001,8.0,45.0,True,87.0,0.0003489076368249652,0.0004956498139630752,2.226718221954258e-05,5.107666704693252e-05,0.001771480032482987,0.0023380294910766795,0.00010848829065853695,0.0002441098152091668
VariationalAutoencoder,0.0001,8.0,45.0,True,88.0,0.00035422819483312316,0.00049600414831362,2.260649742463207e-05,5.194104484952685e-05,0.0017864359249858735,0.002339211274992745,0.0001116397222445446,0.0002497689060445102
VariationalAutoencoder,0.0001,8.0,45.0,True,89.0,0.000351689735834168,0.0004955400032495874,2.2684542758445533e-05,5.0338135776172753e-05,0.0017616375812194633,0.0023378328707233166,0.00010996106894885968,0.0002473520595322615
VariationalAutoencoder,0.0001,8.0,45.0,True,90.0,0.00035069260314468426,0.0004953493406830451,2.218932013787992e-05,5.0121476507251154e-05,0.0017897739725292853,0.0023357890686898863,0.00010813915598317512,0.00024014905844844362
VariationalAutoencoder,0.0001,8.0,45.0,True,91.0,0.0003579569794739674,0.0004951628954262746,2.2414823205805212e-05,5.019735795950311e-05,0.0017786929442447686,0.0023355862629488577,0.00010687603656225984,0.00024257682310710165
VariationalAutoencoder,0.0001,8.0,45.0,True,92.0,0.0003487107085410475,0.0004948960802947093,2.112820483442908e-05,4.8958809388615695e-05,0.0017880819878488216,0.0023352048307094934,0.00010781730495908725,0.0002456672911374074
VariationalAutoencoder,0.0001,8.0,45.0,True,93.0,0.00035806197040485886,0.0004952610583318211,2.2363070790176444e-05,4.95785982862637e-05,0.0017846346651233217,0.002333560829642434,0.0001040920966638709,0.00023829660513116128
VariationalAutoencoder,0.0001,8.0,45.0,True,94.0,0.0003454224921943685,0.0004948755962186747,2.1002982112998267e-05,4.866737320095381e-05,0.0018110695125171973,0.0023377845122379325,0.00011050812431476402,0.00024275516845145316
VariationalAutoencoder,0.0001,8.0,45.0,True,95.0,0.0003557097558383993,0.0004944683647541344,2.1240320006470795e-05,4.780382379849323e-05,0.0018026697560676239,0.002333364584161051,0.00010436154761404361,0.0002384307155819059
VariationalAutoencoder,0.0001,8.0,45.0,True,96.0,0.0003574346355350834,0.000495201052038496,2.1929712087478277e-05,5.024376342881401e-05,0.0018030927990967372,0.0023330198893756985,0.0001043401096227034,0.0002355373130654389
VariationalAutoencoder,0.0001,8.0,45.0,True,97.0,0.0003577275979872341,0.0004947384332389523,2.1402819478768866e-05,4.857745915249673e-05,0.0018313081009582904,0.0023339941816509896,0.00010617469794720223,0.0002435569961865743
VariationalAutoencoder,0.0001,8.0,45.0,True,98.0,0.00035768667000001973,0.0004947934590902611,2.1223367927370045e-05,4.97146868561156e-05,0.0018406311670939128,0.0023332873605332286,0.00010486537555478654,0.00023715802521075843
VariationalAutoencoder,0.0001,8.0,45.0,True,99.0,0.0003512785682138407,0.000494412816759711,2.0806638729781153e-05,4.8308128696888926e-05,0.0018257384405196088,0.002333020639119658,0.00010624049969439236,0.0002343495546271966
VariationalAutoencoder,0.0001,8.0,45.0,True,100.0,0.00036800449909868264,0.0004940651899399462,2.089947351628558e-05,4.737836251040353e-05,0.0018192906424684345,0.00233230969441012,0.00010532551919514278,0.00023592158027415007
VariationalAutoencoder,0.0001,8.0,45.0,True,101.0,0.00035712110867718803,0.0004941826319758783,2.0700223201690015e-05,4.791646613425643e-05,0.0018241148699754438,0.0023305043109557912,0.0001019333377949097,0.0002277223803337265
VariationalAutoencoder,0.0001,8.0,45.0,True,102.0,0.0003543274823546088,0.0004943448578251018,2.0787502686691412e-05,4.814311139024493e-05,0.001847065657189807,0.002332184487168894,0.00010275110930391827,0.0002356691742843052
VariationalAutoencoder,0.0001,8.0,45.0,True,103.0,0.0003681404571327559,0.0004941346751390442,2.005323516631705e-05,4.850140197900428e-05,0.0018465189064073863,0.0023333516510777503,0.00010434649416110801,0.00023767223241943984
VariationalAutoencoder,0.0001,8.0,45.0,True,104.0,0.00035253034608383383,0.0004940064689219801,2.0298244547088835e-05,4.7490658424292614e-05,0.0018533785013282824,0.0023349122431293224,0.00010658008684902072,0.0002381616512184623
VariationalAutoencoder,0.0001,8.0,45.0,True,105.0,0.0003606093861664723,0.000494259226354306,2.0754573781374652e-05,4.91155326527084e-05,0.0018624950130030793,0.0023319861798916223,0.00010288943706443474,0.00023324215936960664
VariationalAutoencoder,0.0001,8.0,45.0,True,106.0,0.00035533935554586655,0.0004936597257290246,1.943798615243236e-05,4.6837201336966046e-05,0.0018786928563747766,0.0023329501631874708,0.00010595900598187117,0.00023842841949103013
VariationalAutoencoder,0.0001,8.0,45.0,True,107.0,0.00036224317197208457,0.00049356561947383,2.0037106466743182e-05,4.731232144761921e-05,0.0018496144117799195,0.002331167272051925,0.00010156816562766549,0.00023335703420189192
VariationalAutoencoder,0.0001,8.0,45.0,True,108.0,0.0003607368694161469,0.0004938789856723055,1.991704743947944e-05,4.71172256852096e-05,0.0018590439415577822,0.0023303228729176072,0.00010096485603530452,0.00022807262791027812
VariationalAutoencoder,0.0001,8.0,45.0,True,109.0,0.0003661803318805129,0.0004937009750350787,2.00022170144432e-05,4.706465993126769e-05,0.001863827870326972,0.00233142799551382,0.00010201636022366818,0.00023262137137119125
VariationalAutoencoder,0.0001,8.0,45.0,True,110.0,0.00036405087159971665,0.000493436047651697,1.98057619227232e-05,4.649102547258701e-05,0.0019015339935350719,0.0023316894687196743,0.00010410759527728242,0.0002347641630367663
VariationalAutoencoder,0.0001,8.0,45.0,True,111.0,0.00036900355970120494,0.000493354553160963,1.970740823411556e-05,4.615859602982143e-05,0.0018746581092570563,0.0023286813085184157,0.00010044632608410698,0.0002300564504269534
VariationalAutoencoder,0.0001,8.0,45.0,True,112.0,0.00035669030044278047,0.0004932953903295924,1.9859119677399048e-05,4.631927051152181e-05,0.001871461013578019,0.0023296078046162925,0.00010046558513206506,0.0002300246331676747
VariationalAutoencoder,0.0001,8.0,45.0,True,113.0,0.00035778326647622246,0.0004934134750032039,1.9825061135536257e-05,4.647478380935854e-05,0.0018937962610016828,0.0023283032501268688,9.917814589146548e-05,0.0002267418323822741
VariationalAutoencoder,0.0001,8.0,45.0,True,114.0,0.0003656502762894746,0.0004934953309776327,2.0171110229591795e-05,4.662450834747273e-05,0.001903638149957237,0.002330191105416736,0.00010212114865674912,0.0002362735850631066
VariationalAutoencoder,0.0001,8.0,45.0,True,115.0,0.0003705304266628872,0.0004930808296743429,1.9242230180219177e-05,4.6170996928793404e-05,0.0018898473595673182,0.0023294083727230814,0.00010131530276259536,0.00023056292590105309
VariationalAutoencoder,0.0001,8.0,45.0,True,116.0,0.00036506085704279074,0.0004928964328251759,1.9027005549711037e-05,4.560108273980431e-05,0.001856791335831648,0.0023281313713241674,9.793645860451572e-05,0.0002269162415708386
VariationalAutoencoder,0.0001,8.0,45.0,True,117.0,0.0003683465430036067,0.0004926971348148151,1.8681135942351142e-05,4.520475101278156e-05,0.0018916000735084966,0.0023270035689731813,9.781477164547398e-05,0.00022502761310751334
VariationalAutoencoder,0.0001,8.0,45.0,True,118.0,0.0003681812244605504,0.00049350557301565,2.0200037711232177e-05,4.660919549651544e-05,0.0018984787869003583,0.002328484500729063,0.00010037938800622833,0.0002231901078104223
VariationalAutoencoder,0.0001,8.0,45.0,True,119.0,0.00037742837902027964,0.0004928035315156304,1.9402059944813465e-05,4.568006190649583e-05,0.0019126386387543109,0.0023275754361782434,9.931525531804787e-05,0.00022589684751048777
VariationalAutoencoder,0.0001,8.0,45.0,True,120.0,0.00036269691433868,0.0004931215568372825,1.9494362546989537e-05,4.6648301003435553e-05,0.0018946727116902669,0.0023274753453596583,9.806720106481755e-05,0.00022779794046713872
VariationalAutoencoder,0.0001,8.0,45.0,True,121.0,0.000368426270240722,0.0004923613566272663,1.8420360600851936e-05,4.442557792939908e-05,0.0018990937643830882,0.0023279638035492325,9.995554837415803e-05,0.00022234706758703077
VariationalAutoencoder,0.0001,8.0,45.0,True,122.0,0.0003701381766892508,0.000493039259049449,1.9411198704470844e-05,4.571627052325123e-05,0.0019153152246895076,0.0023290066973968124,0.00010035085087677218,0.00022709700015355956
VariationalAutoencoder,0.0001,8.0,45.0,True,123.0,0.00038064008131824095,0.0004930072878248929,1.968822449526054e-05,4.600095399467129e-05,0.0019071996212005615,0.0023273966222439172,9.919604602849708e-05,0.0002240930806915715
VariationalAutoencoder,0.0001,8.0,45.0,True,124.0,0.000370701729769334,0.0004928181515228395,1.9250103746945002e-05,4.544079986543989e-05,0.0019282880444196784,0.002328764904969893,9.950520997902133e-05,0.00023286075055974084
VariationalAutoencoder,0.0001,8.0,45.0,True,125.0,0.00038240741526662824,0.0004926780565087044,1.923288934113523e-05,4.539295348195696e-05,0.0019211021234404365,0.0023255402562003466,9.632472581458542e-05,0.0002232133498731649
VariationalAutoencoder,0.0001,8.0,45.0,True,126.0,0.0003723327843648083,0.0004924598810165076,1.8790340417559255e-05,4.4478364590043326e-05,0.0019213257345763392,0.0023280284689657345,0.00010149890802941232,0.0002272080325480527
VariationalAutoencoder,0.0001,8.0,45.0,True,127.0,0.000374181010331105,0.000492327015676267,1.8576147521763156e-05,4.4430267176216826e-05,0.0019301464722591376,0.0023279962299754785,9.860305713032776e-05,0.00022858648367647856
VariationalAutoencoder,0.0001,8.0,45.0,True,128.0,0.0003763137641300088,0.0004921778434049087,1.8557539897546614e-05,4.4554562340528175e-05,0.0019485999203328066,0.0023275696256625576,9.957214805689998e-05,0.0002267329291727558
VariationalAutoencoder,0.0001,8.0,45.0,True,129.0,0.0003863748594757039,0.0004922020226476007,1.866437966691837e-05,4.438726065775776e-05,0.0019310053039646748,0.00232517494345611,9.667999316124046e-05,0.00022221787733101996
VariationalAutoencoder,0.0001,8.0,45.0,True,130.0,0.0003690027162392506,0.0004927458146190386,1.9044847531379715e-05,4.4979832845556765e-05,0.0019422960731218446,0.0023263981507259347,9.897632418938403e-05,0.00022420540170849494
VariationalAutoencoder,0.0001,8.0,45.0,True,131.0,0.00037470970031707433,0.0004920448977349582,1.8367829991158127e-05,4.4430442897457316e-05,0.0019475624621289331,0.00232771320163079,0.00010003828964893173,0.00022437336778490799
VariationalAutoencoder,0.0001,8.0,45.0,True,132.0,0.0003776008067426656,0.0004919784248999829,1.8300241326305745e-05,4.3706551716334095e-05,0.0019414492373196583,0.002326958959207595,9.802684375325089e-05,0.00022436301194646822
VariationalAutoencoder,0.0001,8.0,45.0,True,133.0,0.00037722924166933865,0.0004923316747994436,1.8777827810084403e-05,4.462219995629755e-05,0.0019328247451182432,0.0023250521728827517,9.474791469251584e-05,0.00022163771608340666
VariationalAutoencoder,0.0001,8.0,45.0,True,134.0,0.00037159973559675193,0.0004917855532664173,1.7945748826644493e-05,4.353639832886081e-05,0.001936461940501471,0.0023229429556888602,9.262123666469406e-05,0.00021554925625429214
VariationalAutoencoder,0.0001,8.0,45.0,True,135.0,0.00037873594587382604,0.0004919257687751174,1.8241770083531536e-05,4.383344755500475e-05,0.0019457338366118617,0.002322774263297987,9.388413936274606e-05,0.00021912726872372177
VariationalAutoencoder,0.0001,8.0,45.0,True,136.0,0.0003795841472810812,0.0004922956469245355,1.872229487748159e-05,4.51536964615079e-05,0.001949822002986692,0.002323228233265427,9.46648454047599e-05,0.00021773326040813758
VariationalAutoencoder,0.0001,8.0,45.0,True,137.0,0.0003891103672531416,0.0004922020628124556,1.8780124737727996e-05,4.489080242390903e-05,0.0019656335407832884,0.0023231135224396327,9.582412528729289e-05,0.00022089345462667116
VariationalAutoencoder,0.0001,8.0,45.0,True,138.0,0.0003894923350239057,0.0004920324466299175,1.8468319947989482e-05,4.441493424283205e-05,0.0019625277264313126,0.0023241813452738636,9.78229895421544e-05,0.0002196516677643518
VariationalAutoencoder,0.0001,8.0,45.0,True,139.0,0.00037692049442918476,0.0004919791880322274,1.8309457905369628e-05,4.363717697058726e-05,0.0019823704500618222,0.002324286121992195,9.613311351657664e-05,0.00021982448374700247
VariationalAutoencoder,0.0001,8.0,45.0,True,140.0,0.0003835297819739082,0.0004918194524040119,1.823863220423701e-05,4.3635228975121224e-05,0.001970041847828799,0.0023228333056347925,9.448075397584423e-05,0.00021600456170316011
VariationalAutoencoder,0.0001,8.0,45.0,True,141.0,0.0003843615559554807,0.0004916487517703897,1.77287870661589e-05,4.33941143301298e-05,0.001974296269926635,0.0023251713821723025,9.62201013879956e-05,0.00022317073161497056
VariationalAutoencoder,0.0001,8.0,45.0,True,142.0,0.00038807636322679543,0.0004920645383490385,1.8715353888482096e-05,4.448617163372811e-05,0.0019689700888387814,0.0023233395702434035,9.447137046160188e-05,0.00021756316224733988
VariationalAutoencoder,0.0001,8.0,45.0,True,143.0,0.00038194555959932886,0.0004915853314643922,1.7985796952504676e-05,4.37702381144958e-05,0.0020082656692408914,0.002323408921559652,9.470098540655472e-05,0.0002194676993403045
VariationalAutoencoder,0.0001,8.0,45.0,True,144.0,0.00039568346626353714,0.0004915404271565358,1.8279596590851196e-05,4.330459690961555e-05,0.0020080478686206747,0.002323016992904855,9.578602306497921e-05,0.00021991316439970483
VariationalAutoencoder,0.0001,8.0,45.0,True,145.0,0.0003859053724859603,0.0004910098092575279,1.7397241250202662e-05,4.250783161975624e-05,0.0020063092123787356,0.0023220352031899697,9.453239259105058e-05,0.0002165045940651084
VariationalAutoencoder,0.0001,8.0,45.0,True,146.0,0.000388317513016035,0.0004913595648146061,1.8122971228592478e-05,4.318032684833856e-05,0.0020057870157109865,0.002322100618350431,9.432198397768368e-05,0.00021460654694329268
VariationalAutoencoder,0.0001,8.0,45.0,True,147.0,0.00038485453938538175,0.0004912863844488509,1.7367072423513365e-05,4.2476136528578087e-05,0.0019846005634691732,0.0023218442059163027,9.169054668654435e-05,0.00021777934623214433
VariationalAutoencoder,0.0001,8.0,45.0,True,148.0,0.00038670485392413694,0.000491085841327986,1.7204471283926154e-05,4.258263364153088e-05,0.0020150469159180263,0.0023219703503374782,9.381816775169013e-05,0.0002198285604797819
VariationalAutoencoder,0.0001,8.0,45.0,True,149.0,0.0003889146037500181,0.0004910581677429117,1.7463122908718825e-05,4.257308444726178e-05,0.002028997964079275,0.002321961353409965,9.431535928691708e-05,0.0002154598727166278
VariationalAutoencoder,0.0001,8.0,45.0,True,150.0,0.0003932059373495714,0.0004914372838089729,1.7921480468180622e-05,4.28651783344238e-05,0.002016452685841974,0.0023213613708064243,9.233446545758338e-05,0.00021224321340614893
VariationalAutoencoder,0.0001,8.0,45.0,True,151.0,0.0003928691550406484,0.0004907226305444928,1.6942854990776015e-05,4.148064055693439e-05,0.0020554877302181797,0.0023242319529911256,0.00010033468452264678,0.00022381900241539912
VariationalAutoencoder,0.0001,8.0,45.0,True,152.0,0.0003947703986155055,0.0004912156139743938,1.7604844599480255e-05,4.287938665186941e-05,0.002024978774148713,0.002321341315155509,9.370059266967594e-05,0.00021573125660044593
VariationalAutoencoder,0.0001,8.0,45.0,True,153.0,0.00040086087672858226,0.0004911061245797458,1.783228813196128e-05,4.276932490803803e-05,0.002036096914759222,0.0023200140809113124,9.184313715441422e-05,0.00021361508084543097
VariationalAutoencoder,0.0001,8.0,45.0,True,154.0,0.0004009596822718083,0.0004909954302394486,1.7707180884488508e-05,4.221297639881504e-05,0.002055404321202692,0.0023204000116144336,9.402845336018868e-05,0.00021361032465718827
VariationalAutoencoder,0.0001,8.0,45.0,True,155.0,0.00039099642851282,0.0004910286064096538,1.7819663815983542e-05,4.216151517838481e-05,0.0020507660301976234,0.002321752924589241,9.438767443475483e-05,0.00021399494330838042
VariationalAutoencoder,0.0001,8.0,45.0,True,156.0,0.00039541942250696473,0.0004906132214795547,1.6787465952959343e-05,4.13535941000576e-05,0.002045013244796849,0.002318717586169453,9.090859302372303e-05,0.0002126822587828966
VariationalAutoencoder,0.0001,8.0,45.0,True,157.0,0.0004004780253310088,0.0004905701245901719,1.7210073026042742e-05,4.16879564764686e-05,0.0020370953862772047,0.002321009928325437,9.516633625300426e-05,0.00021430116685681373
VariationalAutoencoder,0.0001,8.0,45.0,True,158.0,0.0003996784635631222,0.0004906338662150092,1.6973835900626737e-05,4.1524445351885975e-05,0.0020680727448853307,0.0023198615080155666,9.25660601951791e-05,0.0002160739130194082
VariationalAutoencoder,0.0001,8.0,45.0,True,159.0,0.0004044700102664711,0.0004908457759898306,1.7675138116284522e-05,4.1704057562704677e-05,0.0020367195771175363,0.002319671447921849,9.052770552020402e-05,0.0002136146591144538
VariationalAutoencoder,0.0001,8.0,45.0,True,160.0,0.00039953728409790286,0.0004906318178074058,1.7123148748977486e-05,4.13060891178419e-05,0.002056549180228755,0.002318682535639349,9.055556905157161e-05,0.00021055167388616119
VariationalAutoencoder,0.0001,8.0,45.0,True,161.0,0.00039416141908445125,0.0004909905301271423,1.7397450860539535e-05,4.222012072239282e-05,0.0020891291165501817,0.002320661672256278,9.490509734213727e-05,0.00021485450132837836
VariationalAutoencoder,0.0001,8.0,45.0,True,162.0,0.00040474931666793204,0.0004905787600339905,1.7339583345741596e-05,4.142182414743778e-05,0.002068296730893213,0.0023165253348320534,8.775697400172551e-05,0.00020681405967136598
VariationalAutoencoder,0.0001,8.0,45.0,True,163.0,0.0004018265603366245,0.0004901930970965692,1.6441753239564177e-05,4.077418343317155e-05,0.0020616633712120776,0.002319992150900499,9.086982891807016e-05,0.0002122474307159208
VariationalAutoencoder,0.0001,8.0,45.0,True,164.0,0.00040384211308872606,0.0004906349908309484,1.7137526511905006e-05,4.158291533950847e-05,0.0020654885648931347,0.002320237879483205,9.13503737944477e-05,0.00021280446704828514
VariationalAutoencoder,0.0001,8.0,45.0,True,165.0,0.0004089864678781309,0.0004904132406666593,1.695176656797247e-05,4.0790957280728374e-05,0.0020784617594952854,0.002319859821091658,9.254458120221612e-05,0.00021420203664767668
VariationalAutoencoder,0.0001,8.0,45.0,True,166.0,0.0004088910763475773,0.000490695679926808,1.766191509293739e-05,4.1425589602591214e-05,0.0020692993260029726,0.002316857658842075,8.876424915385696e-05,0.00020637768525747383
VariationalAutoencoder,0.0001,8.0,45.0,True,167.0,0.00040169586389855234,0.0004899662058308439,1.6144778067371596e-05,4.0356757626379274e-05,0.0020785909028922986,0.0023178145195703087,8.877960133290141e-05,0.000209730844827568
VariationalAutoencoder,0.0001,8.0,45.0,True,168.0,0.00041582903290051976,0.0004901600815857838,1.681340240805618e-05,4.0815580847128385e-05,0.002102411393099611,0.0023177269869630443,9.059585607464208e-05,0.0002085208517950286
VariationalAutoencoder,0.0001,8.0,45.0,True,169.0,0.00040269926230541135,0.0004901475903158882,1.6657228900415878e-05,4.045338171591977e-05,0.0020916990514071483,0.002317121756151787,8.85687065574358e-05,0.00020852408506585366
VariationalAutoencoder,0.0001,8.0,45.0,True,170.0,0.0004099999476635874,0.0004904937712008742,1.7139569898901602e-05,4.100130564681282e-05,0.0021002821202548046,0.002317319313685099,9.069608161284489e-05,0.0002101987787762528
VariationalAutoencoder,0.0001,8.0,45.0,True,171.0,0.00042226818211959057,0.0004904126381938349,1.701105742481841e-05,4.104524850845337e-05,0.0020965142819866444,0.0023142828506493717,8.505215552055611e-05,0.00020509171036054504
VariationalAutoencoder,0.0001,8.0,45.0,True,172.0,0.00041329892819139835,0.0004904928072443548,1.732588461989341e-05,4.1066819545875665e-05,0.0020956933123510587,0.002317891555762141,8.984362273096288e-05,0.00020862848691220552
VariationalAutoencoder,0.0001,8.0,45.0,True,173.0,0.00040780710724164855,0.0004900840495153258,1.6630416349420006e-05,4.0556761032005524e-05,0.0021189361248376234,0.0023160696779407045,8.80188337943089e-05,0.00020802777799420387
VariationalAutoencoder,0.0001,8.0,45.0,True,174.0,0.000407385617253594,0.000490008901071677,1.6382624297289835e-05,4.00218053286609e-05,0.002084032731985896,0.00231586199886394,8.607583132180028e-05,0.00020613844664591662
VariationalAutoencoder,0.0001,8.0,45.0,True,175.0,0.00041420633259487923,0.000490114454310538,1.6606218279452337e-05,4.09222838049629e-05,0.0021034098646175938,0.002316408749646361,9.062324515866034e-05,0.00020741980593159514
VariationalAutoencoder,0.0001,8.0,45.0,True,176.0,0.00041350923137202094,0.0004902812589532282,1.7156578459829654e-05,4.078833652394158e-05,0.0021202401170190774,0.0023168156731803464,8.808877084802532e-05,0.00021059216005997087
VariationalAutoencoder,0.0001,8.0,45.0,True,177.0,0.0004130558504891203,0.0004900176570100604,1.6698775677427127e-05,4.03737850145831e-05,0.0021132316979222327,0.0023155017468914295,8.79051831533324e-05,0.00020363071710808472
VariationalAutoencoder,0.0001,8.0,45.0,True,178.0,0.00040922062898260565,0.0004901053770533148,1.6551872720374572e-05,4.038880918064529e-05,0.00210321436888017,0.0023154698827731533,8.731911181466385e-05,0.00020310165559720694
VariationalAutoencoder,0.0001,8.0,45.0,True,179.0,0.00041914122766561584,0.0004893926115370182,1.561065076416072e-05,3.9330676117675963e-05,0.0021369204206286734,0.0023139413422758473,8.517534196751672e-05,0.00020628942633574865
VariationalAutoencoder,0.0001,8.0,45.0,True,180.0,0.00041953689165192474,0.0004903650428406955,1.7288413320509892e-05,4.0960106546827406e-05,0.002104491745151064,0.0023149302545583473,8.535379860198723e-05,0.00020469989885324203
VariationalAutoencoder,0.0001,8.0,45.0,True,181.0,0.00041399679254650105,0.0004898265124652584,1.657870409864621e-05,3.9957787570445685e-05,0.002137720022561415,0.0023140213774435177,8.56608714697496e-05,0.00020195585939119447
VariationalAutoencoder,0.0001,8.0,45.0,True,182.0,0.0004138494678584713,0.0004902617789985678,1.7170726529992817e-05,4.062447897748485e-05,0.0021496473243401487,0.0023145623177102527,8.695233472675648e-05,0.0002059637094443699
VariationalAutoencoder,0.0001,8.0,45.0,True,183.0,0.0004182354298563338,0.000489674849972892,1.6196932131550063e-05,4.017931180742552e-05,0.0021292600991590967,0.0023146927731591952,8.665479180760353e-05,0.00020349918390220068
VariationalAutoencoder,0.0001,8.0,45.0,True,184.0,0.00042323703875117547,0.0004896330383588683,1.628019136559931e-05,3.9834466403867356e-05,0.0021325235471785445,0.0023128052927413076,8.347984286224317e-05,0.00020165300969057862
VariationalAutoencoder,0.0001,8.0,45.0,True,185.0,0.0004254738195244514,0.0004892199829903575,1.589164408953042e-05,3.870918774460204e-05,0.0021253494346666637,0.002315088263097799,8.751222945796619e-05,0.0002051616942732589
VariationalAutoencoder,0.0001,8.0,45.0,True,186.0,0.0004200150542503419,0.0004895845593789195,1.6068812519954543e-05,3.956426989357426e-05,0.0021465662515388344,0.002314722013173613,8.717672489349197e-05,0.00020088192145779448
VariationalAutoencoder,0.0001,8.0,45.0,True,187.0,0.0004266663542333639,0.0004896532412809181,1.6472932463386308e-05,3.975227153847481e-05,0.0021443745625094046,0.0023129501807614694,8.4673007657318e-05,0.00020050013777594896
VariationalAutoencoder,0.0001,8.0,45.0,True,188.0,0.0004322033204800999,0.0004898055062461092,1.6845928409671528e-05,4.019517943544208e-05,0.0021196243897923885,0.0023133038724743346,8.465854579922538e-05,0.00020018641678792127
VariationalAutoencoder,0.0001,8.0,45.0,True,189.0,0.0004226663363269076,0.0004897377883006299,1.6355135219518066e-05,3.98845118131599e-05,0.0021359075165394716,0.0023144408591888235,8.650920675985469e-05,0.00020441059140289354
VariationalAutoencoder,0.0001,8.0,45.0,True,190.0,0.00042094005086029955,0.0004894817775150515,1.6092367952242694e-05,3.932073280576747e-05,0.002130145546775194,0.0023142337424200284,8.620535544816803e-05,0.00020132825340864793
VariationalAutoencoder,0.0001,8.0,45.0,True,191.0,0.00042323454853016734,0.0004893515228903839,1.6022723348876538e-05,3.8937552558443936e-05,0.0021415169134080033,0.0023134911210282044,8.526344859750016e-05,0.00020188737496639947
VariationalAutoencoder,0.0001,8.0,45.0,True,192.0,0.0004358114498966145,0.0004900508733451206,1.6887625804888914e-05,4.059784716833634e-05,0.00216021440314047,0.0023163210296031065,9.02684932609774e-05,0.00020574340186778854
VariationalAutoencoder,0.0001,8.0,45.0,True,193.0,0.0004148109743215967,0.0004893266608451576,1.556235880181796e-05,3.870209613739641e-05,0.002156729968088978,0.0023134345153592666,8.56734648253183e-05,0.00020030555578897584
VariationalAutoencoder,0.0001,8.0,45.0,True,194.0,0.0004366837100519967,0.0004888780595799984,1.5616956646391e-05,3.825660513819389e-05,0.0021744481047744272,0.00231332336581728,8.570919481088531e-05,0.00019926835530958834
VariationalAutoencoder,0.0001,8.0,45.0,True,195.0,0.00042818864240157955,0.000489344855524459,1.594250534743954e-05,3.9409168285500974e-05,0.0021566212552148593,0.002311193718100494,8.359515699762969e-05,0.00019864749702267677
VariationalAutoencoder,0.0001,8.0,45.0,True,196.0,0.00043018258646170725,0.0004893750996602513,1.5995934645763306e-05,3.9342996686937996e-05,0.0021800040823858487,0.0023129499933254795,8.623894163460102e-05,0.00020596663813171148
VariationalAutoencoder,0.0001,8.0,45.0,True,197.0,0.0004235418498355423,0.0004892910346187992,1.614883848317871e-05,3.917164086411905e-05,0.0021576499039272093,0.0023124594733400167,8.497384242104285e-05,0.0002002820091427497
VariationalAutoencoder,0.0001,8.0,45.0,True,198.0,0.00042718307509255216,0.0004894052233014788,1.629803711272314e-05,3.9534555431806815e-05,0.0021790800229558407,0.002312651407793633,8.615005011641004e-05,0.00020001076583592398
VariationalAutoencoder,0.0001,8.0,45.0,True,199.0,0.0004396381162890205,0.000489618699505644,1.697407940005999e-05,3.988691166324436e-05,0.0021759483424372643,0.0023110673862433285,8.384604007005692e-05,0.00019693822137214852
VariationalAutoencoder,0.0001,8.0,45.0,True,200.0,0.00042995200002932484,0.0004890621351103256,1.533452115169754e-05,3.87684309056827e-05,0.0021838703245486853,0.0023102698461064755,8.28664761575513e-05,0.00019643637322404848
VariationalAutoencoder,0.0001,8.0,45.0,True,201.0,0.0004321707869475743,0.0004893865466439178,1.6129948449825663e-05,3.9416126846624516e-05,0.002177186357150288,0.002310679206308329,8.221153966473334e-05,0.00019775874584725817
VariationalAutoencoder,0.0001,8.0,45.0,True,202.0,0.0004319689585513503,0.000489132343276813,1.585726422882787e-05,3.887644424191061e-05,0.0021762675459279955,0.0023125614385185,8.472522615261798e-05,0.00020035072786253204
VariationalAutoencoder,0.0001,8.0,45.0,True,203.0,0.0004317198159559718,0.0004889793553442325,1.5817357935111798e-05,3.851578392670804e-05,0.0021776206463387927,0.0023106038570404053,8.23868157447509e-05,0.0001971935326198362
VariationalAutoencoder,0.0001,8.0,45.0,True,204.0,0.00042953283960285853,0.0004887673652397012,1.5105243842556791e-05,3.753995116187556e-05,0.002199878857570624,0.002310967670296723,8.223582434016953e-05,0.0001952957197930078
VariationalAutoencoder,0.0001,8.0,45.0,True,205.0,0.0004314628412138741,0.0004886916143232279,1.5138236760611162e-05,3.748451864141017e-05,0.0022033803492971936,0.0023105755542059364,8.288143003511729e-05,0.0001952426168341307
VariationalAutoencoder,0.0001,8.0,45.0,True,206.0,0.00043009430411048333,0.0004888471326416715,1.536868136084947e-05,3.773868435396338e-05,0.0022038410669602687,0.0023120964098276584,8.427359913505099e-05,0.0001995644338850705
VariationalAutoencoder,0.0001,8.0,45.0,True,207.0,0.0004322722433712283,0.0004887477246256209,1.538468956585843e-05,3.7884763931489056e-05,0.0021815198772358445,0.002310605543964314,8.169437448183696e-05,0.00019550957254268838
VariationalAutoencoder,0.0001,8.0,45.0,True,208.0,0.00043883180682549903,0.0004884276508963654,1.4939298978793332e-05,3.7548082034703534e-05,0.0022157902987498157,0.002309644559644303,8.163300676728195e-05,0.00019633280312490164
VariationalAutoencoder,0.0001,8.0,45.0,True,209.0,0.0004341305908809775,0.0004890362689437249,1.608074901279092e-05,3.852533814158401e-05,0.00218844713654908,0.0023126051111041373,8.510940550070889e-05,0.00020027493343413252
VariationalAutoencoder,0.0001,8.0,45.0,True,210.0,0.0004395795157656194,0.0004889115570690433,1.5469584262595987e-05,3.846378550134258e-05,0.0021870318073896494,0.0023100124964923977,8.255544956187782e-05,0.00019307257666152978
VariationalAutoencoder,0.0001,8.0,45.0,True,211.0,0.0004432231910787824,0.0004888462490148621,1.547645747340272e-05,3.84183113546063e-05,0.0022079995218312965,0.002308912622103901,8.139921551418004e-05,0.00019263567508391615
VariationalAutoencoder,0.0001,8.0,45.0,True,212.0,0.0004285671158299613,0.0004882942232481553,1.4701920920465834e-05,3.711530070179556e-05,0.002203364979546025,0.0023089868467558853,8.24583167175077e-05,0.000194393590373813
VariationalAutoencoder,0.0001,8.0,45.0,True,213.0,0.00044453706381455905,0.0004883927074725416,1.5007348284326152e-05,3.7728131038320035e-05,0.002212709225948502,0.0023094786787932775,8.198093482345905e-05,0.00019314093222408174
VariationalAutoencoder,0.0001,8.0,45.0,True,214.0,0.00044455031821669913,0.0004883371996429731,1.5112394441893158e-05,3.7256226626367903e-05,0.002210289052447433,0.002309707913008876,8.373094265753368e-05,0.00019440850324975618
VariationalAutoencoder,0.0001,8.0,45.0,True,215.0,0.00043472482991025775,0.0004886367892961939,1.4962966119584368e-05,3.768079675673796e-05,0.002213359628833315,0.0023105631834306056,8.482588513654732e-05,0.00019923738151226403
VariationalAutoencoder,0.0001,8.0,45.0,True,216.0,0.0004404059478214809,0.0004887268790658915,1.5456479223510327e-05,3.7891765167771e-05,0.002225781574189288,0.002308466149576055,7.966554975547131e-05,0.00018984967338963875
VariationalAutoencoder,0.0001,8.0,45.0,True,217.0,0.0004451952051280965,0.0004888154827359551,1.5227457965320011e-05,3.783164591079131e-05,0.002215302215432221,0.0023107161311983313,8.285008136581325e-05,0.0001970166633339048
VariationalAutoencoder,0.0001,8.0,45.0,True,218.0,0.0004358796096554985,0.00048827811714131236,1.4680199264837403e-05,3.695461366857801e-05,0.0022131500753966517,0.00230874018099323,7.903854708251713e-05,0.00019074876868874772
VariationalAutoencoder,0.0001,8.0,45.0,True,219.0,0.00044232980420968603,0.0004884699444886488,1.554312485689423e-05,3.750639844615505e-05,0.00223005473988611,0.0023091725958218363,8.13146525958799e-05,0.00019239028622894166
VariationalAutoencoder,0.0001,8.0,45.0,True,220.0,0.00044583061313372097,0.0004884374109561232,1.4860250778757337e-05,3.7833724442036004e-05,0.0022077627901761036,0.0023101416398894114,8.200432332056873e-05,0.0001935805750530471
VariationalAutoencoder,0.0001,8.0,45.0,True,221.0,0.0004416044269289289,0.00048827715318479304,1.5085898189130177e-05,3.693611273225748e-05,0.002234973247696019,0.002310660275273353,8.261801803824287e-05,0.00019800248292257201
VariationalAutoencoder,0.0001,8.0,45.0,True,222.0,0.0004354843874825943,0.0004885474224938858,1.5083793299699408e-05,3.7224463756996985e-05,0.0022314822523848816,0.0023085242547329116,8.092975864807765e-05,0.00019122130653393343
VariationalAutoencoder,0.0001,8.0,45.0,True,223.0,0.0004457293575343417,0.0004886024081803397,1.5160110289597447e-05,3.786320795588737e-05,0.0022540122458020095,0.002307438812915634,7.905410426967549e-05,0.00018852376291212045
VariationalAutoencoder,0.0001,8.0,45.0,True,224.0,0.00044838067977576244,0.0004884424717278493,1.4941996299834907e-05,3.759278802858851e-05,0.0022247645465083093,0.0023098644220604088,8.266891276686447e-05,0.0001946834367026323
VariationalAutoencoder,0.0001,8.0,45.0,True,225.0,0.0004404087191964738,0.00048821999859617084,1.4765810653205831e-05,3.69718217986292e-05,0.0022842814712404455,0.002311842621497388,8.662985110620282e-05,0.00020360714703235986
VariationalAutoencoder,0.0001,8.0,45.0,True,226.0,0.0004428223056613274,0.00048819007577921824,1.4813488846358584e-05,3.7350882638014875e-05,0.0022227957188708227,0.0023085444978198167,7.901568574912892e-05,0.00019218626215397936
VariationalAutoencoder,0.0001,8.0,45.0,True,227.0,0.0004486309871519351,0.0004882628143315688,1.5086665086829759e-05,3.6942273016888495e-05,0.0022499598797012426,0.0023078672915884534,8.075382068472088e-05,0.00019137488689812475
VariationalAutoencoder,0.0001,8.0,45.0,True,228.0,0.00043897660112766565,0.0004879072750353749,1.417405556917512e-05,3.604265808496835e-05,0.0022328749017895395,0.00230936846643124,8.168557670506291e-05,0.0001905564125041542
VariationalAutoencoder,0.0001,8.0,45.0,True,229.0,0.0004441623658825445,0.0004882030490273735,1.492143063893858e-05,3.7085646487310566e-05,0.0022464928761968075,0.0023067393018014774,7.758572486773976e-05,0.0001890770270951889
VariationalAutoencoder,0.0001,8.0,45.0,True,230.0,0.00044237563230920674,0.0004878452604993013,1.4484385555645204e-05,3.611039611287515e-05,0.002230138898645557,0.002308086966568569,7.962498157841605e-05,0.00019279917784082064
VariationalAutoencoder,0.0001,8.0,45.0,True,231.0,0.0004524313455643358,0.0004880758469316837,1.4533429353866936e-05,3.635356669638035e-05,0.0022755848161829344,0.0023070896196665256,7.904294011352947e-05,0.00018819831545997717
VariationalAutoencoder,0.0001,8.0,45.0,True,232.0,0.0004421737637481278,0.0004878181090573416,1.4416154253113303e-05,3.630559228742219e-05,0.002297906755651318,0.002307545651429854,8.011935571642041e-05,0.00019010777274767557
VariationalAutoencoder,0.0001,8.0,45.0,True,233.0,0.00045511813337269496,0.00048766628590555524,1.4366647303907697e-05,3.582070458610103e-05,0.002246306189950907,0.00230785848209693,8.02186499320486e-05,0.00018875905365314124
VariationalAutoencoder,0.0001,8.0,45.0,True,234.0,0.0004524065236839644,0.00048815573482821893,1.4649267305903679e-05,3.65786304612044e-05,0.0022777311457028177,0.0023076239996736156,7.950232815255159e-05,0.00019107172089927603
VariationalAutoencoder,0.0001,8.0,45.0,True,235.0,0.00045741259087770774,0.00048776786282377424,1.4334371077484197e-05,3.638400161523382e-05,0.0022557988856573524,0.002305003644535377,7.567882725277787e-05,0.00018682124667197654
VariationalAutoencoder,0.0001,8.0,45.0,True,236.0,0.00045108072198626165,0.0004881405926778953,1.4948841897303847e-05,3.671708373689266e-05,0.002269789107940482,0.002307460180618478,8.05511438059357e-05,0.00018771771786722747
VariationalAutoencoder,0.0001,8.0,45.0,True,237.0,0.000456947281032881,0.0004881510757050424,1.4724588960489494e-05,3.673752764807236e-05,0.00228183018336506,0.002307048946056726,7.831991164002029e-05,0.00018841968907875085
VariationalAutoencoder,0.0001,8.0,45.0,True,238.0,0.00046118121905468223,0.00048752422281352656,1.37113062338527e-05,3.571988828982305e-05,0.0022665071037580383,0.00230771153228088,7.923070997374612e-05,0.00018961250828871938
VariationalAutoencoder,0.0001,8.0,45.0,True,239.0,0.00044774531193499296,0.0004885142061588257,1.5394714462628584e-05,3.754866693540403e-05,0.002272919476407129,0.0023073057333628335,7.922321839152642e-05,0.00019126507283756568
VariationalAutoencoder,0.0001,8.0,45.0,True,240.0,0.000450066117584866,0.00048764218699257327,1.4093188654300015e-05,3.55521121597033e-05,0.0022570953803992123,0.0023060302314518383,7.601919343823906e-05,0.0001868597647678927
VariationalAutoencoder,0.0001,8.0,45.0,True,241.0,0.00044610995970003687,0.0004879555531910488,1.46151673440342e-05,3.6267269995173995e-05,0.0023068853144375782,0.0023064545865328807,7.801636491181716e-05,0.00018729721693872656
VariationalAutoencoder,0.0001,8.0,45.0,True,242.0,0.0004568894436417243,0.00048791856135962144,1.4657524949055156e-05,3.6682850728941095e-05,0.002351854769688732,0.0023065128791257272,7.958516314532022e-05,0.0001887122297999244
VariationalAutoencoder,0.0001,8.0,45.0,True,243.0,0.0004530196000302256,0.0004879077971784895,1.4695308781216409e-05,3.6381644440307775e-05,0.0023028848681060023,0.002306183179219564,7.797325463414943e-05,0.000188831368800979
VariationalAutoencoder,0.0001,8.0,45.0,True,244.0,0.00045175380462584793,0.0004878639773217173,1.447765794243774e-05,3.642820805873511e-05,0.002261913797390536,0.002304599719977229,7.47476745420282e-05,0.000185557447795598
VariationalAutoencoder,0.0001,8.0,45.0,True,245.0,0.0004553762728955868,0.00048792205570200384,1.4604410693812564e-05,3.63657341371328e-05,0.0023187955595412343,0.002303972934027138,7.432945213227902e-05,0.00018535957396405297
VariationalAutoencoder,0.0001,8.0,45.0,True,246.0,0.0004679255006769597,0.00048766319321172255,1.4228880596209087e-05,3.555532283779746e-05,0.002288046123096778,0.002305795561592534,7.649594273582195e-05,0.00018672608776287462
VariationalAutoencoder,0.0001,8.0,45.0,True,247.0,0.0004536378978076328,0.0004879631443486381,1.4651193963790519e-05,3.656041820977897e-05,0.002321392110308761,0.002303864970896979,7.440951658682254e-05,0.00018389671806644343
VariationalAutoencoder,0.0001,8.0,45.0,True,248.0,0.00045075735473889866,0.0004875366739185673,1.4076850344389275e-05,3.518458365430086e-05,0.0023091536647868605,0.002304846760611864,7.752366012559746e-05,0.00018406374696290718
VariationalAutoencoder,0.0001,8.0,45.0,True,249.0,0.0004644220810373517,0.00048749249257810034,1.4495944247814523e-05,3.569619353569422e-05,0.0023252214275815953,0.002304385855512799,7.579817126194636e-05,0.00018560322903612124
VariationalAutoencoder,0.0001,8.0,45.0,True,250.0,0.00046020244170391975,0.0004875416945254385,1.4061050494565475e-05,3.583780477310448e-05,0.002296471933148942,0.002305475046049874,7.903891023974748e-05,0.0001868448167477014
VariationalAutoencoder,0.0001,8.0,45.0,True,251.0,0.00046615615848582387,0.0004878488753362486,1.4796455182396177e-05,3.615476572609976e-05,0.002306011862724832,0.0023049007421769435,7.677395131040669e-05,0.0001867865358696044
VariationalAutoencoder,0.0001,8.0,45.0,True,252.0,0.00046544190686989345,0.0004874481907430685,1.3853907785968318e-05,3.558231362033726e-05,0.0023012161254882812,0.0023041262566668433,7.432013304915818e-05,0.00018256682457414063
VariationalAutoencoder,0.0001,8.0,45.0,True,253.0,0.00045024685943223074,0.0004875057469802404,1.3767941189663751e-05,3.5633995747469826e-05,0.0023022929452500254,0.0023046865028405338,7.78209980366365e-05,0.00018695768835784505
VariationalAutoencoder,0.0001,8.0,45.0,True,254.0,0.0004658584164159317,0.0004875990097734806,1.4443172648990894e-05,3.553955562191832e-05,0.002300464507168944,0.002304460455036763,7.679680678642021e-05,0.00018757537194767838
VariationalAutoencoder,0.0001,8.0,45.0,True,255.0,0.0004578913157840945,0.0004873410309100087,1.3998179945020341e-05,3.512201183086457e-05,0.0023379438328293136,0.0023059910573299575,7.849205988195707e-05,0.0001896845188530736
VariationalAutoencoder,0.0001,8.0,45.0,True,256.0,0.00045924418859404694,0.00048717221802457004,1.3575683325288109e-05,3.47846144975999e-05,0.0023429918589082154,0.002303693841838237,7.498725288131702e-05,0.00018446153299238696
VariationalAutoencoder,0.0001,8.0,45.0,True,257.0,0.00045751946955678276,0.00048736308141538717,1.3755330680354907e-05,3.519137653539766e-05,0.0023531207123642446,0.002306874818022146,7.946727176507314e-05,0.00018717899168812255
VariationalAutoencoder,0.0001,8.0,45.0,True,258.0,0.00046071851992542855,0.00048734159321797823,1.3501773716384832e-05,3.482795237611246e-05,0.0023554713471130753,0.002304560545855348,7.556914791183651e-05,0.00018663295550541307
VariationalAutoencoder,0.0001,8.0,45.0,True,259.0,0.0004771334141733833,0.0004871729008271045,1.4090200138059909e-05,3.515060167669286e-05,0.0023175358022533873,0.002302938662235092,7.377952665277997e-05,0.00018173278127826234
VariationalAutoencoder,0.0001,8.0,45.0,True,260.0,0.00046556858682246863,0.00048702304575321166,1.3562062418846428e-05,3.4630695242444784e-05,0.002362130198088832,0.0023050737455955843,7.761572048349201e-05,0.00018725104911147423
VariationalAutoencoder,0.0001,8.0,45.0,True,261.0,0.00047316617078858246,0.0004871311293779358,1.3728385083276948e-05,3.5019543754925944e-05,0.0023413804717033913,0.002303470605574314,7.472821634333088e-05,0.00018229414035314284
VariationalAutoencoder,0.0001,8.0,45.0,True,262.0,0.00045849643948907157,0.00048696846171530754,1.3380898840504516e-05,3.421202432514843e-05,0.0023513949892056065,0.0023037041508176793,7.600590891245776e-05,0.00018212677172894747
VariationalAutoencoder,0.0001,8.0,45.0,True,263.0,0.00047666264190828064,0.0004871276350355534,1.3620219873691184e-05,3.508909422191327e-05,0.0023021124443917905,0.002304127006410803,7.570687236276063e-05,0.00018396512048799287
VariationalAutoencoder,0.0001,8.0,45.0,True,264.0,0.0004673492956675609,0.000486836881650426,1.3219746145999656e-05,3.439833904614024e-05,0.0023756231526908633,0.0023034419278678653,7.469552633522442e-05,0.00018264539539813995
VariationalAutoencoder,0.0001,8.0,45.0,True,265.0,0.0004662003398262908,0.00048696480671350524,1.3407275853854305e-05,3.4300633015818996e-05,0.0023705884345672414,0.0023043384342073645,7.711185739850098e-05,0.0001845931130572685
VariationalAutoencoder,0.0001,8.0,45.0,True,266.0,0.0004578761736337708,0.0004873951329696532,1.3999206659125511e-05,3.5142450721437396e-05,0.0023411598595433265,0.0023042366564648706,7.585724874300027e-05,0.00018410347167800806
VariationalAutoencoder,0.0001,8.0,45.0,True,267.0,0.0004843352136586233,0.00048744280865250253,1.4504145409138698e-05,3.535215142923545e-05,0.0023707938644121278,0.0023027270470025404,7.560680497367427e-05,0.00018154283833203826
VariationalAutoencoder,0.0001,8.0,45.0,True,268.0,0.0004710857116308495,0.00048697119292544547,1.3403463958087315e-05,3.4509844214447105e-05,0.0023008206355496774,0.0023009981374320742,7.131041478623384e-05,0.00017649086438259988
VariationalAutoencoder,0.0001,8.0,45.0,True,269.0,0.0004752951089262641,0.00048717053110066127,1.4137503040849038e-05,3.503590842302276e-05,0.0023404792794641457,0.002303812488819818,7.397437222161384e-05,0.00018286434406379485
VariationalAutoencoder,0.0001,8.0,45.0,True,270.0,0.0004694582718723225,0.0004867503263879658,1.3156335881215864e-05,3.359318934280596e-05,0.0024031672462727287,0.0023028633129671683,7.399110674108349e-05,0.00018182055989526352
VariationalAutoencoder,0.0001,8.0,45.0,True,271.0,0.0004806727813581893,0.00048675357974121834,1.3527167945939576e-05,3.458252754012208e-05,0.0023636671732056814,0.002303672661571383,7.523991073827324e-05,0.00018522032073833657
VariationalAutoencoder,0.0001,8.0,45.0,True,272.0,0.00047130276250710704,0.00048676663331908356,1.3303940468078675e-05,3.397312376778723e-05,0.0023510793469986827,0.002300418772787418,7.14172474430792e-05,0.0001770734037243345
VariationalAutoencoder,0.0001,8.0,45.0,True,273.0,0.00047461640320698204,0.0004868095293841915,1.33810105490074e-05,3.3866897767605486e-05,0.0024200767840979235,0.0023030022030356544,7.530662037853924e-05,0.00018315645133924185
VariationalAutoencoder,0.0001,8.0,45.0,True,274.0,0.0004750222289015983,0.0004872747588993083,1.425527894713808e-05,3.482964432062807e-05,0.0024128977982503064,0.0023033371511495338,7.651206808832456e-05,0.00018378752488760078
VariationalAutoencoder,0.0001,8.0,45.0,True,275.0,0.0004645792461148491,0.0004868561206159566,1.3546812325475029e-05,3.4361824172365695e-05,0.002331190514114668,0.002301768499350398,7.432121080609988e-05,0.00018106823869096407
VariationalAutoencoder,0.0001,8.0,45.0,True,276.0,0.00047388327410921577,0.0004868352750562272,1.365961281035467e-05,3.4297369621352684e-05,0.002367772583691579,0.002302783652671478,7.515318059134033e-05,0.00018176268903339433
VariationalAutoencoder,0.0001,8.0,45.0,True,277.0,0.0004804841270343955,0.0004867742244766729,1.341922615335958e-05,3.414914373438956e-05,0.0024089159080817263,0.0023009754576773012,7.144209442648498e-05,0.00017826788642871306
VariationalAutoencoder,0.0001,8.0,45.0,True,278.0,0.0004757257163363968,0.0004864893753252261,1.2905469962528773e-05,3.344586967538309e-05,0.0023679470865981384,0.002300854186591862,7.080432004148854e-05,0.00017717076500631729
VariationalAutoencoder,0.0001,8.0,45.0,True,279.0,0.00048307644710386536,0.00048686664380795874,1.3808727344734006e-05,3.4144926424617715e-05,0.0024155721349536246,0.0023019122627546203,7.408510588999814e-05,0.00017987667295917776
VariationalAutoencoder,0.0001,8.0,45.0,True,280.0,0.00046804619606614434,0.00048670662702575846,1.3039355741115915e-05,3.413710682941576e-05,0.002387584942691731,0.002302577847954612,7.484745491975509e-05,0.0001814270848935505
VariationalAutoencoder,0.0001,8.0,45.0,True,281.0,0.00047878639877967116,0.0004870887956207975,1.3556038945752656e-05,3.4845200671018616e-05,0.002453452573632294,0.002303318032678568,7.659124222191624e-05,0.00018460937312938882
VariationalAutoencoder,0.0001,8.0,45.0,True,282.0,0.00047672674501681264,0.0004863985224232841,1.2852595441264283e-05,3.333997754555828e-05,0.0023731055124750675,0.0023023444901472366,7.370118426639329e-05,0.00017830579535766219
VariationalAutoencoder,0.0001,8.0,45.0,True,283.0,0.0004741422972589169,0.000486732613686924,1.3411314932082219e-05,3.40435227173358e-05,0.0023870372547293607,0.0023000523354272423,7.048837325108127e-05,0.00017575928999942803
VariationalAutoencoder,0.0001,8.0,45.0,True,284.0,0.000489606730378863,0.00048650544126721404,1.315536941439315e-05,3.359594816628171e-05,0.0024485166342753284,0.002301371509923875,7.39282043943615e-05,0.00017913603135999643
VariationalAutoencoder,0.0001,8.0,45.0,True,285.0,0.0004722414954974645,0.00048650817247735203,1.2985903850061231e-05,3.351442606220991e-05,0.0023820246540525425,0.00230173925933598,7.315093663128667e-05,0.00018023363308711623
VariationalAutoencoder,0.0001,8.0,45.0,True,286.0,0.0004903583754747704,0.00048642675831632795,1.2892609678028086e-05,3.342959537820996e-05,0.0024615050111926576,0.0023013308363140756,7.308022640411209e-05,0.00017907680158720077
VariationalAutoencoder,0.0001,8.0,45.0,True,287.0,0.00046945999896108625,0.0004866296711636361,1.305369710464362e-05,3.3825447637276505e-05,0.002429191046540842,0.0023019115130106607,7.433386859279008e-05,0.00017821745443269142
VariationalAutoencoder,0.0001,8.0,45.0,True,288.0,0.00047963271243874273,0.0004868619846847822,1.3335949347186282e-05,3.4384592624526785e-05,0.0024385540365423047,0.0022999608666641907,7.222524885111634e-05,0.000177737665157648
VariationalAutoencoder,0.0001,8.0,45.0,True,289.0,0.0004776407364565086,0.0004863764719179056,1.3033170353450544e-05,3.3204245438794244e-05,0.0024338587649963186,0.0022992592937541457,7.087848026235149e-05,0.00017554705388516
VariationalAutoencoder,0.0001,8.0,45.0,True,290.0,0.0004809512844625509,0.00048637759653384475,1.3038821046484127e-05,3.3285380956136954e-05,0.002403328628659998,0.0022984958669674473,6.980690285094879e-05,0.00017475921356078215
VariationalAutoencoder,0.0001,8.0,45.0,True,291.0,0.0004959116084877693,0.00048667461563634744,1.3544399923873397e-05,3.401105194239603e-05,0.002415126974477708,0.0022994332343527356,7.02589398847436e-05,0.00017498505049906435
VariationalAutoencoder,0.0001,8.0,45.0,True,292.0,0.00048276071117894667,0.00048641527116780655,1.3207254876104005e-05,3.3222204149572675e-05,0.002463609167614823,0.002299562377749749,7.141664999086152e-05,0.00017696282820506667
VariationalAutoencoder,0.0001,8.0,45.0,True,293.0,0.00046684297750580983,0.00048635269432376337,1.2680447617711404e-05,3.279423004774392e-05,0.0024437878116871574,0.002298991635160626,6.973038210808856e-05,0.0001730801502488694
VariationalAutoencoder,0.0001,8.0,45.0,True,294.0,0.0004920077050792561,0.00048644173980723175,1.2949745439374544e-05,3.31776814078385e-05,0.0024517553407441147,0.002301385192751135,7.268358842007019e-05,0.00017583618561426798
VariationalAutoencoder,0.0001,8.0,45.0,True,295.0,0.00048659786059849987,0.0004861415075163314,1.266482223397638e-05,3.2878711799566316e-05,0.0024149101110374402,0.002298421267443483,6.937715312782323e-05,0.00017392766550651886
VariationalAutoencoder,0.0001,8.0,45.0,True,296.0,0.0004730543919972011,0.0004864096480881107,1.2958683374757073e-05,3.324078541560315e-05,0.0024409942656942883,0.0022988002630149793,6.894325052604736e-05,0.00017320502947711344
VariationalAutoencoder,0.0001,8.0,45.0,True,297.0,0.000484652234858901,0.00048636028548135267,1.2828230436118144e-05,3.287830513040974e-05,0.0024868572283091037,0.0023002470814207066,7.181795630252586e-05,0.00017635256005158213
VariationalAutoencoder,0.0001,8.0,45.0,True,298.0,0.00048547236103253224,0.0004865791839409389,1.3591027555038344e-05,3.377581642805084e-05,0.002440548168038422,0.0022986371937038013,7.050454546258134e-05,0.00017351894961588037
VariationalAutoencoder,0.0001,8.0,45.0,True,299.0,0.0004872246331603058,0.00048630052017715743,1.2940404600290596e-05,3.336028087974559e-05,0.002441642606783213,0.0022991711988389115,7.048328904985631e-05,0.00017527947729488588
VariationalAutoencoder,0.0001,8.0,45.0,True,300.0,0.00050692726177668,0.0004861043550254842,1.2747325866691507e-05,3.262562802779385e-05,0.002459703563894116,0.00230061633032073,7.220399243839131e-05,0.00017625478875337157
VariationalAutoencoder,0.0001,8.0,45.0,True,301.0,0.00048803560174700384,0.0004861040738714994,1.2564669912957117e-05,3.2869443759282e-05,0.0024108813618713954,0.0023008495006921156,7.252046053514541e-05,0.00017760505419482225
VariationalAutoencoder,0.0001,8.0,45.0,True,302.0,0.0004980189780983321,0.0004861196980000827,1.2696608951229933e-05,3.280621925695244e-05,0.002493643348321975,0.0022997649960547874,7.203233035855323e-05,0.0001754026227402237
VariationalAutoencoder,0.0001,8.0,45.0,True,303.0,0.0004974462674313157,0.00048600976679203,1.236484724917823e-05,3.271982716421554e-05,0.0024686673152371774,0.0022995867444284305,7.13486575855399e-05,0.00017521581934682977
VariationalAutoencoder,0.0001,8.0,45.0,True,304.0,0.0004925894528386407,0.0004861492994981956,1.2543449062864093e-05,3.2730460809568834e-05,0.002415282358913302,0.002298569716747452,7.021867043379718e-05,0.00017411499606363428
VariationalAutoencoder,0.0001,8.0,45.0,True,305.0,0.0005005582002295316,0.0004860455938426632,1.2485108355868538e-05,3.265824440033288e-05,0.0024505180757750504,0.002299441856408269,7.165933859610707e-05,0.000176331731227209
VariationalAutoencoder,0.0001,8.0,45.0,True,306.0,0.0005072222726364341,0.0004859808480964517,1.2584520137374291e-05,3.228915950680036e-05,0.0024217966967408763,0.00229779691816126,6.91090318017036e-05,0.00017166368475875015
VariationalAutoencoder,0.0001,8.0,45.0,True,307.0,0.0005040786899325019,0.00048592783048789133,1.2496239041302083e-05,3.2708513226631196e-05,0.0024543434568920974,0.002299790674785398,7.451469160663257e-05,0.00017658822566458265
VariationalAutoencoder,0.0001,8.0,45.0,True,308.0,0.00048768178953957365,0.000486084634081694,1.2785088361273558e-05,3.289004832988158e-05,0.002469367763531283,0.0022990576126290566,7.062879209435961e-05,0.0001747244676141619
VariationalAutoencoder,0.0001,8.0,45.0,True,309.0,0.000493442795347332,0.0004859359036237403,1.22499895706331e-05,3.242331012239996e-05,0.002457878312224862,0.0022986437539634463,6.998849318087475e-05,0.0001730107989326213
VariationalAutoencoder,0.0001,8.0,45.0,True,310.0,0.0005027432888344613,0.0004859377913719239,1.2706893664405674e-05,3.2973739336121755e-05,0.0025229510271324303,0.0022989908854166665,7.263013987608676e-05,0.00017608450315658401
VariationalAutoencoder,0.0001,8.0,45.0,True,311.0,0.0005018009410071566,0.00048597148968524366,1.2506572705394817e-05,3.303589946979461e-05,0.002493944932829659,0.0022972717225176733,6.75932838107055e-05,0.00016904068208715452
VariationalAutoencoder,0.0001,8.0,45.0,True,312.0,0.000499352611942754,0.0004862126394744832,1.2455818135381709e-05,3.276699325546743e-05,0.0024816078959770923,0.0022986690578220776,7.059531134067092e-05,0.0001751414306883542
VariationalAutoencoder,0.0001,8.0,45.0,True,313.0,0.0005207663437105575,0.00048580994663855457,1.2291319206397168e-05,3.21605792545244e-05,0.002469057556968065,0.0022990420554418983,7.207203750153008e-05,0.0001756380540582369
VariationalAutoencoder,0.0001,8.0,45.0,True,314.0,0.000511583573413345,0.0004864723855915738,1.3070655459502958e-05,3.3772261838386e-05,0.00254531851354635,0.00229938712509923,7.170767950936683e-05,0.00017519066777994048
VariationalAutoencoder,0.0001,8.0,45.0,True,315.0,0.0004935064566424593,0.00048581910422548774,1.2214652029169859e-05,3.189632463246343e-05,0.0025033748374795016,0.002298864740995491,7.184699130883007e-05,0.0001745200218082224
VariationalAutoencoder,0.0001,8.0,45.0,True,316.0,0.0005116581193841692,0.0004859709273772741,1.251394421143352e-05,3.2619886963836586e-05,0.002427893614619033,0.0022979941008225927,6.935628330182729e-05,0.00017136220568381014
VariationalAutoencoder,0.0001,8.0,45.0,True,317.0,0.0005108477131054407,0.0004857248373108733,1.2199787267375827e-05,3.199295876321767e-05,0.002489035984255233,0.0022968947887420654,6.746688752241855e-05,0.00017074960629520178
VariationalAutoencoder,0.0001,8.0,45.0,True,318.0,0.0004931017957286372,0.000485832077473643,1.2284685729568538e-05,3.201380934355394e-05,0.0024823413330054135,0.0022983178027770803,7.033803201508972e-05,0.00017313764623875887
VariationalAutoencoder,0.0001,8.0,45.0,True,319.0,0.0005096271433277593,0.00048574905671842016,1.2178959279770479e-05,3.21060755463302e-05,0.002507463003854332,0.002297177067342794,6.788019559480859e-05,0.00017071293912968545
VariationalAutoencoder,0.0001,8.0,45.0,True,320.0,0.0005153287051501621,0.0004859250992777534,1.2225564318204505e-05,3.2515039120241e-05,0.0025804770067802767,0.0022984636279771912,7.005707718103936e-05,0.00017360707967536255
VariationalAutoencoder,0.0001,8.0,45.0,True,321.0,0.0005068508280576721,0.0004858777449137438,1.2328510606947614e-05,3.2345402855275455e-05,0.00250273511844611,0.0022982190240104245,7.046470945736148e-05,0.00017323969342048813
VariationalAutoencoder,0.0001,8.0,45.0,True,322.0,0.0004974233332991279,0.0004852681629098651,1.1630660058513806e-05,3.107504120894841e-05,0.0025052893086799284,0.0022974063015583925,6.942277621923003e-05,0.0001718025396829881
VariationalAutoencoder,0.0001,8.0,45.0,True,323.0,0.0004976741628184151,0.000485407253802626,1.1682074838330482e-05,3.1225759827223106e-05,0.0024877413638732717,0.0022987374719583764,6.962349087749637e-05,0.00017473565519980665
VariationalAutoencoder,0.0001,8.0,45.0,True,324.0,0.0004992646509103698,0.0004854845309835881,1.1763588156340257e-05,3.138162456754083e-05,0.0025003601170185976,0.0022981016890807724,6.941915636167587e-05,0.00017324162635413355
VariationalAutoencoder,0.0001,8.0,45.0,True,325.0,0.0004942435620608677,0.0004856364344650844,1.1845063819798498e-05,3.176024861412871e-05,0.002476215362548828,0.002297325329210773,6.96549801237928e-05,0.0001714577394648918
VariationalAutoencoder,0.0001,8.0,45.0,True,326.0,0.0005297627089158544,0.0004855427298584396,1.1846821032203433e-05,3.195025348117088e-05,0.002574825999121996,0.002295750304587982,6.635955083857543e-05,0.00016867452588096354
VariationalAutoencoder,0.0001,8.0,45.0,True,327.0,0.0005190562045156474,0.00048534483761800265,1.1665171710146726e-05,3.1371021045828764e-05,0.0025274950378345994,0.0022967127883959117,6.793533106270076e-05,0.00017038349694800827
VariationalAutoencoder,0.0001,8.0,45.0,True,328.0,0.0005085894842996109,0.0004859488367070406,1.249422828825015e-05,3.254023252552089e-05,0.002536042868716162,0.0022956980099468113,6.658504804912603e-05,0.00016821967730732085
VariationalAutoencoder,0.0001,8.0,45.0,True,329.0,0.0004976922771680066,0.00048583187664936816,1.2462634864361139e-05,3.227407007284884e-05,0.002482057367480776,0.0022965007982913804,6.740800919210385e-05,0.00016922404134423478
VariationalAutoencoder,0.0001,8.0,45.0,True,330.0,0.0005048345523381812,0.00048547971120099174,1.1773757395557959e-05,3.1640547305104546e-05,0.0025181468552763356,0.0022991577034476417,7.15343012187466e-05,0.000176312507323499
VariationalAutoencoder,0.0001,8.0,45.0,True,331.0,0.0005144961278714902,0.0004855442962877834,1.2152591052482714e-05,3.157063284411906e-05,0.0025516139261377684,0.0022970497983056796,6.962213782394458e-05,0.00017086209131861633
VariationalAutoencoder,0.0001,8.0,45.0,True,332.0,0.0005195932889563054,0.00048601575135542055,1.255069128827586e-05,3.282829235506186e-05,0.0025292608722950675,0.0022973901820632645,7.062739803918503e-05,0.00017161123782583754
VariationalAutoencoder,0.0001,8.0,45.0,True,333.0,0.0005296218909343298,0.00048523105058387284,1.1491515194229038e-05,3.096011700736223e-05,0.0024947284152672727,0.0022961253640036913,6.889522591102048e-05,0.00016863587892280434
VariationalAutoencoder,0.0001,8.0,45.0,True,334.0,0.0005060273280362234,0.0004855299574345591,1.2064837120131984e-05,3.1510453339856914e-05,0.0025003083846853965,0.002296199026347706,6.770319744663418e-05,0.00016978089024060928
VariationalAutoencoder,0.0001,8.0,45.0,True,335.0,0.0005089407661211779,0.00048544553090941234,1.1944257204905353e-05,3.164578128776782e-05,0.0025083379550549967,0.002295095590675402,6.730293960503812e-05,0.0001671023948012658
VariationalAutoencoder,0.0001,8.0,45.0,True,336.0,0.0005051970803191399,0.0004856029369760395,1.1806238211711461e-05,3.171531167232765e-05,0.0025489804504802392,0.0022960220867732787,6.74934741461052e-05,0.00016964677978986465
VariationalAutoencoder,0.0001,8.0,45.0,True,337.0,0.0005104611263763552,0.0004855000346176065,1.1786098047247472e-05,3.1702817892128565e-05,0.0025198609574036026,0.0022969002243857714,6.963016242726044e-05,0.00017197474649867172
VariationalAutoencoder,0.0001,8.0,45.0,True,338.0,0.000521098306236884,0.0004855148956139454,1.2368588856449024e-05,3.169345697061714e-05,0.002591997947332994,0.002296656182726974,6.870454493558632e-05,0.00017003781812370948
VariationalAutoencoder,0.0001,8.0,45.0,True,339.0,0.0005005326955466258,0.0004853028251797041,1.1674694546229756e-05,3.122940478781163e-05,0.002543792409716912,0.0022941809030448865,6.422516450567066e-05,0.000164743313718142
VariationalAutoencoder,0.0001,8.0,45.0,True,340.0,0.000516622214304469,0.0004856122953872475,1.1911916965744245e-05,3.167148679494858e-05,0.0026065489780977835,0.0022959405521176895,6.72873004146342e-05,0.0001682178498064197
VariationalAutoencoder,0.0001,8.0,45.0,True,341.0,0.0005028115690879102,0.0004851365426801286,1.1309178049030973e-05,3.070252222031596e-05,0.002564313839066703,0.0022956399047899547,6.747198343839286e-05,0.00016884125019394377
VariationalAutoencoder,0.0001,8.0,45.0,True,342.0,0.0005037385739406164,0.00048555076282943353,1.1838405239935513e-05,3.1331757389792215e-05,0.002555677913269907,0.002294165533293718,6.538188471546714e-05,0.00016654879089046575
VariationalAutoencoder,0.0001,8.0,45.0,True,343.0,0.0005250341005402434,0.0004852355088827745,1.1526417198046198e-05,3.0889979129370974e-05,0.002547572243888423,0.0022958428979669727,6.705956568695465e-05,0.00016906002313835816
VariationalAutoencoder,0.0001,8.0,45.0,True,344.0,0.0005076317934977077,0.00048480984174980305,1.1060478522208822e-05,3.0001705748372963e-05,0.0025250401886754066,0.002294678920469944,6.546821656092158e-05,0.0001661596972050157
VariationalAutoencoder,0.0001,8.0,45.0,True,345.0,0.0005126555332276378,0.0004851234891022633,1.1556500674418683e-05,3.0508510908990536e-05,0.0026084795687933387,0.0022961688491533387,6.888322415029477e-05,0.0001704702915260627
VariationalAutoencoder,0.0001,8.0,45.0,True,346.0,0.0005412082064826533,0.0004856964809232645,1.281012236228529e-05,3.253204140541046e-05,0.0025535323334939823,0.002294758768201624,6.792034204088666e-05,0.00016581453382968903
VariationalAutoencoder,0.0001,8.0,45.0,True,347.0,0.0005275460507349184,0.0004851804027017557,1.1638090556683245e-05,3.068819842891231e-05,0.002560165505739128,0.0022939177429151234,6.459214660169193e-05,0.00016448713557900123
VariationalAutoencoder,0.0001,8.0,45.0,True,348.0,0.0005231884852895197,0.0004850406691713153,1.1348235860185804e-05,3.059715474390919e-05,0.002614331695268739,0.0022941979597199636,6.560525569900776e-05,0.0001663772869597441
VariationalAutoencoder,0.0001,8.0,45.0,True,349.0,0.0005171072450930861,0.0004851073829954204,1.1643583100600384e-05,3.062368865122371e-05,0.0025639637086376454,0.0022961197409239954,6.805600469592232e-05,0.00016987203099067856
VariationalAutoencoder,0.0001,8.0,45.0,True,350.0,0.000528321634084388,0.0004851218021783546,1.1259935936837826e-05,3.04568312921614e-05,0.002536050553591746,0.002294032078868938,6.609379589182776e-05,0.00016626660600773193
VariationalAutoencoder,0.0001,8.0,45.0,True,351.0,0.0005328574109912883,0.000485316280406119,1.2108964489075052e-05,3.120319470964031e-05,0.0026226373588514027,0.002295020616279458,6.844739447224815e-05,0.0001699185736899106
VariationalAutoencoder,0.0001,8.0,45.0,True,352.0,0.0005312496921765516,0.00048492921169877374,1.101301747030325e-05,3.0235726275855318e-05,0.0025561474404245054,0.002292802873647438,6.251857153274728e-05,0.00016258494143590987
VariationalAutoencoder,0.0001,8.0,45.0,True,353.0,0.0005323131772064456,0.0004850794684212163,1.1328793560076916e-05,3.068043657068936e-05,0.002602522478163617,0.002293936673950099,6.614614324937077e-05,0.00016536241479264864
VariationalAutoencoder,0.0001,8.0,45.0,True,354.0,0.0005252664542262445,0.000485193416114766,1.1548600749506783e-05,3.093154724396143e-05,0.0025833787033392947,0.002293138009197307,6.405663026391335e-05,0.0001634467955467836
VariationalAutoencoder,0.0001,8.0,45.0,True,355.0,0.0005224525848167604,0.0004849182868582219,1.1397115233532502e-05,3.0544644216642865e-05,0.0025819123915906224,0.0022942853048912386,6.58220019917818e-05,0.0001650813896701021
VariationalAutoencoder,0.0001,8.0,45.0,True,356.0,0.0005221804277594841,0.00048524795998781516,1.1721774032013115e-05,3.138758653820043e-05,0.0025869679151091186,0.0022939818460236557,6.605342100813704e-05,0.00016508696589080042
VariationalAutoencoder,0.0001,8.0,45.0,True,357.0,0.0005369125350787634,0.0004850592654991664,1.1336723608630045e-05,3.0642731813086335e-05,0.0026173625352247706,0.002293569674281954,6.510873776186936e-05,0.00016347384490307022
VariationalAutoencoder,0.0001,8.0,45.0,True,358.0,0.0005266350716593451,0.0004848771580467327,1.1080747967299746e-05,3.0293282513027244e-05,0.0026345204257365294,0.0022935846691611427,6.59948706908046e-05,0.0001639982908026977
VariationalAutoencoder,0.0001,8.0,45.0,True,359.0,0.0005473001305305091,0.0004849132260864957,1.1495104928141977e-05,3.042265853149229e-05,0.002643056073278751,0.0022933991075311817,6.62856307700745e-05,0.00016400986497507156
VariationalAutoencoder,0.0001,8.0,45.0,True,360.0,0.0005121418648974273,0.0004847379466594069,1.0949191750300862e-05,3.0099830999367962e-05,0.0025442928638098375,0.002292707843600579,6.368404851769501e-05,0.0001633497857072818
VariationalAutoencoder,0.0001,8.0,45.0,True,361.0,0.0005309429933440011,0.00048465850057627635,1.1001816496373508e-05,2.9901765547994013e-05,0.0026453071795169663,0.0022940401386165018,6.761713504041516e-05,0.00016553458646408417
VariationalAutoencoder,0.0001,8.0,45.0,True,362.0,0.0005483133693268356,0.0004850629606658236,1.1458731886511543e-05,3.0841758710676125e-05,0.0026630481833931786,0.0022924491819345727,6.413784862126945e-05,0.00016211988931556917
VariationalAutoencoder,0.0001,8.0,45.0,True,363.0,0.0005158952304295131,0.00048505400390316534,1.1164957351199379e-05,3.0545660889534294e-05,0.002647383782848622,0.0022931865551186806,6.591805122183554e-05,0.0001634934905377574
VariationalAutoencoder,0.0001,8.0,45.0,True,364.0,0.0005309607462098977,0.000484939574231356,1.1484000600894506e-05,3.058635039792228e-05,0.002630676675892476,0.0022936918825473425,6.6361536488593e-05,0.00016552557782182153
VariationalAutoencoder,0.0001,8.0,45.0,True,365.0,0.0005342224939171516,0.0004845063159407952,1.068711983707716e-05,2.9476183765339402e-05,0.002622838477668522,0.002293706877426531,6.528852402039294e-05,0.00016356503251213698
VariationalAutoencoder,0.0001,8.0,45.0,True,366.0,0.0005466795835212234,0.0004847727695886658,1.1560828437541694e-05,3.0072631861643007e-05,0.0026278175273031557,0.0022930382932507018,6.427861890702877e-05,0.00016352657298996764
VariationalAutoencoder,0.0001,8.0,45.0,True,367.0,0.0005346617769359578,0.00048474766655430963,1.11814211762819e-05,3.0114802449058007e-05,0.0026707030692190493,0.0022924570542461466,6.444246724903958e-05,0.00016331361056123888
VariationalAutoencoder,0.0001,8.0,45.0,True,368.0,0.0005347706236929264,0.0004847824091538586,1.0927038322481506e-05,2.9961515790368668e-05,0.0026624615087449174,0.0022937156869180545,6.562512977130757e-05,0.00016287716585885054
VariationalAutoencoder,0.0001,8.0,45.0,True,369.0,0.0005362920683991877,0.00048499584519316887,1.1601043498580346e-05,3.0569315478808155e-05,0.002654993309164947,0.0022939951539789356,6.682021578527847e-05,0.00016494760723233972
VariationalAutoencoder,0.0001,8.0,45.0,True,370.0,0.0005453957540969643,0.0004848636224906078,1.137085369414075e-05,3.0211351229495438e-05,0.002647754156364585,0.002292662109219053,6.396355072282395e-05,0.00016139611695547524
VariationalAutoencoder,0.0001,8.0,45.0,True,371.0,0.0005381892553236928,0.00048471485186779914,1.1078124700209522e-05,3.008955381710253e-05,0.002639552332320303,0.0022926135632976795,6.460404292967335e-05,0.00016204753902348333
VariationalAutoencoder,0.0001,8.0,45.0,True,372.0,0.00055685892419995,0.0004848571157841027,1.1626121429902202e-05,3.04921236481628e-05,0.0027157431878383803,0.0022915487394392867,6.331037144241093e-05,0.0001592178413140699
VariationalAutoencoder,0.0001,8.0,45.0,True,373.0,0.0005371322770003038,0.0004845084848429636,1.052030829105255e-05,2.925549043879676e-05,0.0026376609157466287,0.002292321725461468,6.359713679214694e-05,0.00016091919779402655
VariationalAutoencoder,0.0001,8.0,45.0,True,374.0,0.0005298699490786242,0.00048471047389860743,1.1228703996643545e-05,2.9986460675608436e-05,0.002603247105700415,0.0022922728046681144,6.40506440269872e-05,0.00016118220563204782
VariationalAutoencoder,0.0001,8.0,45.0,True,375.0,0.0005301079258443211,0.0004845249122686463,1.0559177201873851e-05,2.9363227641646754e-05,0.002598895029451862,0.0022918909975567702,6.35364368183058e-05,0.00016122737770560402
VariationalAutoencoder,0.0001,8.0,45.0,True,376.0,0.0005200108026237179,0.0004849674888055601,1.1341170611166247e-05,3.048588052351841e-05,0.0026365653523858987,0.002290404255285203,6.177838095141656e-05,0.00015862710164777887
VariationalAutoencoder,0.0001,8.0,45.0,True,377.0,0.0005406992374404742,0.00048455788761457666,1.0847220714442492e-05,2.967825315069317e-05,0.0026995273506116566,0.002291690066175641,6.43540970371954e-05,0.00016063147183484252
VariationalAutoencoder,0.0001,8.0,45.0,True,378.0,0.0005302129971049223,0.0004846658105798809,1.0819065151108564e-05,2.9708881362911182e-05,0.002675885112030701,0.002291884624733115,6.318576165340232e-05,0.0001609668885386965
VariationalAutoencoder,0.0001,8.0,45.0,True,379.0,0.0005427870066018117,0.00048465255617774077,1.1101478053071107e-05,2.9876228231143437e-05,0.002755294993238629,0.0022943034861822548,7.073336380457729e-05,0.00016769628573513632
VariationalAutoencoder,0.0001,8.0,45.0,True,380.0,0.0005542582498406464,0.000484511979185346,1.0614440276857336e-05,2.9559154314493556e-05,0.002692559042816642,0.002290458049414293,6.120113081902078e-05,0.00015734842503970525
VariationalAutoencoder,0.0001,8.0,45.0,True,381.0,0.0005333649340986884,0.0004842574143345465,1.0460387975620131e-05,2.9207972905063885e-05,0.002681237909029115,0.0022918508862549403,6.353537077611347e-05,0.00016108375487837402
VariationalAutoencoder,0.0001,8.0,45.0,True,382.0,0.0005347968915080767,0.00048444763508768415,1.0528720945441177e-05,2.9229799993436612e-05,0.0025787670282447863,0.0022903386526887523,6.137706292500286e-05,0.00015739328081502854
VariationalAutoencoder,0.0001,8.0,45.0,True,383.0,0.0005261078677730097,0.0004844543024536092,1.0821559137571853e-05,2.9245800667535262e-05,0.0026802041995450387,0.0022917414236368625,6.321456822209388e-05,0.0001601251837967327
VariationalAutoencoder,0.0001,8.0,45.0,True,384.0,0.0005467198688707583,0.00048447639312384263,1.0756169498529075e-05,2.9512615799100573e-05,0.0026288789773137315,0.002290458236850283,6.099112636450701e-05,0.0001567270278743228
VariationalAutoencoder,0.0001,8.0,45.0,True,385.0,0.0005686996841045082,0.0004843211559593838,1.0715659476836736e-05,2.910225649647957e-05,0.0027209542832284605,0.0022901350972037646,6.007888711660913e-05,0.00015651930193856078
VariationalAutoencoder,0.0001,8.0,45.0,True,386.0,0.0005521599976521618,0.00048480213009764885,1.1183788392421691e-05,3.0111639466729125e-05,0.002682165342306941,0.00229072870698365,6.216385477931244e-05,0.00015794841935799555
VariationalAutoencoder,0.0001,8.0,45.0,True,387.0,0.0005424770945808637,0.00048427785824572625,1.0535000469485384e-05,2.911409508748196e-05,0.002745181884405748,0.0022912053567058633,6.452786191454474e-05,0.00016053050241005495
VariationalAutoencoder,0.0001,8.0,45.0,True,388.0,0.0005502392339577893,0.00048459580323766826,1.078117337589958e-05,2.9906299155998745e-05,0.0026305595283988136,0.002290722146724005,6.310142131534012e-05,0.00015845078295506773
VariationalAutoencoder,0.0001,8.0,45.0,True,389.0,0.0005532081798723123,0.00048435742482342165,1.0635546908144038e-05,2.9214597595830492e-05,0.0026257332390959157,0.0022911470641130173,6.233291618479123e-05,0.0001589706835319411
VariationalAutoencoder,0.0001,8.0,45.0,True,390.0,0.0005393125458226371,0.00048465006595673263,1.1191139816032909e-05,2.9942916952214153e-05,0.0026930713053769286,0.0022916210897313723,6.361988683541615e-05,0.00016120213242071978
VariationalAutoencoder,0.0001,8.0,45.0,True,391.0,0.0005586217195197257,0.0004845277639733492,1.0691932088763245e-05,2.9416548996922783e-05,0.00266277902531174,0.002290458799158252,6.120666603809632e-05,0.0001571572871890458
VariationalAutoencoder,0.0001,8.0,45.0,True,392.0,0.0005525230076113801,0.0004843497935009774,1.0628997526480502e-05,2.939483487220466e-05,0.002699532223947393,0.002290616807697704,6.254904745322353e-05,0.00015732718619910425
VariationalAutoencoder,0.0001,8.0,45.0,True,393.0,0.0005454097716313488,0.00048456134179210406,1.1308137528256908e-05,2.9824676639789518e-05,0.002649455887716521,0.00228984700808735,6.202464255521882e-05,0.000157430721154003
VariationalAutoencoder,0.0001,8.0,45.0,True,394.0,0.0005453263090627212,0.0004844559893775179,1.0921135343952641e-05,2.928069890589727e-05,0.002682209014892578,0.002289734921365414,6.15003782342065e-05,0.0001567665417239351
VariationalAutoencoder,0.0001,8.0,45.0,True,395.0,0.000539837701301369,0.0004844462694826152,1.0956780397586745e-05,2.9322781632692024e-05,0.002743076041059674,0.0022915687950902015,6.331153120259819e-05,0.00015931499173056404
VariationalAutoencoder,0.0001,8.0,45.0,True,396.0,0.0005499613333262523,0.0004842156830502328,1.0417505089605273e-05,2.884813847969163e-05,0.0027511592181223743,0.002289923669407203,6.107955515009803e-05,0.00015776618471685446
VariationalAutoencoder,0.0001,8.0,45.0,True,397.0,0.0005675123708267418,0.00048413643779137707,1.0273544835755125e-05,2.8680209221062313e-05,0.0026983082669336093,0.0022904372440194186,6.3330333375331e-05,0.00015790165407852556
VariationalAutoencoder,0.0001,8.0,45.0,True,398.0,0.0005547630819027635,0.00048444510470182107,1.0897085381887672e-05,2.958350927842595e-05,0.0027540011226006274,0.0022916739466805128,6.496635669807218e-05,0.00016088948918963379
VariationalAutoencoder,0.0001,8.0,45.0,True,399.0,0.0005589391022036981,0.000484104466566821,1.0231471522598253e-05,2.8813016824323856e-05,0.002792143409357131,0.002290363394239414,6.174634111189992e-05,0.00015730907519658407
VariationalAutoencoder,0.0001,8.0,45.0,True,400.0,0.0005652019678743059,0.00048436457416760635,1.0903780361150474e-05,2.9400124081543515e-05,0.002745240739306564,0.0022897930265222705,6.202099341079124e-05,0.0001568586899424499
VariationalAutoencoder,0.0001,8.0,45.0,True,401.0,0.0005513049682195617,0.000484397107700132,1.0631384825047778e-05,2.9189851024562135e-05,0.0027229150511183828,0.0022918098377731613,6.514073659976323e-05,0.00016049720909235612
VariationalAutoencoder,0.0001,8.0,45.0,True,402.0,0.0005763131331883351,0.00048393617582449697,1.0301886789119147e-05,2.847544376981869e-05,0.002773918070883121,0.0022882708588486196,5.990716060564953e-05,0.00015384960427599134
VariationalAutoencoder,0.0001,8.0,45.0,True,403.0,0.0005586688730594605,0.00048419082100500634,1.0364789345033085e-05,2.8904068040237273e-05,0.002814133774559453,0.0022894348363456485,6.173208426192122e-05,0.00015648381796273047
VariationalAutoencoder,0.0001,8.0,45.0,True,404.0,0.0005391815280657252,0.0004839940132156537,1.0250785797231924e-05,2.854140701319651e-05,0.0028015504468162106,0.002289407470691129,6.0518635378318764e-05,0.00015504054912606125
VariationalAutoencoder,0.0001,8.0,45.0,True,405.0,0.0005490068557127466,0.00048434453190497633,1.078828757583613e-05,2.8977293591454344e-05,0.0027144988003017017,0.002289117507214816,6.0555554410946445e-05,0.0001550114262591368
VariationalAutoencoder,0.0001,8.0,45.0,True,406.0,0.0005310337257513781,0.0004842163256879123,1.0388212986390868e-05,2.8849009554983792e-05,0.0027414505961556104,0.002289076083861057,6.099592941174717e-05,0.00015417969076888366
VariationalAutoencoder,0.0001,8.0,45.0,True,407.0,0.0005712646920725985,0.0004843337677238444,1.0829101344244178e-05,2.9142245630209016e-05,0.00273891271285291,0.002289199229306395,6.106139728858036e-05,0.00015602051134004533
VariationalAutoencoder,0.0001,8.0,45.0,True,408.0,0.0005583645841182081,0.00048429047001018676,1.0621211820374924e-05,2.8879512252030025e-05,0.0026888877340832595,0.002289081332068773,6.0636327607826616e-05,0.00015473311895844322
VariationalAutoencoder,0.0001,8.0,45.0,True,409.0,0.0005641412542194047,0.0004842021073292529,1.0455130772650081e-05,2.886622019533841e-05,0.002781341473261515,0.0022896698810769326,6.23209905699364e-05,0.00015603254238764444
VariationalAutoencoder,0.0001,8.0,45.0,True,410.0,0.0005636773903093569,0.0004841480454344634,1.0611780610367294e-05,2.87212300895038e-05,0.0028162906004947684,0.0022891814228873583,6.237109455297578e-05,0.0001559134971045848
VariationalAutoencoder,0.0001,8.0,45.0,True,411.0,0.0005844486048922063,0.00048411916690374,1.035618716273507e-05,2.8728620422818267e-05,0.002769853334007023,0.00228868434264225,5.9815639126225836e-05,0.00015362811350972397
VariationalAutoencoder,0.0001,8.0,45.0,True,412.0,0.0005782547424424369,0.00048412671789647434,1.0466708292095166e-05,2.914580775078416e-05,0.0028101792500453927,0.002291574793041877,6.669924928332275e-05,0.0001617494337963608
VariationalAutoencoder,0.0001,8.0,45.0,True,413.0,0.0005480745089343294,0.00048404337582241174,1.0268706853458824e-05,2.8649463024582823e-05,0.0027705331643422446,0.0022885383300061497,6.113388815765861e-05,0.0001546228714521576
VariationalAutoencoder,0.0001,8.0,45.0,True,414.0,0.0005710991727052673,0.0004838389768754697,1.0067831744964554e-05,2.817954426264827e-05,0.0027962274521401843,0.002288975243298513,6.11347609064864e-05,0.00015457875370604438
VariationalAutoencoder,0.0001,8.0,45.0,True,415.0,0.0005590416029135815,0.0004840725756719749,1.05350017246371e-05,2.8626835149414136e-05,0.0027116053509262375,0.002288812173987335,6.070430829839886e-05,0.00015464475460397371
VariationalAutoencoder,0.0001,8.0,45.0,True,416.0,0.000559727739131033,0.00048424713213167424,1.0508629104318324e-05,2.9019371297642227e-05,0.0028056579190979965,0.0022901868295369656,6.264606900747467e-05,0.00015857521702283584
VariationalAutoencoder,0.0001,8.0,45.0,True,417.0,0.0005908176664393545,0.00048391520977020264,1.0123102978434204e-05,2.8268848307370497e-05,0.00271754800898474,0.002289410282230977,6.148278268065842e-05,0.00015502158294683732
VariationalAutoencoder,0.0001,8.0,45.0,True,418.0,0.000568507334614057,0.00048391689669411136,1.0086054665179587e-05,2.8290783338790957e-05,0.002781443438439999,0.002291335249846836,6.559392753637062e-05,0.00016073575653370071
VariationalAutoencoder,0.0001,8.0,45.0,True,419.0,0.0005644933795029263,0.0004838419892395924,1.0141808504484734e-05,2.80113363603376e-05,0.0027622473689745057,0.002287733104993712,5.906019008384561e-05,0.0001534011753850013
VariationalAutoencoder,0.0001,8.0,45.0,True,420.0,0.0005709427305951594,0.00048393589467051216,1.0106340427242842e-05,2.838564770562308e-05,0.002703384220975,0.0022874512012649633,5.859120180771786e-05,0.00015193604682601472
VariationalAutoencoder,0.0001,8.0,45.0,True,421.0,0.0005715556061171457,0.0004840322099927301,1.0385026783755204e-05,2.876187692273338e-05,0.0028107874798324875,0.002288207505484047,6.049473728961165e-05,0.00015452713852033675
VariationalAutoencoder,0.0001,8.0,45.0,True,422.0,0.0005700049213964663,0.0004840581163241857,1.0336307442252526e-05,2.8625758229240253e-05,0.002793770541185103,0.0022895697902583475,6.284889232062694e-05,0.0001557721235092331
VariationalAutoencoder,0.0001,8.0,45.0,True,423.0,0.0005751247354594845,0.00048392750021582345,1.0320126653882372e-05,2.8585809260365776e-05,0.0027574426348104418,0.0022890620261618176,6.148096689450665e-05,0.00015442441188314425
VariationalAutoencoder,0.0001,8.0,45.0,True,424.0,0.0005666946143795538,0.0004835463759070137,9.739780898966558e-06,2.7566465406083674e-05,0.0028636024433111996,0.00228913868748167,6.380196918481551e-05,0.0001560253026725361
VariationalAutoencoder,0.0001,8.0,45.0,True,425.0,0.0005850434463943111,0.0004839830482102469,1.022211185623854e-05,2.83489470693943e-05,0.0028427119524973743,0.0022904186878564222,6.520460541330793e-05,0.00015924903769163216
VariationalAutoencoder,0.0001,8.0,45.0,True,426.0,0.0005780861705461281,0.0004838272085729635,1.0058014575803698e-05,2.8024020923597793e-05,0.0028154304567373023,0.00228760246210878,6.0782410532423535e-05,0.00015228142106683
VariationalAutoencoder,0.0001,8.0,45.0,True,427.0,0.0005799941216517652,0.00048369912285046437,9.911626858531304e-06,2.7938399494015623e-05,0.0028545365393536646,0.0022889261350691695,6.348355058229195e-05,0.00015594257311251177
VariationalAutoencoder,0.0001,8.0,45.0,True,428.0,0.0005715631571098801,0.00048437991714220485,1.1078542665731553e-05,2.919351355727471e-05,0.002732357701415536,0.0022883126570743583,6.110966791334392e-05,0.000153685211198135
VariationalAutoencoder,0.0001,8.0,45.0,True,429.0,0.0005654846481235843,0.0004838269274189787,1.0094477988357815e-05,2.8144249396343438e-05,0.002875635458988214,0.0022892421521480727,6.243853636507718e-05,0.0001559644211200798
VariationalAutoencoder,0.0001,8.0,45.0,True,430.0,0.0005645880480660904,0.0004838631561181616,1.0095807194026976e-05,2.8216965355963077e-05,0.002780301390953784,0.002286342517384943,5.734890535380106e-05,0.0001492473361252239
VariationalAutoencoder,0.0001,8.0,45.0,True,431.0,0.0005716446114357591,0.0004835637672892157,9.67335889763588e-06,2.7662318832469436e-05,0.0028170472795858324,0.002288975243298513,6.179500418076725e-05,0.0001545207071229347
VariationalAutoencoder,0.0001,8.0,45.0,True,432.0,0.0005825218164695884,0.00048411507008853304,1.0204135573336057e-05,2.8892498051702494e-05,0.0027050540882086606,0.002288269171924711,6.021621912342947e-05,0.00015314329860720245
VariationalAutoencoder,0.0001,8.0,45.0,True,433.0,0.000562204745901884,0.0004837212135206978,9.716020249372544e-06,2.8010221785612185e-05,0.002881209617890652,0.002288309283226541,6.239723015881184e-05,0.00015395002310755867
VariationalAutoencoder,0.0001,8.0,45.0,True,434.0,0.0005842381410521638,0.000483668878714672,9.94022486284576e-06,2.802755292053171e-05,0.0028403345144019936,0.002288420245332538,6.0825626242835564e-05,0.00015559532451179793
VariationalAutoencoder,0.0001,8.0,45.0,True,435.0,0.0005771658732242019,0.000483655503817967,9.779712295716985e-06,2.779505614723478e-05,0.002880028396282556,0.0022862109373200613,5.741707348036316e-05,0.00015004142041101395
VariationalAutoencoder,0.0001,8.0,45.0,True,436.0,0.0005720915257770097,0.00048394139725564303,1.0206397984307409e-05,2.8374675169305982e-05,0.0027727722746771085,0.002286655535488009,5.768034490024519e-05,0.00015019512963744829
VariationalAutoencoder,0.0001,8.0,45.0,True,437.0,0.0005819055670997846,0.0004837510158430855,9.902749798007088e-06,2.7959420774985517e-05,0.002858229215789891,0.002287973772804692,6.013462003671898e-05,0.00015301376862346
VariationalAutoencoder,0.0001,8.0,45.0,True,438.0,0.0005805396407119669,0.0004833818606610568,9.369098824873125e-06,2.716604941537117e-05,0.0028975954595601783,0.0022867209506484696,5.889931728817382e-05,0.0001517134314438082
VariationalAutoencoder,0.0001,8.0,45.0,True,439.0,0.0005605248910076214,0.00048362871385970203,9.65343022623634e-06,2.7471036220978533e-05,0.0027319614617329724,0.0022864905918169322,5.6884421398804624e-05,0.00014867380542575188
VariationalAutoencoder,0.0001,8.0,45.0,True,440.0,0.0005829123393544611,0.00048391922625569964,9.942315945607632e-06,2.8227400687344953e-05,0.0028373284159966235,0.0022869683661550845,5.846158396335518e-05,0.00014994920190400298
VariationalAutoencoder,0.0001,8.0,45.0,True,441.0,0.0005792026330197275,0.0004840614500071482,1.07853116111132e-05,2.8920372461051633e-05,0.002785874050368303,0.002286799673764211,5.7950873607359595e-05,0.00014939034978548685
VariationalAutoencoder,0.0001,8.0,45.0,True,442.0,0.0005905799306627875,0.0004840613696774382,1.0420036103044237e-05,2.8768207907998014e-05,0.0028256972630818686,0.002286464350778352,5.7951652638192446e-05,0.00015033967792987823
VariationalAutoencoder,0.0001,8.0,45.0,True,443.0,0.0005845701437433453,0.0004835181400139698,9.786981506890685e-06,2.742637290225196e-05,0.0028845718446767555,0.0022869496225560986,5.988282321384118e-05,0.0001517060394369581
VariationalAutoencoder,0.0001,8.0,45.0,True,444.0,0.0005757639189614761,0.0004834516270141396,9.421257909658464e-06,2.7395724607606462e-05,0.0027952494111450964,0.0022861575180629515,5.738201123551003e-05,0.00014927529923196108
VariationalAutoencoder,0.0001,8.0,45.0,True,445.0,0.0006007492301277716,0.0004838119459280749,1.0013163611895312e-05,2.8339583637579432e-05,0.0029195026031830027,0.002287935535862761,6.11635499030539e-05,0.000152461125322108
VariationalAutoencoder,0.0001,8.0,45.0,True,446.0,0.0005672294897531885,0.0004837325801746543,9.806772111601264e-06,2.8185194955681856e-05,0.0028361168297581702,0.0022864193661407853,5.760157492550664e-05,0.00014959539304364402
VariationalAutoencoder,0.0001,8.0,45.0,True,447.0,0.0005733195260528605,0.00048408309886397696,1.0842077102702904e-05,2.9011104868428727e-05,0.002826769396943866,0.0022886642869913354,6.127625164933174e-05,0.0001534664031094725
VariationalAutoencoder,0.0001,8.0,45.0,True,448.0,0.0005667457442399305,0.00048355284244866383,9.914810550863531e-06,2.742705570478645e-05,0.0028060588446803063,0.00228631946275819,5.9183862692904925e-05,0.00015010511350331817
VariationalAutoencoder,0.0001,8.0,45.0,True,449.0,0.0005795134286674849,0.000483588669499297,9.676563927547309e-06,2.7625929473866672e-05,0.00286142368736507,0.0022849506177242446,5.5951769200136074e-05,0.00014678240056682684
VariationalAutoencoder,0.0001,8.0,45.0,True,450.0,0.0005801701240462434,0.0004837002876312585,1.0046395636351925e-05,2.7767282150023065e-05,0.0028353159157734997,0.0022864384846117513,5.8500658509866243e-05,0.00015041434774233861
VariationalAutoencoder,0.0001,8.0,45.0,True,451.0,0.0005816282287762171,0.0004836050969249797,9.915862368003056e-06,2.7803967724431237e-05,0.0029034249062808055,0.002287891300969154,6.204616840717927e-05,0.00015437160179300127
VariationalAutoencoder,0.0001,8.0,45.0,True,452.0,0.0005952488942287681,0.00048348564664629914,9.625905376640612e-06,2.7305780435508154e-05,0.002849997027115252,0.00228534460817493,5.587509616553408e-05,0.00014733874572897857
VariationalAutoencoder,0.0001,8.0,45.0,True,453.0,0.0005729552709831382,0.000483484481865505,9.735970258351286e-06,2.737974652623873e-05,0.0028477185552225172,0.0022861372749760464,5.758233930704729e-05,0.0001480554775247034
VariationalAutoencoder,0.0001,8.0,45.0,True,454.0,0.0005802921047107872,0.00048335057223903525,9.382360757923512e-06,2.707335897131429e-05,0.0028298682761642166,0.0022843058379191272,5.510632745312445e-05,0.00014594991533261426
VariationalAutoencoder,0.0001,8.0,45.0,True,455.0,0.0005957652937691167,0.00048341636227147597,9.55205036683706e-06,2.7351101453734858e-05,0.0028596310495580517,0.0022860660492999,5.806443638771585e-05,0.00014921095011369238
VariationalAutoencoder,0.0001,8.0,45.0,True,456.0,0.0005989039361958877,0.00048369486537583757,9.93797751369502e-06,2.7941098070208918e-05,0.002872107351351084,0.0022861775737138663,5.8027060479862883e-05,0.00014815290909518235
VariationalAutoencoder,0.0001,8.0,45.0,True,457.0,0.0005856067584852645,0.0004835996345047038,9.677408017077536e-06,2.7428883205687583e-05,0.0028941492614506176,0.002286244863234226,5.8288539543091874e-05,0.00014927037903722726
VariationalAutoencoder,0.0001,8.0,45.0,True,458.0,0.0005999803141442271,0.00048334912630425633,9.609684423415487e-06,2.73382361486273e-05,0.002836348688077627,0.0022873080001687106,6.013883734649082e-05,0.00015079628371592589
VariationalAutoencoder,0.0001,8.0,45.0,True,459.0,0.0005852586496872401,0.00048365767272013537,9.838897092242767e-06,2.7880911035036464e-05,0.002842808856904132,0.0022875619759349704,6.13334079114896e-05,0.00015202315770230203
VariationalAutoencoder,0.0001,8.0,45.0,True,460.0,0.0005776987403550881,0.0004836419682618421,9.860532769978529e-06,2.7870402904854952e-05,0.0028515864843092625,0.002285869054074557,5.8071459379960904e-05,0.00014798899632205003
VariationalAutoencoder,0.0001,8.0,45.0,True,461.0,0.000595930572147318,0.0004836312844104201,1.0089276639639206e-05,2.789187855074669e-05,0.002828831567704303,0.0022862829127401675,5.979398441202236e-05,0.00015062372545776128
VariationalAutoencoder,0.0001,8.0,45.0,True,462.0,0.0005690342975112628,0.000483553967064603,9.721627012096004e-06,2.7592831123068005e-05,0.0027665971959911803,0.0022863033432630625,5.758359864260416e-05,0.00014911674009928915
VariationalAutoencoder,0.0001,8.0,45.0,True,463.0,0.0005715247996733837,0.0004833399285524682,9.393849161596633e-06,2.7110820229484064e-05,0.0029470675021597424,0.002285098879592224,5.7428594936364855e-05,0.00014816102741649315
VariationalAutoencoder,0.0001,8.0,45.0,True,464.0,0.0005988347321507745,0.0004837175986837505,1.015994983983811e-05,2.8022969106458266e-05,0.0028945155113748035,0.0022880654290037333,6.0577917867486585e-05,0.00015434812543527136
VariationalAutoencoder,0.0001,8.0,45.0,True,465.0,0.000577622748449485,0.0004834952862114919,9.826343064761226e-06,2.7658224527565938e-05,0.0027672504104158412,0.002284640036289047,5.6376868167763235e-05,0.0001461557317642296
VariationalAutoencoder,0.0001,8.0,45.0,True,466.0,0.0005899978615845631,0.00048347725219161043,9.922999788246386e-06,2.755219433105217e-05,0.0029222108658004857,0.0022860478680088833,5.903371475027792e-05,0.0001492018828976829
VariationalAutoencoder,0.0001,8.0,45.0,True,467.0,0.0005977692388781318,0.00048350938407558635,9.852330353502635e-06,2.749136716850363e-05,0.002887039439483259,0.0022858206955891735,5.897092369367491e-05,0.00014939188441765382
VariationalAutoencoder,0.0001,8.0,45.0,True,468.0,0.000594574445984113,0.0004834044333095499,9.57027454220381e-06,2.727845829291485e-05,0.002944013982448938,0.0022837911386909726,5.580781250254913e-05,0.0001450136842780143
VariationalAutoencoder,0.0001,8.0,45.0,True,469.0,0.0005980908388718762,0.0004835746519649125,9.615717310147144e-06,2.7644643785979226e-05,0.002949215518603535,0.0022846475337286415,5.60810941757646e-05,0.00014620806154964854
VariationalAutoencoder,0.0001,8.0,45.0,True,470.0,0.0006152379785907879,0.00048338101719910245,9.635722545801468e-06,2.7185893364029754e-05,0.002878944453953197,0.0022858951076771476,5.750547297908075e-05,0.00014881570618482506
VariationalAutoencoder,0.0001,8.0,45.0,True,471.0,0.0006001129786601928,0.0004833458327861488,9.41714352232748e-06,2.7095994377393286e-05,0.002844354079204535,0.002284082976527184,5.548692208790929e-05,0.00014454560975233713
VariationalAutoencoder,0.0001,8.0,45.0,True,472.0,0.0005742795062514971,0.00048338487302517955,9.50790103273893e-06,2.724165473424521e-05,0.002927204722878318,0.0022868868314994957,6.188504960177079e-05,0.0001515609288365586
VariationalAutoencoder,0.0001,8.0,45.0,True,473.0,0.0005931347769225704,0.00048355661794503103,9.737058474890627e-06,2.7522808719034785e-05,0.0028763985109029324,0.0022845071441722365,5.522129014602997e-05,0.00014537704065910675
VariationalAutoencoder,0.0001,8.0,45.0,True,474.0,0.0005847532553171533,0.00048349737478395034,9.36162565154528e-06,2.7205815132094843e-05,0.002887034003839553,0.0022855805900861633,5.796914861637091e-05,0.00014808365149692918
VariationalAutoencoder,0.0001,8.0,45.0,True,475.0,0.0005841107782970542,0.00048313528861639634,9.076764576157148e-06,2.6586081461122416e-05,0.0029149081721995614,0.002286712141156946,5.890581897407208e-05,0.0001488408108927169
VariationalAutoencoder,0.0001,8.0,45.0,True,476.0,0.0005737800964448009,0.00048325618482985584,9.462140083835132e-06,2.6902404797045047e-05,0.002916216287972792,0.0022845406952144215,5.633758275576357e-05,0.00014576489258112397
VariationalAutoencoder,0.0001,8.0,45.0,True,477.0,0.0005742861334525672,0.0004832967513333755,9.331612463668993e-06,2.6994801535599956e-05,0.002945463424958523,0.0022850008505695273,5.650598813527785e-05,0.00014734662975530205
VariationalAutoencoder,0.0001,8.0,45.0,True,478.0,0.0005936975267055542,0.00048380078009839327,1.0291259419524445e-05,2.8224270338960733e-05,0.002909494271068453,0.002285305434053049,5.762452411951509e-05,0.0001476632208569245
VariationalAutoencoder,0.0001,8.0,45.0,True,479.0,0.000597380202092893,0.00048388139096231794,1.0199735011413412e-05,2.8252453515632454e-05,0.0028910535686420945,0.002284802168420276,5.581009687867554e-05,0.00014402568574596502
VariationalAutoencoder,0.0001,8.0,45.0,True,480.0,0.0006109560837321526,0.00048338190082591176,9.727626637307138e-06,2.7377246264016855e-05,0.002845196791414945,0.0022846805224628567,5.5931859983588164e-05,0.00014436714726049195
VariationalAutoencoder,0.0001,8.0,45.0,True,481.0,0.0006058333376347216,0.0004831035182161151,9.084003036113763e-06,2.6607311097277464e-05,0.0029368308730095436,0.002283195841987178,5.301872397181373e-05,0.00014293002866724
VariationalAutoencoder,0.0001,8.0,45.0,True,482.0,0.0006072499520695114,0.0004832801632482729,9.729997618902084e-06,2.7138847767342777e-05,0.0028810360521640418,0.0022829733554672145,5.3753625343805586e-05,0.00014195291313735193
VariationalAutoencoder,0.0001,8.0,45.0,True,483.0,0.0006009024188846269,0.0004831567366489503,9.458491357791457e-06,2.6702293448371064e-05,0.0029281171612769554,0.002283953270822201,5.56282195373901e-05,0.00014478370031845644
VariationalAutoencoder,0.0001,8.0,45.0,True,484.0,0.0006074510574983458,0.00048312665317257783,9.263581985411939e-06,2.6675365423417157e-05,0.0029089164059117154,0.002285420519750823,5.76867587255232e-05,0.00014765340389695557
VariationalAutoencoder,0.0001,8.0,45.0,True,485.0,0.0006125136768078868,0.0004832204381089326,9.629562888746312e-06,2.7146283286119085e-05,0.002934788008156063,0.0022838981646411825,5.500806999281517e-05,0.00014424647362727038
VariationalAutoencoder,0.0001,8.0,45.0,True,486.0,0.0006070806572058131,0.0004833747514817271,9.560475572742863e-06,2.713021734413111e-05,0.0029308527895489577,0.002284205934536532,5.603134749258089e-05,0.00014528140144528083
VariationalAutoencoder,0.0001,8.0,45.0,True,487.0,0.0006145993172319108,0.00048301370960040233,9.170539471298215e-06,2.651710083301498e-05,0.0030336066986779747,0.0022850953183084165,5.944571077073895e-05,0.0001467903900258946
VariationalAutoencoder,0.0001,8.0,45.0,True,488.0,0.0005974810962085775,0.0004831001845331526,9.196361707588733e-06,2.6496825112165467e-05,0.00291731485030936,0.002283880920530115,5.6078926947131846e-05,0.0001439726765050828
VariationalAutoencoder,0.0001,8.0,45.0,True,489.0,0.0006111485537171685,0.0004831439240602149,9.205591465745653e-06,2.6524533841487853e-05,0.0029510662615674097,0.0022842885938080602,5.613892403601101e-05,0.00014513625570063322
VariationalAutoencoder,0.0001,8.0,45.0,True,490.0,0.0005873206731765418,0.00048299953140659794,9.160877313374509e-06,2.638652739981114e-05,0.0028714908743804357,0.0022840338682978407,5.597054794337015e-05,0.00014423560233985854
VariationalAutoencoder,0.0001,8.0,45.0,True,491.0,0.0005923904819951225,0.00048301997531777766,9.086135538882322e-06,2.6410458122462918e-05,0.002955772779272787,0.00228374090584569,5.559364345463567e-05,0.00014364922056033178
VariationalAutoencoder,0.0001,8.0,45.0,True,492.0,0.000592421890911709,0.0004829520163831685,9.059855172214803e-06,2.627429424350795e-05,0.0029577594133293104,0.0022834327610783607,5.527787238546887e-05,0.00014395084021226416
VariationalAutoencoder,0.0001,8.0,45.0,True,493.0,0.0006100998091890485,0.0004832567873026804,9.536564932518571e-06,2.6923192619795425e-05,0.002987617216770004,0.0022849080697545467,5.651790789275799e-05,0.00014511625862346505
VariationalAutoencoder,0.0001,8.0,45.0,True,494.0,0.000612862307749026,0.0004832418459766316,9.445241976258246e-06,2.6984582090313543e-05,0.0029063579046501305,0.0022836198221962405,5.4997696582251376e-05,0.00014357095431981597
VariationalAutoencoder,0.0001,8.0,45.0,True,495.0,0.0006087157684516393,0.0004829622182563309,9.10358779594262e-06,2.626408483943528e-05,0.0029685122411955826,0.002283699482491931,5.596271663341882e-05,0.0001443673346964818
VariationalAutoencoder,0.0001,8.0,45.0,True,496.0,0.0006099752981386416,0.0004833955167117466,9.597094624109988e-06,2.7229524948044286e-05,0.0029110874769822607,0.002282582926300337,5.267984555952204e-05,0.00014102777595040184
VariationalAutoencoder,0.0001,8.0,45.0,True,497.0,0.0005916501232234616,0.00048308090540276707,9.23123672564396e-06,2.663935512063317e-05,0.0029214000177083524,0.002286723387316338,6.239972540042686e-05,0.0001503597804397907
VariationalAutoencoder,0.0001,8.0,45.0,True,498.0,0.0006109179672847861,0.00048321312810532807,9.277261256408498e-06,2.6894861335221006e-05,0.002877917492164756,0.0022823996139022537,5.323385362917522e-05,0.00014209126432736716
VariationalAutoencoder,0.0001,8.0,45.0,True,499.0,0.0006071892629736517,0.0004831899931488654,9.04696978467976e-06,2.664372304861115e-05,0.002959912865416809,0.0022843067750990768,5.708272281870152e-05,0.00014438816352085497
VariationalAutoencoder,0.0001,8.0,45.0,True,500.0,0.000595015255267408,0.0004827985866371833,8.721087840850142e-06,2.5871819803978233e-05,0.0028678004471760876,0.0022835838344861877,5.509217017851536e-05,0.00014378718516361787
VariationalAutoencoder,0.0001,8.0,45.0,True,501.0,0.0006177466754322103,0.0004831739673717324,9.323073666532727e-06,2.66444736293384e-05,0.0029676001776689255,0.0022844565364549744,5.704261737424623e-05,0.00014415653949638582
VariationalAutoencoder,0.0001,8.0,45.0,True,502.0,0.0006069087516265417,0.0004829982862960939,9.202826994087176e-06,2.6638115030735972e-05,0.002976362247886898,0.0022825913609198804,5.394343357041197e-05,0.00014257386514225846
VariationalAutoencoder,0.0001,8.0,45.0,True,503.0,0.0006189459176719029,0.00048323453597302706,9.249394377969667e-06,2.6849829001889396e-05,0.002910957396405298,0.002283395086444399,5.4896076988873993e-05,0.00014314032013311326
VariationalAutoencoder,0.0001,8.0,45.0,True,504.0,0.0005998792192042677,0.0004829445457201441,9.157782109238388e-06,2.639244920561577e-05,0.0029422965064738534,0.0022836250704039566,5.517730711953445e-05,0.00014354677507712408
VariationalAutoencoder,0.0001,8.0,45.0,True,505.0,0.0006222530115004177,0.00048306034099702245,9.368844656650267e-06,2.6693665535462834e-05,0.0030183878334813148,0.002283893291305446,5.538797931476209e-05,0.00014571401542462644
VariationalAutoencoder,0.0001,8.0,45.0,True,506.0,0.0005894004093668852,0.0004830417045043164,9.2313628683916e-06,2.6671876101641642e-05,0.002923305679417256,0.0022814258839349327,5.216656967341525e-05,0.0001395190568090235
VariationalAutoencoder,0.0001,8.0,45.0,True,507.0,0.0006033770960938899,0.0004829671183686372,9.014064099669778e-06,2.626493834260339e-05,0.0029521608877481906,0.002283699482491931,5.5657037820831034e-05,0.00014351134967504058
VariationalAutoencoder,0.0001,8.0,45.0,True,508.0,0.0006054165870995534,0.000482685482405588,8.600303963469367e-06,2.56667506060189e-05,0.002855766494319124,0.0022830908778328565,5.3464569760568486e-05,0.00014420444110654435
VariationalAutoencoder,0.0001,8.0,45.0,True,509.0,0.0006085541049103853,0.00048291663114594,8.966763079608226e-06,2.6039151610389874e-05,0.0029087748917393714,0.002282352942340779,5.362941971365011e-05,0.00014149248834301092
VariationalAutoencoder,0.0001,8.0,45.0,True,510.0,0.0006001844721020392,0.0004829992100877582,9.27677362996613e-06,2.6341505107693275e-05,0.002960217074028351,0.002283155730685348,5.5409358732355464e-05,0.00014389381281234933
VariationalAutoencoder,0.0001,8.0,45.0,True,511.0,0.0006115216450549843,0.0004830253975731986,9.17523813175384e-06,2.668044125696398e-05,0.0029040128929809952,0.0022822749689689974,5.3775104336768574e-05,0.00014069888436194487
VariationalAutoencoder,0.0001,8.0,45.0,True,512.0,0.0006154226164290848,0.0004829370348922647,8.985932384218489e-06,2.636322927362514e-05,0.0030032141403582113,0.0022834250762027762,5.6795242869254175e-05,0.00014471803914825872
VariationalAutoencoder,0.0001,8.0,45.0,True,513.0,0.0006262675690843732,0.0004829508516023744,9.08023130520174e-06,2.6390152277972177e-05,0.002953649879251636,0.0022827317504762854,5.501998389292063e-05,0.00014304217396292297
VariationalAutoencoder,0.0001,8.0,45.0,True,514.0,0.0006165950285456572,0.0004829830236512053,9.24024871497784e-06,2.6430643472388748e-05,0.002905408353925501,0.002282570742960996,5.376713244982485e-05,0.00014207405536054816
VariationalAutoencoder,0.0001,8.0,45.0,True,515.0,0.0006314314439932934,0.00048259579428444014,8.513062760595362e-06,2.5474642104697677e-05,0.002963694199076239,0.00228271225713334,5.498783862065969e-05,0.00014267215188944115
VariationalAutoencoder,0.0001,8.0,45.0,True,516.0,0.0006173054645003655,0.0004826585719527581,8.480751389923765e-06,2.566237012652374e-05,0.0029671244651266614,0.002281170408680754,5.173652708155554e-05,0.0001392148716269799
VariationalAutoencoder,0.0001,8.0,45.0,True,517.0,0.0006155225465882499,0.0004829334602201724,9.129704365310964e-06,2.642108172660247e-05,0.003029251998325564,0.0022813113605451283,5.361796854614462e-05,0.00013976854582627615
VariationalAutoencoder,0.0001,8.0,45.0,True,518.0,0.0006296678453764183,0.0004827448058963786,8.803235010477411e-06,2.5838380051912323e-05,0.00299789789337782,0.0022825572475697257,5.4774653611692995e-05,0.00014231499261076346
VariationalAutoencoder,0.0001,8.0,45.0,True,519.0,0.0006146781608422168,0.00048266801069367604,8.77215682636856e-06,2.5595774286680143e-05,0.0029975127124186583,0.002282305708471334,5.4591147920245645e-05,0.00014178925808870567
VariationalAutoencoder,0.0001,8.0,45.0,True,520.0,0.0006371489512631193,0.0004828518452348735,8.895533847198332e-06,2.6333923991317697e-05,0.0029783292011644857,0.0022807809166938255,5.120955665343962e-05,0.0001384138873538131
VariationalAutoencoder,0.0001,8.0,45.0,True,521.0,0.0006115458242976761,0.00048256796003994597,8.775129025636336e-06,2.5456341992652e-05,0.00296482818681489,0.002281727281006627,5.328238197842484e-05,0.00014119155986129113
VariationalAutoencoder,0.0001,8.0,45.0,True,522.0,0.0006121690221873898,0.0004828842582728342,8.89926792355882e-06,2.640414470932233e-05,0.0029983602979648037,0.0022821079635020323,5.408043170687538e-05,0.00014102077053028083
VariationalAutoencoder,0.0001,8.0,45.0,True,523.0,0.0006071814308269325,0.00048289518311338606,9.047949430595512e-06,2.629988176642724e-05,0.0029574829452442674,0.002281649869942815,5.279343176937703e-05,0.00013893992645935442
VariationalAutoencoder,0.0001,8.0,45.0,True,524.0,0.0006090844818202633,0.0004826272433658816,8.830421596685189e-06,2.569966319436333e-05,0.002963306394013219,0.0022825233216555614,5.364782358490446e-05,0.0001408285900669278
VariationalAutoencoder,0.0001,8.0,45.0,True,525.0,0.0006146620949002289,0.00048274211485109563,8.814662539292216e-06,2.593282017746383e-05,0.00296338511712896,0.002281892037241714,5.4007278954457935e-05,0.00014126403901562002
VariationalAutoencoder,0.0001,8.0,45.0,True,526.0,0.0006161232923240353,0.00048260214033152537,8.636963179691461e-06,2.555023989266141e-05,0.0029206855117150073,0.0022833486023189136,5.566287176601542e-05,0.00014320067452184808
VariationalAutoencoder,0.0001,8.0,45.0,True,527.0,0.0006348536904610071,0.00048278240020063046,8.868753302571265e-06,2.5829922839637714e-05,0.002987560985973046,0.00228182999592907,5.39830762822673e-05,0.0001409459132818306
VariationalAutoencoder,0.0001,8.0,45.0,True,528.0,0.0005963305739379636,0.0004829102047691448,9.145108842343654e-06,2.614742601817509e-05,0.0030164238791795645,0.002282133079924673,5.3766833723716014e-05,0.00013988180402314888
VariationalAutoencoder,0.0001,8.0,45.0,True,529.0,0.000611545984957096,0.00048287891634712324,8.865703283896986e-06,2.6274228975618623e-05,0.002966807135995829,0.002282294087439963,5.474098542201444e-05,0.0001405400206457894
VariationalAutoencoder,0.0001,8.0,45.0,True,530.0,0.0006259661318478237,0.00048279320454661735,8.97871965487209e-06,2.629360349753475e-05,0.002993099532037411,0.0022836691178615737,5.665136231753811e-05,0.00014451543255796973
VariationalAutoencoder,0.0001,8.0,45.0,True,531.0,0.0005980213536727781,0.00048262085715394137,8.66252748230397e-06,2.5823486421628782e-05,0.0030024121017576014,0.0022810399532318115,5.2957192250767594e-05,0.00013914648092017983
VariationalAutoencoder,0.0001,8.0,45.0,True,532.0,0.0006269980874665664,0.00048261712182242917,8.630219249511665e-06,2.5494305311508897e-05,0.003015341436338125,0.0022833262974361205,5.6695778789760184e-05,0.00014337265875729376
VariationalAutoencoder,0.0001,8.0,45.0,True,533.0,0.0006449459537341589,0.0004828196330211876,8.95784020604631e-06,2.6328197989181046e-05,0.0029153649537068493,0.0022811302973789237,5.140693846551127e-05,0.0001379730613351618
VariationalAutoencoder,0.0001,8.0,45.0,True,534.0,0.000616652745442249,0.00048246276828477967,8.4310605609915e-06,2.528882693408956e-05,0.0029542774149456863,0.002283480182383795,5.673391615632195e-05,0.00014322032015653526
VariationalAutoencoder,0.0001,8.0,45.0,True,535.0,0.0006151137486943659,0.00048272946292178006,8.8155317318568e-06,2.590405210009161e-05,0.002996097758131207,0.0022816298142919003,5.3545840834296724e-05,0.00013946769934780192
VariationalAutoencoder,0.0001,8.0,45.0,True,536.0,0.0006189032224310697,0.00048261937105430745,8.659631219715121e-06,2.563517349910222e-05,0.002963160193941128,0.002280603602247418,5.193668528922699e-05,0.0001386147601611959
VariationalAutoencoder,0.0001,8.0,45.0,True,537.0,0.0006211042966482774,0.0004826180054492385,8.605773914655585e-06,2.5494237533316137e-05,0.0030087927977244058,0.0022808682618651,5.147967534432621e-05,0.00013795916764241346
VariationalAutoencoder,0.0001,8.0,45.0,True,538.0,0.0006121305442563286,0.00048267901586393784,8.724340566526848e-06,2.5711996315142538e-05,0.002983637950705282,0.002280845769546317,5.2097089494924126e-05,0.00013830983694994225
VariationalAutoencoder,0.0001,8.0,45.0,True,539.0,0.000645501674667523,0.0004830244336166793,9.450843718374836e-06,2.664820645054717e-05,0.0030048785719481654,0.0022822372943350354,5.483356708625578e-05,0.00014105201376684058
VariationalAutoencoder,0.0001,8.0,45.0,True,540.0,0.0006325971485790859,0.0004825848694438883,8.50035497702839e-06,2.5579439742224558e-05,0.0030189977501923182,0.002281664864822004,5.4082411499518266e-05,0.0001400151178709366
VariationalAutoencoder,0.0001,8.0,45.0,True,541.0,0.00063463599694707,0.00048289867745576845,8.955193718649306e-06,2.629790866792684e-05,0.003076437884156809,0.0022817031017639353,5.332705031775829e-05,0.0001399468443116302
VariationalAutoencoder,0.0001,8.0,45.0,True,542.0,0.0006321537285802178,0.00048260671912499193,8.943904884099318e-06,2.5670824828494914e-05,0.0030335973268784816,0.002281227389221671,5.373714854882198e-05,0.00014053773626966295
VariationalAutoencoder,0.0001,8.0,45.0,True,543.0,0.00062099392362682,0.0004826676893748363,8.723372844552415e-06,2.5705205944349182e-05,0.0030186153807730044,0.0022815383455288486,5.31449796831083e-05,0.00013898397391697145
VariationalAutoencoder,0.0001,8.0,45.0,True,544.0,0.0006433510073433025,0.00048269785318091874,8.858143505100612e-06,2.573424262418901e-05,0.0030978663162615316,0.0022811458545660824,5.230894487983776e-05,0.00013905016225089067
VariationalAutoencoder,0.0001,8.0,45.0,True,545.0,0.0006475879978940814,0.00048330819831704193,1.0031110398732427e-05,2.7553979156794896e-05,0.0029408821144943716,0.0022805027616848734,5.109082766861286e-05,0.00013677039002097627
VariationalAutoencoder,0.0001,8.0,45.0,True,546.0,0.0006078657194610555,0.00048256960679899974,8.65142754808751e-06,2.555639766698899e-05,0.002978676332617706,0.0022818033800185104,5.3775051620396426e-05,0.00013913160318848472
VariationalAutoencoder,0.0001,8.0,45.0,True,547.0,0.0006224000951993177,0.00048247401444417127,8.50100200773892e-06,2.533519976945579e-05,0.002976578174147216,0.0022815966381216947,5.285754659265842e-05,0.00013943526120680682
VariationalAutoencoder,0.0001,8.0,45.0,True,548.0,0.0006271159311510482,0.00048250417825025367,8.629388339074475e-06,2.579471332364969e-05,0.002983391472378617,0.0022805113837404073,5.230804284413656e-05,0.00013809990864129936
VariationalAutoencoder,0.0001,8.0,45.0,True,549.0,0.0006372303252592884,0.00048272078731310654,8.9172793507094e-06,2.6072131976927065e-05,0.00300199955514392,0.00228058748275229,5.1843535459641394e-05,0.00013703763859826813
VariationalAutoencoder,0.0001,8.0,45.0,True,550.0,0.0006160050068261489,0.00048257422575732125,8.779242157815601e-06,2.562480845621654e-05,0.0030709655029968644,0.00228171041176754,5.504858545349829e-05,0.0001405879222559479
VariationalAutoencoder,0.0001,8.0,45.0,True,551.0,0.0006450391763625441,0.0004825675985562512,8.714268601567276e-06,2.567978159115321e-05,0.00302562305012589,0.0022803518757130363,5.267838707322594e-05,0.00013675329820165094
VariationalAutoencoder,0.0001,8.0,45.0,True,552.0,0.00062176231746725,0.00048280923032375037,9.094396319913093e-06,2.6129873976553224e-05,0.0029920832541003918,0.0022816189430044883,5.381819704231226e-05,0.00013952343812528647
VariationalAutoencoder,0.0001,8.0,45.0,True,553.0,0.0006293457232395594,0.000482378181100213,8.244784122127086e-06,2.4977699926278663e-05,0.002980850027792109,0.00227995938475027,4.98928188246751e-05,0.0001355456715484835
VariationalAutoencoder,0.0001,8.0,45.0,True,554.0,0.0006372539421940107,0.00048248775082457095,8.626417394958416e-06,2.5449104787847104e-05,0.003064757435576721,0.002280065286084541,5.2518674037741414e-05,0.00013792793612060308
VariationalAutoencoder,0.0001,8.0,45.0,True,555.0,0.0006223654329294786,0.00048274006644349215,8.837336227498607e-06,2.595691658014236e-05,0.0030239132590263893,0.0022800409194058593,5.083997388305904e-05,0.0001361986516781573
VariationalAutoencoder,0.0001,8.0,45.0,True,556.0,0.0006533334599029665,0.00048246650361629187,8.513406044590185e-06,2.5231346006020703e-05,0.003051071421905134,0.002281492611147323,5.420002172578056e-05,0.00013888656577599123
VariationalAutoencoder,0.0001,8.0,45.0,True,557.0,0.0006251582157901033,0.00048258169642034565,8.63950360676831e-06,2.5486603700568414e-05,0.0030494793406072654,0.002279667172042079,5.0881221515577545e-05,0.00013632917741559586
VariationalAutoencoder,0.0001,8.0,45.0,True,558.0,0.0006403248666753023,0.00048268986037477973,8.891610870504315e-06,2.5816219093182658e-05,0.00305087630103969,0.0022823656879880894,5.545953886126572e-05,0.00014116568197994111
VariationalAutoencoder,0.0001,8.0,45.0,True,559.0,0.0006269876044394193,0.00048250325445858936,8.451978291944674e-06,2.5298659792646886e-05,0.002991633970032698,0.0022812982400258384,5.401636959996613e-05,0.00013889052536127702
VariationalAutoencoder,0.0001,8.0,45.0,True,560.0,0.0006219062683074622,0.0004830886973846312,9.794990630002035e-06,2.6919135969443462e-05,0.0030629522395583817,0.002281330666452084,5.454047577186201e-05,0.00014079426585128472
VariationalAutoencoder,0.0001,8.0,45.0,True,561.0,0.0006297213449632383,0.0004822199717364864,8.212589480565244e-06,2.4805641218497747e-05,0.00305118332119108,0.0022798890962540726,5.195967548485822e-05,0.0001362045559118379
VariationalAutoencoder,0.0001,8.0,45.0,True,562.0,0.0006346781700447884,0.0004828687948036708,9.050489230096501e-06,2.6144933286863518e-05,0.0029893828637944826,0.002280125265601296,5.161843069319455e-05,0.00013708274038332812
VariationalAutoencoder,0.0001,8.0,45.0,True,563.0,0.0006299806492669242,0.00048229536116926495,8.195363150814152e-06,2.4813500978554676e-05,0.0030272203796314744,0.0022799119634448355,5.169889344921652e-05,0.0001365268403816523
VariationalAutoencoder,0.0001,8.0,45.0,True,564.0,0.0006294935700707037,0.0004822798173703916,8.22470483252141e-06,2.494572870172259e-05,0.0030812842291106216,0.0022803464400693307,5.2557145274660125e-05,0.00013742023059781991
VariationalAutoencoder,0.0001,8.0,45.0,True,565.0,0.0006249097158324044,0.00048243059623594874,8.57427525472127e-06,2.525585409846267e-05,0.0031191200580237047,0.0022803987347105015,5.397930413297138e-05,0.0001386492835275782
VariationalAutoencoder,0.0001,8.0,45.0,True,566.0,0.0006324603470830583,0.00048254349964326924,8.692522470480348e-06,2.564995416573116e-05,0.0030351470476426418,0.002280376429827708,5.209551386113437e-05,0.00013747526649034248
VariationalAutoencoder,0.0001,8.0,45.0,True,567.0,0.000630648871959059,0.00048244678267250166,8.468934764076435e-06,2.5212460993274524e-05,0.003108422711210431,0.002280621033794475,5.279250044680241e-05,0.00013776383591148088
VariationalAutoencoder,0.0001,8.0,45.0,True,568.0,0.0006308384099096622,0.0004823101418358939,8.429296445252118e-06,2.525899699836407e-05,0.0030920299344092796,0.002279673544865734,5.2021822230246083e-05,0.00013537351159179735
VariationalAutoencoder,0.0001,8.0,45.0,True,569.0,0.0006397156461551184,0.00048233861871806757,8.304863214251808e-06,2.5036564031540544e-05,0.0030566191523330017,0.0022795127247864345,5.095145729540279e-05,0.00013486232678845244
VariationalAutoencoder,0.0001,8.0,45.0,True,570.0,0.0006380965205215701,0.0004823919174806127,8.447132778738065e-06,2.5257922588493624e-05,0.0030570000222643967,0.0022784621460632706,4.92848701915651e-05,0.0001341381092678826
VariationalAutoencoder,0.0001,8.0,45.0,True,571.0,0.0006457897771722223,0.00048232701107498127,8.53183983029381e-06,2.5000666692411162e-05,0.003113936703160124,0.0022819396459831383,5.685089964349315e-05,0.00014074855489925768
VariationalAutoencoder,0.0001,8.0,45.0,True,572.0,0.0006485678596959281,0.00048249642643324447,8.594881708048425e-06,2.5345564812341468e-05,0.0031132853630953614,0.0022805603045337607,5.2860469422625295e-05,0.00013755937839079202
VariationalAutoencoder,0.0001,8.0,45.0,True,573.0,0.000638143352742465,0.0004823119894192225,8.314616998250916e-06,2.509187605744102e-05,0.003133595364648591,0.0022800887155832736,5.240074165587155e-05,0.00013796401754865106
VariationalAutoencoder,0.0001,8.0,45.0,True,574.0,0.0006460746263236691,0.0004823719555476926,8.519322829787943e-06,2.5143236865733834e-05,0.0030256916516981786,0.002280156192539623,5.2877438237082286e-05,0.00013812454475921654
VariationalAutoencoder,0.0001,8.0,45.0,True,575.0,0.0006421800009966539,0.0004825270722175865,8.623684929668743e-06,2.557573453435358e-05,0.0030264706356720353,0.0022796761689695922,5.0789301734675404e-05,0.0001361139423254901
VariationalAutoencoder,0.0001,8.0,45.0,True,576.0,0.0006273894939782485,0.00048268351432769445,8.993598850910875e-06,2.5969633777347214e-05,0.0030153564312173134,0.002280653272784731,5.340381121298052e-05,0.00013834413773608658
VariationalAutoencoder,0.0001,8.0,45.0,True,577.0,0.0006529690441738242,0.0004822528667527068,8.27744128709694e-06,2.49701338717237e-05,0.0031208395957946777,0.002280784290541643,5.290361484454113e-05,0.00013835502073824782
VariationalAutoencoder,0.0001,8.0,45.0,True,578.0,0.0006306232467815882,0.00048255036783346913,8.845847411297081e-06,2.578038200133573e-05,0.003105321207886222,0.0022792531259404787,5.064593077455677e-05,0.000135026438712324
VariationalAutoencoder,0.0001,8.0,45.0,True,579.0,0.000630341691148249,0.00048235227476875735,8.25872383710509e-06,2.4930855153866532e-05,0.0030567820342081897,0.0022794233178192714,4.991972760396933e-05,0.00013528148052077623
VariationalAutoencoder,0.0001,8.0,45.0,True,580.0,0.0006538463651009326,0.00048247626367604955,8.665648417050306e-06,2.5352289915245498e-05,0.003066022815944264,0.0022781339456450266,4.9261926854931334e-05,0.00013267252383367071
VariationalAutoencoder,0.0001,8.0,45.0,True,581.0,0.0006309248848424125,0.0004822665629682515,8.296655777169045e-06,2.4759777974728948e-05,0.0029904390655973423,0.0022787217449092264,4.992396834323991e-05,0.00013473601836078573
VariationalAutoencoder,0.0001,8.0,45.0,True,582.0,0.0006506190788392429,0.0004824058948501422,8.402171989054372e-06,2.5232618729862563e-05,0.0030855723896866323,0.0022796287476641577,5.147851558413895e-05,0.00013634774529334135
VariationalAutoencoder,0.0001,8.0,45.0,True,583.0,0.0006363666603828698,0.0004819630371592437,7.924239083401598e-06,2.4345474985410583e-05,0.0031136021299182242,0.0022789897783747257,5.149379747468721e-05,0.0001355843536508908
VariationalAutoencoder,0.0001,8.0,45.0,True,584.0,0.0006276657478507317,0.0004823125918920471,8.49177789776473e-06,2.5096545221831277e-05,0.0031037735489179504,0.0022808607644255055,5.259962295586208e-05,0.00013817970951398215
VariationalAutoencoder,0.0001,8.0,45.0,True,585.0,0.0006490176659067364,0.0004822517421367676,8.287082107441445e-06,2.4997699513750257e-05,0.0030794857807879177,0.002277445118382292,4.858540886509344e-05,0.0001320765828186611
VariationalAutoencoder,0.0001,8.0,45.0,True,586.0,0.0006366110233605068,0.00048227335082874146,8.177118893019915e-06,2.4817572690727255e-05,0.0031360217235373252,0.002279368961382212,5.1108991387505203e-05,0.0001350422887682165
VariationalAutoencoder,0.0001,8.0,45.0,True,587.0,0.0006378047630150684,0.0004825500465146294,8.754576543833047e-06,2.5638115574728767e-05,0.003097654326157,0.0022781108910182738,4.893525228279192e-05,0.00013277399699268102
VariationalAutoencoder,0.0001,8.0,45.0,True,588.0,0.0006448506023684602,0.0004822862437471868,8.307076674306168e-06,2.4928641066236316e-05,0.003088033236797501,0.0022788983096116745,5.040681516786791e-05,0.0001349772367649858
VariationalAutoencoder,0.0001,8.0,45.0,True,589.0,0.0006503337878743915,0.00048213719197039335,8.13225035698748e-06,2.453481211173888e-05,0.003114889065424601,0.0022783532457531625,4.932921051791629e-05,0.0001328757513056761
VariationalAutoencoder,0.0001,8.0,45.0,True,590.0,0.0006446320252277138,0.00048235420268179593,8.54191807101197e-06,2.5253273506530853e-05,0.0031135777632395425,0.002278114827174061,4.966213783752993e-05,0.00013256301435659516
VariationalAutoencoder,0.0001,8.0,45.0,True,591.0,0.000649713120370541,0.0004821528964286866,8.078816665632705e-06,2.464237108304494e-05,0.0030964393660707296,0.002278581167916832,4.945148321442634e-05,0.0001332484209125147
VariationalAutoencoder,0.0001,8.0,45.0,True,592.0,0.0006474731264088674,0.00048235858065098764,8.59256281524977e-06,2.5096356949073606e-05,0.0031106425156383396,0.0022789301737299503,5.151875574821196e-05,0.00013463393603480836
VariationalAutoencoder,0.0001,8.0,45.0,True,593.0,0.0006485407885836784,0.00048221551343758474,8.326063354341489e-06,2.4849360663132527e-05,0.003139979059591233,0.0022791063635604187,5.1781523433871236e-05,0.0001353088344605464
VariationalAutoencoder,0.0001,8.0,45.0,True,594.0,0.0006579494460252417,0.0004821762322094241,8.064669850621263e-06,2.473516444954268e-05,0.003083481728655737,0.0022788795660126883,4.9414646185044226e-05,0.00013384476022900276
VariationalAutoencoder,0.0001,8.0,45.0,True,595.0,0.0006456743032141837,0.0004821100003635787,8.270795258751134e-06,2.4821325594363508e-05,0.0031168084099607645,0.0022782072331170617,4.953730546828336e-05,0.00013334641479096322
VariationalAutoencoder,0.0001,8.0,45.0,True,596.0,0.0006323933922698235,0.0004822147503053403,8.377196980173376e-06,2.466932170072977e-05,0.0031143231961712147,0.002279944952179051,5.211609081839615e-05,0.00013656529990382164
VariationalAutoencoder,0.0001,8.0,45.0,True,597.0,0.0006457165566416121,0.00048214723318413584,8.088277371705703e-06,2.4726333202056167e-05,0.003182093677280834,0.0022803717439279616,5.227288102391381e-05,0.00013649311361822692
VariationalAutoencoder,0.0001,8.0,45.0,True,598.0,0.0006478670633064126,0.00048266471717556855,9.162003184465385e-06,2.5995936736745654e-05,0.0031063284888957284,0.0022781298220532495,4.971770675114866e-05,0.0001323237991745367
VariationalAutoencoder,0.0001,8.0,45.0,True,599.0,0.000651312484895444,0.00048210180673316483,8.210699849654079e-06,2.449748389965119e-05,0.003142220044285996,0.002278615281266986,5.0057188473032705e-05,0.00013366572371443863
VariationalAutoencoder,0.0001,8.0,45.0,True,600.0,0.0006431786197857715,0.00048212052355558083,8.183019361245344e-06,2.4572376292349515e-05,0.003102714535575243,0.0022790679391824975,4.967083603893436e-05,0.00013518457611401877
VariationalAutoencoder,0.0001,8.0,45.0,True,601.0,0.0006527554073102391,0.0004825145809476909,9.01191214204959e-06,2.5514018724388834e-05,0.003177592214548363,0.0022801262027812453,5.404648822058672e-05,0.00013725779388310775
VariationalAutoencoder,0.0001,8.0,45.0,True,602.0,0.0006580368045848013,0.00048227551973090984,8.260304073117814e-06,2.4797972241501923e-05,0.0030850366976276134,0.002279183587188241,5.150099033079807e-05,0.00013436182583652953
VariationalAutoencoder,0.0001,8.0,45.0,True,603.0,0.000638715260112382,0.000482209810028179,8.279017757654511e-06,2.4778005287974993e-05,0.0030680287559077426,0.002279681979485278,5.1855238494258255e-05,0.00013527994588860925
VariationalAutoencoder,0.0001,8.0,45.0,True,604.0,0.0006557116611305916,0.00048199661497799854,8.026376426862578e-06,2.4348678132594435e-05,0.003215526259920132,0.002279673544865734,5.273804443437349e-05,0.0001349480318948158
VariationalAutoencoder,0.0001,8.0,45.0,True,605.0,0.0006510795689014733,0.0004817828977847035,7.624674533215173e-06,2.3771363569077134e-05,0.003110326311123446,0.002277712214667842,4.913346584206857e-05,0.0001327303244070437
VariationalAutoencoder,0.0001,8.0,45.0,True,606.0,0.0006692229175182044,0.0004821541415391907,8.21071679420227e-06,2.471135673175925e-05,0.0030878611705588096,0.0022784838886380945,4.966319802234758e-05,0.00013339321521468132
VariationalAutoencoder,0.0001,8.0,45.0,True,607.0,0.0006345794849961273,0.00048199661497799854,8.093011176409426e-06,2.4622414170731754e-05,0.0031497234818320605,0.0022777258974951016,4.869381715572855e-05,0.00013239248275007093
VariationalAutoencoder,0.0001,8.0,45.0,True,608.0,0.0006308573275563531,0.0004819950485486547,8.143124363894733e-06,2.43488237301937e-05,0.0031261056099297865,0.002277485229684122,4.8916420823185696e-05,0.00013219233625714883
VariationalAutoencoder,0.0001,8.0,45.0,True,609.0,0.0006468047028924577,0.00048204903011373433,8.066750264593533e-06,2.4631596860699257e-05,0.003175528919171987,0.0022790158319773166,5.155948793175835e-05,0.00013481339428034967
VariationalAutoencoder,0.0001,8.0,45.0,True,610.0,0.0006457212960944986,0.00048186877024462924,7.87651758751458e-06,2.4011750226072226e-05,0.003081130344162947,0.0022786074089554123,4.984139693233202e-05,0.00013373179490086418
VariationalAutoencoder,0.0001,8.0,45.0,True,611.0,0.0006503979713126334,0.00048211008069328864,8.184639134537178e-06,2.4693608886469407e-05,0.0031377245795052005,0.0022783875465393066,5.010223754172055e-05,0.00013345141408953277
VariationalAutoencoder,0.0001,8.0,45.0,True,612.0,0.0006505458583086327,0.00048184965177366354,7.902513034742156e-06,2.4146530927834163e-05,0.0031518891172589,0.0022777092156920043,4.8325730944579504e-05,0.0001327143689184069
VariationalAutoencoder,0.0001,8.0,45.0,True,613.0,0.00064070209499318,0.0004818995766883912,7.857925652694509e-06,2.4024389603870577e-05,0.003254251660041089,0.002279205142327075,5.3020241031856655e-05,0.00013663380775811538
VariationalAutoencoder,0.0001,8.0,45.0,True,614.0,0.000660812477217209,0.00048252787551468593,8.84195518582015e-06,2.557651523872206e-05,0.0032104055086771646,0.0022811587876493825,5.6537008791599634e-05,0.00013944233691542404
VariationalAutoencoder,0.0001,8.0,45.0,True,615.0,0.0006651533742477951,0.00048198914431497414,7.928679810179211e-06,2.4269869666536543e-05,0.0031709993410410373,0.002278340125233872,5.0861593453014425e-05,0.00013372211851788766
VariationalAutoencoder,0.0001,8.0,45.0,True,616.0,0.0006567196784957721,0.0004818302119838581,7.756368189327158e-06,2.4070953222297914e-05,0.0031636675948616844,0.0022797383977182254,5.2609668353443625e-05,0.00013754132596201866
VariationalAutoencoder,0.0001,8.0,45.0,True,617.0,0.0006556151449840987,0.0004818412974838298,7.72689408911367e-06,2.4220404137337624e-05,0.0031239838345245743,0.0022767176793056466,4.777576153477033e-05,0.00013020455415518778
VariationalAutoencoder,0.0001,8.0,45.0,True,618.0,0.0006547216376204375,0.00048195906083860164,7.91530052044321e-06,2.4368931260713026e-05,0.003122597745379562,0.002277372768090206,4.7872598581718946e-05,0.00013131560441458
VariationalAutoencoder,0.0001,8.0,45.0,True,619.0,0.0006521082310021084,0.0004820101505341234,8.07779873758956e-06,2.4585864152709106e-05,0.0031396489848130905,0.0022763270627027786,4.743796380810768e-05,0.0001290238011370665
VariationalAutoencoder,0.0001,8.0,45.0,True,620.0,0.0006559586749886567,0.0004818960823460088,7.808224154972645e-06,2.4174169368660355e-05,0.0031545203436845505,0.0022786372112778,5.136435535156502e-05,0.0001336706204796737
VariationalAutoencoder,0.0001,8.0,45.0,True,621.0,0.0006575289601585615,0.0004817467895800855,7.588152756106179e-06,2.3973897360566492e-05,0.0032706766758324964,0.0022787834113498903,5.220990253132094e-05,0.00013473219935249232
VariationalAutoencoder,0.0001,8.0,45.0,True,622.0,0.0006598573168011689,0.00048187752618301266,7.822148180554177e-06,2.4211261612225094e-05,0.003196879377904928,0.002278697003358565,5.049656186276262e-05,0.00013417870087443657
VariationalAutoencoder,0.0001,8.0,45.0,True,623.0,0.0006664411398278414,0.0004822355557002147,8.487353487959448e-06,2.4922490822819043e-05,0.003178826667977579,0.002275745823698224,4.647494697908186e-05,0.00012879377031851114
VariationalAutoencoder,0.0001,8.0,45.0,True,624.0,0.0006607067231540731,0.00048178759707273496,7.692501049318082e-06,2.386197548188932e-05,0.003075399301336996,0.002277564327671843,4.8080986400820176e-05,0.00013148966216066347
VariationalAutoencoder,0.0001,8.0,45.0,True,625.0,0.0006584188125204204,0.00048187314821382095,7.884157696020892e-06,2.4069487205091513e-05,0.0031943373710104504,0.002276567168205789,4.786539401085871e-05,0.00013111582107888826
VariationalAutoencoder,0.0001,8.0,45.0,True,626.0,0.0006456168273067217,0.0004818326218751563,7.924149967629632e-06,2.4144620586919657e-05,0.003128491482644711,0.0022778482931964804,4.9422266629506955e-05,0.00013187114125902548
VariationalAutoencoder,0.0001,8.0,45.0,True,627.0,0.0006620875105382298,0.00048181133450202223,7.917306880464129e-06,2.4229496456381445e-05,0.0031072043772763427,0.0022774775448085377,4.9837982082891766e-05,0.00013142346211199492
VariationalAutoencoder,0.0001,8.0,45.0,True,628.0,0.000662151252163067,0.0004819047579546823,8.065294288600873e-06,2.4411636542759817e-05,0.0031592954629622166,0.002276703621606407,4.7982008483424875e-05,0.00013085216892965186
VariationalAutoencoder,0.0001,8.0,45.0,True,629.0,0.0006391020075008875,0.0004820751372694648,8.149206201543383e-06,2.463905748250992e-05,0.003188219835173409,0.002276777096514432,4.8689063896173204e-05,0.00013031201355112425
VariationalAutoencoder,0.0001,8.0,45.0,True,630.0,0.0006506718554586734,0.00048172012011638547,7.84452251507587e-06,2.370050774430329e-05,0.0031461449539136586,0.00227839654346682,5.1611630281187455e-05,0.00013385068789218207
VariationalAutoencoder,0.0001,8.0,45.0,True,631.0,0.0006656328622864263,0.00048154528250270135,7.514757759407203e-06,2.3490882345608304e-05,0.003246108316025644,0.0022768884334924086,4.787232328510884e-05,0.00013091846269631537
VariationalAutoencoder,0.0001,8.0,45.0,True,632.0,0.0006382866609449978,0.0004820482268166349,7.999910297740822e-06,2.4504447481381605e-05,0.00317862498685249,0.0022772869224068504,4.8894496669746796e-05,0.00013139527642501975
VariationalAutoencoder,0.0001,8.0,45.0,True,633.0,0.0006487546262715383,0.00048204862846518463,8.125802642613087e-06,2.4550739987037897e-05,0.0032907945554961197,0.0022789301737299503,5.198641440028664e-05,0.00013500258748261435
VariationalAutoencoder,0.0001,8.0,45.0,True,634.0,0.0006674336937238586,0.0004818561584801687,7.85192853778681e-06,2.4015703953983328e-05,0.003214089000749888,0.00227963886920761,5.315324443878618e-05,0.00013503574022332077
VariationalAutoencoder,0.0001,8.0,45.0,True,635.0,0.0006764569693819854,0.0004821365894975688,8.32300141172589e-06,2.480479775654338e-05,0.00314157395242895,0.0022764773863666464,4.641496453363941e-05,0.00012952963229995103
VariationalAutoencoder,0.0001,8.0,45.0,True,636.0,0.0006624013587149648,0.0004818422212754941,7.904584035076542e-06,2.398911481999323e-05,0.003146501082294392,0.0022769669691721597,4.841652903822983e-05,0.0001300945760881376
VariationalAutoencoder,0.0001,8.0,45.0,True,637.0,0.0006712767473770923,0.0004818483263334495,7.802382051302095e-06,2.4193036809282483e-05,0.003199546217168652,0.0022775624533119443,4.921216845699826e-05,0.00013178625618511774
VariationalAutoencoder,0.0001,8.0,45.0,True,638.0,0.0006661451650115679,0.00048181687725200805,7.899866547345151e-06,2.3942169635443674e-05,0.0031682459063499977,0.0022770460671598805,4.8148281778554497e-05,0.00013003667008202032
VariationalAutoencoder,0.0001,8.0,45.0,True,639.0,0.0006475616497492212,0.0004817922561959115,7.91587349720239e-06,2.399323924853795e-05,0.003157151944982181,0.0022771930169759305,4.90490845023836e-05,0.000131347655968846
VariationalAutoencoder,0.0001,8.0,45.0,True,640.0,0.0006481667734541983,0.00048159416313119975,7.430173712719804e-06,2.3549884517559143e-05,0.0031513418041685093,0.002276827704231694,4.8550636560287115e-05,0.00012985427143438806
VariationalAutoencoder,0.0001,8.0,45.0,True,641.0,0.0006691228668644743,0.00048212401789796323,8.243567880112528e-06,2.4835506298471333e-05,0.0030317872575244065,0.002276918985558756,4.808913986637907e-05,0.00012955834515064767
VariationalAutoencoder,0.0001,8.0,45.0,True,642.0,0.000664600344359714,0.00048186957354172865,7.997562536452658e-06,2.4311477945981964e-05,0.003154424376457742,0.0022778627257676993,5.1242902687510605e-05,0.00013280767689710893
VariationalAutoencoder,0.0001,8.0,45.0,True,643.0,0.0006640876399860228,0.0004818920658605118,7.90342176458585e-06,2.4190594284039623e-05,0.0031772533302786964,0.0022777369562185035,4.877295321638479e-05,0.00013126708192270507
VariationalAutoencoder,0.0001,8.0,45.0,True,644.0,0.0006553538726025193,0.00048175679062897306,7.810167757407674e-06,2.391410444303343e-05,0.003180638424255563,0.0022756567916030405,4.643598079400242e-05,0.00012799924087224517
VariationalAutoencoder,0.0001,8.0,45.0,True,645.0,0.0006655452225728819,0.0004816143660532496,7.536574178990328e-06,2.368487357450624e-05,0.003209878813545659,0.0022755630736081105,4.718829321223985e-05,0.00012870425791860376
VariationalAutoencoder,0.0001,8.0,45.0,True,646.0,0.0006539120748036634,0.0004819891041501192,8.083441899712838e-06,2.4347779443964483e-05,0.0031375139014525985,0.002276914674530989,4.7923004219554504e-05,0.00013058340914969175
VariationalAutoencoder,0.0001,8.0,45.0,True,647.0,0.0006801322946008646,0.0004819177312028376,8.016544195881108e-06,2.4352646922326154e-05,0.003187408612209296,0.002275965686114329,4.6209710409993647e-05,0.00012762029215974627
VariationalAutoencoder,0.0001,8.0,45.0,True,648.0,0.0006666331278345976,0.00048200966855586376,8.14992540347769e-06,2.4712230317354845e-05,0.0032772987893542405,0.0022769103635032224,4.8471638147935926e-05,0.00013133376227609766
VariationalAutoencoder,0.0001,8.0,45.0,True,649.0,0.0006390044872330205,0.00048187849013953197,7.71632822195314e-06,2.4025484096168508e-05,0.003204367445699824,0.002278234411335591,5.201383862855299e-05,0.0001339204843689061
VariationalAutoencoder,0.0001,8.0,45.0,True,650.0,0.0006704511186183302,0.00048147403004998465,7.357497917955134e-06,2.3329379463774174e-05,0.003267009678126881,0.0022758547240083324,4.7706427790646284e-05,0.00012896118580170397
VariationalAutoencoder,0.0001,8.0,45.0,True,651.0,0.0006578334097592336,0.00048175883903657654,7.789764638658803e-06,2.3918098335799502e-05,0.003216195781275911,0.0022769860876431253,5.021819013094752e-05,0.0001309230665928163
VariationalAutoencoder,0.0001,8.0,45.0,True,652.0,0.0006473441972244139,0.0004820179023511326,8.124898933376264e-06,2.4352747334463577e-05,0.00318992887652895,0.002279707283343909,5.289246826051916e-05,0.00013594037659887999
VariationalAutoencoder,0.0001,8.0,45.0,True,653.0,0.0006617992473741105,0.0004819763317262387,8.165464181744185e-06,2.4480918407279527e-05,0.0031091156620649423,0.0022771795215846607,4.910638719890852e-05,0.00013052782266394897
VariationalAutoencoder,0.0001,8.0,45.0,True,654.0,0.0006506489213264856,0.0004817918143825068,7.719237663635025e-06,2.394248091306969e-05,0.003180418374403468,0.002275554451552577,4.591412678267221e-05,0.0001273108939142347
VariationalAutoencoder,0.0001,8.0,45.0,True,655.0,0.0006654313552090422,0.0004814604141641499,7.460107198462011e-06,2.3186410152205237e-05,0.0031490295937976,0.0022765611702541136,4.875783826101501e-05,0.00012958460961872675
VariationalAutoencoder,0.0001,8.0,45.0,True,656.0,0.0006594048597099325,0.00048174425919422244,7.817006451542166e-06,2.4024095898368608e-05,0.0031943186274114646,0.0022759799312495584,4.7792750850038705e-05,0.00012945333413732878
VariationalAutoencoder,0.0001,8.0,45.0,True,657.0,0.0006606581236795595,0.0004816528439843108,7.770946148953669e-06,2.3800475558020036e-05,0.003235700745252693,0.0022761203208059634,4.79287825196794e-05,0.00012909888096575468
VariationalAutoencoder,0.0001,8.0,45.0,True,658.0,0.0006529592037843565,0.0004820105120178182,8.011937161500885e-06,2.4331490084970735e-05,0.003132831375553923,0.0022766785051837658,4.7878473528526115e-05,0.00012898532990014778
VariationalAutoencoder,0.0001,8.0,45.0,True,659.0,0.0006697802852106223,0.0004818537485888705,8.025815374044716e-06,2.4096001029978543e-05,0.0032421849058859005,0.0022764545191758835,4.78040467971151e-05,0.0001288228228969394
VariationalAutoencoder,0.0001,8.0,45.0,True,660.0,0.000658054718110118,0.0004819227919745638,7.945452402584315e-06,2.4394983189767906e-05,0.003146182066239651,0.0022780083635318203,4.9945236470714304e-05,0.00013214956570721273
VariationalAutoencoder,0.0001,8.0,45.0,True,661.0,0.0006376512931042283,0.00048158617032506074,7.503253038761751e-06,2.3686038355300367e-05,0.00319236067106139,0.0022770117663737364,4.875113742437752e-05,0.00013088669229603415
VariationalAutoencoder,0.0001,8.0,45.0,True,662.0,0.0006629983289543831,0.0004816959408736936,7.718729327189312e-06,2.386069020653028e-05,0.0031830331064620107,0.0022763536786133388,4.7052891210377594e-05,0.00012982915501174688
VariationalAutoencoder,0.0001,8.0,45.0,True,663.0,0.0006707624364092023,0.0004815678953160494,7.5601089012751365e-06,2.3812996951556914e-05,0.003252684320293882,0.0022772425000772535,4.950566393024517e-05,0.0001307367669336451
VariationalAutoencoder,0.0001,8.0,45.0,True,664.0,0.0006535266930202268,0.00048171068137546754,7.620917236547907e-06,2.3772503246836905e-05,0.003154180334798945,0.002275391194805409,4.631629412841497e-05,0.00012692101534057714
VariationalAutoencoder,0.0001,8.0,45.0,True,665.0,0.0006620402766687851,0.00048152861408788883,7.4866166303180295e-06,2.3440613519309987e-05,0.0031775955883961804,0.0022755953125983665,4.7409921626812254e-05,0.0001275285891017074
VariationalAutoencoder,0.0001,8.0,45.0,True,666.0,0.0006719087012051893,0.00048159894274894116,7.700368967861178e-06,2.3698491970644486e-05,0.003230054048622179,0.00227695309890891,4.955336638966446e-05,0.00012949698329346734
VariationalAutoencoder,0.0001,8.0,45.0,True,667.0,0.0006683991363427709,0.00048195307627521116,8.010503778239144e-06,2.428246134856962e-05,0.0032442883125641062,0.0022773052911338565,4.9912610893729346e-05,0.00013132416789636672
VariationalAutoencoder,0.0001,8.0,45.0,True,668.0,0.0006768763707975814,0.00048159456477974945,7.66116618668294e-06,2.358466728196311e-05,0.0031801930763436562,0.0022760071094680883,4.772254142839954e-05,0.00012855351252375908
VariationalAutoencoder,0.0001,8.0,45.0,True,669.0,0.0006700767420051554,0.0004817209234134849,7.820402892090561e-06,2.3860953788391022e-05,0.0032178189769480965,0.0022760905184835757,4.7385765813619084e-05,0.00012777915587590174
VariationalAutoencoder,0.0001,8.0,45.0,True,670.0,0.0006647461026184,0.00048174478133733705,7.775366793303798e-06,2.3983107663871786e-05,0.0031765065852950953,0.002274919980726902,4.5884945342000925e-05,0.0001267421896915016
VariationalAutoencoder,0.0001,8.0,45.0,True,671.0,0.000648944806859821,0.0004817477535366048,7.681964678222922e-06,2.3837276606386242e-05,0.003209149312673125,0.0022769767158436326,4.787677196118067e-05,0.0001293461910396252
VariationalAutoencoder,0.0001,8.0,45.0,True,672.0,0.0006818586603971826,0.0004816409953520947,7.952727889516604e-06,2.3868173421071868e-05,0.003257262256910216,0.002276935105053884,4.975181424392844e-05,0.0001317366676510505
VariationalAutoencoder,0.0001,8.0,45.0,True,673.0,0.0006749476544619249,0.00048187744585330276,8.18547443800538e-06,2.443184699572e-05,0.0033281381774998313,0.002277712402103832,5.1037291264009174e-05,0.00013181141946675643
VariationalAutoencoder,0.0001,8.0,45.0,True,674.0,0.000660025406719218,0.000481710078902643,7.807329859373704e-06,2.39265404862535e-05,0.0032887320098637035,0.00227669949801463,4.854047694389925e-05,0.00013040589555254523
VariationalAutoencoder,0.0001,8.0,45.0,True,675.0,0.0006573026312008058,0.0004823882223139555,8.56370311180215e-06,2.5181205205197603e-05,0.0031868695463024596,0.002276358739385065,4.764011938054607e-05,0.0001284855786921843
VariationalAutoencoder,0.0001,8.0,45.0,True,676.0,0.0006619269716129149,0.00048155379745195496,7.4858327880702575e-06,2.352995772888718e-05,0.003240893097043787,0.002276567168205789,4.832672084090095e-05,0.00012892743560877985
VariationalAutoencoder,0.0001,8.0,45.0,True,677.0,0.0006593117575761122,0.0004816261343557558,7.883031824930016e-06,2.3950727259855707e-05,0.003164607773786821,0.002276373921700244,4.805625363622072e-05,0.00012964612376764885
VariationalAutoencoder,0.0001,8.0,45.0,True,678.0,0.000670821559075718,0.00048148097856989445,7.541633067988964e-06,2.353859819331259e-05,0.0032111136418468546,0.002276555172302438,4.918965270871636e-05,0.00012985777414444856
VariationalAutoencoder,0.0001,8.0,45.0,True,679.0,0.0006738860170153595,0.0004812943726537041,7.252826423175894e-06,2.3056414088791594e-05,0.0032124661799496825,0.0022760202299873782,4.79217068110622e-05,0.00012864104513102357
VariationalAutoencoder,0.0001,8.0,45.0,True,680.0,0.0006721833484834738,0.0004820556974796593,8.3191895159589e-06,2.462156819847395e-05,0.0031799827731630336,0.0022757930575676684,4.668479914185386e-05,0.0001273941272084818
VariationalAutoencoder,0.0001,8.0,45.0,True,681.0,0.0006615831202895173,0.0004816291065550236,7.701931004173993e-06,2.3700040827864263e-05,0.0031741055302649925,0.0022768085857607285,4.851193688575577e-05,0.00012962953568254626
VariationalAutoencoder,0.0001,8.0,45.0,True,682.0,0.0006835675143167337,0.0004814792113162758,7.480131261392102e-06,2.3473418164606685e-05,0.003248793898888354,0.0022761752395509924,4.856581301809107e-05,0.00012822182111020357
VariationalAutoencoder,0.0001,8.0,45.0,True,683.0,0.0006729039059816345,0.00048158139070731933,7.744307436470715e-06,2.3645617449379997e-05,0.003159630598512086,0.0022769797148194703,5.024847861543392e-05,0.00013033154203831774
VariationalAutoencoder,0.0001,8.0,45.0,True,684.0,0.0006662534092957119,0.00048146884878369354,7.408521090435853e-06,2.3332010261774706e-05,0.0033058719065204357,0.0022759628745744813,4.739565891945887e-05,0.00012860136727492014
VariationalAutoencoder,0.0001,8.0,45.0,True,685.0,0.0006732633412687605,0.00048198753772077537,8.172459142267543e-06,2.4593987494626777e-05,0.003268381709572654,0.0022760627779570765,4.733352681750771e-05,0.00012863660524101378
VariationalAutoencoder,0.0001,8.0,45.0,True,686.0,0.0006656317778353421,0.00048194785484406504,8.237832464337992e-06,2.431840136285741e-05,0.003271492397260366,0.0022766147769472133,4.941198693693809e-05,0.00012945109662019981
VariationalAutoencoder,0.0001,8.0,45.0,True,687.0,0.0006605689175366713,0.00048162356380503774,7.556899478332695e-06,2.3776853602690838e-05,0.003194119945262213,0.002276075336168397,4.749487991790352e-05,0.0001271602305226356
VariationalAutoencoder,0.0001,8.0,45.0,True,688.0,0.0006705511291072054,0.0004815582959157116,7.668132278716789e-06,2.3722164132042394e-05,0.0032408436139424643,0.0022751034805609744,4.6292243747966096e-05,0.0001270633378306275
VariationalAutoencoder,0.0001,8.0,45.0,True,689.0,0.0006894449178741948,0.0004816056101148662,7.799320108686495e-06,2.386354693184002e-05,0.0032885138343715066,0.002275486599724248,4.692661206958429e-05,0.00012707550945521902
VariationalAutoencoder,0.0001,8.0,45.0,True,690.0,0.000670043927318645,0.0004813524108691357,7.3021877747822324e-06,2.325707268361454e-05,0.0032450680462819226,0.002277003144318203,4.841774737216392e-05,0.00013032502863767013
VariationalAutoencoder,0.0001,8.0,45.0,True,691.0,0.0006682472730261297,0.00048164320441911805,7.87689538818164e-06,2.3906751764270495e-05,0.0032707220353420424,0.0022768814983607838,4.949291242556002e-05,0.00013009618100880076
VariationalAutoencoder,0.0001,8.0,45.0,True,692.0,0.000674121784714033,0.00048182185769402437,8.010471144294481e-06,2.4063736099920506e-05,0.0032487987722240905,0.0022755829418230357,4.70992552596818e-05,0.00012665207983937653
VariationalAutoencoder,0.0001,8.0,45.0,True,693.0,0.0006731069393235076,0.00048158564818194614,7.624360117709861e-06,2.364842898922789e-05,0.0032082597414652505,0.002275494284599832,4.718906052832333e-05,0.00012818572796740622
VariationalAutoencoder,0.0001,8.0,45.0,True,694.0,0.000688451962329628,0.0004814038218834972,7.4576496113985375e-06,2.32621510274648e-05,0.00324944055305337,0.002276117134394136,4.8098716673985964e-05,0.00012941739328627317
VariationalAutoencoder,0.0001,8.0,45.0,True,695.0,0.0006929056824378247,0.00048162179655141906,7.649753719688747e-06,2.3726268478159636e-05,0.003220554417784109,0.0022754845379283593,4.7026407090747885e-05,0.00012673595744483877
VariationalAutoencoder,0.0001,8.0,45.0,True,696.0,0.0006672055975124842,0.0004814927870372556,7.513550303454669e-06,2.330008171237704e-05,0.0032631582434072435,0.0022743934730313858,4.573008221275402e-05,0.00012494690435112648
VariationalAutoencoder,0.0001,8.0,45.0,True,697.0,0.0006743334534997246,0.00048155030310957257,7.778964058127044e-06,2.355936342333205e-05,0.0033180260058468993,0.0022762026052055117,4.918327402768645e-05,0.00012930256531298536
VariationalAutoencoder,0.0001,8.0,45.0,True,698.0,0.0006669827227322561,0.0004816264556745956,7.828580205532098e-06,2.3775422729732534e-05,0.003325809472761814,0.002277801809070995,5.0763429710700076e-05,0.00013120180733923643
VariationalAutoencoder,0.0001,8.0,45.0,True,699.0,0.0006870219328332783,0.00048164746189374486,7.72782854956758e-06,2.3571274813134073e-05,0.0031965206254203366,0.0022763686734925278,4.7504843312239496e-05,0.00012817217400238947
VariationalAutoencoder,0.0001,8.0,45.0,True,700.0,0.0006783884972574897,0.00048150166347020397,7.772070764892828e-06,2.365214925891948e-05,0.003215912752931223,0.0022804011713783694,5.576875552816211e-05,0.00013892277606628226
VariationalAutoencoder,0.0001,8.0,45.0,True,701.0,0.000671596459622653,0.0004815882187326642,7.562585315614376e-06,2.3665770165361164e-05,0.003248502623360112,0.0022749179189310133,4.705305814555606e-05,0.00012599586643887765
VariationalAutoencoder,0.0001,8.0,45.0,True,702.0,0.0006560927452745463,0.00048139000517338754,7.283496682976456e-06,2.288391105730257e-05,0.0033045159945697903,0.0022761684918553575,4.901901274076048e-05,0.00012875747802497457
VariationalAutoencoder,0.0001,8.0,45.0,True,703.0,0.000683963861105577,0.00048183057346755284,7.979829125407572e-06,2.411625917870401e-05,0.0032878300678804984,0.0022738021124833786,4.391524788437399e-05,0.00012373378348050628
VariationalAutoencoder,0.0001,8.0,45.0,True,704.0,0.00067956404223275,0.0004817160634660335,7.789047319452076e-06,2.4066683196153923e-05,0.003194328748954917,0.002275583504131005,4.696620206506747e-05,0.00012690223659734306
VariationalAutoencoder,0.0001,8.0,45.0,True,705.0,0.0006809814599646391,0.0004813228897007328,7.3124586812890765e-06,2.3307190891706717e-05,0.003264544519988246,0.0022761589326198745,4.7864896134010653e-05,0.00012842138186565735
VariationalAutoencoder,0.0001,8.0,45.0,True,706.0,0.0006752255149286069,0.00048172775143882977,8.051225292995934e-06,2.385618421186334e-05,0.0032205926547260403,0.0022758491009286365,4.812736509356109e-05,0.0001273828810490902
VariationalAutoencoder,0.0001,8.0,45.0,True,707.0,0.0006603061188906029,0.0004812397886158,7.233178905761145e-06,2.2790899294405935e-05,0.0032351538070342824,0.0022741721111273617,4.485889730401009e-05,0.00012463142615069383
VariationalAutoencoder,0.0001,8.0,45.0,True,708.0,0.000668781264772955,0.0004813922142404109,7.383568046709919e-06,2.3123602360245995e-05,0.0033032508016382373,0.002276758352915446,5.046845817903303e-05,0.0001304199532517847
VariationalAutoencoder,0.0001,8.0,45.0,True,709.0,0.0006895605926565083,0.00048187571876453903,8.206952594200556e-06,2.431556220967172e-05,0.0032773242806488612,0.002276654513377064,5.027526438985981e-05,0.00013079261114387391
VariationalAutoencoder,0.0001,8.0,45.0,True,710.0,0.0006877616891321146,0.0004811566473660122,7.0931372355740024e-06,2.2661432905017205e-05,0.003298065947286738,0.002275616305429231,4.7596815809513785e-05,0.00012734027450564522
VariationalAutoencoder,0.0001,8.0,45.0,True,711.0,0.000659836953219699,0.00048142314117873773,7.406954033516167e-06,2.342361374444396e-05,0.0032854856185193333,0.002275688280849337,4.714414910794054e-05,0.00012785198647271163
VariationalAutoencoder,0.0001,8.0,45.0,True,712.0,0.0006678514483804009,0.00048181691741686305,8.04314399866081e-06,2.400381766721566e-05,0.0033667721088577367,0.0022760125451117942,4.835186362172823e-05,0.00012712116183349922
VariationalAutoencoder,0.0001,8.0,45.0,True,713.0,0.0006962067515380941,0.0004818886920126943,8.220488777901285e-06,2.4580281237868285e-05,0.003191350765948026,0.002276295760892472,4.868553189923928e-05,0.00012862498420964248
VariationalAutoencoder,0.0001,8.0,45.0,True,714.0,0.0006753252040986423,0.0004812253292680108,7.196103606744596e-06,2.3006185427348246e-05,0.003273297405842715,0.0022756955908529415,4.829245519900472e-05,0.00012781995834794434
VariationalAutoencoder,0.0001,8.0,45.0,True,715.0,0.0006909544737833851,0.00048121303882239,7.289675167307378e-06,2.286629625809482e-05,0.0033402161778144117,0.0022758487260566567,4.80311079267061e-05,0.00012795514655563066
VariationalAutoencoder,0.0001,8.0,45.0,True,716.0,0.0006686521347642266,0.00048123131383140134,7.180160669624966e-06,2.2911203076254646e-05,0.0032149283391124796,0.0022757263303552783,4.772858038169783e-05,0.00012765912655389534
VariationalAutoencoder,0.0001,8.0,45.0,True,717.0,0.0006932897387810473,0.0004816677853103597,8.008973748295133e-06,2.4032751424614632e-05,0.003272032212911162,0.0022755225874343007,4.821346557271555e-05,0.00012814942395912026
VariationalAutoencoder,0.0001,8.0,45.0,True,718.0,0.0006772678978038284,0.0004815568499809327,7.75624643961053e-06,2.383638293836316e-05,0.003347508187563914,0.002275420622255817,4.802913692012523e-05,0.00012735177838952286
VariationalAutoencoder,0.0001,8.0,45.0,True,719.0,0.0006862001599005933,0.0004815291763958584,7.711623285738927e-06,2.3713772187657114e-05,0.0031981134564621643,0.0022746804375318613,4.558442101913428e-05,0.00012495715475682192
VariationalAutoencoder,0.0001,8.0,45.0,True,720.0,0.0006872719188906112,0.00048124075257231926,7.065424113220603e-06,2.2585742235826354e-05,0.003322284551536512,0.0022770246994570364,5.012696737763267e-05,0.0001310761549375342
VariationalAutoencoder,0.0001,8.0,45.0,True,721.0,0.0006836222991789126,0.0004813762687929878,7.4261440481297735e-06,2.3192286772548028e-05,0.0033300095384225905,0.002274743603460444,4.743837675302284e-05,0.00012640323513333902
VariationalAutoencoder,0.0001,8.0,45.0,True,722.0,0.0006949393897043727,0.00048138835841433377,7.421060056096781e-06,2.312837444707711e-05,0.003231136678899609,0.002274552606186777,4.63754506840271e-05,0.0001263827108924494
VariationalAutoencoder,0.0001,8.0,45.0,True,723.0,0.0006766566690408959,0.0004813771122549422,7.437074536864327e-06,2.3114397077547573e-05,0.0032547202500157386,0.0022743674194287953,4.598172088651537e-05,0.00012547684446820672
VariationalAutoencoder,0.0001,8.0,45.0,True,724.0,0.0006823512421785339,0.00048143559228377845,7.68246422860661e-06,2.3207363654982368e-05,0.0033257176291267825,0.0022749222299587803,4.63757464814486e-05,0.0001260021338297886
VariationalAutoencoder,0.0001,8.0,45.0,True,725.0,0.0006845486613939393,0.000481522991008193,7.834138644914422e-06,2.359073970597388e-05,0.0032844333528722607,0.0022751675836695066,4.7230434094397526e-05,0.00012624649178681884
VariationalAutoencoder,0.0001,8.0,45.0,True,726.0,0.0006854223273192455,0.00048159271719642083,7.791069368869468e-06,2.3632706958810594e-05,0.003241493267083318,0.0022746093992917042,4.7211875002714076e-05,0.0001249835363723947
VariationalAutoencoder,0.0001,8.0,45.0,True,727.0,0.000688627000767587,0.00048145852641596625,7.4755982809632295e-06,2.3472765485713423e-05,0.0032348625315060404,0.0022753613924830214,4.679421490093447e-05,0.00012706265837516425
VariationalAutoencoder,0.0001,8.0,45.0,True,728.0,0.0006952715530549741,0.0004819340381339554,8.220671402476226e-06,2.4375078993826864e-05,0.0032929354493722975,0.0022749394740698473,4.6787309056183075e-05,0.00012601207965200052
VariationalAutoencoder,0.0001,8.0,45.0,True,729.0,0.0006894069219213933,0.00048174566496414636,7.922138587001841e-06,2.392101781869513e-05,0.003253150661036653,0.0022758061780869584,4.800917791589251e-05,0.00012741381970216644
VariationalAutoencoder,0.0001,8.0,45.0,True,730.0,0.0006886400141805973,0.0004816453331564315,7.759435152549627e-06,2.3743607143989472e-05,0.0032397201226192452,0.0022736161759814378,4.403537092437534e-05,0.00012431970838480775
VariationalAutoencoder,0.0001,8.0,45.0,True,731.0,0.0006723564991732492,0.00048166280486834336,7.634012861995684e-06,2.3702644012527003e-05,0.003280821461347664,0.0022729897649033264,4.3874530344264314e-05,0.0001223496272691391
VariationalAutoencoder,0.0001,8.0,45.0,True,732.0,0.0006838421615950181,0.0004818713809602023,8.04015673757242e-06,2.415598222026928e-05,0.003220834822024939,0.002274918293802993,4.625572008812952e-05,0.0001246693585091417
VariationalAutoencoder,0.0001,8.0,45.0,True,733.0,0.0006879838007800983,0.0004812233210252623,7.220454177645981e-06,2.2925248223976948e-05,0.003301627980838032,0.0022754708551010997,4.7873157961001186e-05,0.00012697890963194505
VariationalAutoencoder,0.0001,8.0,45.0,True,734.0,0.0006845656109627366,0.0004813725736263306,7.729675505320339e-06,2.3340864101992142e-05,0.0033039480635205154,0.0022746718154763278,4.6732689037263016e-05,0.00012597255408763885
VariationalAutoencoder,0.0001,8.0,45.0,True,735.0,0.0006968153294205987,0.0004813128083221353,7.463653002064826e-06,2.292689247272728e-05,0.0032873903430482875,0.002274260955786555,4.560863540607428e-05,0.00012427324768882127
VariationalAutoencoder,0.0001,8.0,45.0,True,736.0,0.000678050148519223,0.0004813209216228393,7.358643243897636e-06,2.3182067327261614e-05,0.0033046033397410653,0.002274457951011898,4.725366737107811e-05,0.00012594972204112406
VariationalAutoencoder,0.0001,8.0,45.0,True,737.0,0.0006963854851427104,0.0004814435449250625,7.694798604537534e-06,2.3401477888748652e-05,0.003288147209575341,0.0022745743487616005,4.709024954610651e-05,0.0001257985900595503
VariationalAutoencoder,0.0001,8.0,45.0,True,738.0,0.0006675528226836993,0.0004811438749421318,7.0552862527958465e-06,2.2683915182586628e-05,0.0033517258722077377,0.002274418402018037,4.631460427581889e-05,0.0001257397820177318
VariationalAutoencoder,0.0001,8.0,45.0,True,739.0,0.0006873759458649833,0.0004812075362372591,7.251478390230965e-06,2.2891575013691523e-05,0.00332431823202649,0.0022746637557287635,4.695533663503029e-05,0.00012542893114329885
VariationalAutoencoder,0.0001,8.0,45.0,True,740.0,0.0006784609546558555,0.00048139104945961675,7.3514807206199495e-06,2.3145883813540568e-05,0.0032719887277615147,0.0022740463415781655,4.442915050957188e-05,0.00012362729640876723
VariationalAutoencoder,0.0001,8.0,45.0,True,741.0,0.0006741102172358017,0.00048179888339698157,8.169899887914928e-06,2.41387816211284e-05,0.003239307013697594,0.0022741149431504543,4.459670364106976e-05,0.00012367476457319918
VariationalAutoencoder,0.0001,8.0,45.0,True,742.0,0.0006941796313077613,0.0004813444180629967,7.469269178426169e-06,2.3193562006693322e-05,0.0032293256723655846,0.002274166488047666,4.4658457942353856e-05,0.00012308874595090278
VariationalAutoencoder,0.0001,8.0,45.0,True,743.0,0.0006822286590411657,0.00048129927276601044,7.230704374149482e-06,2.295841686327181e-05,0.0033227287748324795,0.002274497500005758,4.681155858737118e-05,0.00012537934260923157
VariationalAutoencoder,0.0001,8.0,45.0,True,744.0,0.0006996193986054701,0.0004812720008294859,7.392432555716957e-06,2.3027374898648328e-05,0.003327927124575249,0.0022739798018017654,4.525505791201532e-05,0.000123447521864993
VariationalAutoencoder,0.0001,8.0,45.0,True,745.0,0.0006975864946360215,0.00048104004879203445,7.065545862937231e-06,2.240649401900582e-05,0.003293219602332925,0.0022727117973303647,4.33173417201582e-05,0.00012263966103394827
VariationalAutoencoder,0.0001,8.0,45.0,True,746.0,0.0006893009670339826,0.0004811478512627738,7.086897248808907e-06,2.255041222527342e-05,0.0033416264462021164,0.0022758987714659494,4.892791884968866e-05,0.00012792081062523825
VariationalAutoencoder,0.0001,8.0,45.0,True,747.0,0.0007120766087041068,0.0004813275488239093,7.508547268707476e-06,2.3135943011935508e-05,0.003298246260708983,0.002277707153896116,5.1999552491700876e-05,0.00013164830329658102
VariationalAutoencoder,0.0001,8.0,45.0,True,748.0,0.00069069404486376,0.0004811541169801491,7.111356390333882e-06,2.2604029796354853e-05,0.0033097960664041385,0.00227440172021494,4.6324178154738445e-05,0.00012512469910225778
VariationalAutoencoder,0.0001,8.0,45.0,True,749.0,0.0006974693739189292,0.0004814013316624891,7.566475030787872e-06,2.3196207866514467e-05,0.003317218906474563,0.0022749674020323364,4.654136667930105e-05,0.00012613451049762702
VariationalAutoencoder,0.0001,8.0,45.0,True,750.0,0.0006711631210023824,0.0004811940810108442,7.253050467757523e-06,2.2819177862608206e-05,0.0032940270765772404,0.0022734909687402113,4.4859371751359424e-05,0.00012282867851497244
VariationalAutoencoder,0.0001,8.0,45.0,True,751.0,0.000690838317022812,0.0004810663166071848,6.997270630095204e-06,2.2452307056705906e-05,0.0033353807041480105,0.0022733211517333984,4.457162236267666e-05,0.00012353214921441468
VariationalAutoencoder,0.0001,8.0,45.0,True,752.0,0.0006811926467720711,0.00048138201236724854,7.544204246282899e-06,2.3322646829959838e-05,0.003249257615527267,0.0022739616205107492,4.4830298672119774e-05,0.00012281998617094268
VariationalAutoencoder,0.0001,8.0,45.0,True,753.0,0.000688584185032189,0.00048114331263416217,7.32838279113294e-06,2.2784304727280556e-05,0.0033009858251367725,0.002272947966677588,4.3936718091274954e-05,0.00012256309343209055
VariationalAutoencoder,0.0001,8.0,45.0,True,754.0,0.0006971380138654272,0.00048130666309932494,7.378475268614903e-06,2.2888685654437126e-05,0.003285320299976277,0.0022736124272616405,4.4197476697417926e-05,0.00012272576444179008
VariationalAutoencoder,0.0001,8.0,45.0,True,755.0,0.0006771351931230078,0.00048120733541298427,7.0679174721080335e-06,2.28974014279656e-05,0.0032872164024496976,0.002274637702126173,4.508287745451777e-05,0.00012541326852339617
VariationalAutoencoder,0.0001,8.0,45.0,True,756.0,0.0006825684537142113,0.000481047358795639,6.9826531331895814e-06,2.250730027407006e-05,0.003316720701613516,0.0022735569462086417,4.5444098822538207e-05,0.00012348874606801278
VariationalAutoencoder,0.0001,8.0,45.0,True,757.0,0.0006752467219720311,0.0004814786088434512,7.449575847973721e-06,2.3247023938961747e-05,0.0033048353854965113,0.0022725605364865478,4.32873343896566e-05,0.00012102560286626876
VariationalAutoencoder,0.0001,8.0,45.0,True,758.0,0.0006928550747205627,0.00048199304030590624,8.3609019729969e-06,2.4669017954014063e-05,0.003259837252538909,0.00227382685403404,4.522985655744121e-05,0.00012356233812353147
VariationalAutoencoder,0.0001,8.0,45.0,True,759.0,0.000688166068891952,0.000481571148669302,7.628561110509374e-06,2.35345465635675e-05,0.0033163270860348108,0.002276931918642056,4.962328001388214e-05,0.00012918234855498908
VariationalAutoencoder,0.0001,8.0,45.0,True,760.0,0.0006906119479002014,0.0004812254497625757,7.389326055215376e-06,2.279180802424963e-05,0.003308707063303054,0.00227337269663061,4.56085241159553e-05,0.00012257132890089502
VariationalAutoencoder,0.0001,8.0,45.0,True,761.0,0.0006822892276424603,0.0004814197673309203,7.549065448885979e-06,2.358339957872812e-05,0.003370860462668557,0.002272716858102091,4.3514418948746324e-05,0.00012163334063389016
VariationalAutoencoder,0.0001,8.0,45.0,True,762.0,0.0006973149802164247,0.0004812650121447211,7.349087146294085e-06,2.303814912099401e-05,0.0032492324991046256,0.0022725779680336047,4.3003638304254546e-05,0.0001217816727903654
VariationalAutoencoder,0.0001,8.0,45.0,True,763.0,0.0006989517783861597,0.0004814781268651916,7.745315950875976e-06,2.354085746640465e-05,0.0032583557584750576,0.002273687589093574,4.4772969617408775e-05,0.00012273289872415411
VariationalAutoencoder,0.0001,8.0,45.0,True,764.0,0.000692080937305872,0.0004812325589419054,7.2406338793890816e-06,2.2907163998026733e-05,0.0033031274687569095,0.0022731768260212063,4.450578839992577e-05,0.0001226600798420936
VariationalAutoencoder,0.0001,8.0,45.0,True,765.0,0.0007054579225833204,0.0004811535948370345,7.146077652303677e-06,2.2657135265535423e-05,0.0033154258937955652,0.0022732746676079134,4.5125958445312095e-05,0.00012276927302093627
VariationalAutoencoder,0.0001,8.0,45.0,True,766.0,0.0006972841336078078,0.00048089272410400475,6.923474612422388e-06,2.232210012780367e-05,0.003325376870497218,0.002273851408148712,4.539308401773561e-05,0.00012382149180901125
VariationalAutoencoder,0.0001,8.0,45.0,True,767.0,0.0006783994220980415,0.0004810376790655912,7.160582185554697e-06,2.2305035085048315e-05,0.003262700899591986,0.0022754993453715584,4.91625447786829e-05,0.00012689838244480157
VariationalAutoencoder,0.0001,8.0,45.0,True,768.0,0.0006999044084163368,0.0004813833779723175,7.574339811451673e-06,2.3208272384826065e-05,0.003322454743415305,0.0022734532941062497,4.411747081662124e-05,0.0001225952035601034
VariationalAutoencoder,0.0001,8.0,45.0,True,769.0,0.0006953079424135768,0.000481317266621037,7.443259296953839e-06,2.303347242569345e-05,0.0032949826252535452,0.0022727764627468662,4.266947214989542e-05,0.00012101754311870479
VariationalAutoencoder,0.0001,8.0,45.0,True,770.0,0.0007004162693280737,0.0004811145947628587,7.195464106944372e-06,2.2610084648241574e-05,0.003263465638430613,0.0022740283477231393,4.607512258321234e-05,0.00012312139495738647
VariationalAutoencoder,0.0001,8.0,45.0,True,771.0,0.0006987667790641682,0.00048092626175790464,6.905074715815143e-06,2.2138398632688342e-05,0.0033709290642408457,0.0022747548496198353,4.650209298205076e-05,0.00012525168698538774
VariationalAutoencoder,0.0001,8.0,45.0,True,772.0,0.00070384176914904,0.00048100651113813455,7.207763966203057e-06,2.2593812861371877e-05,0.003317779340084244,0.0022739599335868405,4.564813168356254e-05,0.0001242113469531701
VariationalAutoencoder,0.0001,8.0,45.0,True,773.0,0.0006967142746454944,0.0004811455618660405,7.220688263441353e-06,2.2692161529372644e-05,0.003330942969652092,0.00227373369834708,4.439334437813399e-05,0.00012345039197858774
VariationalAutoencoder,0.0001,8.0,45.0,True,774.0,0.0006928270396517936,0.0004813407630611944,7.554891863160056e-06,2.3192849080517607e-05,0.0033281816626494786,0.0022732418663096877,4.520712408629603e-05,0.00012202321920754775
VariationalAutoencoder,0.0001,8.0,45.0,True,775.0,0.000704334752578941,0.0004815829973015181,7.904436554749699e-06,2.3853882263612875e-05,0.003315128620315648,0.002271919692837217,4.3001901592661e-05,0.00011981318488061054
VariationalAutoencoder,0.0001,8.0,45.0,True,776.0,0.000697406716745176,0.00048090421125252615,6.94315413620594e-06,2.21140687717903e-05,0.003316636730290059,0.00227291797691921,4.4400232650761335e-05,0.00012121939996503434
VariationalAutoencoder,0.0001,8.0,45.0,True,777.0,0.000690178328125946,0.0004813109607388067,7.541870919239489e-06,2.324474207313877e-05,0.0033340851465861,0.002275531396925824,4.8556253782608224e-05,0.000126431830836542
VariationalAutoencoder,0.0001,8.0,45.0,True,778.0,0.0007061044964186265,0.00048146539460616614,7.688800862053977e-06,2.3524010820048196e-05,0.003341316801946868,0.0022745861572289615,4.704426036878202e-05,0.00012492580608751788
VariationalAutoencoder,0.0001,8.0,45.0,True,779.0,0.0007001332677599555,0.0004814651937818913,7.540653422073213e-06,2.3321118055167546e-05,0.0033343078205420535,0.002274266391430261,4.616455005118682e-05,0.00012391967312344964
VariationalAutoencoder,0.0001,8.0,45.0,True,780.0,0.0006954241795038598,0.0004810720200165905,7.037670826012234e-06,2.253620641813124e-05,0.0033300144117583267,0.0022734784105288906,4.472449691321865e-05,0.0001229774792614223
VariationalAutoencoder,0.0001,8.0,45.0,True,781.0,0.0007006946921027253,0.0004818861616268312,8.509265926648985e-06,2.433994478694191e-05,0.0033738808062091564,0.002275357643763224,4.8804082234138216e-05,0.00012672079855915886
VariationalAutoencoder,0.0001,8.0,45.0,True,782.0,0.0006868626390184675,0.0004814196066715004,7.676340343375411e-06,2.3206191343277934e-05,0.003349620966041613,0.002273284601715376,4.362987658981257e-05,0.00012233637788760588
VariationalAutoencoder,0.0001,8.0,45.0,True,783.0,0.000694973770820227,0.00048123649509769246,7.247347058351792e-06,2.270221278432887e-05,0.003324195648889122,0.002273766874517285,4.569044242958603e-05,0.0001240492382514402
VariationalAutoencoder,0.0001,8.0,45.0,True,784.0,0.0007057546605318383,0.00048131935519349546,7.4543027493429955e-06,2.2875089851029798e-05,0.0033488513538672488,0.0022728877997248427,4.47048249203454e-05,0.00012179434814917966
VariationalAutoencoder,0.0001,8.0,45.0,True,785.0,0.0007006057671138219,0.00048096779221794354,6.9293305227618336e-06,2.230153572205906e-05,0.003321377361345591,0.0022745891562047996,4.590325256657301e-05,0.00012477706391481483
VariationalAutoencoder,0.0001,8.0,45.0,True,786.0,0.0007093689351711633,0.00048084553039941507,6.8282073418888446e-06,2.208668387161111e-05,0.0033358579161781934,0.0022736176754693566,4.498193438791629e-05,0.0001230219250205178
VariationalAutoencoder,0.0001,8.0,45.0,True,787.0,0.0006962937486139591,0.0004813751040121937,7.481747896804642e-06,2.3304996886503985e-05,0.003332499812983867,0.002273303157878372,4.512099432026815e-05,0.00012319142572909782
VariationalAutoencoder,0.0001,8.0,45.0,True,788.0,0.0006922820025698516,0.0004810788882067904,7.200484713815615e-06,2.2667324587180608e-05,0.0033419657053437623,0.0022727929571139736,4.508496267990496e-05,0.00012250820983130976
VariationalAutoencoder,0.0001,8.0,45.0,True,789.0,0.0007024683720981979,0.00048131626249966276,7.369718702655597e-06,2.3018872500911877e-05,0.003340163695737251,0.0022738545945605393,4.564019201217957e-05,0.00012318297939480476
VariationalAutoencoder,0.0001,8.0,45.0,True,790.0,0.0006791385357591984,0.00048136956126220787,7.553369991702211e-06,2.2904548261846814e-05,0.00336495060590828,0.0022750073258981764,4.8124746847077734e-05,0.00012586224800760642
VariationalAutoencoder,0.0001,8.0,45.0,True,791.0,0.0007061024078461681,0.00048115965973013493,7.222917412892185e-06,2.288476205016725e-05,0.0033938224960423117,0.0022755407687253173,4.8694537612814575e-05,0.00012668953189310037
VariationalAutoencoder,0.0001,8.0,45.0,True,792.0,0.0006982778924494741,0.0004811460840091551,7.349123545693901e-06,2.2845121848615354e-05,0.003306515936581594,0.0022725787177775643,4.3995769214142796e-05,0.00012135396729100425
VariationalAutoencoder,0.0001,8.0,45.0,True,793.0,0.0006918742489621967,0.00048088308453881197,6.924131056770803e-06,2.2094029019463738e-05,0.0033477361097275834,0.0022735042766954916,4.5930694366963405e-05,0.00012296824803892172
VariationalAutoencoder,0.0001,8.0,45.0,True,794.0,0.0006908363087800635,0.00048116990176815227,7.088737928803076e-06,2.270847348109731e-05,0.0033048275131849375,0.0022755057181952135,4.817389900673111e-05,0.00012624412540744684
VariationalAutoencoder,0.0001,8.0,45.0,True,795.0,0.0007022014364720676,0.00048116978127358737,7.167210641776455e-06,2.2890159202553832e-05,0.0033612300015095644,0.0022728090766091016,4.3674896371627005e-05,0.00012116695303212172
VariationalAutoencoder,0.0001,8.0,45.0,True,796.0,0.0006915220835138203,0.00048096951930670726,6.92389195036856e-06,2.2371256889680003e-05,0.0033484708588078335,0.002273660785747024,4.518396402679899e-05,0.00012315761696242685
VariationalAutoencoder,0.0001,8.0,45.0,True,797.0,0.0007043436691767444,0.00048096457902954595,7.0524929126478594e-06,2.2334044151550356e-05,0.003319672443581827,0.0022729680223285025,4.3686051741711e-05,0.00012128282361810313
VariationalAutoencoder,0.0001,8.0,45.0,True,798.0,0.000693959608232236,0.00048095417633210876,6.967830418978097e-06,2.2266351309105392e-05,0.0032362922932366906,0.002272475440547151,4.30795615948971e-05,0.00012031860602726726
VariationalAutoencoder,0.0001,8.0,45.0,True,799.0,0.0007132923988640469,0.00048112210559073804,7.264805591170679e-06,2.268211529502329e-05,0.0033470493442607375,0.0022730561172437367,4.374212146086513e-05,0.00012139143105947746
VariationalAutoencoder,0.0001,8.0,45.0,True,800.0,0.0007135876908777859,0.0004808793893721547,6.9094282095483696e-06,2.210624917658834e-05,0.003327967235877079,0.0022734216174239634,4.497355541343209e-05,0.00012322505877452827
VariationalAutoencoder,0.0001,8.0,45.0,True,801.0,0.0006869432097175371,0.00048088846662937794,6.802479869553021e-06,2.2091428345104435e-05,0.0033316720956526463,0.002273694524225199,4.584453238537476e-05,0.00012347796849859587
VariationalAutoencoder,0.0001,8.0,45.0,True,802.0,0.0007015033712926901,0.0004810548696235184,7.1671246638837854e-06,2.2409993381995076e-05,0.003317915793484862,0.00227405383901776,4.615433478973946e-05,0.0001239373155359952
VariationalAutoencoder,0.0001,8.0,45.0,True,803.0,0.0006920911391790343,0.00048102229592613776,7.0683762300608935e-06,2.2473870563217892e-05,0.0033672223301053797,0.0022731522719065347,4.54292357342798e-05,0.00012207980144698664
VariationalAutoencoder,0.0001,8.0,45.0,True,804.0,0.0007098908372966427,0.00048087657783230683,7.06149297804042e-06,2.2269632275695748e-05,0.003346168769980377,0.0022735852490431106,4.534148933283938e-05,0.00012435552037362032
VariationalAutoencoder,0.0001,8.0,45.0,True,805.0,0.0007126710485576619,0.0004810159498790525,7.081935006492543e-06,2.244159559194611e-05,0.00337374210357666,0.0022726075829200025,4.397981079681864e-05,0.00012102166671048171
VariationalAutoencoder,0.0001,8.0,45.0,True,806.0,0.000700552106867582,0.00048107133721405607,7.07916802453063e-06,2.2400040028872838e-05,0.0033861826050956296,0.0022744888779502245,4.6797755683930415e-05,0.00012356671943979444
VariationalAutoencoder,0.0001,8.0,45.0,True,807.0,0.0007186597890930999,0.0004809383513792506,7.089208610697255e-06,2.2306920322928468e-05,0.003324033329321903,0.0022756858441814686,4.913071873334219e-05,0.00012744768704258422
VariationalAutoencoder,0.0001,8.0,45.0,True,808.0,0.0007064568225264228,0.0004813759073092931,7.549807243551205e-06,2.3159037803543224e-05,0.003292903960126001,0.002274825138116033,4.563970292139353e-05,0.00012449361383914948
VariationalAutoencoder,0.0001,8.0,45.0,True,809.0,0.0007062621033095285,0.0004811466061522697,7.267532408277622e-06,2.2687334215865945e-05,0.003344551572259867,0.002275013698721832,4.777490050069191e-05,0.0001258090279012356
VariationalAutoencoder,0.0001,8.0,45.0,True,810.0,0.0006980350557363258,0.0004811714681974961,7.2683909320526044e-06,2.28812702180883e-05,0.0033471524340551602,0.0022731807621769935,4.43128025475538e-05,0.00012193916588084503
VariationalAutoencoder,0.0001,8.0,45.0,True,811.0,0.0007026247740434508,0.00048113909532439036,7.198352211047054e-06,2.2568097312977373e-05,0.0032949706293501943,0.002274282323489399,4.663832965980536e-05,0.00012432003639779
VariationalAutoencoder,0.0001,8.0,45.0,True,812.0,0.0007032961697591283,0.00048103113219423113,7.159477652043024e-06,2.2582363367402006e-05,0.003337201457353508,0.002273020691841653,4.4354764779783646e-05,0.00012138517538331589
VariationalAutoencoder,0.0001,8.0,45.0,True,813.0,0.0006814475329417102,0.00048086444804610587,6.98123794962775e-06,2.205652759643899e-05,0.003371796892873896,0.002273008883374292,4.46884330572947e-05,0.00012146275045361908
VariationalAutoencoder,0.0001,8.0,45.0,True,814.0,0.0006911586719060523,0.00048088344602250667,7.017243859380725e-06,2.2189051535412308e-05,0.0033567004233786145,0.002272682744751936,4.45597084625712e-05,0.00012048793101460679
VariationalAutoencoder,0.0001,8.0,45.0,True,815.0,0.0006924588082614292,0.0004810265935656195,6.962245621409699e-06,2.223887603800252e-05,0.0033454954999048007,0.002272923599998906,4.364290924848251e-05,0.0001214310386270847
VariationalAutoencoder,0.0001,8.0,45.0,True,816.0,0.0006977998503456219,0.0004810592475927101,7.055249225820171e-06,2.2420170152123083e-05,0.0032891649870002795,0.002273676905242152,4.534335783536329e-05,0.00012313152821558825
VariationalAutoencoder,0.0001,8.0,45.0,True,817.0,0.0007002989076218515,0.00048080371878539137,6.848456704552283e-06,2.1912273009511018e-05,0.0033542562580708437,0.00227289154844464,4.474078041483771e-05,0.0001210083118962042
VariationalAutoencoder,0.0001,8.0,45.0,True,818.0,0.0007047470046503525,0.000480812233734645,6.944498403695716e-06,2.208544378171391e-05,0.003385613924302395,0.0022729556515531718,4.4704886422779577e-05,0.00012134579039594662
VariationalAutoencoder,0.0001,8.0,45.0,True,819.0,0.0007015525330751732,0.00048108523425387565,7.2696398080118265e-06,2.251025992182066e-05,0.0033642852081442777,0.002271894951286556,4.337349637124523e-05,0.00012090280886341191
VariationalAutoencoder,0.0001,8.0,45.0,True,820.0,0.0007133515215305626,0.00048100265531205745,6.9891818048497735e-06,2.253664823153591e-05,0.00335356649362816,0.0022731354026674475,4.49998843126327e-05,0.000122119092716361
VariationalAutoencoder,0.0001,8.0,45.0,True,821.0,0.0006925119061996994,0.0004809830950276871,7.159908796658092e-06,2.2442865805484534e-05,0.003300926220491997,0.0022752702985919496,4.906205565861936e-05,0.00012637578747557395
VariationalAutoencoder,0.0001,8.0,45.0,True,822.0,0.0006998239983766869,0.00048121749712129165,7.347965040658362e-06,2.276545234847904e-05,0.0033675113564017433,0.002273308031214108,4.5858613514112974e-05,0.00012186180167603043
VariationalAutoencoder,0.0001,8.0,45.0,True,823.0,0.0007089210167085386,0.0004809806449715339,7.09272554581056e-06,2.2435299750929574e-05,0.0033699761396683986,0.0022726358857544714,4.3779345076976334e-05,0.00012101933547535782
VariationalAutoencoder,0.0001,8.0,45.0,True,824.0,0.0006867480085223833,0.0004810227377395424,7.07874943143274e-06,2.251602106820541e-05,0.0033215426798886474,0.0022719315013045786,4.267424298157482e-05,0.00011938922810104657
VariationalAutoencoder,0.0001,8.0,45.0,True,825.0,0.0007168445786375884,0.0004806229769380266,6.533557338253507e-06,2.154270362741542e-05,0.0034285105249416904,0.002272622577799191,4.420809026034373e-05,0.0001206808143629218
VariationalAutoencoder,0.0001,8.0,45.0,True,826.0,0.0007023710928194606,0.00048108692117778437,7.2057099104168605e-06,2.2657029832791124e-05,0.0033719764565521815,0.0022737003347408848,4.698426035121552e-05,0.00012411391538269114
VariationalAutoencoder,0.0001,8.0,45.0,True,827.0,0.0007029890692780281,0.0004808533223812792,6.8257547754322425e-06,2.204002486165322e-05,0.003384344607779065,0.002274152805220406,4.6342625956302916e-05,0.00012431312469566392
VariationalAutoencoder,0.0001,8.0,45.0,True,828.0,0.0007124748834059887,0.00048098393848964145,7.155233984085106e-06,2.2582363367402006e-05,0.0033718358795597867,0.0022730553674997775,4.528874367381792e-05,0.00012245306850604292
VariationalAutoencoder,0.0001,8.0,45.0,True,829.0,0.0007143312226729894,0.0004807893799321671,6.9246657514025904e-06,2.1899713961422604e-05,0.0033743647659349742,0.00227401391515192,4.63510957200947e-05,0.00012220135368641068
VariationalAutoencoder,0.0001,8.0,45.0,True,830.0,0.000707318278335818,0.0004811076060780939,7.173792029808795e-06,2.2721313683170515e-05,0.00338199978354592,0.002273030813385106,4.469943906432428e-05,0.00012187178264249046
VariationalAutoencoder,0.0001,8.0,45.0,True,831.0,0.0006925618712792821,0.00048086766123450346,6.931880991052424e-06,2.226059016272064e-05,0.0033987876754136954,0.0022721136890867222,4.313808848273079e-05,0.00011985836866891609
VariationalAutoencoder,0.0001,8.0,45.0,True,832.0,0.0007173921059405386,0.00048085372402982893,6.88159459263006e-06,2.202922804657661e-05,0.003368340198348903,0.002272048086490271,4.3457271472650506e-05,0.0001199339288023283
VariationalAutoencoder,0.0001,8.0,45.0,True,833.0,0.0007211055877716394,0.0004819650052371372,8.623352314463523e-06,2.4424772960638423e-05,0.003350518409561061,0.0022736358567603727,4.535840543092422e-05,0.0001216586913515187
VariationalAutoencoder,0.0001,8.0,45.0,True,834.0,0.000706751873551032,0.0004806730223473192,6.640046292720137e-06,2.1804701486687775e-05,0.003318584565096681,0.002273182636536892,4.561216154563352e-05,0.00012234891266942773
VariationalAutoencoder,0.0001,8.0,45.0,True,835.0,0.000709665833779101,0.0004808115107672555,6.892751636249679e-06,2.2067708487941248e-05,0.0034106628699872477,0.0022723123712359732,4.370608982050194e-05,0.00012020186854983276
VariationalAutoencoder,0.0001,8.0,45.0,True,836.0,0.0007001332677599555,0.00048094160473250314,7.054688800578169e-06,2.2349110992770953e-05,0.0033378634812696924,0.0022733809438141637,4.474913303113583e-05,0.00012204423546791077
VariationalAutoencoder,0.0001,8.0,45.0,True,837.0,0.0007217384252265457,0.0004814436252547724,7.853724659894997e-06,2.339675349768281e-05,0.0033532568493729116,0.002272841877907327,4.422799069082962e-05,0.00012130719029678489
VariationalAutoencoder,0.0001,8.0,45.0,True,838.0,0.0006926335253805484,0.0004813344571789641,7.64290121888536e-06,2.2921281944548667e-05,0.0033447247631144972,0.0022717658078895424,4.229614065971764e-05,0.00011920742690563202
VariationalAutoencoder,0.0001,8.0,45.0,True,839.0,0.000709503005457053,0.00048067579372231207,6.724572602428516e-06,2.1803639628334508e-05,0.0033849811404006286,0.0022712486719935194,4.2294184296573484e-05,0.00011834225752068765
VariationalAutoencoder,0.0001,8.0,45.0,True,840.0,0.0007039307744676534,0.00048063245584379954,6.45414326149177e-06,2.1442145892391306e-05,0.0034112349246282997,0.002273851033276732,4.659914382317531e-05,0.0001232021447247679
VariationalAutoencoder,0.0001,8.0,45.0,True,841.0,0.0007135182860083979,0.0004809588354552853,7.066545591280467e-06,2.2334044151550356e-05,0.0033661232054608423,0.0022722025337459156,4.349858646497786e-05,0.00012044978779067033
VariationalAutoencoder,0.0001,8.0,45.0,True,842.0,0.000704479105067703,0.00048114046092945933,7.250584094632025e-06,2.2699963552450557e-05,0.003411574183769946,0.002272963898736726,4.412992652388489e-05,0.0001216169165552787
VariationalAutoencoder,0.0001,8.0,45.0,True,843.0,0.000721647170676054,0.00048083621215306205,7.029160269789619e-06,2.2082978663740132e-05,0.0033708769570356643,0.002272431955397504,4.362471917140409e-05,0.00012050109839289444
VariationalAutoencoder,0.0001,8.0,45.0,True,844.0,0.000719903453662389,0.00048079648911149677,6.755733626550741e-06,2.1924616171503966e-05,0.0034011677376129344,0.0022712299283945336,4.153158047101782e-05,0.00011821015029208465
VariationalAutoencoder,0.0001,8.0,45.0,True,845.0,0.0007128901880063779,0.0004813675128546044,7.707426685970426e-06,2.3181259009555344e-05,0.0033732727638580515,0.0022715024603237894,4.20155314107736e-05,0.00011913819273687759
VariationalAutoencoder,0.0001,8.0,45.0,True,846.0,0.0007238447505508793,0.00048088147794461315,6.96677420880756e-06,2.202806326578248e-05,0.0034175612641580448,0.0022725339205759876,4.36763548579231e-05,0.00012056996940441852
VariationalAutoencoder,0.0001,8.0,45.0,True,847.0,0.0007242191673289091,0.0004806499677205664,6.6592614103681e-06,2.161186750767366e-05,0.0033402964004180715,0.0022718034825235044,4.329116218401201e-05,0.00011893657018553536
VariationalAutoencoder,0.0001,8.0,45.0,True,848.0,0.0007087427650821819,0.0004809516057813907,7.056602279371971e-06,2.2305818299720228e-05,0.0034325321515401206,0.00227210356754327,4.319623171252275e-05,0.0001196845217883212
VariationalAutoencoder,0.0001,8.0,45.0,True,849.0,0.000715109296243467,0.00048077038195576627,6.8789418294744675e-06,2.1971915308837943e-05,0.0034305985618687277,0.0022720516477740785,4.3400118139179996e-05,0.00011992969977780708
VariationalAutoencoder,0.0001,8.0,45.0,True,850.0,0.0006999040067677871,0.00048107571518324777,7.261853474330388e-06,2.2633857221776905e-05,0.0034242493551482193,0.0022727247304136647,4.487431684286339e-05,0.00012101995635707424
VariationalAutoencoder,0.0001,8.0,45.0,True,851.0,0.0007213660970209743,0.00048089979311847944,6.7697185269905875e-06,2.2052438312142364e-05,0.0034130819188723776,0.002272952840013324,4.4375461813226435e-05,0.00012160965341067165
VariationalAutoencoder,0.0001,8.0,45.0,True,852.0,0.000688494697735316,0.00048057883576241463,6.53385355405891e-06,2.1455922437645995e-05,0.0033498650077004102,0.0022736746560102737,4.679149415039417e-05,0.000124318244041137
VariationalAutoencoder,0.0001,8.0,45.0,True,853.0,0.0007131810618860703,0.0004807030254939817,6.777578914623376e-06,2.1712247011153846e-05,0.003366552433877621,0.0022739181353611014,4.702756099356045e-05,0.00012324092054517014
VariationalAutoencoder,0.0001,8.0,45.0,True,854.0,0.0007053750223226624,0.0004808658136511749,6.94313719165775e-06,2.2151650524524986e-05,0.0033620663408963185,0.002272538419039744,4.420961317776134e-05,0.00012100162277431607
VariationalAutoencoder,0.0001,8.0,45.0,True,855.0,0.0007005856846863369,0.00048044898278629686,6.438696736876534e-06,2.132428714608889e-05,0.0034235903302078726,0.0022716895214416697,4.407024573323862e-05,0.00011978023129064332
VariationalAutoencoder,0.0001,8.0,45.0,True,856.0,0.0007165806955404359,0.00048083697528530646,6.931674518594844e-06,2.1946596388386267e-05,0.0033873450831047396,0.002271572561383997,4.2182955680028444e-05,0.00011841472496026717
VariationalAutoencoder,0.0001,8.0,45.0,True,857.0,0.0007191942226533298,0.00048061707270434604,6.627256924291506e-06,2.1662844239540818e-05,0.003354799822441437,0.002272026718787427,4.440787359603546e-05,0.0001205020824318412
VariationalAutoencoder,0.0001,8.0,45.0,True,858.0,0.0007037578246021528,0.00048083685479074155,6.842313364469459e-06,2.2168344042371867e-05,0.003308187115867183,0.0022715749980518653,4.3210069760211606e-05,0.00011989783565953093
VariationalAutoencoder,0.0001,8.0,45.0,True,859.0,0.0007235001360952373,0.00048094859341726794,7.010467922832124e-06,2.229171541501891e-05,0.0034067990644922794,0.002272240958123837,4.29231491900465e-05,0.00011987521447850473
VariationalAutoencoder,0.0001,8.0,45.0,True,860.0,0.0007051235903305506,0.0004813616086209238,7.942935195814247e-06,2.3416376539639066e-05,0.003339882166880482,0.002271581183439531,4.207281946386181e-05,0.00011813747198701655
VariationalAutoencoder,0.0001,8.0,45.0,True,861.0,0.0007104888919871451,0.0004811045133842612,7.289506349401333e-06,2.2546528785858515e-05,0.0033904636431040256,0.0022759613750865625,5.008911116505569e-05,0.00012705144736002076
VariationalAutoencoder,0.0001,8.0,45.0,True,862.0,0.0006991112328603903,0.00048090276531774723,6.9553692727236735e-06,2.201809485083963e-05,0.0033529951887310678,0.0022740229120794334,4.612369193408474e-05,0.0001227163223538009
VariationalAutoencoder,0.0001,8.0,45.0,True,863.0,0.0006983281788478965,0.0004809514049571158,6.895873198571873e-06,2.2178618714333866e-05,0.0034395898663022984,0.002273418431012136,4.5143167412131085e-05,0.0001214662180194315
VariationalAutoencoder,0.0001,8.0,45.0,True,864.0,0.0007237738194170024,0.0004809315233539057,7.074012488849722e-06,2.2303641866641546e-05,0.0033899107069339392,0.0022747267342213564,4.734583609040428e-05,0.00012450972161952805
VariationalAutoencoder,0.0001,8.0,45.0,True,865.0,0.0007128241569848073,0.00048078343553363155,6.83692374299318e-06,2.1896498262721574e-05,0.003422582674326387,0.0022727809612106227,4.417635793299795e-05,0.00012087510348116077
VariationalAutoencoder,0.0001,8.0,45.0,True,866.0,0.0006996936232574545,0.0004808783450859255,6.899345575799197e-06,2.2224200804117877e-05,0.003507614885486147,0.0022729393446220543,4.556337547189785e-05,0.00012204207995402738
VariationalAutoencoder,0.0001,8.0,45.0,True,867.0,0.0007211217340433373,0.00048124372477158705,7.589267958407454e-06,2.2988500339644296e-05,0.003395209897239253,0.0022737976140196218,4.598857694358196e-05,0.00012390412765104066
VariationalAutoencoder,0.0001,8.0,45.0,True,868.0,0.0006976168592663788,0.000480729373638842,6.763207427454445e-06,2.177887297463867e-05,0.003455382098191939,0.00227122111890301,4.245821128851213e-05,0.00011731292935287427
VariationalAutoencoder,0.0001,8.0,45.0,True,869.0,0.0006982327471524879,0.00048069736224943095,6.741198969658494e-06,2.177396533142203e-05,0.003455767466587091,0.0022730289390252073,4.5823937855988926e-05,0.00012270383443097648
VariationalAutoencoder,0.0001,8.0,45.0,True,870.0,0.000718225366021745,0.0004805150539727224,6.4403924468472965e-06,2.1309549154618357e-05,0.0034158784638410843,0.002271481842364905,4.341049740711848e-05,0.00011897638861863118
VariationalAutoencoder,0.0001,8.0,45.0,True,871.0,0.0007260542192227757,0.0004807122232457698,6.755182614946623e-06,2.1860108904118807e-05,0.0034353152011175575,0.002271402182069215,4.2949015356647145e-05,0.00011863133067604881
VariationalAutoencoder,0.0001,8.0,45.0,True,872.0,0.0007268677985250468,0.0004805428480523616,6.404791951099175e-06,2.1340252675939443e-05,0.0034349545742730675,0.0022716853978498926,4.293490494103552e-05,0.00011940241890883296
VariationalAutoencoder,0.0001,8.0,45.0,True,873.0,0.0007096845506015171,0.00048080279499372705,7.00851553433507e-06,2.2151479823891366e-05,0.00342078853703145,0.0022737809322165244,4.7745666343648476e-05,0.00012426541052149527
VariationalAutoencoder,0.0001,8.0,45.0,True,874.0,0.0007111165883406153,0.00048100084789358383,7.125720346592507e-06,2.2442951155801347e-05,0.0034014200264552855,0.0022712203691590506,4.279299539590032e-05,0.00011773171992796772
VariationalAutoencoder,0.0001,8.0,45.0,True,875.0,0.0007047830726901155,0.00048099996426677447,7.106546648951233e-06,2.2473371012834204e-05,0.0034590922061752223,0.002272706174250669,4.424623055559284e-05,0.00012099034147067639
VariationalAutoencoder,0.0001,8.0,45.0,True,876.0,0.0007223036250656827,0.0004807100945084564,6.7341330930630795e-06,2.1839122767397013e-05,0.003394501764069563,0.0022727691527432616,4.4741913816838894e-05,0.0001214219128373284
VariationalAutoencoder,0.0001,8.0,45.0,True,877.0,0.0007281033497936321,0.0004807621883253524,6.976343485504148e-06,2.1876152253375863e-05,0.0034404696908387,0.002272279195065768,4.5496534040701465e-05,0.00012159047636595912
VariationalAutoencoder,0.0001,8.0,45.0,True,878.0,0.0007135703396604388,0.00048042974382076626,6.318222254394199e-06,2.1156895092394795e-05,0.003426918068771842,0.002272496995685985,4.389411447651731e-05,0.00012010856057113072
VariationalAutoencoder,0.0001,8.0,45.0,True,879.0,0.0007135053529250975,0.00048056666581135877,6.488908453771689e-06,2.13369164826735e-05,0.0033925584277266978,0.0022710451165085317,4.1462161794960876e-05,0.00011724213712245414
VariationalAutoencoder,0.0001,8.0,45.0,True,880.0,0.0007192507747691275,0.00048075760953188585,6.696870148864718e-06,2.1939710626062356e-05,0.003479435383898657,0.002273317590449591,4.5962532127053485e-05,0.00012168221456824608
VariationalAutoencoder,0.0001,8.0,45.0,True,881.0,0.0007149844638742205,0.0004808477394664384,6.8108724415141615e-06,2.1931599835661864e-05,0.003416020540321398,0.002271695331957355,4.334519060808908e-05,0.00011949708579846149
VariationalAutoencoder,0.0001,8.0,45.0,True,882.0,0.0007164476695407754,0.00048064972673143657,6.642743613761712e-06,2.1593090437975212e-05,0.0034945580944325187,0.0022714584128661727,4.3661318977111544e-05,0.00011926781643861495
VariationalAutoencoder,0.0001,8.0,45.0,True,883.0,0.0007132867757843511,0.0004808756540406425,6.9271716618071995e-06,2.2062612571966937e-05,0.0033944560296880373,0.002271419051308302,4.2242952768907606e-05,0.00011811338646231957
VariationalAutoencoder,0.0001,8.0,45.0,True,884.0,0.0007186107076403266,0.0004805626091610068,6.619304283007457e-06,2.161242479503637e-05,0.0033754593921157547,0.0022720089123683907,4.435787797442772e-05,0.00011988205589213462
VariationalAutoencoder,0.0001,8.0,45.0,True,885.0,0.0007231829944003945,0.0004811042723951314,7.383290030604424e-06,2.2631442309871838e-05,0.003437134454835136,0.0022721397426893127,4.44122314827997e-05,0.00011983390827223939
VariationalAutoencoder,0.0001,8.0,45.0,True,886.0,0.0007195144168771502,0.0004804535214149084,6.389791005343761e-06,2.119470528274212e-05,0.003384208529250427,0.002270841935895524,4.1774049424712766e-05,0.00011756351955656735
VariationalAutoencoder,0.0001,8.0,45.0,True,887.0,0.0007184170327096615,0.0004805066595180337,6.393299154395042e-06,2.1256569200609573e-05,0.0034021004190984763,0.002272275446345971,4.404919139994015e-05,0.00011991518520334232
VariationalAutoencoder,0.0001,8.0,45.0,True,888.0,0.0007252195935365004,0.0004812342057009592,7.473057853886381e-06,2.285218082187632e-05,0.0034201981136633914,0.0022719046979580285,4.38369464996101e-05,0.00011877400460858016
VariationalAutoencoder,0.0001,8.0,45.0,True,889.0,0.0007266049597141235,0.00048075604310254203,6.753932483835683e-06,2.163613963159268e-05,0.0034403032476797045,0.0022704661267358554,4.107220121805773e-05,0.00011631998719659241
VariationalAutoencoder,0.0001,8.0,45.0,True,890.0,0.0007140346453838914,0.0004807499380445866,6.761204832888678e-06,2.185180482035377e-05,0.0034288827728175516,0.0022709952585352293,4.205609958782886e-05,0.00011783117815008704
VariationalAutoencoder,0.0001,8.0,45.0,True,891.0,0.0007296651200142832,0.000480953814848414,7.069734931795423e-06,2.2347383904007245e-05,0.003461428408352834,0.002271818477402693,4.2357666523389095e-05,0.00011903113164241959
VariationalAutoencoder,0.0001,8.0,45.0,True,892.0,0.0007262650043816579,0.00048091903208401004,7.0631472680044945e-06,2.216679518515209e-05,0.00348867785255864,0.002271036869324978,4.2462952833318114e-05,0.00011683586961443319
VariationalAutoencoder,0.0001,8.0,45.0,True,893.0,0.0007255986694377066,0.0004808231184103418,6.872187230505069e-06,2.1947344458810083e-05,0.003373500311149741,0.0022725271728803527,4.413207032301891e-05,0.00011993594373921928
VariationalAutoencoder,0.0001,8.0,45.0,True,894.0,0.0006979432388778646,0.0004806991696679046,6.734455039478698e-06,2.184127409744134e-05,0.003463480457569818,0.0022742633924544235,4.79139340748577e-05,0.00012385368394026968
VariationalAutoencoder,0.0001,8.0,45.0,True,895.0,0.0007204763651536802,0.0004808258094556248,7.009139344738821e-06,2.2101851124969132e-05,0.003435828775729773,0.0022713624456393642,4.2354131597767834e-05,0.00011852836974386899
VariationalAutoencoder,0.0001,8.0,45.0,True,896.0,0.0007155168891917021,0.0004806136185268186,6.730673267352934e-06,2.1461789016775045e-05,0.0034647171602309127,0.002273884584318917,4.73940334979843e-05,0.00012319949719141114
VariationalAutoencoder,0.0001,8.0,45.0,True,897.0,0.0007151456052723599,0.00048087665816201673,7.067442397182842e-06,2.2342403461990973e-05,0.003404771381953977,0.00227035235309001,4.110998421345117e-05,0.00011664423974430036
VariationalAutoencoder,0.0001,8.0,45.0,True,898.0,0.0007249282376785484,0.0004805759438928568,6.655042217868679e-06,2.146548920403915e-05,0.003477941893931455,0.0022719703005544796,4.358242306881731e-05,0.00011950751192539742
VariationalAutoencoder,0.0001,8.0,45.0,True,899.0,0.0007279883979787081,0.0004807021820320273,6.722944043074657e-06,2.1643349223059785e-05,0.0034026454829569884,0.0022702678194585837,4.106860479000229e-05,0.00011630364512122653
VariationalAutoencoder,0.0001,8.0,45.0,True,900.0,0.0007196928291629267,0.0004804304266233007,6.426389346707542e-06,2.1182620682003042e-05,0.0033743670151668527,0.002271015126750154,4.1689808662020186e-05,0.00011702051749394375
VariationalAutoencoder,0.0001,8.0,45.0,True,901.0,0.0007260563881249441,0.0004806877226842382,6.808160058651973e-06,2.178259324433026e-05,0.0034871468753934656,0.002272480876190857,4.496648556218957e-05,0.00012084390710359849
VariationalAutoencoder,0.0001,8.0,45.0,True,902.0,0.0007254480512315694,0.00048056983883490136,6.758284722417191e-06,2.1616546713277657e-05,0.0034695005266921325,0.0022723000004606425,4.475807138490227e-05,0.00012064186282127908
VariationalAutoencoder,0.0001,8.0,45.0,True,903.0,0.0007296656019925428,0.000480415364802687,6.4066476929139574e-06,2.1293023827101663e-05,0.003480708824013764,0.0022732600476007042,4.589091693549036e-05,0.0001232200565765489
VariationalAutoencoder,0.0001,8.0,45.0,True,904.0,0.0007181186078372349,0.0004809369857741816,7.10561344364904e-06,2.2177027181955683e-05,0.0034916217222153764,0.0022716244811531883,4.35000478799613e-05,0.00011941976845264435
VariationalAutoencoder,0.0001,8.0,45.0,True,905.0,0.0007191122863491912,0.00048033913190795405,6.356467354811748e-06,2.109643945475473e-05,0.0034418424720284325,0.002269462969318126,4.0111477551220345e-05,0.00011454829536144089
VariationalAutoencoder,0.0001,8.0,45.0,True,906.0,0.0007134291200303646,0.0004805564639381964,6.549907572105567e-06,2.1414251400614683e-05,0.0034436853426807333,0.0022702265835408144,4.1146115429183974e-05,0.00011545752391875165
VariationalAutoencoder,0.0001,8.0,45.0,True,907.0,0.0007119829442623169,0.0004807245136913906,7.120235961161534e-06,2.1939163379913393e-05,0.0034386474381452835,0.0022705163595811376,4.201680538976717e-05,0.0001167787953555209
VariationalAutoencoder,0.0001,8.0,45.0,True,908.0,0.000722631852260497,0.0004805714454291002,6.645649289988443e-06,2.1512981634737668e-05,0.0034650474224450453,0.002272189975534595,4.391827028971048e-05,0.0001198625976934373
VariationalAutoencoder,0.0001,8.0,45.0,True,909.0,0.0007324521593006473,0.00048068213976939735,6.8372306275881845e-06,2.177289845246189e-05,0.003399648006607152,0.002269708885336822,4.014299901307754e-05,0.00011475139397120326
VariationalAutoencoder,0.0001,8.0,45.0,True,910.0,0.0007341010069268733,0.0004814933493452252,7.982447371890924e-06,2.3216917869858345e-05,0.0034674882139049987,0.002273418431012136,4.662894028818832e-05,0.00012233499554718065
VariationalAutoencoder,0.0001,8.0,45.0,True,911.0,0.0007226376359996127,0.00048059008192180623,6.653534153079729e-06,2.1477942819383266e-05,0.0033876063688746036,0.002271749126086445,4.290428844356687e-05,0.00011810694335016815
VariationalAutoencoder,0.0001,8.0,45.0,True,912.0,0.0007163844500590528,0.0004806878030139481,6.6254049479318755e-06,2.1703252593944014e-05,0.0034785945460481466,0.002271419238744292,4.372768303227125e-05,0.00011908042730775269
VariationalAutoencoder,0.0001,8.0,45.0,True,913.0,0.0007290973496244281,0.00048061177094349,6.656051987425658e-06,2.16017434539178e-05,0.0034322922334731,0.0022720231575036197,4.3751174033437884e-05,0.00011921999683170199
VariationalAutoencoder,0.0001,8.0,45.0,True,914.0,0.0007288518620308518,0.0004806575588781557,6.684566524150879e-06,2.1665949484890685e-05,0.00341723400091975,0.0022755400189813577,4.950911392393352e-05,0.00012601471547060792
VariationalAutoencoder,0.0001,8.0,45.0,True,915.0,0.0007244053715965498,0.0004803252750329894,6.2658523041202696e-06,2.111693357200314e-05,0.003436293991856605,0.002272681995007977,4.5223908393450505e-05,0.00012161932979364815
VariationalAutoencoder,0.0001,8.0,45.0,True,916.0,0.0007231685350526054,0.0004805800808729187,6.646673493790176e-06,2.1529768033811666e-05,0.003443953751018212,0.0022720179092959036,4.3525088156731624e-05,0.00011909019740872413
VariationalAutoencoder,0.0001,8.0,45.0,True,917.0,0.0007112863250177182,0.0004805488727806071,6.59741443704884e-06,2.1425808837632284e-05,0.003481358477154618,0.002271336392036774,4.396920309126752e-05,0.00011820969341685937
VariationalAutoencoder,0.0001,8.0,45.0,True,918.0,0.0007400011437922475,0.0004805991993438844,6.708945335965915e-06,2.153267747549355e-05,0.0034336800095420214,0.002275260551920477,4.8913541923528944e-05,0.0001259552279733262
VariationalAutoencoder,0.0001,8.0,45.0,True,919.0,0.0007233958681317353,0.0004807126650591745,6.6456009666473075e-06,2.1624406473334587e-05,0.0034825333259390586,0.002270983450067868,4.3076067670898614e-05,0.00011795123090159218
VariationalAutoencoder,0.0001,8.0,45.0,True,920.0,0.0007343422370458228,0.00048046107240764277,6.389408184069829e-06,2.119808917177334e-05,0.0034530016611207205,0.0022706754927365284,4.231426337698721e-05,0.00011707961840449639
VariationalAutoencoder,0.0001,8.0,45.0,True,921.0,0.0007198516409994779,0.00048057297169358905,6.801379101496501e-06,2.1552533975669314e-05,0.0033855464473460458,0.0022714319843916025,4.384222985157427e-05,0.0001187717319472031
VariationalAutoencoder,0.0001,8.0,45.0,True,922.0,0.0007256910486041375,0.0004810469571470893,7.2312742130293675e-06,2.231180788371762e-05,0.0034531249940020483,0.0022729211633310377,4.554418378374861e-05,0.00012180097869732095
VariationalAutoencoder,0.0001,8.0,45.0,True,923.0,0.0007285626750750683,0.000480690574388941,6.745805376462859e-06,2.1840531047624397e-05,0.0034615344971230945,0.0022715973029346585,4.2806865659149936e-05,0.00011866233961762123
VariationalAutoencoder,0.0001,8.0,45.0,True,924.0,0.0007175445717300045,0.00048099285508744477,7.004684811292311e-06,2.2170304589355087e-05,0.003503572640928832,0.0022731100988088162,4.603453976272037e-05,0.00012135923892821906
VariationalAutoencoder,0.0001,8.0,45.0,True,925.0,0.0007149769128814862,0.00048064261755210693,6.777386876410551e-06,2.1401531693106393e-05,0.0034371367040670142,0.0022719506197755443,4.327447159485247e-05,0.00011909214205711892
VariationalAutoencoder,0.0001,8.0,45.0,True,926.0,0.0007239642008295599,0.0004803826706107415,6.3364514503678225e-06,2.090309588414318e-05,0.0034460627807761136,0.0022736967734570774,4.735507902765424e-05,0.00012271182389004425
VariationalAutoencoder,0.0001,8.0,45.0,True,927.0,0.000715242964880807,0.00048042412074107043,6.260139481076655e-06,2.1134578494852124e-05,0.0033840113465890944,0.0022710505521522377,4.146679204964788e-05,0.00011706456495156078
VariationalAutoencoder,0.0001,8.0,45.0,True,928.0,0.0007258429520856338,0.00048060996352501634,6.569532496789395e-06,2.1570083506987744e-05,0.0034673161476663074,0.002272275446345971,4.3002607406310314e-05,0.00011932155199395786
VariationalAutoencoder,0.0001,8.0,45.0,True,929.0,0.0006958579599375352,0.00048052469353791516,6.590880744781777e-06,2.140204379500726e-05,0.003419702907778182,0.0022715455706014574,4.351951779340798e-05,0.00011826518618460721
VariationalAutoencoder,0.0001,8.0,45.0,True,930.0,0.000727781388316193,0.00048055152366103507,6.439872186460264e-06,2.1358033155173947e-05,0.003463142697916091,0.0022719830462017898,4.3649290858199764e-05,0.00011955164138626003
VariationalAutoencoder,0.0001,8.0,45.0,True,931.0,0.0007225896791627786,0.00048090678180324423,6.926320668942523e-06,2.2200496008775306e-05,0.003453250201243275,0.0022724943715821274,4.652038849187347e-05,0.00012154139156611461
VariationalAutoencoder,0.0001,8.0,45.0,True,932.0,0.0007231698203279645,0.00048025333977773826,6.11677354156489e-06,2.0812598190137317e-05,0.00349008062350675,0.002273835101217594,4.73404531630705e-05,0.00012281115324992053
VariationalAutoencoder,0.0001,8.0,45.0,True,933.0,0.0007204936360413174,0.00048056534037114475,6.606572651557845e-06,2.1483392688142e-05,0.0034859660286573496,0.0022733734463745692,4.726218399386736e-05,0.00012212632071671996
VariationalAutoencoder,0.0001,8.0,45.0,True,934.0,0.0007331445210706192,0.0004805384299183149,6.53133132668197e-06,2.1315644171360047e-05,0.00339015025012898,0.0022711189662885365,4.2225117062997516e-05,0.00011668145750303688
VariationalAutoencoder,0.0001,8.0,45.0,True,935.0,0.0007355423629123246,0.0004803776500038702,6.261766785278796e-06,2.0895665385973742e-05,0.003476953731392914,0.0022722188406770335,4.3493985497164274e-05,0.00011890666243040337
VariationalAutoencoder,0.0001,8.0,45.0,True,936.0,0.0007251335604171547,0.0004805739356501083,6.647231408728743e-06,2.1395353836351326e-05,0.003479173348384833,0.002270383842336307,4.1064864856267126e-05,0.0001159613050004971
VariationalAutoencoder,0.0001,8.0,45.0,True,937.0,0.0007245001606542788,0.0004803786541252445,6.3778457264453574e-06,2.0888113138087675e-05,0.003488667356143208,0.0022724806887548673,4.5375450391252083e-05,0.00012027365653394902
VariationalAutoencoder,0.0001,8.0,45.0,True,938.0,0.0007256187518651916,0.00048069414906103336,6.790145493622096e-06,2.166854262833968e-05,0.0034643070502850992,0.0022706366934866274,4.19332909415353e-05,0.00011655298184673741
VariationalAutoencoder,0.0001,8.0,45.0,True,939.0,0.0007181511413697605,0.0004803099320583909,6.223467085761523e-06,2.1022106859722547e-05,0.003539579094580884,0.002270868364370094,4.338766243191635e-05,0.00011747390172391567
VariationalAutoencoder,0.0001,8.0,45.0,True,940.0,0.0007081466383047181,0.0004807916291640454,7.011118718997809e-06,2.228959420861581e-05,0.003443130907022728,0.0022712752879040796,4.3825671053345095e-05,0.00011839995266131635
VariationalAutoencoder,0.0001,8.0,45.0,True,941.0,0.0007298640163760944,0.00048039347495672837,6.667846020542065e-06,2.1077275798327198e-05,0.003482442606919966,0.0022719847331256985,4.45541908156197e-05,0.00012164013518852257
VariationalAutoencoder,0.0001,8.0,45.0,True,942.0,0.0007235619899718909,0.0004801378658196997,5.840645811829284e-06,2.041579954667554e-05,0.0034331814298089944,0.002269559123980924,4.064791935419886e-05,0.00011506552497545879
VariationalAutoencoder,0.0001,8.0,45.0,True,943.0,0.0007256438950644028,0.0004803341113010828,6.298715313971846e-06,2.0941881327375247e-05,0.003470815952468968,0.0022695962363069163,4.074048637500349e-05,0.00011443378368638596
VariationalAutoencoder,0.0001,8.0,45.0,True,944.0,0.000733053828828097,0.0004802798485820184,6.1736407004437355e-06,2.0700623595087997e-05,0.0034416152996087222,0.0022701504845289316,4.1083880823175865e-05,0.0001153436448401625
VariationalAutoencoder,0.0001,8.0,45.0,True,945.0,0.0007281838401629919,0.0004805440128331557,6.69240871208376e-06,2.1431082985150525e-05,0.003480121399621544,0.002270093691424004,4.1862112124386077e-05,0.00011621972065676683
VariationalAutoencoder,0.0001,8.0,45.0,True,946.0,0.0007293719969027125,0.0004804589035054744,6.476315516586895e-06,2.133864357143721e-05,0.0034704114656028506,0.0022710443667645725,4.217213710898873e-05,0.0001181171234673674
VariationalAutoencoder,0.0001,8.0,45.0,True,947.0,0.0007300940806653621,0.0004809751022215481,7.18327156315756e-06,2.2173269257712558e-05,0.0034923152353778576,0.0022708306897361325,4.1892842840661045e-05,0.00011601638775201714
VariationalAutoencoder,0.0001,8.0,45.0,True,948.0,0.000740365278367405,0.000480462116693872,6.427443674150503e-06,2.12467965893347e-05,0.0034638886931557325,0.0022717204483799964,4.5213230399403185e-05,0.00011921215966437598
VariationalAutoencoder,0.0001,8.0,45.0,True,949.0,0.0007315234675240324,0.00048010260107703606,5.883201103245795e-06,2.0426903873923012e-05,0.0034136029909241873,0.0022697977299960155,4.1053226252771775e-05,0.00011516765416043359
VariationalAutoencoder,0.0001,8.0,45.0,True,950.0,0.0007413310021403022,0.000480480833516288,6.498221051941985e-06,2.127672191659074e-05,0.0034994078132341492,0.002273014881325968,4.541306645146706e-05,0.00012051103250035699
VariationalAutoencoder,0.0001,8.0,45.0,True,951.0,0.000733814149532678,0.00048057052163743587,6.521664775727252e-06,2.126397710604809e-05,0.0034683429220187588,0.0022707234763499327,4.1595768511482754e-05,0.00011657520472628516
VariationalAutoencoder,0.0001,8.0,45.0,True,952.0,0.0007025090189314274,0.0004804041186432954,6.3717067793935455e-06,2.1114001537590335e-05,0.003503638993269243,0.0022702316443125405,4.1855853519537164e-05,0.00011629112205415402
VariationalAutoencoder,0.0001,8.0,45.0,True,953.0,0.0007353127806013163,0.0004806960769740719,6.766772685908886e-06,2.1736240491391514e-05,0.0034722753290860157,0.002270485245206821,4.2027427738755e-05,0.00011637668658352498
VariationalAutoencoder,0.0001,8.0,45.0,True,954.0,0.0007239063634384031,0.0004805465432190188,6.673431445686322e-06,2.1335264703012864e-05,0.00349038801853012,0.0022705364152320524,4.146235508832542e-05,0.0001166182447154567
VariationalAutoencoder,0.0001,8.0,45.0,True,955.0,0.0007316227550455181,0.0004803975316070803,6.286915632672708e-06,2.105290326227075e-05,0.0034381454845644394,0.0022703887156720432,4.13602610475987e-05,0.00011633430262031795
VariationalAutoencoder,0.0001,8.0,45.0,True,956.0,0.0007323602621124761,0.0004802992482069689,6.1066745908433855e-06,2.08611449482788e-05,0.0034955751221134976,0.002270903414900198,4.2040185100814834e-05,0.0001172402393330568
VariationalAutoencoder,0.0001,8.0,45.0,True,957.0,0.0007260245775598078,0.00048068069383461843,6.902504792672926e-06,2.1722069828497432e-05,0.0035109864840717434,0.002270431263641741,4.188478016440973e-05,0.00011646909252652581
VariationalAutoencoder,0.0001,8.0,45.0,True,958.0,0.0007326167548763142,0.00048033154075036475,6.355110535804795e-06,2.1028043727347792e-05,0.003501997803742031,0.0022720066631365123,4.527085232284834e-05,0.00012061155676466864
VariationalAutoencoder,0.0001,8.0,45.0,True,959.0,0.0007260734180234513,0.000480860270901189,7.309566184155382e-06,2.2215339432990135e-05,0.0034589160163447544,0.0022699834790619665,4.13686400220829e-05,0.00011566992403951081
VariationalAutoencoder,0.0001,8.0,45.0,True,960.0,0.0007222608896599947,0.00048018385457864024,6.088098972995648e-06,2.0666036634352007e-05,0.0034885822602038112,0.0022683889610962296,4.004394202112402e-05,0.0001131396436091489
VariationalAutoencoder,0.0001,8.0,45.0,True,961.0,0.0007351286649061342,0.0004804283380508423,6.347741540069528e-06,2.1206295353704384e-05,0.003486070992811671,0.0022721026303633204,4.397025449002314e-05,0.00011888002309034455
VariationalAutoencoder,0.0001,8.0,45.0,True,962.0,0.0007431490241356616,0.00048077339431988906,7.014096566448314e-06,2.1856187810152367e-05,0.003512335273454774,0.002271042304968684,4.3640967528775057e-05,0.00011662623417452446
VariationalAutoencoder,0.0001,8.0,45.0,True,963.0,0.0007120223861498974,0.0004803642349423103,6.408359719857051e-06,2.103615828320344e-05,0.003431283078103695,0.0022731305293317112,4.5365522141164205e-05,0.00012150528670856788
VariationalAutoencoder,0.0001,8.0,45.0,True,964.0,0.0007273533112919235,0.0004804670971358883,6.5312993203131656e-06,2.134262742298954e-05,0.003505853362053445,0.002272120811654337,4.4758815271487026e-05,0.00011994054763572021
VariationalAutoencoder,0.0001,8.0,45.0,True,965.0,0.0007393100672976348,0.00048008183584701664,5.913219939304812e-06,2.0408915039503348e-05,0.0035341580708821616,0.0022697527453584493,4.12331150153523e-05,0.00011519004104647247
VariationalAutoencoder,0.0001,8.0,45.0,True,966.0,0.0007299504511439896,0.00048013228290485886,5.999259334409012e-06,2.037081992971608e-05,0.0035051531011953295,0.002271844156133304,4.401087538345055e-05,0.00011793614230440848
VariationalAutoencoder,0.0001,8.0,45.0,True,967.0,0.000725606220430441,0.00048037174577018963,6.2749860431707774e-06,2.083513945983748e-05,0.003495160513703928,0.0022717152001722803,4.4386321385888935e-05,0.00011880681762155497
VariationalAutoencoder,0.0001,8.0,45.0,True,968.0,0.0007300390548140534,0.0004804050424349597,6.392212820583277e-06,2.1035088893939865e-05,0.0034741751802792337,0.0022692365466423755,3.978411473755566e-05,0.00011337071704039784
VariationalAutoencoder,0.0001,8.0,45.0,True,969.0,0.0007339674989489532,0.00048064313969522154,6.811045024875361e-06,2.1565519775341784e-05,0.0035574481172381705,0.002272256327875005,4.633181031395054e-05,0.00011981036162601327
VariationalAutoencoder,0.0001,8.0,45.0,True,970.0,0.0007333287974252212,0.00048020992156951574,6.083151164924038e-06,2.051057228743227e-05,0.003456065864682947,0.0022693096466784206,4.062390704668543e-05,0.00011369020168511372
VariationalAutoencoder,0.0001,8.0,45.0,True,971.0,0.0007283337354017397,0.00048004375956450514,5.965575455333987e-06,2.03582985361792e-05,0.003431328437613241,0.002274462636911644,4.861761563978855e-05,0.00012383320655837748
VariationalAutoencoder,0.0001,8.0,45.0,True,972.0,0.0007297573385212942,0.0004800737225463127,6.031565056897881e-06,2.0576746396298677e-05,0.0034645555904076536,0.0022711240270602627,4.326674864633278e-05,0.00011789883082767703
VariationalAutoencoder,0.0001,8.0,45.0,True,973.0,0.0007389464950304468,0.0004803763245636562,6.38716020734323e-06,2.1065253955174007e-05,0.003541980524482967,0.0022713213971575852,4.423422293749245e-05,0.00011835370283081847
VariationalAutoencoder,0.0001,8.0,45.0,True,974.0,0.0007226373950104829,0.0004803909044060103,6.342342504955366e-06,2.10021599886231e-05,0.003469052179804388,0.002271335267420835,4.368769180662227e-05,0.00011692973990110481
VariationalAutoencoder,0.0001,8.0,45.0,True,975.0,0.0007334896175045209,0.000480234944274162,6.19998633500058e-06,2.0635905462214245e-05,0.0034937926058499318,0.002271423362336069,4.440840075975694e-05,0.00011889818095186222
VariationalAutoencoder,0.0001,8.0,45.0,True,976.0,0.0007495607005939329,0.0004804883041793124,6.529319946054178e-06,2.1131330162206427e-05,0.003508043739030946,0.002270237829700206,4.128129777949561e-05,0.00011544153328586674
VariationalAutoencoder,0.0001,8.0,45.0,True,977.0,0.0007418733080121064,0.00048034250575577155,6.268343152704264e-06,2.0964821735321672e-05,0.003515057218899517,0.00227182260099447,4.3602950238394285e-05,0.00011871085039474679
VariationalAutoencoder,0.0001,8.0,45.0,True,978.0,0.0007317939376574,0.0004801599564899331,6.16909767880112e-06,2.048648592596748e-05,0.0035250280638160947,0.0022713213971575852,4.39777782878036e-05,0.00011720639542213776
VariationalAutoencoder,0.0001,8.0,45.0,True,979.0,0.0007302056586324687,0.0004802914562251047,6.2921690701876046e-06,2.0851121306660362e-05,0.0035009350416795263,0.002271099285509601,4.380524345913773e-05,0.00011737731361539109
VariationalAutoencoder,0.0001,8.0,45.0,True,980.0,0.0007255203479705153,0.00048051525479699724,6.565601989185071e-06,2.133689388994258e-05,0.003536638598771965,0.0022721912875865243,4.478938198127087e-05,0.00011937717362394873
VariationalAutoencoder,0.0001,8.0,45.0,True,981.0,0.0007439147269308086,0.000479970378374475,5.919965124636326e-06,2.0121573156744965e-05,0.0035483106127325095,0.002270749529952523,4.262749234554153e-05,0.00011729787589993866
VariationalAutoencoder,0.0001,8.0,45.0,True,982.0,0.0007328381435569084,0.00048023875993538417,6.0806502751263005e-06,2.078040731403063e-05,0.003535640689561952,0.002270211588661626,4.199310352311194e-05,0.00011623129482914067
VariationalAutoencoder,0.0001,8.0,45.0,True,983.0,0.0007263222794648451,0.0004800994280534935,6.10668902508814e-06,2.0610482364169994e-05,0.00349694827817521,0.00226886954697423,3.985464045742773e-05,0.00011399583949607873
VariationalAutoencoder,0.0001,8.0,45.0,True,984.0,0.000739789314347136,0.00048030647788086347,6.277748632101678e-06,2.0946388577193906e-05,0.0035323073279182864,0.0022703437310344766,4.1638755784282147e-05,0.00011573333597783023
VariationalAutoencoder,0.0001,8.0,45.0,True,985.0,0.0007242812621946926,0.00048057694801423106,6.699526677475464e-06,2.150718534410482e-05,0.003537684491595382,0.0022698220966746972,4.1126440507623385e-05,0.00011542264910988838
VariationalAutoencoder,0.0001,8.0,45.0,True,986.0,0.0007288822266612091,0.0004803428270746113,6.301317243482867e-06,2.0859651317734604e-05,0.003525432175810232,0.0022692247381750144,4.028367850952928e-05,0.00011388173783725163
VariationalAutoencoder,0.0001,8.0,45.0,True,987.0,0.000732552812427202,0.00048038869533898696,6.504855783922332e-06,2.102777010427331e-05,0.003474232535692131,0.002269182565077296,4.0097165056182154e-05,0.00011365148443845833
VariationalAutoencoder,0.0001,8.0,45.0,True,988.0,0.0007363331285769728,0.0004802358279009714,6.219229693562194e-06,2.0818878969333244e-05,0.003465153511215306,0.002269369251323196,4.058093441732275e-05,0.0001139723631383488
VariationalAutoencoder,0.0001,8.0,45.0,True,989.0,0.000742261300511116,0.0004801506382435801,6.054047334467305e-06,2.0518834951190614e-05,0.0035321963658122898,0.002269745060482865,4.188658130712479e-05,0.00011528088892780759
VariationalAutoencoder,0.0001,8.0,45.0,True,990.0,0.0007422086042213954,0.0004800484588525366,6.059105595890081e-06,2.0273524334006552e-05,0.0035756665205805556,0.0022745347997677402,5.037044087108576e-05,0.00012484068671862283
VariationalAutoencoder,0.0001,8.0,45.0,True,991.0,0.0007390269050700966,0.0004802602079679381,6.297197207969154e-06,2.0668613460828674e-05,0.0035124949689181346,0.002273515710290873,4.778931549978706e-05,0.00012181944114232213
VariationalAutoencoder,0.0001,8.0,45.0,True,992.0,0.0007237759079894608,0.0004800149211986367,5.994430765750594e-06,2.008199069217209e-05,0.003512127969249989,0.0022691748802017115,4.0612455879179936e-05,0.00011372514678247319
VariationalAutoencoder,0.0001,8.0,45.0,True,993.0,0.0007508969853187829,0.0004802786838012243,6.4067606565685605e-06,2.0909755719157885e-05,0.0035476313447052577,0.0022707864548425255,4.3760475544434676e-05,0.00011720773090356551
VariationalAutoencoder,0.0001,8.0,45.0,True,994.0,0.0007407752008772282,0.00048025329961288326,6.22075721320277e-06,2.0778338823999676e-05,0.003537516548948468,0.002273294910694818,4.792711316789471e-05,0.00012224533085553152
VariationalAutoencoder,0.0001,8.0,45.0,True,995.0,0.0007400241180892903,0.000480280451054843,6.357428173451732e-06,2.0904113812186324e-05,0.0034692992204390233,0.0022698339051420583,4.098802781517401e-05,0.00011519663645036565
VariationalAutoencoder,0.0001,8.0,45.0,True,996.0,0.0007452803319997865,0.00048036997851657096,6.48903396894347e-06,2.107094481306256e-05,0.003532508634171396,0.0022719345002804162,4.6567487641700406e-05,0.00012076072066834888
VariationalAutoencoder,0.0001,8.0,45.0,True,997.0,0.0007417262243132064,0.0004804038776541656,6.377742804004497e-06,2.103597503105264e-05,0.003506242479168394,0.002269353319264058,4.040427599687996e-05,0.00011438095016674426
VariationalAutoencoder,0.0001,8.0,45.0,True,998.0,0.0007349696120804532,0.00048038082302741286,6.376793281729973e-06,2.0958567314311822e-05,0.003580422521387256,0.002270641379386374,4.3591748009312825e-05,0.00011715449908244534
VariationalAutoencoder,0.0001,8.0,45.0,True,999.0,0.0007275543765559029,0.00048032274464712634,6.4696895706685726e-06,2.0917040619728057e-05,0.003552905043715951,0.002270189471214822,4.225969314575195e-05,0.00011561953890248665
